/*
SQLyog Ultimate v11.24 (32 bit)
MySQL - 5.6.17-log : Database - mi
*********************************************************************
*/

/*!40101 SET NAMES utf8 */;

/*!40101 SET SQL_MODE=''*/;

/*!40014 SET @OLD_UNIQUE_CHECKS=@@UNIQUE_CHECKS, UNIQUE_CHECKS=0 */;
/*!40014 SET @OLD_FOREIGN_KEY_CHECKS=@@FOREIGN_KEY_CHECKS, FOREIGN_KEY_CHECKS=0 */;
/*!40101 SET @OLD_SQL_MODE=@@SQL_MODE, SQL_MODE='NO_AUTO_VALUE_ON_ZERO' */;
/*!40111 SET @OLD_SQL_NOTES=@@SQL_NOTES, SQL_NOTES=0 */;
CREATE DATABASE /*!32312 IF NOT EXISTS*/`mi` /*!40100 DEFAULT CHARACTER SET utf8 */;

USE `mi`;

/*Table structure for table `client_device` */

DROP TABLE IF EXISTS `client_device`;

CREATE TABLE `client_device` (
  `clientDeviceId` bigint(20) NOT NULL AUTO_INCREMENT COMMENT '客户端设备ID',
  `deviceUid` varchar(128) DEFAULT NULL COMMENT '设备唯一ID',
  `deviceCode` varchar(128) DEFAULT NULL COMMENT '设备编号',
  `stationCode` varchar(128) DEFAULT NULL COMMENT '设备所在车站代码',
  `deviceStatus` varchar(128) DEFAULT NULL COMMENT '设备状态',
  PRIMARY KEY (`clientDeviceId`)
) ENGINE=InnoDB AUTO_INCREMENT=19 DEFAULT CHARSET=utf8;

/*Data for the table `client_device` */

insert  into `client_device`(`clientDeviceId`,`deviceUid`,`deviceCode`,`stationCode`,`deviceStatus`) values (13,'shebei001','shebei001','0102','INSERVICE'),(14,'shebei002','shebei002','0102','MAINTAINCE'),(15,'shebei003','shebei003','0102','OUTSERVICE'),(16,'shebei004','shebei004','0102','INSERVICE'),(17,'shebei005','shebei005','0102',NULL),(18,'shebei006','shebei006','0102','INSERVICE');

/*Table structure for table `client_mqtt_logs` */

DROP TABLE IF EXISTS `client_mqtt_logs`;

CREATE TABLE `client_mqtt_logs` (
  `clientMqttLogId` bigint(20) NOT NULL AUTO_INCREMENT COMMENT '设备端接受命令日志ID',
  `clientDeviceId` bigint(20) DEFAULT NULL COMMENT '客户端设备ID',
  `createTime` datetime DEFAULT CURRENT_TIMESTAMP COMMENT '创建时间',
  `json` text COMMENT '发送json',
  `logType` varchar(64) DEFAULT NULL COMMENT '类型',
  PRIMARY KEY (`clientMqttLogId`)
) ENGINE=InnoDB AUTO_INCREMENT=592 DEFAULT CHARSET=utf8;

/*Data for the table `client_mqtt_logs` */

insert  into `client_mqtt_logs`(`clientMqttLogId`,`clientDeviceId`,`createTime`,`json`,`logType`) values (1,1,'2018-10-17 10:12:28','{\"header\":{\"createTime\":\"时间戳\",\"messageType\":\"DeviceRegistrationReply\",\"wasNeedReply\":\"no\"},\"body\":{\"deviceUid\":\"device001\",\"fileServerConfig\":{\"serverName\":\"服务器名字\",\"serverProtocol\":\"默认。其他待定\",\"serverAddress\":\"IP地址或域名\",\"serverPort\":\"端口号\",\"serverHomePath\":\"用户根目录\",\"authorization\":\"使用 username:password形式。其他待定\",\"serverSettings\":\"预留\"}}}','DeviceRegistrationReply'),(2,1,'2018-10-17 13:56:50','{\"header\":{\"createTime\":\"时间戳\",\"messageType\":\"DeviceRegistrationReply\",\"wasNeedReply\":\"no\"},\"body\":{\"deviceUid\":\"device001\",\"returnCode\":\"0\",\"fileServerConfig\":{\"serverName\":\"服务器名字\",\"serverProtocol\":\"默认。其他待定\",\"serverAddress\":\"IP地址或域名\",\"serverPort\":\"端口号\",\"serverHomePath\":\"用户根目录\",\"authorization\":\"使用 username:password形式。其他待定\",\"serverSettings\":\"预留\"}}}','DeviceRegistrationReply'),(3,1,'2018-10-17 13:56:59','{\"header\":{\"createTime\":\"时间戳\",\"messageType\":\"DeviceRegistrationReply\",\"wasNeedReply\":\"no\"},\"body\":{\"deviceUid\":\"device001\",\"returnCode\":\"0\",\"fileServerConfig\":{\"serverName\":\"服务器名字\",\"serverProtocol\":\"默认。其他待定\",\"serverAddress\":\"IP地址或域名\",\"serverPort\":\"端口号\",\"serverHomePath\":\"用户根目录\",\"authorization\":\"使用 username:password形式。其他待定\",\"serverSettings\":\"预留\"}}}','DeviceRegistrationReply'),(4,1,'2018-10-25 17:39:24','{\"header\":{\"createTime\":1540460347686,\"messageType\":\"ExecuteCommand\",\"wasNeedReply\":\"yes \"},\"body\":{\"deviceUid\":\"device001\",\"messageSessionId\":\"190\",\"executeCommand\":{\"commandName\":\"restart\",\"commandType\":\"preinstall\",\"executedCommand\":\"restart\"}}}','ExecuteCommand'),(5,1,'2018-10-25 17:46:44','{\"header\":{\"createTime\":1540460803539,\"messageType\":\"ExecuteCommand\",\"wasNeedReply\":\"yes \"},\"body\":{\"deviceUid\":\"device001\",\"messageSessionId\":\"191\",\"executeCommand\":{\"commandName\":\"restart\",\"commandType\":\"preinstall\",\"executedCommand\":\"restart\"}}}','ExecuteCommand'),(6,1,'2018-10-25 17:52:44','{\"header\":{\"createTime\":1540461162782,\"messageType\":\"ExecuteCommand\",\"wasNeedReply\":\"yes \"},\"body\":{\"deviceUid\":\"device001\",\"messageSessionId\":\"192\",\"executeCommand\":{\"commandName\":\"restart\",\"commandType\":\"preinstall\",\"executedCommand\":\"restart\"}}}','ExecuteCommand'),(7,1,'2018-10-25 17:53:45','{\"header\":{\"createTime\":1540461224138,\"messageType\":\"ExecuteCommand\",\"wasNeedReply\":\"yes \"},\"body\":{\"deviceUid\":\"device001\",\"messageSessionId\":\"193\",\"executeCommand\":{\"commandName\":\"restart\",\"commandType\":\"preinstall\",\"executedCommand\":\"restart\"}}}','ExecuteCommand'),(8,1,'2018-10-25 17:56:01','{\"header\":{\"createTime\":1540461359498,\"messageType\":\"ExecuteCommand\",\"wasNeedReply\":\"yes \"},\"body\":{\"deviceUid\":\"device001\",\"messageSessionId\":\"194\",\"executeCommand\":{\"commandName\":\"restart\",\"commandType\":\"preinstall\",\"executedCommand\":\"restart\"}}}','ExecuteCommand'),(9,1,'2018-10-25 17:56:11','{\"header\":{\"createTime\":1540461370322,\"messageType\":\"ExecuteCommand\",\"wasNeedReply\":\"yes \"},\"body\":{\"deviceUid\":\"device001\",\"messageSessionId\":\"195\",\"executeCommand\":{\"commandName\":\"restart\",\"commandType\":\"preinstall\",\"executedCommand\":\"restart\"}}}','ExecuteCommand'),(10,1,'2018-10-25 17:58:12','{\"header\":{\"createTime\":1540461491180,\"messageType\":\"ExecuteCommand\",\"wasNeedReply\":\"yes \"},\"body\":{\"deviceUid\":\"device001\",\"messageSessionId\":\"196\",\"executeCommand\":{\"commandName\":\"\",\"commandType\":\"shell\",\"executedCommand\":\"苏东风大赛\"}}}','ExecuteCommand'),(11,1,'2018-10-25 20:04:36','{\"header\":{\"createTime\":1540469074821,\"messageType\":\"ExecuteCommand\",\"wasNeedReply\":\"yes \"},\"body\":{\"deviceUid\":\"device001\",\"messageSessionId\":\"225\",\"executeCommand\":{\"commandName\":\"restart\",\"commandType\":\"preinstall\",\"executedCommand\":\"restart\"}}}','ExecuteCommand'),(12,1,'2018-10-25 20:05:28','{\"header\":{\"createTime\":1540469127165,\"messageType\":\"ExecuteCommand\",\"wasNeedReply\":\"yes \"},\"body\":{\"deviceUid\":\"device001\",\"messageSessionId\":\"245\",\"executeCommand\":{\"commandName\":\"restart\",\"commandType\":\"preinstall\",\"executedCommand\":\"restart\"}}}','ExecuteCommand'),(13,1,'2018-10-26 09:41:39','{\"header\":{\"createTime\":1540518097842,\"messageType\":\"ExecuteCommand\",\"wasNeedReply\":\"yes \"},\"body\":{\"deviceUid\":\"device001\",\"messageSessionId\":\"257\",\"executeCommand\":{\"commandName\":\"restart\",\"commandType\":\"preinstall\",\"executedCommand\":\"restart\"}}}','ExecuteCommand'),(14,1,'2018-10-26 10:07:36','{\"header\":{\"createTime\":1540519654698,\"messageType\":\"ExecuteCommand\",\"wasNeedReply\":\"yes \"},\"body\":{\"deviceUid\":\"device001\",\"messageSessionId\":\"258\",\"executeCommand\":{\"commandName\":\"restart\",\"commandType\":\"preinstall\",\"executedCommand\":\"restart\"}}}','ExecuteCommand'),(15,1,'2018-10-26 10:09:50','{\"header\":{\"createTime\":1540519788844,\"messageType\":\"ExecuteCommand\",\"wasNeedReply\":\"yes \"},\"body\":{\"deviceUid\":\"device001\",\"messageSessionId\":\"259\",\"executeCommand\":{\"commandName\":\"restart\",\"commandType\":\"preinstall\",\"executedCommand\":\"restart\"}}}','ExecuteCommand'),(16,1,'2018-10-26 10:23:23','{\"header\":{\"createTime\":1540520601491,\"messageType\":\"ExecuteCommand\",\"wasNeedReply\":\"yes \"},\"body\":{\"deviceUid\":\"device001\",\"messageSessionId\":\"260\",\"executeCommand\":{\"commandName\":\"restart\",\"commandType\":\"preinstall\",\"executedCommand\":\"restart\"}}}','ExecuteCommand'),(17,1,'2018-10-26 10:28:35','{\"header\":{\"createTime\":1540520913897,\"messageType\":\"ExecuteCommand\",\"wasNeedReply\":\"yes \"},\"body\":{\"deviceUid\":\"device001\",\"messageSessionId\":\"261\",\"executeCommand\":{\"commandName\":\"restart\",\"commandType\":\"preinstall\",\"executedCommand\":\"restart\"}}}','ExecuteCommand'),(18,1,'2018-10-26 10:29:31','{\"header\":{\"createTime\":1540520969654,\"messageType\":\"ExecuteCommand\",\"wasNeedReply\":\"yes \"},\"body\":{\"deviceUid\":\"device001\",\"messageSessionId\":\"262\",\"executeCommand\":{\"commandName\":\"restart\",\"commandType\":\"preinstall\",\"executedCommand\":\"restart\"}}}','ExecuteCommand'),(19,1,'2018-10-26 10:35:10','{\"header\":{\"createTime\":1540521309159,\"messageType\":\"ExecuteCommand\",\"wasNeedReply\":\"yes \"},\"body\":{\"deviceUid\":\"device001\",\"messageSessionId\":\"263\",\"executeCommand\":{\"commandName\":\"restart\",\"commandType\":\"preinstall\",\"executedCommand\":\"restart\"}}}','ExecuteCommand'),(20,1,'2018-10-26 10:41:14','{\"header\":{\"createTime\":1540521672358,\"messageType\":\"ExecuteCommand\",\"wasNeedReply\":\"yes \"},\"body\":{\"deviceUid\":\"device001\",\"messageSessionId\":\"264\",\"executeCommand\":{\"commandName\":\"restart\",\"commandType\":\"preinstall\",\"executedCommand\":\"restart\"}}}','ExecuteCommand'),(21,1,'2018-10-26 10:42:05','{\"header\":{\"createTime\":1540521723797,\"messageType\":\"ExecuteCommand\",\"wasNeedReply\":\"yes \"},\"body\":{\"deviceUid\":\"device001\",\"messageSessionId\":\"265\",\"executeCommand\":{\"commandName\":\"restart\",\"commandType\":\"preinstall\",\"executedCommand\":\"restart\"}}}','ExecuteCommand'),(22,1,'2018-10-26 10:48:38','{\"header\":{\"createTime\":1540522116944,\"messageType\":\"ExecuteCommand\",\"wasNeedReply\":\"yes \"},\"body\":{\"deviceUid\":\"device001\",\"messageSessionId\":\"266\",\"executeCommand\":{\"commandName\":\"restart\",\"commandType\":\"preinstall\",\"executedCommand\":\"restart\"}}}','ExecuteCommand'),(23,1,'2018-10-26 10:59:48','{\"header\":{\"createTime\":1540522786687,\"messageType\":\"ExecuteCommand\",\"wasNeedReply\":\"yes \"},\"body\":{\"deviceUid\":\"device001\",\"messageSessionId\":\"267\",\"executeCommand\":{\"commandName\":\"restart\",\"commandType\":\"preinstall\",\"executedCommand\":\"restart\"}}}','ExecuteCommand'),(24,1,'2018-10-26 11:00:32','{\"header\":{\"createTime\":1540522830901,\"messageType\":\"ExecuteCommand\",\"wasNeedReply\":\"yes \"},\"body\":{\"deviceUid\":\"device001\",\"messageSessionId\":\"268\",\"executeCommand\":{\"commandName\":\"restart\",\"commandType\":\"preinstall\",\"executedCommand\":\"restart\"}}}','ExecuteCommand'),(25,1,'2018-10-26 11:02:46','{\"header\":{\"createTime\":1540522964330,\"messageType\":\"ExecuteCommand\",\"wasNeedReply\":\"yes \"},\"body\":{\"deviceUid\":\"device001\",\"messageSessionId\":\"269\",\"executeCommand\":{\"commandName\":\"restart\",\"commandType\":\"preinstall\",\"executedCommand\":\"restart\"}}}','ExecuteCommand'),(26,1,'2018-10-26 11:03:21','{\"header\":{\"createTime\":1540522999872,\"messageType\":\"ExecuteCommand\",\"wasNeedReply\":\"yes \"},\"body\":{\"deviceUid\":\"device001\",\"messageSessionId\":\"270\",\"executeCommand\":{\"commandName\":\"restart\",\"commandType\":\"preinstall\",\"executedCommand\":\"restart\"}}}','ExecuteCommand'),(27,1,'2018-10-26 11:05:55','{\"header\":{\"createTime\":1540523154149,\"messageType\":\"ExecuteCommand\",\"wasNeedReply\":\"yes \"},\"body\":{\"deviceUid\":\"device001\",\"messageSessionId\":\"271\",\"executeCommand\":{\"commandName\":\"restart\",\"commandType\":\"preinstall\",\"executedCommand\":\"restart\"}}}','ExecuteCommand'),(28,1,'2018-10-26 11:07:47','{\"header\":{\"createTime\":1540523265850,\"messageType\":\"ExecuteCommand\",\"wasNeedReply\":\"yes \"},\"body\":{\"deviceUid\":\"device001\",\"messageSessionId\":\"273\",\"executeCommand\":{\"commandName\":\"restart\",\"commandType\":\"preinstall\",\"executedCommand\":\"restart\"}}}','ExecuteCommand'),(29,1,'2018-10-26 11:10:53','{\"header\":{\"createTime\":1540523452015,\"messageType\":\"ExecuteCommand\",\"wasNeedReply\":\"yes \"},\"body\":{\"deviceUid\":\"device001\",\"messageSessionId\":\"275\",\"executeCommand\":{\"commandName\":\"restart\",\"commandType\":\"preinstall\",\"executedCommand\":\"restart\"}}}','ExecuteCommand'),(30,1,'2018-10-26 11:13:24','{\"header\":{\"createTime\":1540523602472,\"messageType\":\"ExecuteCommand\",\"wasNeedReply\":\"yes \"},\"body\":{\"deviceUid\":\"device001\",\"messageSessionId\":\"280\",\"executeCommand\":{\"commandName\":\"restart\",\"commandType\":\"preinstall\",\"executedCommand\":\"restart\"}}}','ExecuteCommand'),(31,1,'2018-10-26 11:17:15','{\"header\":{\"createTime\":1540523833386,\"messageType\":\"ExecuteCommand\",\"wasNeedReply\":\"yes \"},\"body\":{\"deviceUid\":\"device001\",\"messageSessionId\":\"286\",\"executeCommand\":{\"commandName\":\"restart\",\"commandType\":\"preinstall\",\"executedCommand\":\"restart\"}}}','ExecuteCommand'),(32,1,'2018-10-26 11:17:34','{\"header\":{\"createTime\":1540523852529,\"messageType\":\"ExecuteCommand\",\"wasNeedReply\":\"yes \"},\"body\":{\"deviceUid\":\"device001\",\"messageSessionId\":\"287\",\"executeCommand\":{\"commandName\":\"restart\",\"commandType\":\"preinstall\",\"executedCommand\":\"restart\"}}}','ExecuteCommand'),(33,1,'2018-10-26 11:18:00','{\"header\":{\"createTime\":1540523878246,\"messageType\":\"ExecuteCommand\",\"wasNeedReply\":\"yes \"},\"body\":{\"deviceUid\":\"device001\",\"messageSessionId\":\"288\",\"executeCommand\":{\"commandName\":\"restart\",\"commandType\":\"preinstall\",\"executedCommand\":\"restart\"}}}','ExecuteCommand'),(34,1,'2018-10-26 11:18:36','{\"header\":{\"createTime\":1540523914623,\"messageType\":\"ExecuteCommand\",\"wasNeedReply\":\"yes \"},\"body\":{\"deviceUid\":\"device001\",\"messageSessionId\":\"289\",\"executeCommand\":{\"commandName\":\"restart\",\"commandType\":\"preinstall\",\"executedCommand\":\"restart\"}}}','ExecuteCommand'),(35,1,'2018-10-26 11:18:50','{\"header\":{\"createTime\":1540523928738,\"messageType\":\"ExecuteCommand\",\"wasNeedReply\":\"yes \"},\"body\":{\"deviceUid\":\"device001\",\"messageSessionId\":\"290\",\"executeCommand\":{\"commandName\":\"restart\",\"commandType\":\"preinstall\",\"executedCommand\":\"restart\"}}}','ExecuteCommand'),(36,1,'2018-10-26 11:19:36','{\"header\":{\"createTime\":1540523974790,\"messageType\":\"ExecuteCommand\",\"wasNeedReply\":\"yes \"},\"body\":{\"deviceUid\":\"device001\",\"messageSessionId\":\"291\",\"executeCommand\":{\"commandName\":\"restart\",\"commandType\":\"preinstall\",\"executedCommand\":\"restart\"}}}','ExecuteCommand'),(37,1,'2018-10-26 11:20:03','{\"header\":{\"createTime\":1540524001449,\"messageType\":\"ExecuteCommand\",\"wasNeedReply\":\"yes \"},\"body\":{\"deviceUid\":\"device001\",\"messageSessionId\":\"292\",\"executeCommand\":{\"commandName\":\"restart\",\"commandType\":\"preinstall\",\"executedCommand\":\"restart\"}}}','ExecuteCommand'),(38,1,'2018-10-26 11:20:34','{\"header\":{\"createTime\":1540524033122,\"messageType\":\"ExecuteCommand\",\"wasNeedReply\":\"yes \"},\"body\":{\"deviceUid\":\"device001\",\"messageSessionId\":\"293\",\"executeCommand\":{\"commandName\":\"restart\",\"commandType\":\"preinstall\",\"executedCommand\":\"restart\"}}}','ExecuteCommand'),(39,1,'2018-10-26 11:23:14','{\"header\":{\"createTime\":1540524192632,\"messageType\":\"ExecuteCommand\",\"wasNeedReply\":\"yes \"},\"body\":{\"deviceUid\":\"device001\",\"messageSessionId\":\"294\",\"executeCommand\":{\"commandName\":\"restart\",\"commandType\":\"preinstall\",\"executedCommand\":\"restart\"}}}','ExecuteCommand'),(40,1,'2018-10-26 11:24:16','{\"header\":{\"createTime\":1540524254426,\"messageType\":\"ExecuteCommand\",\"wasNeedReply\":\"yes \"},\"body\":{\"deviceUid\":\"device001\",\"messageSessionId\":\"295\",\"executeCommand\":{\"commandName\":\"restart\",\"commandType\":\"preinstall\",\"executedCommand\":\"restart\"}}}','ExecuteCommand'),(41,1,'2018-10-26 11:24:39','{\"header\":{\"createTime\":1540524277826,\"messageType\":\"ExecuteCommand\",\"wasNeedReply\":\"yes \"},\"body\":{\"deviceUid\":\"device001\",\"messageSessionId\":\"296\",\"executeCommand\":{\"commandName\":\"restart\",\"commandType\":\"preinstall\",\"executedCommand\":\"restart\"}}}','ExecuteCommand'),(42,1,'2018-10-26 11:25:42','{\"header\":{\"createTime\":1540524340683,\"messageType\":\"ExecuteCommand\",\"wasNeedReply\":\"yes \"},\"body\":{\"deviceUid\":\"device001\",\"messageSessionId\":\"299\",\"executeCommand\":{\"commandName\":\"restart\",\"commandType\":\"preinstall\",\"executedCommand\":\"restart\"}}}','ExecuteCommand'),(43,1,'2018-10-26 11:28:51','{\"header\":{\"createTime\":1540524529996,\"messageType\":\"ExecuteCommand\",\"wasNeedReply\":\"yes \"},\"body\":{\"deviceUid\":\"device001\",\"messageSessionId\":\"308\",\"executeCommand\":{\"commandName\":\"\",\"commandType\":\"shell\",\"executedCommand\":\"123123\"}}}','ExecuteCommand'),(44,1,'2018-10-26 11:29:05','{\"header\":{\"createTime\":1540524543470,\"messageType\":\"ExecuteCommand\",\"wasNeedReply\":\"yes \"},\"body\":{\"deviceUid\":\"device001\",\"messageSessionId\":\"310\",\"executeCommand\":{\"commandName\":\"\",\"commandType\":\"custom\",\"executedCommand\":\"123123123123\"}}}','ExecuteCommand'),(45,1,'2018-10-26 11:29:45','{\"header\":{\"createTime\":1540524584158,\"messageType\":\"ExecuteCommand\",\"wasNeedReply\":\"yes \"},\"body\":{\"deviceUid\":\"device001\",\"messageSessionId\":\"311\",\"executeCommand\":{\"commandName\":\"restart\",\"commandType\":\"preinstall\",\"executedCommand\":\"restart\"}}}','ExecuteCommand'),(46,1,'2018-10-26 11:33:19','{\"header\":{\"createTime\":1540524797579,\"messageType\":\"ExecuteCommand\",\"wasNeedReply\":\"yes \"},\"body\":{\"deviceUid\":\"device001\",\"messageSessionId\":\"313\",\"executeCommand\":{\"commandName\":\"restart\",\"commandType\":\"preinstall\",\"executedCommand\":\"restart\"}}}','ExecuteCommand'),(47,1,'2018-10-26 11:37:33','{\"header\":{\"createTime\":1540525051772,\"messageType\":\"ExecuteCommand\",\"wasNeedReply\":\"yes \"},\"body\":{\"deviceUid\":\"device001\",\"messageSessionId\":\"317\",\"executeCommand\":{\"commandName\":\"restart\",\"commandType\":\"preinstall\",\"executedCommand\":\"restart\"}}}','ExecuteCommand'),(48,1,'2018-10-26 11:37:59','{\"header\":{\"createTime\":1540525077784,\"messageType\":\"ExecuteCommand\",\"wasNeedReply\":\"yes \"},\"body\":{\"deviceUid\":\"device001\",\"messageSessionId\":\"318\",\"executeCommand\":{\"commandName\":\"restart\",\"commandType\":\"preinstall\",\"executedCommand\":\"restart\"}}}','ExecuteCommand'),(49,1,'2018-10-26 11:39:19','{\"header\":{\"createTime\":1540525158057,\"messageType\":\"ExecuteCommand\",\"wasNeedReply\":\"yes \"},\"body\":{\"deviceUid\":\"device001\",\"messageSessionId\":\"319\",\"executeCommand\":{\"commandName\":\"restart\",\"commandType\":\"preinstall\",\"executedCommand\":\"restart\"}}}','ExecuteCommand'),(50,1,'2018-10-26 11:39:36','{\"header\":{\"createTime\":1540525175072,\"messageType\":\"ExecuteCommand\",\"wasNeedReply\":\"yes \"},\"body\":{\"deviceUid\":\"device001\",\"messageSessionId\":\"320\",\"executeCommand\":{\"commandName\":\"restart\",\"commandType\":\"preinstall\",\"executedCommand\":\"restart\"}}}','ExecuteCommand'),(51,1,'2018-10-26 11:40:18','{\"header\":{\"createTime\":1540525216726,\"messageType\":\"ExecuteCommand\",\"wasNeedReply\":\"yes \"},\"body\":{\"deviceUid\":\"device001\",\"messageSessionId\":\"323\",\"executeCommand\":{\"commandName\":\"restart\",\"commandType\":\"preinstall\",\"executedCommand\":\"restart\"}}}','ExecuteCommand'),(52,1,'2018-10-26 11:41:35','{\"header\":{\"createTime\":1540525293414,\"messageType\":\"ExecuteCommand\",\"wasNeedReply\":\"yes \"},\"body\":{\"deviceUid\":\"device001\",\"messageSessionId\":\"324\",\"executeCommand\":{\"commandName\":\"restart\",\"commandType\":\"preinstall\",\"executedCommand\":\"restart\"}}}','ExecuteCommand'),(53,1,'2018-10-26 11:42:41','{\"header\":{\"createTime\":1540525359701,\"messageType\":\"ExecuteCommand\",\"wasNeedReply\":\"yes \"},\"body\":{\"deviceUid\":\"device001\",\"messageSessionId\":\"325\",\"executeCommand\":{\"commandName\":\"restart\",\"commandType\":\"preinstall\",\"executedCommand\":\"restart\"}}}','ExecuteCommand'),(54,1,'2018-10-26 11:44:19','{\"header\":{\"createTime\":1540525457837,\"messageType\":\"ExecuteCommand\",\"wasNeedReply\":\"yes \"},\"body\":{\"deviceUid\":\"device001\",\"messageSessionId\":\"326\",\"executeCommand\":{\"commandName\":\"restart\",\"commandType\":\"preinstall\",\"executedCommand\":\"restart\"}}}','ExecuteCommand'),(55,1,'2018-10-26 11:47:29','{\"header\":{\"createTime\":1540525647664,\"messageType\":\"ExecuteCommand\",\"wasNeedReply\":\"yes \"},\"body\":{\"deviceUid\":\"device001\",\"messageSessionId\":\"327\",\"executeCommand\":{\"commandName\":\"restart\",\"commandType\":\"preinstall\",\"executedCommand\":\"restart\"}}}','ExecuteCommand'),(56,1,'2018-10-26 14:06:54','{\"header\":{\"createTime\":1540534012830,\"messageType\":\"ExecuteCommand\",\"wasNeedReply\":\"yes \"},\"body\":{\"deviceUid\":\"device001\",\"messageSessionId\":\"333\",\"executeCommand\":{\"commandName\":\"restart\",\"commandType\":\"preinstall\",\"executedCommand\":\"restart\"}}}','ExecuteCommand'),(57,1,'2018-10-26 14:13:11','{\"header\":{\"createTime\":1540534389745,\"messageType\":\"ExecuteCommand\",\"wasNeedReply\":\"yes \"},\"body\":{\"deviceUid\":\"device001\",\"messageSessionId\":\"334\",\"executeCommand\":{\"commandName\":\"restart\",\"commandType\":\"preinstall\",\"executedCommand\":\"restart\"}}}','ExecuteCommand'),(58,1,'2018-10-26 14:16:10','{\"header\":{\"createTime\":1540534568073,\"messageType\":\"ExecuteCommand\",\"wasNeedReply\":\"yes \"},\"body\":{\"deviceUid\":\"device001\",\"messageSessionId\":\"335\",\"executeCommand\":{\"commandName\":\"restart\",\"commandType\":\"preinstall\",\"executedCommand\":\"restart\"}}}','ExecuteCommand'),(59,1,'2018-10-26 14:16:27','{\"header\":{\"createTime\":1540534585256,\"messageType\":\"ExecuteCommand\",\"wasNeedReply\":\"yes \"},\"body\":{\"deviceUid\":\"device001\",\"messageSessionId\":\"336\",\"executeCommand\":{\"commandName\":\"restart\",\"commandType\":\"preinstall\",\"executedCommand\":\"restart\"}}}','ExecuteCommand'),(60,1,'2018-10-26 14:16:48','{\"header\":{\"createTime\":1540534606655,\"messageType\":\"ExecuteCommand\",\"wasNeedReply\":\"yes \"},\"body\":{\"deviceUid\":\"device001\",\"messageSessionId\":\"337\",\"executeCommand\":{\"commandName\":\"restart\",\"commandType\":\"preinstall\",\"executedCommand\":\"restart\"}}}','ExecuteCommand'),(61,1,'2018-10-26 14:17:13','{\"header\":{\"createTime\":1540534631411,\"messageType\":\"ExecuteCommand\",\"wasNeedReply\":\"yes \"},\"body\":{\"deviceUid\":\"device001\",\"messageSessionId\":\"339\",\"executeCommand\":{\"commandName\":\"\",\"commandType\":\"custom\",\"executedCommand\":\"1234\"}}}','ExecuteCommand'),(62,1,'2018-10-26 14:18:14','{\"header\":{\"createTime\":1540534692253,\"messageType\":\"ExecuteCommand\",\"wasNeedReply\":\"yes \"},\"body\":{\"deviceUid\":\"device001\",\"messageSessionId\":\"340\",\"executeCommand\":{\"commandName\":\"restart\",\"commandType\":\"preinstall\",\"executedCommand\":\"restart\"}}}','ExecuteCommand'),(63,1,'2018-10-26 14:19:41','{\"header\":{\"createTime\":1540534779237,\"messageType\":\"ExecuteCommand\",\"wasNeedReply\":\"yes \"},\"body\":{\"deviceUid\":\"device001\",\"messageSessionId\":\"342\",\"executeCommand\":{\"commandName\":\"restart\",\"commandType\":\"preinstall\",\"executedCommand\":\"restart\"}}}','ExecuteCommand'),(64,1,'2018-10-26 14:21:07','{\"header\":{\"createTime\":1540534865425,\"messageType\":\"ExecuteCommand\",\"wasNeedReply\":\"yes \"},\"body\":{\"deviceUid\":\"device001\",\"messageSessionId\":\"343\",\"executeCommand\":{\"commandName\":\"restart\",\"commandType\":\"preinstall\",\"executedCommand\":\"restart\"}}}','ExecuteCommand'),(65,1,'2018-10-26 14:24:57','{\"header\":{\"createTime\":1540535095540,\"messageType\":\"ExecuteCommand\",\"wasNeedReply\":\"yes \"},\"body\":{\"deviceUid\":\"device001\",\"messageSessionId\":\"345\",\"executeCommand\":{\"commandName\":\"restart\",\"commandType\":\"preinstall\",\"executedCommand\":\"restart\"}}}','ExecuteCommand'),(66,1,'2018-10-26 14:25:51','{\"header\":{\"createTime\":1540535149400,\"messageType\":\"ExecuteCommand\",\"wasNeedReply\":\"yes \"},\"body\":{\"deviceUid\":\"device001\",\"messageSessionId\":\"369\",\"executeCommand\":{\"commandName\":\"restart\",\"commandType\":\"preinstall\",\"executedCommand\":\"restart\"}}}','ExecuteCommand'),(67,1,'2018-10-26 14:27:10','{\"header\":{\"createTime\":1540535228412,\"messageType\":\"ExecuteCommand\",\"wasNeedReply\":\"yes \"},\"body\":{\"deviceUid\":\"device001\",\"messageSessionId\":\"371\",\"executeCommand\":{\"commandName\":\"restart\",\"commandType\":\"preinstall\",\"executedCommand\":\"restart\"}}}','ExecuteCommand'),(68,1,'2018-10-26 14:27:35','{\"header\":{\"createTime\":1540535253445,\"messageType\":\"ExecuteCommand\",\"wasNeedReply\":\"yes \"},\"body\":{\"deviceUid\":\"device001\",\"messageSessionId\":\"372\",\"executeCommand\":{\"commandName\":\"restart\",\"commandType\":\"preinstall\",\"executedCommand\":\"restart\"}}}','ExecuteCommand'),(69,1,'2018-10-26 14:38:38','{\"header\":{\"createTime\":1540535916709,\"messageType\":\"ExecuteCommand\",\"wasNeedReply\":\"yes \"},\"body\":{\"deviceUid\":\"device001\",\"messageSessionId\":\"374\",\"executeCommand\":{\"commandName\":\"restart\",\"commandType\":\"preinstall\",\"executedCommand\":\"restart\"}}}','ExecuteCommand'),(70,1,'2018-10-26 14:39:17','{\"header\":{\"createTime\":1540535955330,\"messageType\":\"ExecuteCommand\",\"wasNeedReply\":\"yes \"},\"body\":{\"deviceUid\":\"device001\",\"messageSessionId\":\"375\",\"executeCommand\":{\"commandName\":\"restart\",\"commandType\":\"preinstall\",\"executedCommand\":\"restart\"}}}','ExecuteCommand'),(71,1,'2018-10-26 14:40:05','{\"header\":{\"createTime\":1540536003463,\"messageType\":\"ExecuteCommand\",\"wasNeedReply\":\"yes \"},\"body\":{\"deviceUid\":\"device001\",\"messageSessionId\":\"376\",\"executeCommand\":{\"commandName\":\"restart\",\"commandType\":\"preinstall\",\"executedCommand\":\"restart\"}}}','ExecuteCommand'),(72,1,'2018-10-26 14:41:29','{\"header\":{\"createTime\":1540536087129,\"messageType\":\"ExecuteCommand\",\"wasNeedReply\":\"yes \"},\"body\":{\"deviceUid\":\"device001\",\"messageSessionId\":\"377\",\"executeCommand\":{\"commandName\":\"restart\",\"commandType\":\"preinstall\",\"executedCommand\":\"restart\"}}}','ExecuteCommand'),(73,1,'2018-10-26 14:42:41','{\"header\":{\"createTime\":1540536159200,\"messageType\":\"ExecuteCommand\",\"wasNeedReply\":\"yes \"},\"body\":{\"deviceUid\":\"device001\",\"messageSessionId\":\"379\",\"executeCommand\":{\"commandName\":\"restart\",\"commandType\":\"preinstall\",\"executedCommand\":\"restart\"}}}','ExecuteCommand'),(74,1,'2018-10-26 14:42:57','{\"header\":{\"createTime\":1540536175735,\"messageType\":\"ExecuteCommand\",\"wasNeedReply\":\"yes \"},\"body\":{\"deviceUid\":\"device001\",\"messageSessionId\":\"380\",\"executeCommand\":{\"commandName\":\"restart\",\"commandType\":\"preinstall\",\"executedCommand\":\"restart\"}}}','ExecuteCommand'),(75,1,'2018-10-26 14:43:23','{\"header\":{\"createTime\":1540536201804,\"messageType\":\"ExecuteCommand\",\"wasNeedReply\":\"yes \"},\"body\":{\"deviceUid\":\"device001\",\"messageSessionId\":\"381\",\"executeCommand\":{\"commandName\":\"restart\",\"commandType\":\"preinstall\",\"executedCommand\":\"restart\"}}}','ExecuteCommand'),(76,1,'2018-10-26 14:45:40','{\"header\":{\"createTime\":1540536337972,\"messageType\":\"ExecuteCommand\",\"wasNeedReply\":\"yes \"},\"body\":{\"deviceUid\":\"device001\",\"messageSessionId\":\"383\",\"executeCommand\":{\"commandName\":\"restart\",\"commandType\":\"preinstall\",\"executedCommand\":\"restart\"}}}','ExecuteCommand'),(77,1,'2018-10-26 14:47:00','{\"header\":{\"createTime\":1540536418152,\"messageType\":\"ExecuteCommand\",\"wasNeedReply\":\"yes \"},\"body\":{\"deviceUid\":\"device001\",\"messageSessionId\":\"385\",\"executeCommand\":{\"commandName\":\"restart\",\"commandType\":\"preinstall\",\"executedCommand\":\"restart\"}}}','ExecuteCommand'),(78,1,'2018-10-26 14:47:20','{\"header\":{\"createTime\":1540536438060,\"messageType\":\"ExecuteCommand\",\"wasNeedReply\":\"yes \"},\"body\":{\"deviceUid\":\"device001\",\"messageSessionId\":\"388\",\"executeCommand\":{\"commandName\":\"restart\",\"commandType\":\"preinstall\",\"executedCommand\":\"restart\"}}}','ExecuteCommand'),(79,1,'2018-10-26 14:47:30','{\"header\":{\"createTime\":1540536448146,\"messageType\":\"ExecuteCommand\",\"wasNeedReply\":\"yes \"},\"body\":{\"deviceUid\":\"device001\",\"messageSessionId\":\"396\",\"executeCommand\":{\"commandName\":\"restart\",\"commandType\":\"preinstall\",\"executedCommand\":\"restart\"}}}','ExecuteCommand'),(80,1,'2018-10-26 14:50:16','{\"header\":{\"createTime\":1540536614031,\"messageType\":\"ExecuteCommand\",\"wasNeedReply\":\"yes \"},\"body\":{\"deviceUid\":\"device001\",\"messageSessionId\":\"401\",\"executeCommand\":{\"commandName\":\"restart\",\"commandType\":\"preinstall\",\"executedCommand\":\"restart\"}}}','ExecuteCommand'),(81,1,'2018-10-26 14:52:47','{\"header\":{\"createTime\":1540536765582,\"messageType\":\"ExecuteCommand\",\"wasNeedReply\":\"yes \"},\"body\":{\"deviceUid\":\"device001\",\"messageSessionId\":\"411\",\"executeCommand\":{\"commandName\":\"restart\",\"commandType\":\"preinstall\",\"executedCommand\":\"restart\"}}}','ExecuteCommand'),(82,1,'2018-10-26 14:54:14','{\"header\":{\"createTime\":1540536852431,\"messageType\":\"ExecuteCommand\",\"wasNeedReply\":\"yes \"},\"body\":{\"deviceUid\":\"device001\",\"messageSessionId\":\"414\",\"executeCommand\":{\"commandName\":\"restart\",\"commandType\":\"preinstall\",\"executedCommand\":\"restart\"}}}','ExecuteCommand'),(83,1,'2018-10-26 14:57:44','{\"header\":{\"createTime\":1540537061928,\"messageType\":\"ExecuteCommand\",\"wasNeedReply\":\"yes \"},\"body\":{\"deviceUid\":\"device001\",\"messageSessionId\":\"424\",\"executeCommand\":{\"commandName\":\"restart\",\"commandType\":\"preinstall\",\"executedCommand\":\"restart\"}}}','ExecuteCommand'),(84,1,'2018-10-26 15:00:01','{\"header\":{\"createTime\":1540537199319,\"messageType\":\"ExecuteCommand\",\"wasNeedReply\":\"yes \"},\"body\":{\"deviceUid\":\"device001\",\"messageSessionId\":\"434\",\"executeCommand\":{\"commandName\":\"restart\",\"commandType\":\"preinstall\",\"executedCommand\":\"restart\"}}}','ExecuteCommand'),(85,1,'2018-10-26 15:00:24','{\"header\":{\"createTime\":1540537222816,\"messageType\":\"ExecuteCommand\",\"wasNeedReply\":\"yes \"},\"body\":{\"deviceUid\":\"device001\",\"messageSessionId\":\"443\",\"executeCommand\":{\"commandName\":\"restart\",\"commandType\":\"preinstall\",\"executedCommand\":\"restart\"}}}','ExecuteCommand'),(86,1,'2018-10-26 15:01:01','{\"header\":{\"createTime\":1540537258998,\"messageType\":\"ExecuteCommand\",\"wasNeedReply\":\"yes \"},\"body\":{\"deviceUid\":\"device001\",\"messageSessionId\":\"444\",\"executeCommand\":{\"commandName\":\"restart\",\"commandType\":\"preinstall\",\"executedCommand\":\"restart\"}}}','ExecuteCommand'),(87,1,'2018-10-26 15:01:28','{\"header\":{\"createTime\":1540537286837,\"messageType\":\"ExecuteCommand\",\"wasNeedReply\":\"yes \"},\"body\":{\"deviceUid\":\"device001\",\"messageSessionId\":\"451\",\"executeCommand\":{\"commandName\":\"restart\",\"commandType\":\"preinstall\",\"executedCommand\":\"restart\"}}}','ExecuteCommand'),(88,1,'2018-10-26 15:16:47','{\"header\":{\"createTime\":1540538205681,\"messageType\":\"ExecuteCommand\",\"wasNeedReply\":\"yes \"},\"body\":{\"deviceUid\":\"device001\",\"messageSessionId\":\"467\",\"executeCommand\":{\"commandName\":\"restart\",\"commandType\":\"preinstall\",\"executedCommand\":\"restart\"}}}','ExecuteCommand'),(89,1,'2018-10-26 15:19:28','{\"header\":{\"createTime\":1540538366301,\"messageType\":\"ExecuteCommand\",\"wasNeedReply\":\"yes \"},\"body\":{\"deviceUid\":\"device001\",\"messageSessionId\":\"468\",\"executeCommand\":{\"commandName\":\"restart\",\"commandType\":\"preinstall\",\"executedCommand\":\"restart\"}}}','ExecuteCommand'),(90,1,'2018-10-26 15:34:37','{\"header\":{\"createTime\":1540539275666,\"messageType\":\"ExecuteCommand\",\"wasNeedReply\":\"yes \"},\"body\":{\"deviceUid\":\"device001\",\"messageSessionId\":\"476\",\"executeCommand\":{\"commandName\":\"restart\",\"commandType\":\"preinstall\",\"executedCommand\":\"restart\"}}}','ExecuteCommand'),(91,1,'2018-10-26 15:43:24','{\"header\":{\"createTime\":1540539802395,\"messageType\":\"ExecuteCommand\",\"wasNeedReply\":\"yes \"},\"body\":{\"deviceUid\":\"device001\",\"messageSessionId\":\"477\",\"executeCommand\":{\"commandName\":\"restart\",\"commandType\":\"preinstall\",\"executedCommand\":\"restart\"}}}','ExecuteCommand'),(92,1,'2018-10-26 15:44:22','{\"header\":{\"createTime\":1540539860282,\"messageType\":\"ExecuteCommand\",\"wasNeedReply\":\"yes \"},\"body\":{\"deviceUid\":\"device001\",\"messageSessionId\":\"478\",\"executeCommand\":{\"commandName\":\"restart\",\"commandType\":\"preinstall\",\"executedCommand\":\"restart\"}}}','ExecuteCommand'),(93,1,'2018-10-26 16:11:41','{\"header\":{\"createTime\":1540541499232,\"messageType\":\"ExecuteCommand\",\"wasNeedReply\":\"yes \"},\"body\":{\"deviceUid\":\"device001\",\"messageSessionId\":\"479\",\"executeCommand\":{\"commandName\":\"restart\",\"commandType\":\"preinstall\",\"executedCommand\":\"restart\"}}}','ExecuteCommand'),(94,1,'2018-10-26 16:22:00','{\"header\":{\"createTime\":1540542117743,\"messageType\":\"ExecuteCommand\",\"wasNeedReply\":\"yes \"},\"body\":{\"deviceUid\":\"device001\",\"messageSessionId\":\"480\",\"executeCommand\":{\"commandName\":\"restart\",\"commandType\":\"preinstall\",\"executedCommand\":\"restart\"}}}','ExecuteCommand'),(95,1,'2018-10-26 16:22:21','{\"header\":{\"createTime\":1540542138793,\"messageType\":\"ExecuteCommand\",\"wasNeedReply\":\"yes \"},\"body\":{\"deviceUid\":\"device001\",\"messageSessionId\":\"481\",\"executeCommand\":{\"commandName\":\"restart\",\"commandType\":\"preinstall\",\"executedCommand\":\"restart\"}}}','ExecuteCommand'),(96,1,'2018-10-26 16:22:56','{\"header\":{\"createTime\":1540542174445,\"messageType\":\"ExecuteCommand\",\"wasNeedReply\":\"yes \"},\"body\":{\"deviceUid\":\"device001\",\"messageSessionId\":\"482\",\"executeCommand\":{\"commandName\":\"restart\",\"commandType\":\"preinstall\",\"executedCommand\":\"restart\"}}}','ExecuteCommand'),(97,1,'2018-10-26 16:30:11','{\"header\":{\"createTime\":1540542609604,\"messageType\":\"ExecuteCommand\",\"wasNeedReply\":\"yes \"},\"body\":{\"deviceUid\":\"device001\",\"messageSessionId\":\"483\",\"executeCommand\":{\"commandName\":\"restart\",\"commandType\":\"preinstall\",\"executedCommand\":\"restart\"}}}','ExecuteCommand'),(98,1,'2018-10-26 16:30:26','{\"header\":{\"createTime\":1540542623893,\"messageType\":\"ExecuteCommand\",\"wasNeedReply\":\"yes \"},\"body\":{\"deviceUid\":\"device001\",\"messageSessionId\":\"485\",\"executeCommand\":{\"commandName\":\"restart\",\"commandType\":\"preinstall\",\"executedCommand\":\"restart\"}}}','ExecuteCommand'),(99,1,'2018-10-26 16:30:37','{\"header\":{\"createTime\":1540542635465,\"messageType\":\"ExecuteCommand\",\"wasNeedReply\":\"yes \"},\"body\":{\"deviceUid\":\"device001\",\"messageSessionId\":\"487\",\"executeCommand\":{\"commandName\":\"restart\",\"commandType\":\"preinstall\",\"executedCommand\":\"restart\"}}}','ExecuteCommand'),(100,1,'2018-10-26 16:31:19','{\"header\":{\"createTime\":1540542677326,\"messageType\":\"ExecuteCommand\",\"wasNeedReply\":\"yes \"},\"body\":{\"deviceUid\":\"device001\",\"messageSessionId\":\"489\",\"executeCommand\":{\"commandName\":\"restart\",\"commandType\":\"preinstall\",\"executedCommand\":\"restart\"}}}','ExecuteCommand'),(101,1,'2018-10-26 16:35:02','{\"header\":{\"createTime\":1540542900254,\"messageType\":\"ExecuteCommand\",\"wasNeedReply\":\"yes \"},\"body\":{\"deviceUid\":\"device001\",\"messageSessionId\":\"491\",\"executeCommand\":{\"commandName\":\"restart\",\"commandType\":\"preinstall\",\"executedCommand\":\"restart\"}}}','ExecuteCommand'),(102,1,'2018-10-26 16:37:51','{\"header\":{\"createTime\":1540543069472,\"messageType\":\"ExecuteCommand\",\"wasNeedReply\":\"yes \"},\"body\":{\"deviceUid\":\"device001\",\"messageSessionId\":\"492\",\"executeCommand\":{\"commandName\":\"restart\",\"commandType\":\"preinstall\",\"executedCommand\":\"restart\"}}}','ExecuteCommand'),(103,1,'2018-10-26 16:38:11','{\"header\":{\"createTime\":1540543089315,\"messageType\":\"ExecuteCommand\",\"wasNeedReply\":\"yes \"},\"body\":{\"deviceUid\":\"device001\",\"messageSessionId\":\"494\",\"executeCommand\":{\"commandName\":\"restart\",\"commandType\":\"preinstall\",\"executedCommand\":\"restart\"}}}','ExecuteCommand'),(104,1,'2018-10-26 16:43:12','{\"header\":{\"createTime\":1540543389886,\"messageType\":\"ExecuteCommand\",\"wasNeedReply\":\"yes \"},\"body\":{\"deviceUid\":\"device001\",\"messageSessionId\":\"495\",\"executeCommand\":{\"commandName\":\"restart\",\"commandType\":\"preinstall\",\"executedCommand\":\"restart\"}}}','ExecuteCommand'),(105,1,'2018-10-26 16:43:26','{\"header\":{\"createTime\":1540543404081,\"messageType\":\"ExecuteCommand\",\"wasNeedReply\":\"yes \"},\"body\":{\"deviceUid\":\"device001\",\"messageSessionId\":\"497\",\"executeCommand\":{\"commandName\":\"restart\",\"commandType\":\"preinstall\",\"executedCommand\":\"restart\"}}}','ExecuteCommand'),(106,1,'2018-10-26 16:43:46','{\"header\":{\"createTime\":1540543423940,\"messageType\":\"ExecuteCommand\",\"wasNeedReply\":\"yes \"},\"body\":{\"deviceUid\":\"device001\",\"messageSessionId\":\"499\",\"executeCommand\":{\"commandName\":\"restart\",\"commandType\":\"preinstall\",\"executedCommand\":\"restart\"}}}','ExecuteCommand'),(107,1,'2018-10-26 16:44:43','{\"header\":{\"createTime\":1540543481637,\"messageType\":\"ExecuteCommand\",\"wasNeedReply\":\"yes \"},\"body\":{\"deviceUid\":\"device001\",\"messageSessionId\":\"501\",\"executeCommand\":{\"commandName\":\"restart\",\"commandType\":\"preinstall\",\"executedCommand\":\"restart\"}}}','ExecuteCommand'),(108,1,'2018-10-26 16:45:00','{\"header\":{\"createTime\":1540543497736,\"messageType\":\"ExecuteCommand\",\"wasNeedReply\":\"yes \"},\"body\":{\"deviceUid\":\"device001\",\"messageSessionId\":\"502\",\"executeCommand\":{\"commandName\":\"restart\",\"commandType\":\"preinstall\",\"executedCommand\":\"restart\"}}}','ExecuteCommand'),(109,1,'2018-10-26 16:45:47','{\"header\":{\"createTime\":1540543545561,\"messageType\":\"ExecuteCommand\",\"wasNeedReply\":\"yes \"},\"body\":{\"deviceUid\":\"device001\",\"messageSessionId\":\"504\",\"executeCommand\":{\"commandName\":\"restart\",\"commandType\":\"preinstall\",\"executedCommand\":\"restart\"}}}','ExecuteCommand'),(110,1,'2018-10-26 16:46:02','{\"header\":{\"createTime\":1540543559853,\"messageType\":\"ExecuteCommand\",\"wasNeedReply\":\"yes \"},\"body\":{\"deviceUid\":\"device001\",\"messageSessionId\":\"505\",\"executeCommand\":{\"commandName\":\"\",\"commandType\":\"shell\",\"executedCommand\":\"sdfdsfdsfdsfds\"}}}','ExecuteCommand'),(111,1,'2018-10-26 16:46:12','{\"header\":{\"createTime\":1540543570313,\"messageType\":\"ExecuteCommand\",\"wasNeedReply\":\"yes \"},\"body\":{\"deviceUid\":\"device001\",\"messageSessionId\":\"506\",\"executeCommand\":{\"commandName\":\"\",\"commandType\":\"shell\",\"executedCommand\":\"bbbbbb\"}}}','ExecuteCommand'),(112,1,'2018-10-26 16:46:47','{\"header\":{\"createTime\":1540543605029,\"messageType\":\"ExecuteCommand\",\"wasNeedReply\":\"yes \"},\"body\":{\"deviceUid\":\"device001\",\"messageSessionId\":\"507\",\"executeCommand\":{\"commandName\":\"restart\",\"commandType\":\"preinstall\",\"executedCommand\":\"restart\"}}}','ExecuteCommand'),(113,1,'2018-10-26 17:00:16','{\"header\":{\"createTime\":1540544414476,\"messageType\":\"ExecuteCommand\",\"wasNeedReply\":\"yes \"},\"body\":{\"deviceUid\":\"device001\",\"messageSessionId\":\"508\",\"executeCommand\":{\"commandName\":\"restart\",\"commandType\":\"preinstall\",\"executedCommand\":\"restart\"}}}','ExecuteCommand'),(114,1,'2018-10-26 17:02:35','{\"header\":{\"createTime\":1540544553617,\"messageType\":\"ExecuteCommand\",\"wasNeedReply\":\"yes \"},\"body\":{\"deviceUid\":\"device001\",\"messageSessionId\":\"510\",\"executeCommand\":{\"commandName\":\"restart\",\"commandType\":\"preinstall\",\"executedCommand\":\"restart\"}}}','ExecuteCommand'),(115,1,'2018-10-26 17:03:24','{\"header\":{\"createTime\":1540544602415,\"messageType\":\"ExecuteCommand\",\"wasNeedReply\":\"yes \"},\"body\":{\"deviceUid\":\"device001\",\"messageSessionId\":\"512\",\"executeCommand\":{\"commandName\":\"restart\",\"commandType\":\"preinstall\",\"executedCommand\":\"restart\"}}}','ExecuteCommand'),(116,1,'2018-10-26 17:09:04','{\"header\":{\"createTime\":1540544941970,\"messageType\":\"ExecuteCommand\",\"wasNeedReply\":\"yes \"},\"body\":{\"deviceUid\":\"device001\",\"messageSessionId\":\"514\",\"executeCommand\":{\"commandName\":\"restart\",\"commandType\":\"preinstall\",\"executedCommand\":\"restart\"}}}','ExecuteCommand'),(117,1,'2018-10-26 17:11:28','{\"header\":{\"createTime\":1540545085929,\"messageType\":\"ExecuteCommand\",\"wasNeedReply\":\"yes \"},\"body\":{\"deviceUid\":\"device001\",\"messageSessionId\":\"516\",\"executeCommand\":{\"commandName\":\"restart\",\"commandType\":\"preinstall\",\"executedCommand\":\"restart\"}}}','ExecuteCommand'),(118,1,'2018-10-29 09:33:29','{\"header\":{\"createTime\":1540776806971,\"messageType\":\"ExecuteCommand\",\"wasNeedReply\":\"yes \"},\"body\":{\"deviceUid\":\"device001\",\"messageSessionId\":\"517\",\"executeCommand\":{\"commandName\":\"restart\",\"commandType\":\"preinstall\",\"executedCommand\":\"restart\"}}}','ExecuteCommand'),(119,1,'2018-10-29 09:50:28','{\"header\":{\"createTime\":1540777825810,\"messageType\":\"ExecuteCommand\",\"wasNeedReply\":\"yes \"},\"body\":{\"deviceUid\":\"device001\",\"messageSessionId\":\"518\",\"executeCommand\":{\"commandName\":\"restart\",\"commandType\":\"preinstall\",\"executedCommand\":\"restart\"}}}','ExecuteCommand'),(120,1,'2018-10-29 09:51:53','{\"header\":{\"createTime\":1540777910910,\"messageType\":\"ExecuteCommand\",\"wasNeedReply\":\"yes \"},\"body\":{\"deviceUid\":\"device001\",\"messageSessionId\":\"520\",\"executeCommand\":{\"commandName\":\"restart\",\"commandType\":\"preinstall\",\"executedCommand\":\"restart\"}}}','ExecuteCommand'),(121,1,'2018-10-29 10:05:35','{\"header\":{\"createTime\":1540778732775,\"messageType\":\"ExecuteCommand\",\"wasNeedReply\":\"yes \"},\"body\":{\"deviceUid\":\"device001\",\"messageSessionId\":\"521\",\"executeCommand\":{\"commandName\":\"restart\",\"commandType\":\"preinstall\",\"executedCommand\":\"restart\"}}}','ExecuteCommand'),(122,1,'2018-10-29 10:06:09','{\"header\":{\"createTime\":1540778767536,\"messageType\":\"ExecuteCommand\",\"wasNeedReply\":\"yes \"},\"body\":{\"deviceUid\":\"device001\",\"messageSessionId\":\"522\",\"executeCommand\":{\"commandName\":\"restart\",\"commandType\":\"preinstall\",\"executedCommand\":\"restart\"}}}','ExecuteCommand'),(123,1,'2018-10-29 10:07:18','{\"header\":{\"createTime\":1540778836688,\"messageType\":\"ExecuteCommand\",\"wasNeedReply\":\"yes \"},\"body\":{\"deviceUid\":\"device001\",\"messageSessionId\":\"523\",\"executeCommand\":{\"commandName\":\"restart\",\"commandType\":\"preinstall\",\"executedCommand\":\"restart\"}}}','ExecuteCommand'),(124,1,'2018-10-29 10:34:33','{\"header\":{\"createTime\":1540780471269,\"messageType\":\"ExecuteCommand\",\"wasNeedReply\":\"yes \"},\"body\":{\"deviceUid\":\"device001\",\"messageSessionId\":\"525\",\"executeCommand\":{\"commandName\":\"restart\",\"commandType\":\"preinstall\",\"executedCommand\":\"restart\"}}}','ExecuteCommand'),(125,1,'2018-10-29 10:35:30','{\"header\":{\"createTime\":1540780527901,\"messageType\":\"ExecuteCommand\",\"wasNeedReply\":\"yes \"},\"body\":{\"deviceUid\":\"device001\",\"messageSessionId\":\"526\",\"executeCommand\":{\"commandName\":\"restart\",\"commandType\":\"preinstall\",\"executedCommand\":\"restart\"}}}','ExecuteCommand'),(126,1,'2018-10-29 10:35:43','{\"header\":{\"createTime\":1540780541058,\"messageType\":\"ExecuteCommand\",\"wasNeedReply\":\"yes \"},\"body\":{\"deviceUid\":\"device001\",\"messageSessionId\":\"527\",\"executeCommand\":{\"commandName\":\"restart\",\"commandType\":\"preinstall\",\"executedCommand\":\"restart\"}}}','ExecuteCommand'),(127,1,'2018-10-29 10:36:00','{\"header\":{\"createTime\":1540780558304,\"messageType\":\"ExecuteCommand\",\"wasNeedReply\":\"yes \"},\"body\":{\"deviceUid\":\"device001\",\"messageSessionId\":\"528\",\"executeCommand\":{\"commandName\":\"restart\",\"commandType\":\"preinstall\",\"executedCommand\":\"restart\"}}}','ExecuteCommand'),(128,1,'2018-10-29 10:47:00','{\"header\":{\"createTime\":1540781217926,\"messageType\":\"ExecuteCommand\",\"wasNeedReply\":\"yes \"},\"body\":{\"deviceUid\":\"device001\",\"messageSessionId\":\"529\",\"executeCommand\":{\"commandName\":\"restart\",\"commandType\":\"preinstall\",\"executedCommand\":\"restart\"}}}','ExecuteCommand'),(129,1,'2018-10-29 10:47:49','{\"header\":{\"createTime\":1540781267140,\"messageType\":\"ExecuteCommand\",\"wasNeedReply\":\"yes \"},\"body\":{\"deviceUid\":\"device001\",\"messageSessionId\":\"530\",\"executeCommand\":{\"commandName\":\"restart\",\"commandType\":\"preinstall\",\"executedCommand\":\"restart\"}}}','ExecuteCommand'),(130,1,'2018-10-29 10:51:12','{\"header\":{\"createTime\":1540781470298,\"messageType\":\"ExecuteCommand\",\"wasNeedReply\":\"yes \"},\"body\":{\"deviceUid\":\"device001\",\"messageSessionId\":\"531\",\"executeCommand\":{\"commandName\":\"restart\",\"commandType\":\"preinstall\",\"executedCommand\":\"restart\"}}}','ExecuteCommand'),(131,1,'2018-10-29 10:52:36','{\"header\":{\"createTime\":1540781554318,\"messageType\":\"ExecuteCommand\",\"wasNeedReply\":\"yes \"},\"body\":{\"deviceUid\":\"device001\",\"messageSessionId\":\"532\",\"executeCommand\":{\"commandName\":\"restart\",\"commandType\":\"preinstall\",\"executedCommand\":\"restart\"}}}','ExecuteCommand'),(132,1,'2018-10-29 10:54:37','{\"header\":{\"createTime\":1540781675141,\"messageType\":\"ExecuteCommand\",\"wasNeedReply\":\"yes \"},\"body\":{\"deviceUid\":\"device001\",\"messageSessionId\":\"533\",\"executeCommand\":{\"commandName\":\"restart\",\"commandType\":\"preinstall\",\"executedCommand\":\"restart\"}}}','ExecuteCommand'),(133,1,'2018-10-29 10:58:11','{\"header\":{\"createTime\":1540781888972,\"messageType\":\"ExecuteCommand\",\"wasNeedReply\":\"yes \"},\"body\":{\"deviceUid\":\"device001\",\"messageSessionId\":\"534\",\"executeCommand\":{\"commandName\":\"restart\",\"commandType\":\"preinstall\",\"executedCommand\":\"restart\"}}}','ExecuteCommand'),(134,1,'2018-10-29 10:58:55','{\"header\":{\"createTime\":1540781933374,\"messageType\":\"ExecuteCommand\",\"wasNeedReply\":\"yes \"},\"body\":{\"deviceUid\":\"device001\",\"messageSessionId\":\"535\",\"executeCommand\":{\"commandName\":\"restart\",\"commandType\":\"preinstall\",\"executedCommand\":\"restart\"}}}','ExecuteCommand'),(135,1,'2018-10-29 11:02:45','{\"header\":{\"createTime\":1540782163503,\"messageType\":\"ExecuteCommand\",\"wasNeedReply\":\"yes \"},\"body\":{\"deviceUid\":\"device001\",\"messageSessionId\":\"536\",\"executeCommand\":{\"commandName\":\"restart\",\"commandType\":\"preinstall\",\"executedCommand\":\"restart\"}}}','ExecuteCommand'),(136,1,'2018-10-29 11:02:56','{\"header\":{\"createTime\":1540782173768,\"messageType\":\"ExecuteCommand\",\"wasNeedReply\":\"yes \"},\"body\":{\"deviceUid\":\"device001\",\"messageSessionId\":\"537\",\"executeCommand\":{\"commandName\":\"restart\",\"commandType\":\"preinstall\",\"executedCommand\":\"restart\"}}}','ExecuteCommand'),(137,1,'2018-10-29 11:06:01','{\"header\":{\"createTime\":1540782359511,\"messageType\":\"ExecuteCommand\",\"wasNeedReply\":\"yes \"},\"body\":{\"deviceUid\":\"device001\",\"messageSessionId\":\"539\",\"executeCommand\":{\"commandName\":\"restart\",\"commandType\":\"preinstall\",\"executedCommand\":\"restart\"}}}','ExecuteCommand'),(138,1,'2018-10-29 11:08:00','{\"header\":{\"createTime\":1540782477899,\"messageType\":\"ExecuteCommand\",\"wasNeedReply\":\"yes \"},\"body\":{\"deviceUid\":\"device001\",\"messageSessionId\":\"540\",\"executeCommand\":{\"commandName\":\"restart\",\"commandType\":\"preinstall\",\"executedCommand\":\"restart\"}}}','ExecuteCommand'),(139,1,'2018-10-29 11:09:21','{\"header\":{\"createTime\":1540782558863,\"messageType\":\"ExecuteCommand\",\"wasNeedReply\":\"yes \"},\"body\":{\"deviceUid\":\"device001\",\"messageSessionId\":\"541\",\"executeCommand\":{\"commandName\":\"restart\",\"commandType\":\"preinstall\",\"executedCommand\":\"restart\"}}}','ExecuteCommand'),(140,1,'2018-10-29 11:10:34','{\"header\":{\"createTime\":1540782631765,\"messageType\":\"ExecuteCommand\",\"wasNeedReply\":\"yes \"},\"body\":{\"deviceUid\":\"device001\",\"messageSessionId\":\"542\",\"executeCommand\":{\"commandName\":\"restart\",\"commandType\":\"preinstall\",\"executedCommand\":\"restart\"}}}','ExecuteCommand'),(141,1,'2018-10-29 11:11:19','{\"header\":{\"createTime\":1540782677558,\"messageType\":\"ExecuteCommand\",\"wasNeedReply\":\"yes \"},\"body\":{\"deviceUid\":\"device001\",\"messageSessionId\":\"543\",\"executeCommand\":{\"commandName\":\"restart\",\"commandType\":\"preinstall\",\"executedCommand\":\"restart\"}}}','ExecuteCommand'),(142,1,'2018-10-29 11:11:47','{\"header\":{\"createTime\":1540782705504,\"messageType\":\"ExecuteCommand\",\"wasNeedReply\":\"yes \"},\"body\":{\"deviceUid\":\"device001\",\"messageSessionId\":\"544\",\"executeCommand\":{\"commandName\":\"restart\",\"commandType\":\"preinstall\",\"executedCommand\":\"restart\"}}}','ExecuteCommand'),(143,1,'2018-10-29 11:14:10','{\"header\":{\"createTime\":1540782848380,\"messageType\":\"ExecuteCommand\",\"wasNeedReply\":\"yes \"},\"body\":{\"deviceUid\":\"device001\",\"messageSessionId\":\"545\",\"executeCommand\":{\"commandName\":\"restart\",\"commandType\":\"preinstall\",\"executedCommand\":\"restart\"}}}','ExecuteCommand'),(144,1,'2018-10-29 11:19:02','{\"header\":{\"createTime\":1540783139735,\"messageType\":\"ExecuteCommand\",\"wasNeedReply\":\"yes \"},\"body\":{\"deviceUid\":\"device001\",\"messageSessionId\":\"546\",\"executeCommand\":{\"commandName\":\"restart\",\"commandType\":\"preinstall\",\"executedCommand\":\"restart\"}}}','ExecuteCommand'),(145,1,'2018-10-29 11:20:30','{\"header\":{\"createTime\":1540783228331,\"messageType\":\"ExecuteCommand\",\"wasNeedReply\":\"yes \"},\"body\":{\"deviceUid\":\"device001\",\"messageSessionId\":\"547\",\"executeCommand\":{\"commandName\":\"restart\",\"commandType\":\"preinstall\",\"executedCommand\":\"restart\"}}}','ExecuteCommand'),(146,1,'2018-10-29 11:23:59','{\"header\":{\"createTime\":1540783437579,\"messageType\":\"ExecuteCommand\",\"wasNeedReply\":\"yes \"},\"body\":{\"deviceUid\":\"device001\",\"messageSessionId\":\"548\",\"executeCommand\":{\"commandName\":\"restart\",\"commandType\":\"preinstall\",\"executedCommand\":\"restart\"}}}','ExecuteCommand'),(147,1,'2018-10-29 11:33:21','{\"header\":{\"createTime\":1540783999551,\"messageType\":\"ExecuteCommand\",\"wasNeedReply\":\"yes \"},\"body\":{\"deviceUid\":\"device001\",\"messageSessionId\":\"549\",\"executeCommand\":{\"commandName\":\"restart\",\"commandType\":\"preinstall\",\"executedCommand\":\"restart\"}}}','ExecuteCommand'),(148,1,'2018-10-29 11:34:03','{\"header\":{\"createTime\":1540784040799,\"messageType\":\"ExecuteCommand\",\"wasNeedReply\":\"yes \"},\"body\":{\"deviceUid\":\"device001\",\"messageSessionId\":\"550\",\"executeCommand\":{\"commandName\":\"restart\",\"commandType\":\"preinstall\",\"executedCommand\":\"restart\"}}}','ExecuteCommand'),(149,1,'2018-10-29 11:38:26','{\"header\":{\"createTime\":1540784303882,\"messageType\":\"ExecuteCommand\",\"wasNeedReply\":\"yes \"},\"body\":{\"deviceUid\":\"device001\",\"messageSessionId\":\"551\",\"executeCommand\":{\"commandName\":\"restart\",\"commandType\":\"preinstall\",\"executedCommand\":\"restart\"}}}','ExecuteCommand'),(150,1,'2018-10-29 11:41:28','{\"header\":{\"createTime\":1540784486369,\"messageType\":\"ExecuteCommand\",\"wasNeedReply\":\"yes \"},\"body\":{\"deviceUid\":\"device001\",\"messageSessionId\":\"552\",\"executeCommand\":{\"commandName\":\"restart\",\"commandType\":\"preinstall\",\"executedCommand\":\"restart\"}}}','ExecuteCommand'),(151,1,'2018-10-29 11:42:25','{\"header\":{\"createTime\":1540784543163,\"messageType\":\"ExecuteCommand\",\"wasNeedReply\":\"yes \"},\"body\":{\"deviceUid\":\"device001\",\"messageSessionId\":\"553\",\"executeCommand\":{\"commandName\":\"restart\",\"commandType\":\"preinstall\",\"executedCommand\":\"restart\"}}}','ExecuteCommand'),(152,1,'2018-10-29 11:45:25','{\"header\":{\"createTime\":1540784723345,\"messageType\":\"ExecuteCommand\",\"wasNeedReply\":\"yes \"},\"body\":{\"deviceUid\":\"device001\",\"messageSessionId\":\"554\",\"executeCommand\":{\"commandName\":\"restart\",\"commandType\":\"preinstall\",\"executedCommand\":\"restart\"}}}','ExecuteCommand'),(153,1,'2018-10-29 11:46:11','{\"header\":{\"createTime\":1540784769084,\"messageType\":\"ExecuteCommand\",\"wasNeedReply\":\"yes \"},\"body\":{\"deviceUid\":\"device001\",\"messageSessionId\":\"555\",\"executeCommand\":{\"commandName\":\"restart\",\"commandType\":\"preinstall\",\"executedCommand\":\"restart\"}}}','ExecuteCommand'),(154,1,'2018-10-29 11:46:37','{\"header\":{\"createTime\":1540784795508,\"messageType\":\"ExecuteCommand\",\"wasNeedReply\":\"yes \"},\"body\":{\"deviceUid\":\"device001\",\"messageSessionId\":\"556\",\"executeCommand\":{\"commandName\":\"restart\",\"commandType\":\"preinstall\",\"executedCommand\":\"restart\"}}}','ExecuteCommand'),(155,1,'2018-10-29 11:47:27','{\"header\":{\"createTime\":1540784845267,\"messageType\":\"ExecuteCommand\",\"wasNeedReply\":\"yes \"},\"body\":{\"deviceUid\":\"device001\",\"messageSessionId\":\"557\",\"executeCommand\":{\"commandName\":\"restart\",\"commandType\":\"preinstall\",\"executedCommand\":\"restart\"}}}','ExecuteCommand'),(156,1,'2018-10-29 11:47:56','{\"header\":{\"createTime\":1540784874193,\"messageType\":\"ExecuteCommand\",\"wasNeedReply\":\"yes \"},\"body\":{\"deviceUid\":\"device001\",\"messageSessionId\":\"558\",\"executeCommand\":{\"commandName\":\"restart\",\"commandType\":\"preinstall\",\"executedCommand\":\"restart\"}}}','ExecuteCommand'),(157,1,'2018-10-29 13:31:42','{\"header\":{\"createTime\":1540791100176,\"messageType\":\"ExecuteCommand\",\"wasNeedReply\":\"yes \"},\"body\":{\"deviceUid\":\"device001\",\"messageSessionId\":\"559\",\"executeCommand\":{\"commandName\":\"restart\",\"commandType\":\"preinstall\",\"executedCommand\":\"restart\"}}}','ExecuteCommand'),(158,1,'2018-10-29 13:47:26','{\"header\":{\"createTime\":1540792043477,\"messageType\":\"ExecuteCommand\",\"wasNeedReply\":\"yes \"},\"body\":{\"deviceUid\":\"device001\",\"messageSessionId\":\"560\",\"executeCommand\":{\"commandName\":\"restart\",\"commandType\":\"preinstall\",\"executedCommand\":\"restart\"}}}','ExecuteCommand'),(159,1,'2018-10-29 13:47:48','{\"header\":{\"createTime\":1540792065821,\"messageType\":\"ExecuteCommand\",\"wasNeedReply\":\"yes \"},\"body\":{\"deviceUid\":\"device001\",\"messageSessionId\":\"561\",\"executeCommand\":{\"commandName\":\"restart\",\"commandType\":\"preinstall\",\"executedCommand\":\"restart\"}}}','ExecuteCommand'),(160,1,'2018-10-29 13:48:15','{\"header\":{\"createTime\":1540792092464,\"messageType\":\"ExecuteCommand\",\"wasNeedReply\":\"yes \"},\"body\":{\"deviceUid\":\"device001\",\"messageSessionId\":\"562\",\"executeCommand\":{\"commandName\":\"restart\",\"commandType\":\"preinstall\",\"executedCommand\":\"restart\"}}}','ExecuteCommand'),(161,1,'2018-10-29 13:48:45','{\"header\":{\"createTime\":1540792122629,\"messageType\":\"ExecuteCommand\",\"wasNeedReply\":\"yes \"},\"body\":{\"deviceUid\":\"device001\",\"messageSessionId\":\"563\",\"executeCommand\":{\"commandName\":\"restart\",\"commandType\":\"preinstall\",\"executedCommand\":\"restart\"}}}','ExecuteCommand'),(162,1,'2018-10-29 13:49:48','{\"header\":{\"createTime\":1540792185475,\"messageType\":\"ExecuteCommand\",\"wasNeedReply\":\"yes \"},\"body\":{\"deviceUid\":\"device001\",\"messageSessionId\":\"565\",\"executeCommand\":{\"commandName\":\"restart\",\"commandType\":\"preinstall\",\"executedCommand\":\"restart\"}}}','ExecuteCommand'),(163,1,'2018-10-29 13:50:20','{\"header\":{\"createTime\":1540792218143,\"messageType\":\"ExecuteCommand\",\"wasNeedReply\":\"yes \"},\"body\":{\"deviceUid\":\"device001\",\"messageSessionId\":\"566\",\"executeCommand\":{\"commandName\":\"restart\",\"commandType\":\"preinstall\",\"executedCommand\":\"restart\"}}}','ExecuteCommand'),(164,1,'2018-10-29 13:50:52','{\"header\":{\"createTime\":1540792250220,\"messageType\":\"ExecuteCommand\",\"wasNeedReply\":\"yes \"},\"body\":{\"deviceUid\":\"device001\",\"messageSessionId\":\"567\",\"executeCommand\":{\"commandName\":\"restart\",\"commandType\":\"preinstall\",\"executedCommand\":\"restart\"}}}','ExecuteCommand'),(165,1,'2018-10-29 13:51:27','{\"header\":{\"createTime\":1540792284680,\"messageType\":\"ExecuteCommand\",\"wasNeedReply\":\"yes \"},\"body\":{\"deviceUid\":\"device001\",\"messageSessionId\":\"568\",\"executeCommand\":{\"commandName\":\"restart\",\"commandType\":\"preinstall\",\"executedCommand\":\"restart\"}}}','ExecuteCommand'),(166,1,'2018-10-29 14:19:48','{\"header\":{\"createTime\":1540793986156,\"messageType\":\"ExecuteCommand\",\"wasNeedReply\":\"yes \"},\"body\":{\"deviceUid\":\"device001\",\"messageSessionId\":\"569\",\"executeCommand\":{\"commandName\":\"restart\",\"commandType\":\"preinstall\",\"executedCommand\":\"restart\"}}}','ExecuteCommand'),(167,1,'2018-10-29 14:22:29','{\"header\":{\"createTime\":1540794146710,\"messageType\":\"ExecuteCommand\",\"wasNeedReply\":\"yes \"},\"body\":{\"deviceUid\":\"device001\",\"messageSessionId\":\"570\",\"executeCommand\":{\"commandName\":\"restart\",\"commandType\":\"preinstall\",\"executedCommand\":\"restart\"}}}','ExecuteCommand'),(168,1,'2018-10-29 14:22:54','{\"header\":{\"createTime\":1540794171883,\"messageType\":\"ExecuteCommand\",\"wasNeedReply\":\"yes \"},\"body\":{\"deviceUid\":\"device001\",\"messageSessionId\":\"571\",\"executeCommand\":{\"commandName\":\"restart\",\"commandType\":\"preinstall\",\"executedCommand\":\"restart\"}}}','ExecuteCommand'),(169,1,'2018-10-29 14:23:47','{\"header\":{\"createTime\":1540794224548,\"messageType\":\"ExecuteCommand\",\"wasNeedReply\":\"yes \"},\"body\":{\"deviceUid\":\"device001\",\"messageSessionId\":\"572\",\"executeCommand\":{\"commandName\":\"restart\",\"commandType\":\"preinstall\",\"executedCommand\":\"restart\"}}}','ExecuteCommand'),(170,1,'2018-10-29 14:24:05','{\"header\":{\"createTime\":1540794243106,\"messageType\":\"ExecuteCommand\",\"wasNeedReply\":\"yes \"},\"body\":{\"deviceUid\":\"device001\",\"messageSessionId\":\"573\",\"executeCommand\":{\"commandName\":\"restart\",\"commandType\":\"preinstall\",\"executedCommand\":\"restart\"}}}','ExecuteCommand'),(171,1,'2018-10-29 14:24:31','{\"header\":{\"createTime\":1540794268902,\"messageType\":\"ExecuteCommand\",\"wasNeedReply\":\"yes \"},\"body\":{\"deviceUid\":\"device001\",\"messageSessionId\":\"574\",\"executeCommand\":{\"commandName\":\"restart\",\"commandType\":\"preinstall\",\"executedCommand\":\"restart\"}}}','ExecuteCommand'),(172,1,'2018-10-29 14:24:49','{\"header\":{\"createTime\":1540794287060,\"messageType\":\"ExecuteCommand\",\"wasNeedReply\":\"yes \"},\"body\":{\"deviceUid\":\"device001\",\"messageSessionId\":\"575\",\"executeCommand\":{\"commandName\":\"restart\",\"commandType\":\"preinstall\",\"executedCommand\":\"restart\"}}}','ExecuteCommand'),(173,1,'2018-10-29 14:25:46','{\"header\":{\"createTime\":1540794343698,\"messageType\":\"ExecuteCommand\",\"wasNeedReply\":\"yes \"},\"body\":{\"deviceUid\":\"device001\",\"messageSessionId\":\"576\",\"executeCommand\":{\"commandName\":\"restart\",\"commandType\":\"preinstall\",\"executedCommand\":\"restart\"}}}','ExecuteCommand'),(174,1,'2018-10-29 14:26:49','{\"header\":{\"createTime\":1540794406918,\"messageType\":\"ExecuteCommand\",\"wasNeedReply\":\"yes \"},\"body\":{\"deviceUid\":\"device001\",\"messageSessionId\":\"577\",\"executeCommand\":{\"commandName\":\"restart\",\"commandType\":\"preinstall\",\"executedCommand\":\"restart\"}}}','ExecuteCommand'),(175,1,'2018-10-29 14:27:12','{\"header\":{\"createTime\":1540794430078,\"messageType\":\"ExecuteCommand\",\"wasNeedReply\":\"yes \"},\"body\":{\"deviceUid\":\"device001\",\"messageSessionId\":\"578\",\"executeCommand\":{\"commandName\":\"restart\",\"commandType\":\"preinstall\",\"executedCommand\":\"restart\"}}}','ExecuteCommand'),(176,1,'2018-10-29 14:27:36','{\"header\":{\"createTime\":1540794453704,\"messageType\":\"ExecuteCommand\",\"wasNeedReply\":\"yes \"},\"body\":{\"deviceUid\":\"device001\",\"messageSessionId\":\"579\",\"executeCommand\":{\"commandName\":\"restart\",\"commandType\":\"preinstall\",\"executedCommand\":\"restart\"}}}','ExecuteCommand'),(177,1,'2018-10-29 14:27:54','{\"header\":{\"createTime\":1540794471993,\"messageType\":\"ExecuteCommand\",\"wasNeedReply\":\"yes \"},\"body\":{\"deviceUid\":\"device001\",\"messageSessionId\":\"580\",\"executeCommand\":{\"commandName\":\"restart\",\"commandType\":\"preinstall\",\"executedCommand\":\"restart\"}}}','ExecuteCommand'),(178,1,'2018-10-29 14:30:46','{\"header\":{\"createTime\":1540794643777,\"messageType\":\"ExecuteCommand\",\"wasNeedReply\":\"yes \"},\"body\":{\"deviceUid\":\"device001\",\"messageSessionId\":\"581\",\"executeCommand\":{\"commandName\":\"restart\",\"commandType\":\"preinstall\",\"executedCommand\":\"restart\"}}}','ExecuteCommand'),(179,1,'2018-10-29 14:31:06','{\"header\":{\"createTime\":1540794664023,\"messageType\":\"ExecuteCommand\",\"wasNeedReply\":\"yes \"},\"body\":{\"deviceUid\":\"device001\",\"messageSessionId\":\"582\",\"executeCommand\":{\"commandName\":\"restart\",\"commandType\":\"preinstall\",\"executedCommand\":\"restart\"}}}','ExecuteCommand'),(180,1,'2018-10-29 14:31:47','{\"header\":{\"createTime\":1540794704538,\"messageType\":\"ExecuteCommand\",\"wasNeedReply\":\"yes \"},\"body\":{\"deviceUid\":\"device001\",\"messageSessionId\":\"583\",\"executeCommand\":{\"commandName\":\"restart\",\"commandType\":\"preinstall\",\"executedCommand\":\"restart\"}}}','ExecuteCommand'),(181,1,'2018-10-29 14:32:10','{\"header\":{\"createTime\":1540794727453,\"messageType\":\"ExecuteCommand\",\"wasNeedReply\":\"yes \"},\"body\":{\"deviceUid\":\"device001\",\"messageSessionId\":\"584\",\"executeCommand\":{\"commandName\":\"restart\",\"commandType\":\"preinstall\",\"executedCommand\":\"restart\"}}}','ExecuteCommand'),(182,1,'2018-10-29 14:34:08','{\"header\":{\"createTime\":1540794845984,\"messageType\":\"ExecuteCommand\",\"wasNeedReply\":\"yes \"},\"body\":{\"deviceUid\":\"device001\",\"messageSessionId\":\"585\",\"executeCommand\":{\"commandName\":\"restart\",\"commandType\":\"preinstall\",\"executedCommand\":\"restart\"}}}','ExecuteCommand'),(183,1,'2018-10-29 14:34:41','{\"header\":{\"createTime\":1540794878656,\"messageType\":\"ExecuteCommand\",\"wasNeedReply\":\"yes \"},\"body\":{\"deviceUid\":\"device001\",\"messageSessionId\":\"586\",\"executeCommand\":{\"commandName\":\"restart\",\"commandType\":\"preinstall\",\"executedCommand\":\"restart\"}}}','ExecuteCommand'),(184,1,'2018-10-29 14:34:55','{\"header\":{\"createTime\":1540794893131,\"messageType\":\"ExecuteCommand\",\"wasNeedReply\":\"yes \"},\"body\":{\"deviceUid\":\"device001\",\"messageSessionId\":\"587\",\"executeCommand\":{\"commandName\":\"restart\",\"commandType\":\"preinstall\",\"executedCommand\":\"restart\"}}}','ExecuteCommand'),(185,1,'2018-10-29 14:58:42','{\"header\":{\"createTime\":1540796319472,\"messageType\":\"ExecuteCommand\",\"wasNeedReply\":\"yes \"},\"body\":{\"deviceUid\":\"device001\",\"messageSessionId\":\"588\",\"executeCommand\":{\"commandName\":\"restart\",\"commandType\":\"preinstall\",\"executedCommand\":\"restart\"}}}','ExecuteCommand'),(186,1,'2018-10-29 14:59:41','{\"header\":{\"createTime\":1540796378550,\"messageType\":\"ExecuteCommand\",\"wasNeedReply\":\"yes \"},\"body\":{\"deviceUid\":\"device001\",\"messageSessionId\":\"589\",\"executeCommand\":{\"commandName\":\"restart\",\"commandType\":\"preinstall\",\"executedCommand\":\"restart\"}}}','ExecuteCommand'),(187,1,'2018-10-29 15:00:11','{\"header\":{\"createTime\":1540796409260,\"messageType\":\"ExecuteCommand\",\"wasNeedReply\":\"yes \"},\"body\":{\"deviceUid\":\"device001\",\"messageSessionId\":\"590\",\"executeCommand\":{\"commandName\":\"restart\",\"commandType\":\"preinstall\",\"executedCommand\":\"restart\"}}}','ExecuteCommand'),(188,1,'2018-10-29 15:03:05','{\"header\":{\"createTime\":1540796583117,\"messageType\":\"ExecuteCommand\",\"wasNeedReply\":\"yes \"},\"body\":{\"deviceUid\":\"device001\",\"messageSessionId\":\"591\",\"executeCommand\":{\"commandName\":\"restart\",\"commandType\":\"preinstall\",\"executedCommand\":\"restart\"}}}','ExecuteCommand'),(189,1,'2018-10-29 15:05:44','{\"header\":{\"createTime\":1540796741405,\"messageType\":\"ExecuteCommand\",\"wasNeedReply\":\"yes \"},\"body\":{\"deviceUid\":\"device001\",\"messageSessionId\":\"592\",\"executeCommand\":{\"commandName\":\"restart\",\"commandType\":\"preinstall\",\"executedCommand\":\"restart\"}}}','ExecuteCommand'),(190,1,'2018-10-29 15:07:50','{\"header\":{\"createTime\":1540796867574,\"messageType\":\"ExecuteCommand\",\"wasNeedReply\":\"yes \"},\"body\":{\"deviceUid\":\"device001\",\"messageSessionId\":\"593\",\"executeCommand\":{\"commandName\":\"restart\",\"commandType\":\"preinstall\",\"executedCommand\":\"restart\"}}}','ExecuteCommand'),(191,1,'2018-10-29 15:09:57','{\"header\":{\"createTime\":1540796994823,\"messageType\":\"ExecuteCommand\",\"wasNeedReply\":\"yes \"},\"body\":{\"deviceUid\":\"device001\",\"messageSessionId\":\"594\",\"executeCommand\":{\"commandName\":\"restart\",\"commandType\":\"preinstall\",\"executedCommand\":\"restart\"}}}','ExecuteCommand'),(192,1,'2018-10-29 15:10:38','{\"header\":{\"createTime\":1540797035543,\"messageType\":\"ExecuteCommand\",\"wasNeedReply\":\"yes \"},\"body\":{\"deviceUid\":\"device001\",\"messageSessionId\":\"595\",\"executeCommand\":{\"commandName\":\"restart\",\"commandType\":\"preinstall\",\"executedCommand\":\"restart\"}}}','ExecuteCommand'),(193,1,'2018-10-29 15:11:07','{\"header\":{\"createTime\":1540797065145,\"messageType\":\"ExecuteCommand\",\"wasNeedReply\":\"yes \"},\"body\":{\"deviceUid\":\"device001\",\"messageSessionId\":\"596\",\"executeCommand\":{\"commandName\":\"restart\",\"commandType\":\"preinstall\",\"executedCommand\":\"restart\"}}}','ExecuteCommand'),(194,1,'2018-10-29 15:12:51','{\"header\":{\"createTime\":1540797169247,\"messageType\":\"ExecuteCommand\",\"wasNeedReply\":\"yes \"},\"body\":{\"deviceUid\":\"device001\",\"messageSessionId\":\"597\",\"executeCommand\":{\"commandName\":\"restart\",\"commandType\":\"preinstall\",\"executedCommand\":\"restart\"}}}','ExecuteCommand'),(195,1,'2018-10-29 15:13:51','{\"header\":{\"createTime\":1540797228279,\"messageType\":\"ExecuteCommand\",\"wasNeedReply\":\"yes \"},\"body\":{\"deviceUid\":\"device001\",\"messageSessionId\":\"598\",\"executeCommand\":{\"commandName\":\"restart\",\"commandType\":\"preinstall\",\"executedCommand\":\"restart\"}}}','ExecuteCommand'),(196,1,'2018-10-29 15:16:25','{\"header\":{\"createTime\":1540797383260,\"messageType\":\"ExecuteCommand\",\"wasNeedReply\":\"yes \"},\"body\":{\"deviceUid\":\"device001\",\"messageSessionId\":\"599\",\"executeCommand\":{\"commandName\":\"restart\",\"commandType\":\"preinstall\",\"executedCommand\":\"restart\"}}}','ExecuteCommand'),(197,1,'2018-10-29 15:20:24','{\"header\":{\"createTime\":1540797622183,\"messageType\":\"ExecuteCommand\",\"wasNeedReply\":\"yes \"},\"body\":{\"deviceUid\":\"device001\",\"messageSessionId\":\"600\",\"executeCommand\":{\"commandName\":\"restart\",\"commandType\":\"preinstall\",\"executedCommand\":\"restart\"}}}','ExecuteCommand'),(198,1,'2018-10-29 15:24:44','{\"header\":{\"createTime\":1540797882217,\"messageType\":\"ExecuteCommand\",\"wasNeedReply\":\"yes \"},\"body\":{\"deviceUid\":\"device001\",\"messageSessionId\":\"601\",\"executeCommand\":{\"commandName\":\"restart\",\"commandType\":\"preinstall\",\"executedCommand\":\"restart\"}}}','ExecuteCommand'),(199,1,'2018-10-29 15:26:38','{\"header\":{\"createTime\":1540797996096,\"messageType\":\"ExecuteCommand\",\"wasNeedReply\":\"yes \"},\"body\":{\"deviceUid\":\"device001\",\"messageSessionId\":\"602\",\"executeCommand\":{\"commandName\":\"restart\",\"commandType\":\"preinstall\",\"executedCommand\":\"restart\"}}}','ExecuteCommand'),(200,1,'2018-10-29 15:29:59','{\"header\":{\"createTime\":1540798196651,\"messageType\":\"ExecuteCommand\",\"wasNeedReply\":\"yes \"},\"body\":{\"deviceUid\":\"device001\",\"messageSessionId\":\"603\",\"executeCommand\":{\"commandName\":\"restart\",\"commandType\":\"preinstall\",\"executedCommand\":\"restart\"}}}','ExecuteCommand'),(201,1,'2018-10-29 15:35:22','{\"header\":{\"createTime\":1540798519409,\"messageType\":\"ExecuteCommand\",\"wasNeedReply\":\"yes \"},\"body\":{\"deviceUid\":\"device001\",\"messageSessionId\":\"604\",\"executeCommand\":{\"commandName\":\"restart\",\"commandType\":\"preinstall\",\"executedCommand\":\"restart\"}}}','ExecuteCommand'),(202,1,'2018-10-29 15:38:42','{\"header\":{\"createTime\":1540798720121,\"messageType\":\"ExecuteCommand\",\"wasNeedReply\":\"yes \"},\"body\":{\"deviceUid\":\"device001\",\"messageSessionId\":\"605\",\"executeCommand\":{\"commandName\":\"restart\",\"commandType\":\"preinstall\",\"executedCommand\":\"restart\"}}}','ExecuteCommand'),(203,1,'2018-10-29 15:39:12','{\"header\":{\"createTime\":1540798749299,\"messageType\":\"ExecuteCommand\",\"wasNeedReply\":\"yes \"},\"body\":{\"deviceUid\":\"device001\",\"messageSessionId\":\"606\",\"executeCommand\":{\"commandName\":\"\",\"commandType\":\"shell\",\"executedCommand\":\"321312\"}}}','ExecuteCommand'),(204,1,'2018-10-29 15:43:49','{\"header\":{\"createTime\":1540799026312,\"messageType\":\"ExecuteCommand\",\"wasNeedReply\":\"yes \"},\"body\":{\"deviceUid\":\"device001\",\"messageSessionId\":\"607\",\"executeCommand\":{\"commandName\":\"restart\",\"commandType\":\"preinstall\",\"executedCommand\":\"restart\"}}}','ExecuteCommand'),(205,1,'2018-10-29 15:45:25','{\"header\":{\"createTime\":1540799123218,\"messageType\":\"ExecuteCommand\",\"wasNeedReply\":\"yes \"},\"body\":{\"deviceUid\":\"device001\",\"messageSessionId\":\"608\",\"executeCommand\":{\"commandName\":\"restart\",\"commandType\":\"preinstall\",\"executedCommand\":\"restart\"}}}','ExecuteCommand'),(206,1,'2018-10-29 15:50:53','{\"header\":{\"createTime\":1540799450291,\"messageType\":\"ExecuteCommand\",\"wasNeedReply\":\"yes \"},\"body\":{\"deviceUid\":\"device001\",\"messageSessionId\":\"609\",\"executeCommand\":{\"commandName\":\"restart\",\"commandType\":\"preinstall\",\"executedCommand\":\"restart\"}}}','ExecuteCommand'),(207,1,'2018-10-29 16:06:40','{\"header\":{\"createTime\":1540800397561,\"messageType\":\"ExecuteCommand\",\"wasNeedReply\":\"yes \"},\"body\":{\"deviceUid\":\"device001\",\"messageSessionId\":\"610\",\"executeCommand\":{\"commandName\":\"restart\",\"commandType\":\"preinstall\",\"executedCommand\":\"restart\"}}}','ExecuteCommand'),(208,1,'2018-10-29 16:07:55','{\"header\":{\"createTime\":1540800472310,\"messageType\":\"ExecuteCommand\",\"wasNeedReply\":\"yes \"},\"body\":{\"deviceUid\":\"device001\",\"messageSessionId\":\"611\",\"executeCommand\":{\"commandName\":\"restart\",\"commandType\":\"preinstall\",\"executedCommand\":\"restart\"}}}','ExecuteCommand'),(209,1,'2018-10-29 16:09:06','{\"header\":{\"createTime\":1540800543930,\"messageType\":\"ExecuteCommand\",\"wasNeedReply\":\"yes \"},\"body\":{\"deviceUid\":\"device001\",\"messageSessionId\":\"612\",\"executeCommand\":{\"commandName\":\"restart\",\"commandType\":\"preinstall\",\"executedCommand\":\"restart\"}}}','ExecuteCommand'),(210,1,'2018-10-29 16:09:44','{\"header\":{\"createTime\":1540800581201,\"messageType\":\"ExecuteCommand\",\"wasNeedReply\":\"yes \"},\"body\":{\"deviceUid\":\"device001\",\"messageSessionId\":\"613\",\"executeCommand\":{\"commandName\":\"restart\",\"commandType\":\"preinstall\",\"executedCommand\":\"restart\"}}}','ExecuteCommand'),(211,1,'2018-10-29 16:10:34','{\"header\":{\"createTime\":1540800631409,\"messageType\":\"ExecuteCommand\",\"wasNeedReply\":\"yes \"},\"body\":{\"deviceUid\":\"device001\",\"messageSessionId\":\"614\",\"executeCommand\":{\"commandName\":\"restart\",\"commandType\":\"preinstall\",\"executedCommand\":\"restart\"}}}','ExecuteCommand'),(212,1,'2018-10-29 16:14:33','{\"header\":{\"createTime\":1540800870874,\"messageType\":\"ExecuteCommand\",\"wasNeedReply\":\"yes \"},\"body\":{\"deviceUid\":\"device001\",\"messageSessionId\":\"615\",\"executeCommand\":{\"commandName\":\"restart\",\"commandType\":\"preinstall\",\"executedCommand\":\"restart\"}}}','ExecuteCommand'),(213,1,'2018-10-29 16:46:50','{\"header\":{\"createTime\":1540802807109,\"messageType\":\"ExecuteCommand\",\"wasNeedReply\":\"yes \"},\"body\":{\"deviceUid\":\"device001\",\"messageSessionId\":\"616\",\"executeCommand\":{\"commandName\":\"restart\",\"commandType\":\"preinstall\",\"executedCommand\":\"restart\"}}}','ExecuteCommand'),(214,1,'2018-10-29 16:47:04','{\"header\":{\"createTime\":1540802821743,\"messageType\":\"ExecuteCommand\",\"wasNeedReply\":\"yes \"},\"body\":{\"deviceUid\":\"device001\",\"messageSessionId\":\"617\",\"executeCommand\":{\"commandName\":\"restart\",\"commandType\":\"preinstall\",\"executedCommand\":\"restart\"}}}','ExecuteCommand'),(215,1,'2018-10-29 16:52:17','{\"header\":{\"createTime\":1540803135076,\"messageType\":\"ExecuteCommand\",\"wasNeedReply\":\"yes \"},\"body\":{\"deviceUid\":\"device001\",\"messageSessionId\":\"619\",\"executeCommand\":{\"commandName\":\"restart\",\"commandType\":\"preinstall\",\"executedCommand\":\"restart\"}}}','ExecuteCommand'),(216,1,'2018-10-29 16:52:50','{\"header\":{\"createTime\":1540803167826,\"messageType\":\"ExecuteCommand\",\"wasNeedReply\":\"yes \"},\"body\":{\"deviceUid\":\"device001\",\"messageSessionId\":\"620\",\"executeCommand\":{\"commandName\":\"restart\",\"commandType\":\"preinstall\",\"executedCommand\":\"restart\"}}}','ExecuteCommand'),(217,1,'2018-10-29 16:55:57','{\"header\":{\"createTime\":1540803354945,\"messageType\":\"ExecuteCommand\",\"wasNeedReply\":\"yes \"},\"body\":{\"deviceUid\":\"device001\",\"messageSessionId\":\"621\",\"executeCommand\":{\"commandName\":\"restart\",\"commandType\":\"preinstall\",\"executedCommand\":\"restart\"}}}','ExecuteCommand'),(218,1,'2018-10-29 16:56:47','{\"header\":{\"createTime\":1540803405056,\"messageType\":\"ExecuteCommand\",\"wasNeedReply\":\"yes \"},\"body\":{\"deviceUid\":\"device001\",\"messageSessionId\":\"622\",\"executeCommand\":{\"commandName\":\"restart\",\"commandType\":\"preinstall\",\"executedCommand\":\"restart\"}}}','ExecuteCommand'),(219,1,'2018-10-29 16:57:24','{\"header\":{\"createTime\":1540803441692,\"messageType\":\"ExecuteCommand\",\"wasNeedReply\":\"yes \"},\"body\":{\"deviceUid\":\"device001\",\"messageSessionId\":\"623\",\"executeCommand\":{\"commandName\":\"restart\",\"commandType\":\"preinstall\",\"executedCommand\":\"restart\"}}}','ExecuteCommand'),(220,1,'2018-10-29 17:13:34','{\"header\":{\"createTime\":1540804411574,\"messageType\":\"ExecuteCommand\",\"wasNeedReply\":\"yes \"},\"body\":{\"deviceUid\":\"device001\",\"messageSessionId\":\"624\",\"executeCommand\":{\"commandName\":\"restart\",\"commandType\":\"preinstall\",\"executedCommand\":\"restart\"}}}','ExecuteCommand'),(221,1,'2018-10-30 15:57:54','{\"header\":{\"createTime\":1540886273358,\"messageType\":\"ExecuteCommand\",\"wasNeedReply\":\"yes \"},\"body\":{\"deviceUid\":\"device001\",\"messageSessionId\":\"658\",\"executeCommand\":{\"commandName\":\"restart\",\"commandType\":\"preinstall\",\"executedCommand\":\"restart\"}}}','ExecuteCommand'),(222,1,'2018-10-30 16:13:28','{\"header\":{\"createTime\":1540887207922,\"messageType\":\"ExecuteCommand\",\"wasNeedReply\":\"yes \"},\"body\":{\"deviceUid\":\"device001\",\"messageSessionId\":\"667\",\"executeCommand\":{\"commandName\":\"restart\",\"commandType\":\"preinstall\",\"executedCommand\":\"restart\"}}}','ExecuteCommand'),(223,1,'2018-10-30 16:13:29','{\"header\":{\"createTime\":1540887207922,\"messageType\":\"ExecuteCommand\",\"wasNeedReply\":\"yes \"},\"body\":{\"deviceUid\":\"device001\",\"messageSessionId\":\"667\",\"executeCommand\":{\"commandName\":\"restart\",\"commandType\":\"preinstall\",\"executedCommand\":\"restart\"}}}','ExecuteCommand'),(224,1,'2018-10-30 17:03:52','{\"header\":{\"createTime\":1540890231994,\"messageType\":\"ExecuteCommand\",\"wasNeedReply\":\"yes \"},\"body\":{\"deviceUid\":\"device001\",\"messageSessionId\":\"668\",\"executeCommand\":{\"commandName\":\"restart\",\"commandType\":\"preinstall\",\"executedCommand\":\"restart\"}}}','ExecuteCommand'),(225,1,'2018-10-30 17:49:29','{\"header\":{\"createTime\":1540892967684,\"messageType\":\"ExecuteCommand\",\"wasNeedReply\":\"yes \"},\"body\":{\"deviceUid\":\"device001\",\"messageSessionId\":\"669\",\"executeCommand\":{\"commandName\":\"restart\",\"commandType\":\"preinstall\",\"executedCommand\":\"restart\"}}}','ExecuteCommand'),(226,1,'2018-10-30 17:49:39','{\"header\":{\"createTime\":1540892978057,\"messageType\":\"ExecuteCommand\",\"wasNeedReply\":\"yes \"},\"body\":{\"deviceUid\":\"device001\",\"messageSessionId\":\"670\",\"executeCommand\":{\"commandName\":\"restart\",\"commandType\":\"preinstall\",\"executedCommand\":\"restart\"}}}','ExecuteCommand'),(227,1,'2018-10-30 17:49:51','{\"header\":{\"createTime\":1540892989687,\"messageType\":\"ExecuteCommand\",\"wasNeedReply\":\"yes \"},\"body\":{\"deviceUid\":\"device001\",\"messageSessionId\":\"671\",\"executeCommand\":{\"commandName\":\"restart\",\"commandType\":\"preinstall\",\"executedCommand\":\"restart\"}}}','ExecuteCommand'),(228,1,'2018-10-30 17:53:41','{\"header\":{\"createTime\":1540893221155,\"messageType\":\"ExecuteCommand\",\"wasNeedReply\":\"yes \"},\"body\":{\"deviceUid\":\"device001\",\"messageSessionId\":\"672\",\"executeCommand\":{\"commandName\":\"restart\",\"commandType\":\"preinstall\",\"executedCommand\":\"restart\"}}}','ExecuteCommand'),(229,1,'2018-10-31 10:46:51','{\"header\":{\"createTime\":1540954009400,\"messageType\":\"ExecuteCommand\",\"wasNeedReply\":\"yes \"},\"body\":{\"deviceUid\":\"device001\",\"messageSessionId\":\"673\",\"executeCommand\":{\"commandName\":\"restart\",\"commandType\":\"preinstall\",\"executedCommand\":\"restart\"}}}','ExecuteCommand'),(230,1,'2018-11-02 09:41:33','{\"header\":{\"createTime\":1541122891013,\"messageType\":\"ExecuteCommand\",\"wasNeedReply\":\"yes \"},\"body\":{\"deviceUid\":\"device001\",\"messageSessionId\":\"683\",\"executeCommand\":{\"commandName\":\"\",\"commandType\":\"shell\",\"executedCommand\":\"shell001\"}}}','ExecuteCommand'),(231,1,'2018-11-02 09:41:47','{\"header\":{\"createTime\":1541122904388,\"messageType\":\"ExecuteCommand\",\"wasNeedReply\":\"yes \"},\"body\":{\"deviceUid\":\"device001\",\"messageSessionId\":\"685\",\"executeCommand\":{\"commandName\":\"\",\"commandType\":\"custom\",\"executedCommand\":\"002002\"}}}','ExecuteCommand'),(232,1,'2018-11-02 09:42:49','{\"header\":{\"createTime\":1541122967277,\"messageType\":\"ExecuteCommand\",\"wasNeedReply\":\"yes \"},\"body\":{\"deviceUid\":\"device001\",\"messageSessionId\":\"688\",\"executeCommand\":{\"commandName\":\"restart\",\"commandType\":\"preinstall\",\"executedCommand\":\"restart\"}}}','ExecuteCommand'),(233,1,'2018-11-02 09:42:59','{\"header\":{\"createTime\":1541122977455,\"messageType\":\"ExecuteCommand\",\"wasNeedReply\":\"yes \"},\"body\":{\"deviceUid\":\"device001\",\"messageSessionId\":\"689\",\"executeCommand\":{\"commandName\":\"restart\",\"commandType\":\"preinstall\",\"executedCommand\":\"restart\"}}}','ExecuteCommand'),(234,1,'2018-11-02 09:43:34','{\"header\":{\"createTime\":1541123012841,\"messageType\":\"ExecuteCommand\",\"wasNeedReply\":\"yes \"},\"body\":{\"deviceUid\":\"device001\",\"messageSessionId\":\"690\",\"executeCommand\":{\"commandName\":\"\",\"commandType\":\"shell\",\"executedCommand\":\"哈哈，重启\"}}}','ExecuteCommand'),(235,1,'2018-11-02 09:43:44','{\"header\":{\"createTime\":1541123022719,\"messageType\":\"ExecuteCommand\",\"wasNeedReply\":\"yes \"},\"body\":{\"deviceUid\":\"device001\",\"messageSessionId\":\"691\",\"executeCommand\":{\"commandName\":\"restart\",\"commandType\":\"preinstall\",\"executedCommand\":\"restart\"}}}','ExecuteCommand'),(236,1,'2018-11-02 09:44:26','{\"header\":{\"createTime\":1541123065075,\"messageType\":\"ExecuteCommand\",\"wasNeedReply\":\"yes \"},\"body\":{\"deviceUid\":\"device001\",\"messageSessionId\":\"692\",\"executeCommand\":{\"commandName\":\"\",\"commandType\":\"custom\",\"executedCommand\":\"你说咋增\"}}}','ExecuteCommand'),(237,1,'2018-11-02 09:51:30','{\"header\":{\"createTime\":1541123488899,\"messageType\":\"ExecuteCommand\",\"wasNeedReply\":\"yes \"},\"body\":{\"deviceUid\":\"device001\",\"messageSessionId\":\"693\",\"executeCommand\":{\"commandName\":\"restart\",\"commandType\":\"preinstall\",\"executedCommand\":\"restart\"}}}','ExecuteCommand'),(238,1,'2018-11-02 09:54:23','{\"header\":{\"createTime\":1541123661080,\"messageType\":\"ExecuteCommand\",\"wasNeedReply\":\"yes \"},\"body\":{\"deviceUid\":\"device001\",\"messageSessionId\":\"694\",\"executeCommand\":{\"commandName\":\"\",\"commandType\":\"shell\",\"executedCommand\":\"{\\n\\\"name\\\"\\n}\"}}}','ExecuteCommand'),(239,1,'2018-11-02 09:54:45','{\"header\":{\"createTime\":1541123683759,\"messageType\":\"ExecuteCommand\",\"wasNeedReply\":\"yes \"},\"body\":{\"deviceUid\":\"device001\",\"messageSessionId\":\"696\",\"executeCommand\":{\"commandName\":\"\",\"commandType\":\"shell\",\"executedCommand\":\"{\\n\\\"nam3e\\\"\\n}\"}}}','ExecuteCommand'),(240,1,'2018-11-02 09:56:35','{\"header\":{\"createTime\":1541123793159,\"messageType\":\"ExecuteCommand\",\"wasNeedReply\":\"yes \"},\"body\":{\"deviceUid\":\"device001\",\"messageSessionId\":\"697\",\"executeCommand\":{\"commandName\":\"\",\"commandType\":\"shell\",\"executedCommand\":\"{\\n\\\"nam3e\\\"\\n}\"}}}','ExecuteCommand'),(241,1,'2018-11-02 10:04:35','{\"header\":{\"createTime\":1541124273938,\"messageType\":\"ExecuteCommand\",\"wasNeedReply\":\"yes \"},\"body\":{\"deviceUid\":\"device001\",\"messageSessionId\":\"698\",\"executeCommand\":{\"commandName\":\"DeviceDescription\",\"commandType\":\"preinstall\",\"executedCommand\":\"DeviceDescription\"}}}','ExecuteCommand'),(242,1,'2018-11-02 10:05:03','{\"header\":{\"createTime\":1541124301174,\"messageType\":\"ExecuteCommand\",\"wasNeedReply\":\"yes \"},\"body\":{\"deviceUid\":\"device001\",\"messageSessionId\":\"699\",\"executeCommand\":{\"commandName\":\"SWComponent\",\"commandType\":\"preinstall\",\"executedCommand\":\"SWComponent\"}}}','ExecuteCommand'),(243,1,'2018-11-02 10:11:25','{\"header\":{\"createTime\":1541124683414,\"messageType\":\"ExecuteCommand\",\"wasNeedReply\":\"yes \"},\"body\":{\"deviceUid\":\"device001\",\"messageSessionId\":\"700\",\"executeCommand\":{\"commandName\":\"SWComponent\",\"commandType\":\"preinstall\",\"executedCommand\":\"SWComponent\"}}}','ExecuteCommand'),(244,1,'2018-11-02 10:24:15','{\"header\":{\"createTime\":1541125453642,\"messageType\":\"ExecuteCommand\",\"wasNeedReply\":\"yes \"},\"body\":{\"deviceUid\":\"device001\",\"messageSessionId\":\"702\",\"executeCommand\":{\"commandName\":\"\",\"commandType\":\"shell\",\"executedCommand\":\"shell\"}}}','ExecuteCommand'),(245,1,'2018-11-02 10:25:18','{\"header\":{\"createTime\":1541125516819,\"messageType\":\"ExecuteCommand\",\"wasNeedReply\":\"yes \"},\"body\":{\"deviceUid\":\"device001\",\"messageSessionId\":\"703\",\"executeCommand\":{\"commandName\":\"DeviceDescription\",\"commandType\":\"preinstall\",\"executedCommand\":\"DeviceDescription\"}}}','ExecuteCommand'),(246,1,'2018-11-02 10:26:15','{\"header\":{\"createTime\":1541125573709,\"messageType\":\"ExecuteCommand\",\"wasNeedReply\":\"yes \"},\"body\":{\"deviceUid\":\"device001\",\"messageSessionId\":\"704\",\"executeCommand\":{\"commandName\":\"\",\"commandType\":\"shell\",\"executedCommand\":\"shell\"}}}','ExecuteCommand'),(247,1,'2018-11-02 10:28:02','{\"header\":{\"createTime\":1541125681901,\"messageType\":\"ExecuteCommand\",\"wasNeedReply\":\"yes \"},\"body\":{\"deviceUid\":\"device001\",\"messageSessionId\":\"705\",\"executeCommand\":{\"commandName\":\"SystemOS\",\"commandType\":\"preinstall\",\"executedCommand\":\"SystemOS\"}}}','ExecuteCommand'),(248,1,'2018-11-02 10:30:48','{\"header\":{\"createTime\":1541125847578,\"messageType\":\"ExecuteCommand\",\"wasNeedReply\":\"yes \"},\"body\":{\"deviceUid\":\"device001\",\"messageSessionId\":\"706\",\"executeCommand\":{\"commandName\":\"SystemOS\",\"commandType\":\"preinstall\",\"executedCommand\":\"SystemOS\"}}}','ExecuteCommand'),(249,1,'2018-11-02 10:30:52','{\"header\":{\"createTime\":1541125851948,\"messageType\":\"ExecuteCommand\",\"wasNeedReply\":\"yes \"},\"body\":{\"deviceUid\":\"device001\",\"messageSessionId\":\"707\",\"executeCommand\":{\"commandName\":\"SystemOS\",\"commandType\":\"preinstall\",\"executedCommand\":\"SystemOS\"}}}','ExecuteCommand'),(250,1,'2018-11-02 10:31:00','{\"header\":{\"createTime\":1541125860395,\"messageType\":\"ExecuteCommand\",\"wasNeedReply\":\"yes \"},\"body\":{\"deviceUid\":\"device001\",\"messageSessionId\":\"708\",\"executeCommand\":{\"commandName\":\"SystemOS\",\"commandType\":\"preinstall\",\"executedCommand\":\"SystemOS\"}}}','ExecuteCommand'),(251,1,'2018-11-02 10:35:14','{\"header\":{\"createTime\":1541126113575,\"messageType\":\"ExecuteCommand\",\"wasNeedReply\":\"yes \"},\"body\":{\"deviceUid\":\"device001\",\"messageSessionId\":\"709\",\"executeCommand\":{\"commandName\":\"restart\",\"commandType\":\"preinstall\",\"executedCommand\":\"restart\"}}}','ExecuteCommand'),(252,1,'2018-11-02 10:35:23','{\"header\":{\"createTime\":1541126122779,\"messageType\":\"ExecuteCommand\",\"wasNeedReply\":\"yes \"},\"body\":{\"deviceUid\":\"device001\",\"messageSessionId\":\"711\",\"executeCommand\":{\"commandName\":\"HWComponent\",\"commandType\":\"preinstall\",\"executedCommand\":\"HWComponent\"}}}','ExecuteCommand'),(253,1,'2018-11-02 10:56:21','{\"header\":{\"createTime\":1541127379369,\"messageType\":\"ExecuteCommand\",\"wasNeedReply\":\"yes \"},\"body\":{\"deviceUid\":\"device001\",\"messageSessionId\":\"712\",\"executeCommand\":{\"commandName\":\"DeviceDescription\",\"commandType\":\"preinstall\",\"executedCommand\":\"DeviceDescription\"}}}','ExecuteCommand'),(254,1,'2018-11-02 10:56:50','{\"header\":{\"createTime\":1541127409171,\"messageType\":\"ExecuteCommand\",\"wasNeedReply\":\"yes \"},\"body\":{\"deviceUid\":\"device001\",\"messageSessionId\":\"713\",\"executeCommand\":{\"commandName\":\"\",\"commandType\":\"shell\",\"executedCommand\":\"sdljfdslkjfd s\"}}}','ExecuteCommand'),(255,1,'2018-11-02 11:03:46','{\"header\":{\"createTime\":1541127824939,\"messageType\":\"ExecuteCommand\",\"wasNeedReply\":\"yes \"},\"body\":{\"deviceUid\":\"device001\",\"messageSessionId\":\"714\",\"executeCommand\":{\"commandName\":\"HWComponent\",\"commandType\":\"preinstall\",\"executedCommand\":\"HWComponent\"}}}','ExecuteCommand'),(256,1,'2018-11-02 11:04:06','{\"header\":{\"createTime\":1541127844586,\"messageType\":\"ExecuteCommand\",\"wasNeedReply\":\"yes \"},\"body\":{\"deviceUid\":\"device001\",\"messageSessionId\":\"718\",\"executeCommand\":{\"commandName\":\"FileServerConfig\",\"commandType\":\"preinstall\",\"executedCommand\":\"FileServerConfig\"}}}','ExecuteCommand'),(257,1,'2018-11-02 11:05:08','{\"header\":{\"createTime\":1541127906957,\"messageType\":\"ExecuteCommand\",\"wasNeedReply\":\"yes \"},\"body\":{\"deviceUid\":\"device001\",\"messageSessionId\":\"719\",\"executeCommand\":{\"commandName\":\"\",\"commandType\":\"shell\",\"executedCommand\":\"哈哈英文\"}}}','ExecuteCommand'),(258,1,'2018-11-02 11:08:10','{\"header\":{\"createTime\":1541128089015,\"messageType\":\"ExecuteCommand\",\"wasNeedReply\":\"yes \"},\"body\":{\"deviceUid\":\"device001\",\"messageSessionId\":\"720\",\"executeCommand\":{\"commandName\":\"restart\",\"commandType\":\"preinstall\",\"executedCommand\":\"restart\"}}}','ExecuteCommand'),(259,1,'2018-11-02 13:41:55','{\"header\":{\"createTime\":1541137317390,\"messageType\":\"ExecuteCommand\",\"wasNeedReply\":\"yes \"},\"body\":{\"deviceUid\":\"device001\",\"messageSessionId\":\"732\",\"executeCommand\":{\"commandName\":\"\",\"commandType\":\"shell\",\"executedCommand\":\"aa\"}}}','ExecuteCommand'),(260,1,'2018-11-02 13:42:59','{\"header\":{\"createTime\":1541137381055,\"messageType\":\"ExecuteCommand\",\"wasNeedReply\":\"yes \"},\"body\":{\"deviceUid\":\"device001\",\"messageSessionId\":\"733\",\"executeCommand\":{\"commandName\":\"restart\",\"commandType\":\"preinstall\",\"executedCommand\":\"restart\"}}}','ExecuteCommand'),(261,1,'2018-11-02 13:44:26','{\"header\":{\"createTime\":1541137468638,\"messageType\":\"ExecuteCommand\",\"wasNeedReply\":\"yes \"},\"body\":{\"deviceUid\":\"device001\",\"messageSessionId\":\"734\",\"executeCommand\":{\"commandName\":\"DeviceDescription\",\"commandType\":\"preinstall\",\"executedCommand\":\"DeviceDescription\"}}}','ExecuteCommand'),(262,1,'2018-11-02 13:46:15','{\"header\":{\"createTime\":1541137577756,\"messageType\":\"ExecuteCommand\",\"wasNeedReply\":\"yes \"},\"body\":{\"deviceUid\":\"device001\",\"messageSessionId\":\"735\",\"executeCommand\":{\"commandName\":\"\",\"commandType\":\"shell\",\"executedCommand\":\"shutdown\"}}}','ExecuteCommand'),(263,1,'2018-11-02 14:22:31','{\"header\":{\"createTime\":\"时间戳\",\"messageType\":\"DeviceRegistrationReply\",\"wasNeedReply\":\"no\"},\"body\":{\"deviceUid\":\"device001\",\"returnCode\":\"0\",\"fileServerConfig\":{\"serverName\":\"服务器名字\",\"serverProtocol\":\"默认。其他待定\",\"serverAddress\":\"IP地址或域名\",\"serverPort\":\"端口号\",\"serverHomePath\":\"用户根目录\",\"authorization\":\"使用 username:password形式。其他待定\",\"serverSettings\":\"预留\"}}}','DeviceRegistrationReply'),(264,1,'2018-11-02 14:22:31','{\"header\":{\"createTime\":\"时间戳\",\"messageType\":\"DeviceRegistrationReply\",\"wasNeedReply\":\"no\"},\"body\":{\"deviceUid\":\"device001\",\"returnCode\":\"0\",\"fileServerConfig\":{\"serverName\":\"服务器名字\",\"serverProtocol\":\"默认。其他待定\",\"serverAddress\":\"IP地址或域名\",\"serverPort\":\"端口号\",\"serverHomePath\":\"用户根目录\",\"authorization\":\"使用 username:password形式。其他待定\",\"serverSettings\":\"预留\"}}}','DeviceRegistrationReply'),(265,2,'2018-11-02 14:22:31','{\"header\":{\"createTime\":\"时间戳\",\"messageType\":\"DeviceRegistrationReply\",\"wasNeedReply\":\"no\"},\"body\":{\"deviceUid\":\"device002\",\"returnCode\":\"-1\"}}','DeviceRegistrationReply'),(266,2,'2018-11-02 14:22:31','{\"header\":{\"createTime\":\"时间戳\",\"messageType\":\"DeviceRegistrationReply\",\"wasNeedReply\":\"no\"},\"body\":{\"deviceUid\":\"device002\",\"returnCode\":\"-1\"}}','DeviceRegistrationReply'),(267,3,'2018-11-02 14:22:31','{\"header\":{\"createTime\":\"时间戳\",\"messageType\":\"DeviceRegistrationReply\",\"wasNeedReply\":\"no\"},\"body\":{\"deviceUid\":\"device003\",\"returnCode\":\"-1\"}}','DeviceRegistrationReply'),(268,4,'2018-11-02 14:22:31','{\"header\":{\"createTime\":\"时间戳\",\"messageType\":\"DeviceRegistrationReply\",\"wasNeedReply\":\"no\"},\"body\":{\"deviceUid\":\"device004\",\"returnCode\":\"-1\"}}','DeviceRegistrationReply'),(269,1,'2018-11-02 14:28:04','{\"header\":{\"createTime\":\"时间戳\",\"messageType\":\"DeviceRegistrationReply\",\"wasNeedReply\":\"no\"},\"body\":{\"deviceUid\":\"device001\",\"returnCode\":\"0\",\"fileServerConfig\":{\"serverName\":\"服务器名字\",\"serverProtocol\":\"默认。其他待定\",\"serverAddress\":\"IP地址或域名\",\"serverPort\":\"端口号\",\"serverHomePath\":\"用户根目录\",\"authorization\":\"使用 username:password形式。其他待定\",\"serverSettings\":\"预留\"}}}','DeviceRegistrationReply'),(270,1,'2018-11-02 14:28:04','{\"header\":{\"createTime\":\"时间戳\",\"messageType\":\"DeviceRegistrationReply\",\"wasNeedReply\":\"no\"},\"body\":{\"deviceUid\":\"device001\",\"returnCode\":\"0\",\"fileServerConfig\":{\"serverName\":\"服务器名字\",\"serverProtocol\":\"默认。其他待定\",\"serverAddress\":\"IP地址或域名\",\"serverPort\":\"端口号\",\"serverHomePath\":\"用户根目录\",\"authorization\":\"使用 username:password形式。其他待定\",\"serverSettings\":\"预留\"}}}','DeviceRegistrationReply'),(271,1,'2018-11-02 14:31:54','{\"header\":{\"createTime\":\"时间戳\",\"messageType\":\"DeviceRegistrationReply\",\"wasNeedReply\":\"no\"},\"body\":{\"deviceUid\":\"device001\",\"returnCode\":\"0\",\"fileServerConfig\":{\"serverName\":\"服务器名字\",\"serverProtocol\":\"默认。其他待定\",\"serverAddress\":\"IP地址或域名\",\"serverPort\":\"端口号\",\"serverHomePath\":\"用户根目录\",\"authorization\":\"使用 username:password形式。其他待定\",\"serverSettings\":\"预留\"}}}','DeviceRegistrationReply'),(272,1,'2018-11-02 14:31:54','{\"header\":{\"createTime\":\"时间戳\",\"messageType\":\"DeviceRegistrationReply\",\"wasNeedReply\":\"no\"},\"body\":{\"deviceUid\":\"device001\",\"returnCode\":\"0\",\"fileServerConfig\":{\"serverName\":\"服务器名字\",\"serverProtocol\":\"默认。其他待定\",\"serverAddress\":\"IP地址或域名\",\"serverPort\":\"端口号\",\"serverHomePath\":\"用户根目录\",\"authorization\":\"使用 username:password形式。其他待定\",\"serverSettings\":\"预留\"}}}','DeviceRegistrationReply'),(273,1,'2018-11-02 14:38:52','{\"header\":{\"createTime\":\"时间戳\",\"messageType\":\"DeviceRegistrationReply\",\"wasNeedReply\":\"no\"},\"body\":{\"deviceUid\":\"device001\",\"returnCode\":\"0\",\"fileServerConfig\":{\"serverName\":\"服务器名字\",\"serverProtocol\":\"默认。其他待定\",\"serverAddress\":\"IP地址或域名\",\"serverPort\":\"端口号\",\"serverHomePath\":\"用户根目录\",\"authorization\":\"使用 username:password形式。其他待定\",\"serverSettings\":\"预留\"}}}','DeviceRegistrationReply'),(274,1,'2018-11-02 14:38:52','{\"header\":{\"createTime\":\"时间戳\",\"messageType\":\"DeviceRegistrationReply\",\"wasNeedReply\":\"no\"},\"body\":{\"deviceUid\":\"device001\",\"returnCode\":\"0\",\"fileServerConfig\":{\"serverName\":\"服务器名字\",\"serverProtocol\":\"默认。其他待定\",\"serverAddress\":\"IP地址或域名\",\"serverPort\":\"端口号\",\"serverHomePath\":\"用户根目录\",\"authorization\":\"使用 username:password形式。其他待定\",\"serverSettings\":\"预留\"}}}','DeviceRegistrationReply'),(275,1,'2018-11-02 14:41:03','{\"header\":{\"createTime\":\"时间戳\",\"messageType\":\"DeviceRegistrationReply\",\"wasNeedReply\":\"no\"},\"body\":{\"deviceUid\":\"device001\",\"returnCode\":\"0\",\"fileServerConfig\":{\"serverName\":\"服务器名字\",\"serverProtocol\":\"默认。其他待定\",\"serverAddress\":\"IP地址或域名\",\"serverPort\":\"端口号\",\"serverHomePath\":\"用户根目录\",\"authorization\":\"使用 username:password形式。其他待定\",\"serverSettings\":\"预留\"}}}','DeviceRegistrationReply'),(276,1,'2018-11-02 14:41:03','{\"header\":{\"createTime\":\"时间戳\",\"messageType\":\"DeviceRegistrationReply\",\"wasNeedReply\":\"no\"},\"body\":{\"deviceUid\":\"device001\",\"returnCode\":\"0\",\"fileServerConfig\":{\"serverName\":\"服务器名字\",\"serverProtocol\":\"默认。其他待定\",\"serverAddress\":\"IP地址或域名\",\"serverPort\":\"端口号\",\"serverHomePath\":\"用户根目录\",\"authorization\":\"使用 username:password形式。其他待定\",\"serverSettings\":\"预留\"}}}','DeviceRegistrationReply'),(277,1,'2018-11-02 14:43:30','{\"header\":{\"createTime\":\"时间戳\",\"messageType\":\"DeviceRegistrationReply\",\"wasNeedReply\":\"no\"},\"body\":{\"deviceUid\":\"device001\",\"returnCode\":\"0\",\"fileServerConfig\":{\"serverName\":\"服务器名字\",\"serverProtocol\":\"默认。其他待定\",\"serverAddress\":\"IP地址或域名\",\"serverPort\":\"端口号\",\"serverHomePath\":\"用户根目录\",\"authorization\":\"使用 username:password形式。其他待定\",\"serverSettings\":\"预留\"}}}','DeviceRegistrationReply'),(278,1,'2018-11-02 14:43:30','{\"header\":{\"createTime\":\"时间戳\",\"messageType\":\"DeviceRegistrationReply\",\"wasNeedReply\":\"no\"},\"body\":{\"deviceUid\":\"device001\",\"returnCode\":\"0\",\"fileServerConfig\":{\"serverName\":\"服务器名字\",\"serverProtocol\":\"默认。其他待定\",\"serverAddress\":\"IP地址或域名\",\"serverPort\":\"端口号\",\"serverHomePath\":\"用户根目录\",\"authorization\":\"使用 username:password形式。其他待定\",\"serverSettings\":\"预留\"}}}','DeviceRegistrationReply'),(279,1,'2018-11-02 14:45:01','{\"header\":{\"createTime\":\"时间戳\",\"messageType\":\"DeviceRegistrationReply\",\"wasNeedReply\":\"no\"},\"body\":{\"deviceUid\":\"device001\",\"returnCode\":\"0\",\"fileServerConfig\":{\"serverName\":\"服务器名字\",\"serverProtocol\":\"默认。其他待定\",\"serverAddress\":\"IP地址或域名\",\"serverPort\":\"端口号\",\"serverHomePath\":\"用户根目录\",\"authorization\":\"使用 username:password形式。其他待定\",\"serverSettings\":\"预留\"}}}','DeviceRegistrationReply'),(280,1,'2018-11-02 14:45:01','{\"header\":{\"createTime\":\"时间戳\",\"messageType\":\"DeviceRegistrationReply\",\"wasNeedReply\":\"no\"},\"body\":{\"deviceUid\":\"device001\",\"returnCode\":\"0\",\"fileServerConfig\":{\"serverName\":\"服务器名字\",\"serverProtocol\":\"默认。其他待定\",\"serverAddress\":\"IP地址或域名\",\"serverPort\":\"端口号\",\"serverHomePath\":\"用户根目录\",\"authorization\":\"使用 username:password形式。其他待定\",\"serverSettings\":\"预留\"}}}','DeviceRegistrationReply'),(281,1,'2018-11-02 14:45:57','{\"header\":{\"createTime\":\"时间戳\",\"messageType\":\"DeviceRegistrationReply\",\"wasNeedReply\":\"no\"},\"body\":{\"deviceUid\":\"device001\",\"returnCode\":\"0\",\"fileServerConfig\":{\"serverName\":\"服务器名字\",\"serverProtocol\":\"默认。其他待定\",\"serverAddress\":\"IP地址或域名\",\"serverPort\":\"端口号\",\"serverHomePath\":\"用户根目录\",\"authorization\":\"使用 username:password形式。其他待定\",\"serverSettings\":\"预留\"}}}','DeviceRegistrationReply'),(282,1,'2018-11-02 14:45:57','{\"header\":{\"createTime\":\"时间戳\",\"messageType\":\"DeviceRegistrationReply\",\"wasNeedReply\":\"no\"},\"body\":{\"deviceUid\":\"device001\",\"returnCode\":\"0\",\"fileServerConfig\":{\"serverName\":\"服务器名字\",\"serverProtocol\":\"默认。其他待定\",\"serverAddress\":\"IP地址或域名\",\"serverPort\":\"端口号\",\"serverHomePath\":\"用户根目录\",\"authorization\":\"使用 username:password形式。其他待定\",\"serverSettings\":\"预留\"}}}','DeviceRegistrationReply'),(283,1,'2018-11-02 14:47:24','{\"header\":{\"createTime\":\"时间戳\",\"messageType\":\"DeviceRegistrationReply\",\"wasNeedReply\":\"no\"},\"body\":{\"deviceUid\":\"device001\",\"returnCode\":\"0\",\"fileServerConfig\":{\"serverName\":\"服务器名字\",\"serverProtocol\":\"默认。其他待定\",\"serverAddress\":\"IP地址或域名\",\"serverPort\":\"端口号\",\"serverHomePath\":\"用户根目录\",\"authorization\":\"使用 username:password形式。其他待定\",\"serverSettings\":\"预留\"}}}','DeviceRegistrationReply'),(284,1,'2018-11-02 14:47:28','{\"header\":{\"createTime\":\"时间戳\",\"messageType\":\"DeviceRegistrationReply\",\"wasNeedReply\":\"no\"},\"body\":{\"deviceUid\":\"device001\",\"returnCode\":\"0\",\"fileServerConfig\":{\"serverName\":\"服务器名字\",\"serverProtocol\":\"默认。其他待定\",\"serverAddress\":\"IP地址或域名\",\"serverPort\":\"端口号\",\"serverHomePath\":\"用户根目录\",\"authorization\":\"使用 username:password形式。其他待定\",\"serverSettings\":\"预留\"}}}','DeviceRegistrationReply'),(285,1,'2018-11-02 14:48:26','{\"header\":{\"createTime\":\"时间戳\",\"messageType\":\"DeviceRegistrationReply\",\"wasNeedReply\":\"no\"},\"body\":{\"deviceUid\":\"device001\",\"returnCode\":\"0\",\"fileServerConfig\":{\"serverName\":\"服务器名字\",\"serverProtocol\":\"默认。其他待定\",\"serverAddress\":\"IP地址或域名\",\"serverPort\":\"端口号\",\"serverHomePath\":\"用户根目录\",\"authorization\":\"使用 username:password形式。其他待定\",\"serverSettings\":\"预留\"}}}','DeviceRegistrationReply'),(286,1,'2018-11-02 14:48:26','{\"header\":{\"createTime\":\"时间戳\",\"messageType\":\"DeviceRegistrationReply\",\"wasNeedReply\":\"no\"},\"body\":{\"deviceUid\":\"device001\",\"returnCode\":\"0\",\"fileServerConfig\":{\"serverName\":\"服务器名字\",\"serverProtocol\":\"默认。其他待定\",\"serverAddress\":\"IP地址或域名\",\"serverPort\":\"端口号\",\"serverHomePath\":\"用户根目录\",\"authorization\":\"使用 username:password形式。其他待定\",\"serverSettings\":\"预留\"}}}','DeviceRegistrationReply'),(287,1,'2018-11-02 14:50:13','{\"header\":{\"createTime\":\"时间戳\",\"messageType\":\"DeviceRegistrationReply\",\"wasNeedReply\":\"no\"},\"body\":{\"deviceUid\":\"device001\",\"returnCode\":\"0\",\"fileServerConfig\":{\"serverName\":\"服务器名字\",\"serverProtocol\":\"默认。其他待定\",\"serverAddress\":\"IP地址或域名\",\"serverPort\":\"端口号\",\"serverHomePath\":\"用户根目录\",\"authorization\":\"使用 username:password形式。其他待定\",\"serverSettings\":\"预留\"}}}','DeviceRegistrationReply'),(288,1,'2018-11-02 14:50:13','{\"header\":{\"createTime\":\"时间戳\",\"messageType\":\"DeviceRegistrationReply\",\"wasNeedReply\":\"no\"},\"body\":{\"deviceUid\":\"device001\",\"returnCode\":\"0\",\"fileServerConfig\":{\"serverName\":\"服务器名字\",\"serverProtocol\":\"默认。其他待定\",\"serverAddress\":\"IP地址或域名\",\"serverPort\":\"端口号\",\"serverHomePath\":\"用户根目录\",\"authorization\":\"使用 username:password形式。其他待定\",\"serverSettings\":\"预留\"}}}','DeviceRegistrationReply'),(289,1,'2018-11-02 14:51:38','{\"header\":{\"createTime\":\"时间戳\",\"messageType\":\"DeviceRegistrationReply\",\"wasNeedReply\":\"no\"},\"body\":{\"deviceUid\":\"device001\",\"returnCode\":\"0\",\"fileServerConfig\":{\"serverName\":\"服务器名字\",\"serverProtocol\":\"默认。其他待定\",\"serverAddress\":\"IP地址或域名\",\"serverPort\":\"端口号\",\"serverHomePath\":\"用户根目录\",\"authorization\":\"使用 username:password形式。其他待定\",\"serverSettings\":\"预留\"}}}','DeviceRegistrationReply'),(290,1,'2018-11-02 14:51:47','{\"header\":{\"createTime\":\"时间戳\",\"messageType\":\"DeviceRegistrationReply\",\"wasNeedReply\":\"no\"},\"body\":{\"deviceUid\":\"device001\",\"returnCode\":\"0\",\"fileServerConfig\":{\"serverName\":\"服务器名字\",\"serverProtocol\":\"默认。其他待定\",\"serverAddress\":\"IP地址或域名\",\"serverPort\":\"端口号\",\"serverHomePath\":\"用户根目录\",\"authorization\":\"使用 username:password形式。其他待定\",\"serverSettings\":\"预留\"}}}','DeviceRegistrationReply'),(291,1,'2018-11-02 14:51:48','{\"header\":{\"createTime\":\"时间戳\",\"messageType\":\"DeviceRegistrationReply\",\"wasNeedReply\":\"no\"},\"body\":{\"deviceUid\":\"device001\",\"returnCode\":\"0\",\"fileServerConfig\":{\"serverName\":\"服务器名字\",\"serverProtocol\":\"默认。其他待定\",\"serverAddress\":\"IP地址或域名\",\"serverPort\":\"端口号\",\"serverHomePath\":\"用户根目录\",\"authorization\":\"使用 username:password形式。其他待定\",\"serverSettings\":\"预留\"}}}','DeviceRegistrationReply'),(292,2,'2018-11-02 14:52:46','{\"header\":{\"createTime\":\"时间戳\",\"messageType\":\"DeviceRegistrationReply\",\"wasNeedReply\":\"no\"},\"body\":{\"deviceUid\":\"device002\",\"returnCode\":\"0\",\"fileServerConfig\":{\"serverName\":\"服务器名字\",\"serverProtocol\":\"默认。其他待定\",\"serverAddress\":\"IP地址或域名\",\"serverPort\":\"端口号\",\"serverHomePath\":\"用户根目录\",\"authorization\":\"使用 username:password形式。其他待定\",\"serverSettings\":\"预留\"}}}','DeviceRegistrationReply'),(293,2,'2018-11-02 14:52:54','{\"header\":{\"createTime\":\"时间戳\",\"messageType\":\"DeviceRegistrationReply\",\"wasNeedReply\":\"no\"},\"body\":{\"deviceUid\":\"device002\",\"returnCode\":\"-1\"}}','DeviceRegistrationReply'),(294,1,'2018-11-02 14:53:53','{\"header\":{\"createTime\":1541141631576,\"messageType\":\"ExecuteCommand\",\"wasNeedReply\":\"yes \"},\"body\":{\"deviceUid\":\"device001\",\"messageSessionId\":\"736\",\"executeCommand\":{\"commandName\":\"DeviceDescription\",\"commandType\":\"preinstall\",\"executedCommand\":\"DeviceDescription\"}}}','ExecuteCommand'),(295,1,'2018-11-02 14:54:07','{\"header\":{\"createTime\":1541141645688,\"messageType\":\"ExecuteCommand\",\"wasNeedReply\":\"yes \"},\"body\":{\"deviceUid\":\"device001\",\"messageSessionId\":\"737\",\"executeCommand\":{\"commandName\":\"HWComponent\",\"commandType\":\"preinstall\",\"executedCommand\":\"HWComponent\"}}}','ExecuteCommand'),(296,1,'2018-11-02 14:54:39','{\"header\":{\"createTime\":1541141676832,\"messageType\":\"ExecuteCommand\",\"wasNeedReply\":\"yes \"},\"body\":{\"deviceUid\":\"device001\",\"messageSessionId\":\"740\",\"executeCommand\":{\"commandName\":\"SystemOS\",\"commandType\":\"preinstall\",\"executedCommand\":\"SystemOS\"}}}','ExecuteCommand'),(297,1,'2018-11-02 14:54:48','{\"header\":{\"createTime\":1541141686503,\"messageType\":\"ExecuteCommand\",\"wasNeedReply\":\"yes \"},\"body\":{\"deviceUid\":\"device001\",\"messageSessionId\":\"741\",\"executeCommand\":{\"commandName\":\"SystemOS\",\"commandType\":\"preinstall\",\"executedCommand\":\"SystemOS\"}}}','ExecuteCommand'),(298,1,'2018-11-02 14:54:55','{\"header\":{\"createTime\":1541141693806,\"messageType\":\"ExecuteCommand\",\"wasNeedReply\":\"yes \"},\"body\":{\"deviceUid\":\"device001\",\"messageSessionId\":\"742\",\"executeCommand\":{\"commandName\":\"SystemOS\",\"commandType\":\"preinstall\",\"executedCommand\":\"SystemOS\"}}}','ExecuteCommand'),(299,1,'2018-11-02 14:57:21','{\"header\":{\"createTime\":\"时间戳\",\"messageType\":\"DeviceRegistrationReply\",\"wasNeedReply\":\"no\"},\"body\":{\"deviceUid\":\"device001\",\"returnCode\":\"0\",\"fileServerConfig\":{\"serverName\":\"服务器名字\",\"serverProtocol\":\"默认。其他待定\",\"serverAddress\":\"IP地址或域名\",\"serverPort\":\"端口号\",\"serverHomePath\":\"用户根目录\",\"authorization\":\"使用 username:password形式。其他待定\",\"serverSettings\":\"预留\"}}}','DeviceRegistrationReply'),(300,1,'2018-11-02 14:57:21','{\"header\":{\"createTime\":\"时间戳\",\"messageType\":\"DeviceRegistrationReply\",\"wasNeedReply\":\"no\"},\"body\":{\"deviceUid\":\"device001\",\"returnCode\":\"0\",\"fileServerConfig\":{\"serverName\":\"服务器名字\",\"serverProtocol\":\"默认。其他待定\",\"serverAddress\":\"IP地址或域名\",\"serverPort\":\"端口号\",\"serverHomePath\":\"用户根目录\",\"authorization\":\"使用 username:password形式。其他待定\",\"serverSettings\":\"预留\"}}}','DeviceRegistrationReply'),(301,2,'2018-11-02 14:57:28','{\"header\":{\"createTime\":\"时间戳\",\"messageType\":\"DeviceRegistrationReply\",\"wasNeedReply\":\"no\"},\"body\":{\"deviceUid\":\"device002\",\"returnCode\":\"0\",\"fileServerConfig\":{\"serverName\":\"服务器名字\",\"serverProtocol\":\"默认。其他待定\",\"serverAddress\":\"IP地址或域名\",\"serverPort\":\"端口号\",\"serverHomePath\":\"用户根目录\",\"authorization\":\"使用 username:password形式。其他待定\",\"serverSettings\":\"预留\"}}}','DeviceRegistrationReply'),(302,2,'2018-11-02 14:57:28','{\"header\":{\"createTime\":\"时间戳\",\"messageType\":\"DeviceRegistrationReply\",\"wasNeedReply\":\"no\"},\"body\":{\"deviceUid\":\"device002\",\"returnCode\":\"0\",\"fileServerConfig\":{\"serverName\":\"服务器名字\",\"serverProtocol\":\"默认。其他待定\",\"serverAddress\":\"IP地址或域名\",\"serverPort\":\"端口号\",\"serverHomePath\":\"用户根目录\",\"authorization\":\"使用 username:password形式。其他待定\",\"serverSettings\":\"预留\"}}}','DeviceRegistrationReply'),(303,1,'2018-11-02 14:58:33','{\"header\":{\"createTime\":\"时间戳\",\"messageType\":\"DeviceRegistrationReply\",\"wasNeedReply\":\"no\"},\"body\":{\"deviceUid\":\"device001\",\"returnCode\":\"0\",\"fileServerConfig\":{\"serverName\":\"服务器名字\",\"serverProtocol\":\"默认。其他待定\",\"serverAddress\":\"IP地址或域名\",\"serverPort\":\"端口号\",\"serverHomePath\":\"用户根目录\",\"authorization\":\"使用 username:password形式。其他待定\",\"serverSettings\":\"预留\"}}}','DeviceRegistrationReply'),(304,1,'2018-11-02 14:58:33','{\"header\":{\"createTime\":\"时间戳\",\"messageType\":\"DeviceRegistrationReply\",\"wasNeedReply\":\"no\"},\"body\":{\"deviceUid\":\"device001\",\"returnCode\":\"0\",\"fileServerConfig\":{\"serverName\":\"服务器名字\",\"serverProtocol\":\"默认。其他待定\",\"serverAddress\":\"IP地址或域名\",\"serverPort\":\"端口号\",\"serverHomePath\":\"用户根目录\",\"authorization\":\"使用 username:password形式。其他待定\",\"serverSettings\":\"预留\"}}}','DeviceRegistrationReply'),(305,2,'2018-11-02 14:58:33','{\"header\":{\"createTime\":\"时间戳\",\"messageType\":\"DeviceRegistrationReply\",\"wasNeedReply\":\"no\"},\"body\":{\"deviceUid\":\"device002\",\"returnCode\":\"0\",\"fileServerConfig\":{\"serverName\":\"服务器名字\",\"serverProtocol\":\"默认。其他待定\",\"serverAddress\":\"IP地址或域名\",\"serverPort\":\"端口号\",\"serverHomePath\":\"用户根目录\",\"authorization\":\"使用 username:password形式。其他待定\",\"serverSettings\":\"预留\"}}}','DeviceRegistrationReply'),(306,2,'2018-11-02 14:58:33','{\"header\":{\"createTime\":\"时间戳\",\"messageType\":\"DeviceRegistrationReply\",\"wasNeedReply\":\"no\"},\"body\":{\"deviceUid\":\"device002\",\"returnCode\":\"0\",\"fileServerConfig\":{\"serverName\":\"服务器名字\",\"serverProtocol\":\"默认。其他待定\",\"serverAddress\":\"IP地址或域名\",\"serverPort\":\"端口号\",\"serverHomePath\":\"用户根目录\",\"authorization\":\"使用 username:password形式。其他待定\",\"serverSettings\":\"预留\"}}}','DeviceRegistrationReply'),(307,1,'2018-11-02 14:59:13','{\"header\":{\"createTime\":\"时间戳\",\"messageType\":\"DeviceRegistrationReply\",\"wasNeedReply\":\"no\"},\"body\":{\"deviceUid\":\"device001\",\"returnCode\":\"0\",\"fileServerConfig\":{\"serverName\":\"服务器名字\",\"serverProtocol\":\"默认。其他待定\",\"serverAddress\":\"IP地址或域名\",\"serverPort\":\"端口号\",\"serverHomePath\":\"用户根目录\",\"authorization\":\"使用 username:password形式。其他待定\",\"serverSettings\":\"预留\"}}}','DeviceRegistrationReply'),(308,1,'2018-11-02 14:59:13','{\"header\":{\"createTime\":\"时间戳\",\"messageType\":\"DeviceRegistrationReply\",\"wasNeedReply\":\"no\"},\"body\":{\"deviceUid\":\"device001\",\"returnCode\":\"0\",\"fileServerConfig\":{\"serverName\":\"服务器名字\",\"serverProtocol\":\"默认。其他待定\",\"serverAddress\":\"IP地址或域名\",\"serverPort\":\"端口号\",\"serverHomePath\":\"用户根目录\",\"authorization\":\"使用 username:password形式。其他待定\",\"serverSettings\":\"预留\"}}}','DeviceRegistrationReply'),(309,2,'2018-11-02 14:59:22','{\"header\":{\"createTime\":\"时间戳\",\"messageType\":\"DeviceRegistrationReply\",\"wasNeedReply\":\"no\"},\"body\":{\"deviceUid\":\"device002\",\"returnCode\":\"0\",\"fileServerConfig\":{\"serverName\":\"服务器名字\",\"serverProtocol\":\"默认。其他待定\",\"serverAddress\":\"IP地址或域名\",\"serverPort\":\"端口号\",\"serverHomePath\":\"用户根目录\",\"authorization\":\"使用 username:password形式。其他待定\",\"serverSettings\":\"预留\"}}}','DeviceRegistrationReply'),(310,2,'2018-11-02 14:59:22','{\"header\":{\"createTime\":\"时间戳\",\"messageType\":\"DeviceRegistrationReply\",\"wasNeedReply\":\"no\"},\"body\":{\"deviceUid\":\"device002\",\"returnCode\":\"0\",\"fileServerConfig\":{\"serverName\":\"服务器名字\",\"serverProtocol\":\"默认。其他待定\",\"serverAddress\":\"IP地址或域名\",\"serverPort\":\"端口号\",\"serverHomePath\":\"用户根目录\",\"authorization\":\"使用 username:password形式。其他待定\",\"serverSettings\":\"预留\"}}}','DeviceRegistrationReply'),(311,2,'2018-11-02 14:59:22','{\"header\":{\"createTime\":\"时间戳\",\"messageType\":\"DeviceRegistrationReply\",\"wasNeedReply\":\"no\"},\"body\":{\"deviceUid\":\"device002\",\"returnCode\":\"0\",\"fileServerConfig\":{\"serverName\":\"服务器名字\",\"serverProtocol\":\"默认。其他待定\",\"serverAddress\":\"IP地址或域名\",\"serverPort\":\"端口号\",\"serverHomePath\":\"用户根目录\",\"authorization\":\"使用 username:password形式。其他待定\",\"serverSettings\":\"预留\"}}}','DeviceRegistrationReply'),(312,1,'2018-11-02 15:00:20','{\"header\":{\"createTime\":\"时间戳\",\"messageType\":\"DeviceRegistrationReply\",\"wasNeedReply\":\"no\"},\"body\":{\"deviceUid\":\"device005\",\"returnCode\":\"-1\"}}','DeviceRegistrationReply'),(313,2,'2018-11-02 15:00:20','{\"header\":{\"createTime\":\"时间戳\",\"messageType\":\"DeviceRegistrationReply\",\"wasNeedReply\":\"no\"},\"body\":{\"deviceUid\":\"device002\",\"returnCode\":\"0\",\"fileServerConfig\":{\"serverName\":\"服务器名字\",\"serverProtocol\":\"默认。其他待定\",\"serverAddress\":\"IP地址或域名\",\"serverPort\":\"端口号\",\"serverHomePath\":\"用户根目录\",\"authorization\":\"使用 username:password形式。其他待定\",\"serverSettings\":\"预留\"}}}','DeviceRegistrationReply'),(314,2,'2018-11-02 15:00:21','{\"header\":{\"createTime\":\"时间戳\",\"messageType\":\"DeviceRegistrationReply\",\"wasNeedReply\":\"no\"},\"body\":{\"deviceUid\":\"device002\",\"returnCode\":\"0\",\"fileServerConfig\":{\"serverName\":\"服务器名字\",\"serverProtocol\":\"默认。其他待定\",\"serverAddress\":\"IP地址或域名\",\"serverPort\":\"端口号\",\"serverHomePath\":\"用户根目录\",\"authorization\":\"使用 username:password形式。其他待定\",\"serverSettings\":\"预留\"}}}','DeviceRegistrationReply'),(315,1,'2018-11-02 15:01:01','{\"header\":{\"createTime\":\"时间戳\",\"messageType\":\"DeviceRegistrationReply\",\"wasNeedReply\":\"no\"},\"body\":{\"deviceUid\":\"device005\",\"returnCode\":\"-1\"}}','DeviceRegistrationReply'),(316,1,'2018-11-02 15:02:08','{\"header\":{\"createTime\":\"时间戳\",\"messageType\":\"DeviceRegistrationReply\",\"wasNeedReply\":\"no\"},\"body\":{\"deviceUid\":\"device005\",\"returnCode\":\"-1\"}}','DeviceRegistrationReply'),(317,1,'2018-11-02 15:03:33','{\"header\":{\"createTime\":\"时间戳\",\"messageType\":\"DeviceRegistrationReply\",\"wasNeedReply\":\"no\"},\"body\":{\"deviceUid\":\"device005\",\"returnCode\":\"-1\"}}','DeviceRegistrationReply'),(318,1,'2018-11-02 15:05:23','{\"header\":{\"createTime\":\"时间戳\",\"messageType\":\"DeviceRegistrationReply\",\"wasNeedReply\":\"no\"},\"body\":{\"deviceUid\":\"device005\",\"returnCode\":\"-1\"}}','DeviceRegistrationReply'),(319,1,'2018-11-02 15:07:11','{\"header\":{\"createTime\":\"时间戳\",\"messageType\":\"DeviceRegistrationReply\",\"wasNeedReply\":\"no\"},\"body\":{\"deviceUid\":\"device005\",\"returnCode\":\"-1\"}}','DeviceRegistrationReply'),(320,1,'2018-11-02 15:08:28','{\"header\":{\"createTime\":\"时间戳\",\"messageType\":\"DeviceRegistrationReply\",\"wasNeedReply\":\"no\"},\"body\":{\"deviceUid\":\"device005\",\"returnCode\":\"-1\"}}','DeviceRegistrationReply'),(321,1,'2018-11-02 15:09:10','{\"header\":{\"createTime\":\"时间戳\",\"messageType\":\"DeviceRegistrationReply\",\"wasNeedReply\":\"no\"},\"body\":{\"deviceUid\":\"device005\",\"returnCode\":\"-1\"}}','DeviceRegistrationReply'),(322,1,'2018-11-02 15:10:36','{\"header\":{\"createTime\":\"时间戳\",\"messageType\":\"DeviceRegistrationReply\",\"wasNeedReply\":\"no\"},\"body\":{\"deviceUid\":\"device005\",\"returnCode\":\"-1\"}}','DeviceRegistrationReply'),(323,1,'2018-11-02 15:13:43','{\"header\":{\"createTime\":\"时间戳\",\"messageType\":\"DeviceRegistrationReply\",\"wasNeedReply\":\"no\"},\"body\":{\"deviceUid\":\"device005\",\"returnCode\":\"-1\"}}','DeviceRegistrationReply'),(324,2,'2018-11-02 15:17:34','{\"header\":{\"createTime\":\"时间戳\",\"messageType\":\"DeviceRegistrationReply\",\"wasNeedReply\":\"no\"},\"body\":{\"deviceUid\":\"device002\",\"returnCode\":\"0\",\"fileServerConfig\":{\"serverName\":\"服务器名字\",\"serverProtocol\":\"默认。其他待定\",\"serverAddress\":\"IP地址或域名\",\"serverPort\":\"端口号\",\"serverHomePath\":\"用户根目录\",\"authorization\":\"使用 username:password形式。其他待定\",\"serverSettings\":\"预留\"}}}','DeviceRegistrationReply'),(325,1,'2018-11-02 15:19:48','{\"header\":{\"createTime\":\"时间戳\",\"messageType\":\"DeviceRegistrationReply\",\"wasNeedReply\":\"no\"},\"body\":{\"deviceUid\":\"device005\",\"returnCode\":\"-1\"}}','DeviceRegistrationReply'),(326,2,'2018-11-02 15:19:54','{\"header\":{\"createTime\":\"时间戳\",\"messageType\":\"DeviceRegistrationReply\",\"wasNeedReply\":\"no\"},\"body\":{\"deviceUid\":\"device002\",\"returnCode\":\"0\",\"fileServerConfig\":{\"serverName\":\"服务器名字\",\"serverProtocol\":\"默认。其他待定\",\"serverAddress\":\"IP地址或域名\",\"serverPort\":\"端口号\",\"serverHomePath\":\"用户根目录\",\"authorization\":\"使用 username:password形式。其他待定\",\"serverSettings\":\"预留\"}}}','DeviceRegistrationReply'),(327,2,'2018-11-02 15:19:57','{\"header\":{\"createTime\":\"时间戳\",\"messageType\":\"DeviceRegistrationReply\",\"wasNeedReply\":\"no\"},\"body\":{\"deviceUid\":\"device002\",\"returnCode\":\"0\",\"fileServerConfig\":{\"serverName\":\"服务器名字\",\"serverProtocol\":\"默认。其他待定\",\"serverAddress\":\"IP地址或域名\",\"serverPort\":\"端口号\",\"serverHomePath\":\"用户根目录\",\"authorization\":\"使用 username:password形式。其他待定\",\"serverSettings\":\"预留\"}}}','DeviceRegistrationReply'),(328,1,'2018-11-02 15:21:26','{\"header\":{\"createTime\":\"时间戳\",\"messageType\":\"DeviceRegistrationReply\",\"wasNeedReply\":\"no\"},\"body\":{\"deviceUid\":\"device005\",\"returnCode\":\"-1\"}}','DeviceRegistrationReply'),(329,2,'2018-11-02 15:21:26','{\"header\":{\"createTime\":\"时间戳\",\"messageType\":\"DeviceRegistrationReply\",\"wasNeedReply\":\"no\"},\"body\":{\"deviceUid\":\"device002\",\"returnCode\":\"0\",\"fileServerConfig\":{\"serverName\":\"服务器名字\",\"serverProtocol\":\"默认。其他待定\",\"serverAddress\":\"IP地址或域名\",\"serverPort\":\"端口号\",\"serverHomePath\":\"用户根目录\",\"authorization\":\"使用 username:password形式。其他待定\",\"serverSettings\":\"预留\"}}}','DeviceRegistrationReply'),(330,2,'2018-11-02 15:21:31','{\"header\":{\"createTime\":\"时间戳\",\"messageType\":\"DeviceRegistrationReply\",\"wasNeedReply\":\"no\"},\"body\":{\"deviceUid\":\"device002\",\"returnCode\":\"0\",\"fileServerConfig\":{\"serverName\":\"服务器名字\",\"serverProtocol\":\"默认。其他待定\",\"serverAddress\":\"IP地址或域名\",\"serverPort\":\"端口号\",\"serverHomePath\":\"用户根目录\",\"authorization\":\"使用 username:password形式。其他待定\",\"serverSettings\":\"预留\"}}}','DeviceRegistrationReply'),(331,1,'2018-11-02 15:26:57','{\"header\":{\"createTime\":\"时间戳\",\"messageType\":\"DeviceRegistrationReply\",\"wasNeedReply\":\"no\"},\"body\":{\"deviceUid\":\"device005\",\"returnCode\":\"-1\"}}','DeviceRegistrationReply'),(332,2,'2018-11-02 15:26:58','{\"header\":{\"createTime\":\"时间戳\",\"messageType\":\"DeviceRegistrationReply\",\"wasNeedReply\":\"no\"},\"body\":{\"deviceUid\":\"device002\",\"returnCode\":\"0\",\"fileServerConfig\":{\"serverName\":\"服务器名字\",\"serverProtocol\":\"默认。其他待定\",\"serverAddress\":\"IP地址或域名\",\"serverPort\":\"端口号\",\"serverHomePath\":\"用户根目录\",\"authorization\":\"使用 username:password形式。其他待定\",\"serverSettings\":\"预留\"}}}','DeviceRegistrationReply'),(333,2,'2018-11-02 15:27:01','{\"header\":{\"createTime\":\"时间戳\",\"messageType\":\"DeviceRegistrationReply\",\"wasNeedReply\":\"no\"},\"body\":{\"deviceUid\":\"device002\",\"returnCode\":\"0\",\"fileServerConfig\":{\"serverName\":\"服务器名字\",\"serverProtocol\":\"默认。其他待定\",\"serverAddress\":\"IP地址或域名\",\"serverPort\":\"端口号\",\"serverHomePath\":\"用户根目录\",\"authorization\":\"使用 username:password形式。其他待定\",\"serverSettings\":\"预留\"}}}','DeviceRegistrationReply'),(334,1,'2018-11-02 15:36:29','{\"header\":{\"createTime\":\"时间戳\",\"messageType\":\"DeviceRegistrationReply\",\"wasNeedReply\":\"no\"},\"body\":{\"deviceUid\":\"device005\",\"returnCode\":\"-1\"}}','DeviceRegistrationReply'),(335,1,'2018-11-02 15:36:34','{\"header\":{\"createTime\":\"时间戳\",\"messageType\":\"DeviceRegistrationReply\",\"wasNeedReply\":\"no\"},\"body\":{\"deviceUid\":\"device005\",\"returnCode\":\"-1\"}}','DeviceRegistrationReply'),(336,1,'2018-11-02 15:36:34','{\"header\":{\"createTime\":\"时间戳\",\"messageType\":\"DeviceRegistrationReply\",\"wasNeedReply\":\"no\"},\"body\":{\"deviceUid\":\"device005\",\"returnCode\":\"-1\"}}','DeviceRegistrationReply'),(337,1,'2018-11-02 15:36:34','{\"header\":{\"createTime\":\"时间戳\",\"messageType\":\"DeviceRegistrationReply\",\"wasNeedReply\":\"no\"},\"body\":{\"deviceUid\":\"device005\",\"returnCode\":\"-1\"}}','DeviceRegistrationReply'),(338,1,'2018-11-02 15:36:34','{\"header\":{\"createTime\":\"时间戳\",\"messageType\":\"DeviceRegistrationReply\",\"wasNeedReply\":\"no\"},\"body\":{\"deviceUid\":\"device005\",\"returnCode\":\"-1\"}}','DeviceRegistrationReply'),(339,1,'2018-11-02 15:36:34','{\"header\":{\"createTime\":\"时间戳\",\"messageType\":\"DeviceRegistrationReply\",\"wasNeedReply\":\"no\"},\"body\":{\"deviceUid\":\"device005\",\"returnCode\":\"-1\"}}','DeviceRegistrationReply'),(340,1,'2018-11-02 15:36:34','{\"header\":{\"createTime\":\"时间戳\",\"messageType\":\"DeviceRegistrationReply\",\"wasNeedReply\":\"no\"},\"body\":{\"deviceUid\":\"device005\",\"returnCode\":\"-1\"}}','DeviceRegistrationReply'),(341,1,'2018-11-02 15:36:34','{\"header\":{\"createTime\":\"时间戳\",\"messageType\":\"DeviceRegistrationReply\",\"wasNeedReply\":\"no\"},\"body\":{\"deviceUid\":\"device005\",\"returnCode\":\"-1\"}}','DeviceRegistrationReply'),(342,1,'2018-11-02 15:36:35','{\"header\":{\"createTime\":\"时间戳\",\"messageType\":\"DeviceRegistrationReply\",\"wasNeedReply\":\"no\"},\"body\":{\"deviceUid\":\"device005\",\"returnCode\":\"-1\"}}','DeviceRegistrationReply'),(343,2,'2018-11-02 15:36:35','{\"header\":{\"createTime\":\"时间戳\",\"messageType\":\"DeviceRegistrationReply\",\"wasNeedReply\":\"no\"},\"body\":{\"deviceUid\":\"device002\",\"returnCode\":\"0\",\"fileServerConfig\":{\"serverName\":\"服务器名字\",\"serverProtocol\":\"默认。其他待定\",\"serverAddress\":\"IP地址或域名\",\"serverPort\":\"端口号\",\"serverHomePath\":\"用户根目录\",\"authorization\":\"使用 username:password形式。其他待定\",\"serverSettings\":\"预留\"}}}','DeviceRegistrationReply'),(344,2,'2018-11-02 15:36:35','{\"header\":{\"createTime\":\"时间戳\",\"messageType\":\"DeviceRegistrationReply\",\"wasNeedReply\":\"no\"},\"body\":{\"deviceUid\":\"device002\",\"returnCode\":\"0\",\"fileServerConfig\":{\"serverName\":\"服务器名字\",\"serverProtocol\":\"默认。其他待定\",\"serverAddress\":\"IP地址或域名\",\"serverPort\":\"端口号\",\"serverHomePath\":\"用户根目录\",\"authorization\":\"使用 username:password形式。其他待定\",\"serverSettings\":\"预留\"}}}','DeviceRegistrationReply'),(345,1,'2018-11-02 15:36:35','{\"header\":{\"createTime\":\"时间戳\",\"messageType\":\"DeviceRegistrationReply\",\"wasNeedReply\":\"no\"},\"body\":{\"deviceUid\":\"device005\",\"returnCode\":\"-1\"}}','DeviceRegistrationReply'),(346,2,'2018-11-02 15:36:35','{\"header\":{\"createTime\":\"时间戳\",\"messageType\":\"DeviceRegistrationReply\",\"wasNeedReply\":\"no\"},\"body\":{\"deviceUid\":\"device002\",\"returnCode\":\"0\",\"fileServerConfig\":{\"serverName\":\"服务器名字\",\"serverProtocol\":\"默认。其他待定\",\"serverAddress\":\"IP地址或域名\",\"serverPort\":\"端口号\",\"serverHomePath\":\"用户根目录\",\"authorization\":\"使用 username:password形式。其他待定\",\"serverSettings\":\"预留\"}}}','DeviceRegistrationReply'),(347,1,'2018-11-02 15:36:35','{\"header\":{\"createTime\":\"时间戳\",\"messageType\":\"DeviceRegistrationReply\",\"wasNeedReply\":\"no\"},\"body\":{\"deviceUid\":\"device005\",\"returnCode\":\"-1\"}}','DeviceRegistrationReply'),(348,3,'2018-11-02 15:36:35','{\"header\":{\"createTime\":\"时间戳\",\"messageType\":\"DeviceRegistrationReply\",\"wasNeedReply\":\"no\"},\"body\":{\"deviceUid\":\"device003\",\"returnCode\":\"-1\"}}','DeviceRegistrationReply'),(349,1,'2018-11-02 15:36:35','{\"header\":{\"createTime\":\"时间戳\",\"messageType\":\"DeviceRegistrationReply\",\"wasNeedReply\":\"no\"},\"body\":{\"deviceUid\":\"device005\",\"returnCode\":\"-1\"}}','DeviceRegistrationReply'),(350,2,'2018-11-02 15:36:35','{\"header\":{\"createTime\":\"时间戳\",\"messageType\":\"DeviceRegistrationReply\",\"wasNeedReply\":\"no\"},\"body\":{\"deviceUid\":\"device002\",\"returnCode\":\"0\",\"fileServerConfig\":{\"serverName\":\"服务器名字\",\"serverProtocol\":\"默认。其他待定\",\"serverAddress\":\"IP地址或域名\",\"serverPort\":\"端口号\",\"serverHomePath\":\"用户根目录\",\"authorization\":\"使用 username:password形式。其他待定\",\"serverSettings\":\"预留\"}}}','DeviceRegistrationReply'),(351,3,'2018-11-02 15:36:35','{\"header\":{\"createTime\":\"时间戳\",\"messageType\":\"DeviceRegistrationReply\",\"wasNeedReply\":\"no\"},\"body\":{\"deviceUid\":\"device003\",\"returnCode\":\"-1\"}}','DeviceRegistrationReply'),(352,2,'2018-11-02 15:36:35','{\"header\":{\"createTime\":\"时间戳\",\"messageType\":\"DeviceRegistrationReply\",\"wasNeedReply\":\"no\"},\"body\":{\"deviceUid\":\"device002\",\"returnCode\":\"0\",\"fileServerConfig\":{\"serverName\":\"服务器名字\",\"serverProtocol\":\"默认。其他待定\",\"serverAddress\":\"IP地址或域名\",\"serverPort\":\"端口号\",\"serverHomePath\":\"用户根目录\",\"authorization\":\"使用 username:password形式。其他待定\",\"serverSettings\":\"预留\"}}}','DeviceRegistrationReply'),(353,1,'2018-11-02 15:36:35','{\"header\":{\"createTime\":\"时间戳\",\"messageType\":\"DeviceRegistrationReply\",\"wasNeedReply\":\"no\"},\"body\":{\"deviceUid\":\"device005\",\"returnCode\":\"-1\"}}','DeviceRegistrationReply'),(354,2,'2018-11-02 15:36:35','{\"header\":{\"createTime\":\"时间戳\",\"messageType\":\"DeviceRegistrationReply\",\"wasNeedReply\":\"no\"},\"body\":{\"deviceUid\":\"device002\",\"returnCode\":\"0\",\"fileServerConfig\":{\"serverName\":\"服务器名字\",\"serverProtocol\":\"默认。其他待定\",\"serverAddress\":\"IP地址或域名\",\"serverPort\":\"端口号\",\"serverHomePath\":\"用户根目录\",\"authorization\":\"使用 username:password形式。其他待定\",\"serverSettings\":\"预留\"}}}','DeviceRegistrationReply'),(355,1,'2018-11-02 15:36:35','{\"header\":{\"createTime\":\"时间戳\",\"messageType\":\"DeviceRegistrationReply\",\"wasNeedReply\":\"no\"},\"body\":{\"deviceUid\":\"device005\",\"returnCode\":\"-1\"}}','DeviceRegistrationReply'),(356,4,'2018-11-02 15:36:35','{\"header\":{\"createTime\":\"时间戳\",\"messageType\":\"DeviceRegistrationReply\",\"wasNeedReply\":\"no\"},\"body\":{\"deviceUid\":\"device004\",\"returnCode\":\"-1\"}}','DeviceRegistrationReply'),(357,2,'2018-11-02 15:36:35','{\"header\":{\"createTime\":\"时间戳\",\"messageType\":\"DeviceRegistrationReply\",\"wasNeedReply\":\"no\"},\"body\":{\"deviceUid\":\"device002\",\"returnCode\":\"0\",\"fileServerConfig\":{\"serverName\":\"服务器名字\",\"serverProtocol\":\"默认。其他待定\",\"serverAddress\":\"IP地址或域名\",\"serverPort\":\"端口号\",\"serverHomePath\":\"用户根目录\",\"authorization\":\"使用 username:password形式。其他待定\",\"serverSettings\":\"预留\"}}}','DeviceRegistrationReply'),(358,1,'2018-11-02 15:36:35','{\"header\":{\"createTime\":\"时间戳\",\"messageType\":\"DeviceRegistrationReply\",\"wasNeedReply\":\"no\"},\"body\":{\"deviceUid\":\"device005\",\"returnCode\":\"-1\"}}','DeviceRegistrationReply'),(359,4,'2018-11-02 15:36:35','{\"header\":{\"createTime\":\"时间戳\",\"messageType\":\"DeviceRegistrationReply\",\"wasNeedReply\":\"no\"},\"body\":{\"deviceUid\":\"device004\",\"returnCode\":\"-1\"}}','DeviceRegistrationReply'),(360,2,'2018-11-02 15:36:35','{\"header\":{\"createTime\":\"时间戳\",\"messageType\":\"DeviceRegistrationReply\",\"wasNeedReply\":\"no\"},\"body\":{\"deviceUid\":\"device002\",\"returnCode\":\"0\",\"fileServerConfig\":{\"serverName\":\"服务器名字\",\"serverProtocol\":\"默认。其他待定\",\"serverAddress\":\"IP地址或域名\",\"serverPort\":\"端口号\",\"serverHomePath\":\"用户根目录\",\"authorization\":\"使用 username:password形式。其他待定\",\"serverSettings\":\"预留\"}}}','DeviceRegistrationReply'),(361,1,'2018-11-02 15:36:35','{\"header\":{\"createTime\":\"时间戳\",\"messageType\":\"DeviceRegistrationReply\",\"wasNeedReply\":\"no\"},\"body\":{\"deviceUid\":\"device005\",\"returnCode\":\"-1\"}}','DeviceRegistrationReply'),(362,2,'2018-11-02 15:36:35','{\"header\":{\"createTime\":\"时间戳\",\"messageType\":\"DeviceRegistrationReply\",\"wasNeedReply\":\"no\"},\"body\":{\"deviceUid\":\"device002\",\"returnCode\":\"0\",\"fileServerConfig\":{\"serverName\":\"服务器名字\",\"serverProtocol\":\"默认。其他待定\",\"serverAddress\":\"IP地址或域名\",\"serverPort\":\"端口号\",\"serverHomePath\":\"用户根目录\",\"authorization\":\"使用 username:password形式。其他待定\",\"serverSettings\":\"预留\"}}}','DeviceRegistrationReply'),(363,1,'2018-11-02 15:36:35','{\"header\":{\"createTime\":\"时间戳\",\"messageType\":\"DeviceRegistrationReply\",\"wasNeedReply\":\"no\"},\"body\":{\"deviceUid\":\"device005\",\"returnCode\":\"-1\"}}','DeviceRegistrationReply'),(364,2,'2018-11-02 15:36:35','{\"header\":{\"createTime\":\"时间戳\",\"messageType\":\"DeviceRegistrationReply\",\"wasNeedReply\":\"no\"},\"body\":{\"deviceUid\":\"device002\",\"returnCode\":\"0\",\"fileServerConfig\":{\"serverName\":\"服务器名字\",\"serverProtocol\":\"默认。其他待定\",\"serverAddress\":\"IP地址或域名\",\"serverPort\":\"端口号\",\"serverHomePath\":\"用户根目录\",\"authorization\":\"使用 username:password形式。其他待定\",\"serverSettings\":\"预留\"}}}','DeviceRegistrationReply'),(365,2,'2018-11-02 15:36:35','{\"header\":{\"createTime\":\"时间戳\",\"messageType\":\"DeviceRegistrationReply\",\"wasNeedReply\":\"no\"},\"body\":{\"deviceUid\":\"device002\",\"returnCode\":\"0\",\"fileServerConfig\":{\"serverName\":\"服务器名字\",\"serverProtocol\":\"默认。其他待定\",\"serverAddress\":\"IP地址或域名\",\"serverPort\":\"端口号\",\"serverHomePath\":\"用户根目录\",\"authorization\":\"使用 username:password形式。其他待定\",\"serverSettings\":\"预留\"}}}','DeviceRegistrationReply'),(366,2,'2018-11-02 15:36:36','{\"header\":{\"createTime\":\"时间戳\",\"messageType\":\"DeviceRegistrationReply\",\"wasNeedReply\":\"no\"},\"body\":{\"deviceUid\":\"device002\",\"returnCode\":\"-1\"}}','DeviceRegistrationReply'),(367,2,'2018-11-02 15:36:36','{\"header\":{\"createTime\":\"时间戳\",\"messageType\":\"DeviceRegistrationReply\",\"wasNeedReply\":\"no\"},\"body\":{\"deviceUid\":\"device002\",\"returnCode\":\"0\",\"fileServerConfig\":{\"serverName\":\"服务器名字\",\"serverProtocol\":\"默认。其他待定\",\"serverAddress\":\"IP地址或域名\",\"serverPort\":\"端口号\",\"serverHomePath\":\"用户根目录\",\"authorization\":\"使用 username:password形式。其他待定\",\"serverSettings\":\"预留\"}}}','DeviceRegistrationReply'),(368,1,'2018-11-02 15:39:14','{\"header\":{\"createTime\":\"时间戳\",\"messageType\":\"DeviceRegistrationReply\",\"wasNeedReply\":\"no\"},\"body\":{\"deviceUid\":\"device005\",\"returnCode\":\"-1\"}}','DeviceRegistrationReply'),(369,2,'2018-11-02 15:39:14','{\"header\":{\"createTime\":\"时间戳\",\"messageType\":\"DeviceRegistrationReply\",\"wasNeedReply\":\"no\"},\"body\":{\"deviceUid\":\"device002\",\"returnCode\":\"0\",\"fileServerConfig\":{\"serverName\":\"服务器名字\",\"serverProtocol\":\"默认。其他待定\",\"serverAddress\":\"IP地址或域名\",\"serverPort\":\"端口号\",\"serverHomePath\":\"用户根目录\",\"authorization\":\"使用 username:password形式。其他待定\",\"serverSettings\":\"预留\"}}}','DeviceRegistrationReply'),(370,2,'2018-11-02 15:39:14','{\"header\":{\"createTime\":\"时间戳\",\"messageType\":\"DeviceRegistrationReply\",\"wasNeedReply\":\"no\"},\"body\":{\"deviceUid\":\"device002\",\"returnCode\":\"0\",\"fileServerConfig\":{\"serverName\":\"服务器名字\",\"serverProtocol\":\"默认。其他待定\",\"serverAddress\":\"IP地址或域名\",\"serverPort\":\"端口号\",\"serverHomePath\":\"用户根目录\",\"authorization\":\"使用 username:password形式。其他待定\",\"serverSettings\":\"预留\"}}}','DeviceRegistrationReply'),(371,3,'2018-11-02 15:39:14','{\"header\":{\"createTime\":\"时间戳\",\"messageType\":\"DeviceRegistrationReply\",\"wasNeedReply\":\"no\"},\"body\":{\"deviceUid\":\"device003\",\"returnCode\":\"-1\"}}','DeviceRegistrationReply'),(372,4,'2018-11-02 15:39:15','{\"header\":{\"createTime\":\"时间戳\",\"messageType\":\"DeviceRegistrationReply\",\"wasNeedReply\":\"no\"},\"body\":{\"deviceUid\":\"device004\",\"returnCode\":\"-1\"}}','DeviceRegistrationReply'),(373,5,'2018-11-02 15:39:15','{\"header\":{\"createTime\":\"时间戳\",\"messageType\":\"DeviceRegistrationReply\",\"wasNeedReply\":\"no\"},\"body\":{\"deviceUid\":\"111\",\"returnCode\":\"-1\"}}','DeviceRegistrationReply'),(374,6,'2018-11-02 15:39:15','{\"header\":{\"createTime\":\"时间戳\",\"messageType\":\"DeviceRegistrationReply\",\"wasNeedReply\":\"no\"},\"body\":{\"deviceUid\":\"112\",\"returnCode\":\"-1\"}}','DeviceRegistrationReply'),(375,7,'2018-11-02 15:39:15','{\"header\":{\"createTime\":\"时间戳\",\"messageType\":\"DeviceRegistrationReply\",\"wasNeedReply\":\"no\"},\"body\":{\"deviceUid\":\"113\",\"returnCode\":\"-1\"}}','DeviceRegistrationReply'),(376,2,'2018-11-02 15:45:00','{\"header\":{\"createTime\":\"时间戳\",\"messageType\":\"DeviceRegistrationReply\",\"wasNeedReply\":\"no\"},\"body\":{\"deviceUid\":\"device002\",\"returnCode\":\"0\",\"fileServerConfig\":{\"serverName\":\"服务器名字\",\"serverProtocol\":\"默认。其他待定\",\"serverAddress\":\"IP地址或域名\",\"serverPort\":\"端口号\",\"serverHomePath\":\"用户根目录\",\"authorization\":\"使用 username:password形式。其他待定\",\"serverSettings\":\"预留\"}}}','DeviceRegistrationReply'),(377,1,'2018-11-02 15:45:00','{\"header\":{\"createTime\":\"时间戳\",\"messageType\":\"DeviceRegistrationReply\",\"wasNeedReply\":\"no\"},\"body\":{\"deviceUid\":\"device005\",\"returnCode\":\"0\",\"fileServerConfig\":{\"serverName\":\"服务器名字\",\"serverProtocol\":\"默认。其他待定\",\"serverAddress\":\"IP地址或域名\",\"serverPort\":\"端口号\",\"serverHomePath\":\"用户根目录\",\"authorization\":\"使用 username:password形式。其他待定\",\"serverSettings\":\"预留\"}}}','DeviceRegistrationReply'),(378,2,'2018-11-02 15:45:00','{\"header\":{\"createTime\":\"时间戳\",\"messageType\":\"DeviceRegistrationReply\",\"wasNeedReply\":\"no\"},\"body\":{\"deviceUid\":\"device002\",\"returnCode\":\"0\",\"fileServerConfig\":{\"serverName\":\"服务器名字\",\"serverProtocol\":\"默认。其他待定\",\"serverAddress\":\"IP地址或域名\",\"serverPort\":\"端口号\",\"serverHomePath\":\"用户根目录\",\"authorization\":\"使用 username:password形式。其他待定\",\"serverSettings\":\"预留\"}}}','DeviceRegistrationReply'),(379,5,'2018-11-02 15:45:00','{\"header\":{\"createTime\":\"时间戳\",\"messageType\":\"DeviceRegistrationReply\",\"wasNeedReply\":\"no\"},\"body\":{\"deviceUid\":\"111\",\"returnCode\":\"-1\"}}','DeviceRegistrationReply'),(380,4,'2018-11-02 15:45:00','{\"header\":{\"createTime\":\"时间戳\",\"messageType\":\"DeviceRegistrationReply\",\"wasNeedReply\":\"no\"},\"body\":{\"deviceUid\":\"device004\",\"returnCode\":\"-1\"}}','DeviceRegistrationReply'),(381,7,'2018-11-02 15:45:01','{\"header\":{\"createTime\":\"时间戳\",\"messageType\":\"DeviceRegistrationReply\",\"wasNeedReply\":\"no\"},\"body\":{\"deviceUid\":\"113\",\"returnCode\":\"-1\"}}','DeviceRegistrationReply'),(382,3,'2018-11-02 15:45:01','{\"header\":{\"createTime\":\"时间戳\",\"messageType\":\"DeviceRegistrationReply\",\"wasNeedReply\":\"no\"},\"body\":{\"deviceUid\":\"device003\",\"returnCode\":\"-1\"}}','DeviceRegistrationReply'),(383,6,'2018-11-02 15:45:01','{\"header\":{\"createTime\":\"时间戳\",\"messageType\":\"DeviceRegistrationReply\",\"wasNeedReply\":\"no\"},\"body\":{\"deviceUid\":\"112\",\"returnCode\":\"-1\"}}','DeviceRegistrationReply'),(384,1,'2018-11-02 15:45:02','{\"header\":{\"createTime\":\"时间戳\",\"messageType\":\"DeviceRegistrationReply\",\"wasNeedReply\":\"no\"},\"body\":{\"deviceUid\":\"device005\",\"returnCode\":\"0\",\"fileServerConfig\":{\"serverName\":\"服务器名字\",\"serverProtocol\":\"默认。其他待定\",\"serverAddress\":\"IP地址或域名\",\"serverPort\":\"端口号\",\"serverHomePath\":\"用户根目录\",\"authorization\":\"使用 username:password形式。其他待定\",\"serverSettings\":\"预留\"}}}','DeviceRegistrationReply'),(385,1,'2018-11-02 15:49:46','{\"header\":{\"createTime\":\"时间戳\",\"messageType\":\"DeviceRegistrationReply\",\"wasNeedReply\":\"no\"},\"body\":{\"deviceUid\":\"device005\",\"returnCode\":\"0\",\"fileServerConfig\":{\"serverName\":\"服务器名字\",\"serverProtocol\":\"默认。其他待定\",\"serverAddress\":\"IP地址或域名\",\"serverPort\":\"端口号\",\"serverHomePath\":\"用户根目录\",\"authorization\":\"使用 username:password形式。其他待定\",\"serverSettings\":\"预留\"}}}','DeviceRegistrationReply'),(386,2,'2018-11-02 15:49:46','{\"header\":{\"createTime\":\"时间戳\",\"messageType\":\"DeviceRegistrationReply\",\"wasNeedReply\":\"no\"},\"body\":{\"deviceUid\":\"device002\",\"returnCode\":\"0\",\"fileServerConfig\":{\"serverName\":\"服务器名字\",\"serverProtocol\":\"默认。其他待定\",\"serverAddress\":\"IP地址或域名\",\"serverPort\":\"端口号\",\"serverHomePath\":\"用户根目录\",\"authorization\":\"使用 username:password形式。其他待定\",\"serverSettings\":\"预留\"}}}','DeviceRegistrationReply'),(387,2,'2018-11-02 15:49:46','{\"header\":{\"createTime\":\"时间戳\",\"messageType\":\"DeviceRegistrationReply\",\"wasNeedReply\":\"no\"},\"body\":{\"deviceUid\":\"device002\",\"returnCode\":\"0\",\"fileServerConfig\":{\"serverName\":\"服务器名字\",\"serverProtocol\":\"默认。其他待定\",\"serverAddress\":\"IP地址或域名\",\"serverPort\":\"端口号\",\"serverHomePath\":\"用户根目录\",\"authorization\":\"使用 username:password形式。其他待定\",\"serverSettings\":\"预留\"}}}','DeviceRegistrationReply'),(388,3,'2018-11-02 15:49:47','{\"header\":{\"createTime\":\"时间戳\",\"messageType\":\"DeviceRegistrationReply\",\"wasNeedReply\":\"no\"},\"body\":{\"deviceUid\":\"device003\",\"returnCode\":\"-1\"}}','DeviceRegistrationReply'),(389,4,'2018-11-02 15:49:47','{\"header\":{\"createTime\":\"时间戳\",\"messageType\":\"DeviceRegistrationReply\",\"wasNeedReply\":\"no\"},\"body\":{\"deviceUid\":\"device004\",\"returnCode\":\"-1\"}}','DeviceRegistrationReply'),(390,5,'2018-11-02 15:49:47','{\"header\":{\"createTime\":\"时间戳\",\"messageType\":\"DeviceRegistrationReply\",\"wasNeedReply\":\"no\"},\"body\":{\"deviceUid\":\"111\",\"returnCode\":\"-1\"}}','DeviceRegistrationReply'),(391,6,'2018-11-02 15:49:47','{\"header\":{\"createTime\":\"时间戳\",\"messageType\":\"DeviceRegistrationReply\",\"wasNeedReply\":\"no\"},\"body\":{\"deviceUid\":\"112\",\"returnCode\":\"-1\"}}','DeviceRegistrationReply'),(392,7,'2018-11-02 15:49:48','{\"header\":{\"createTime\":\"时间戳\",\"messageType\":\"DeviceRegistrationReply\",\"wasNeedReply\":\"no\"},\"body\":{\"deviceUid\":\"113\",\"returnCode\":\"-1\"}}','DeviceRegistrationReply'),(393,1,'2018-11-02 15:52:14','{\"header\":{\"createTime\":\"时间戳\",\"messageType\":\"DeviceRegistrationReply\",\"wasNeedReply\":\"no\"},\"body\":{\"deviceUid\":\"device005\",\"returnCode\":\"0\",\"fileServerConfig\":{\"serverName\":\"服务器名字\",\"serverProtocol\":\"默认。其他待定\",\"serverAddress\":\"IP地址或域名\",\"serverPort\":\"端口号\",\"serverHomePath\":\"用户根目录\",\"authorization\":\"使用 username:password形式。其他待定\",\"serverSettings\":\"预留\"}}}','DeviceRegistrationReply'),(394,2,'2018-11-02 15:52:14','{\"header\":{\"createTime\":\"时间戳\",\"messageType\":\"DeviceRegistrationReply\",\"wasNeedReply\":\"no\"},\"body\":{\"deviceUid\":\"device002\",\"returnCode\":\"0\",\"fileServerConfig\":{\"serverName\":\"服务器名字\",\"serverProtocol\":\"默认。其他待定\",\"serverAddress\":\"IP地址或域名\",\"serverPort\":\"端口号\",\"serverHomePath\":\"用户根目录\",\"authorization\":\"使用 username:password形式。其他待定\",\"serverSettings\":\"预留\"}}}','DeviceRegistrationReply'),(395,3,'2018-11-02 15:52:14','{\"header\":{\"createTime\":\"时间戳\",\"messageType\":\"DeviceRegistrationReply\",\"wasNeedReply\":\"no\"},\"body\":{\"deviceUid\":\"device003\",\"returnCode\":\"-1\"}}','DeviceRegistrationReply'),(396,2,'2018-11-02 15:52:14','{\"header\":{\"createTime\":\"时间戳\",\"messageType\":\"DeviceRegistrationReply\",\"wasNeedReply\":\"no\"},\"body\":{\"deviceUid\":\"device002\",\"returnCode\":\"0\",\"fileServerConfig\":{\"serverName\":\"服务器名字\",\"serverProtocol\":\"默认。其他待定\",\"serverAddress\":\"IP地址或域名\",\"serverPort\":\"端口号\",\"serverHomePath\":\"用户根目录\",\"authorization\":\"使用 username:password形式。其他待定\",\"serverSettings\":\"预留\"}}}','DeviceRegistrationReply'),(397,4,'2018-11-02 15:52:14','{\"header\":{\"createTime\":\"时间戳\",\"messageType\":\"DeviceRegistrationReply\",\"wasNeedReply\":\"no\"},\"body\":{\"deviceUid\":\"device004\",\"returnCode\":\"-1\"}}','DeviceRegistrationReply'),(398,5,'2018-11-02 15:52:14','{\"header\":{\"createTime\":\"时间戳\",\"messageType\":\"DeviceRegistrationReply\",\"wasNeedReply\":\"no\"},\"body\":{\"deviceUid\":\"111\",\"returnCode\":\"-1\"}}','DeviceRegistrationReply'),(399,6,'2018-11-02 15:52:14','{\"header\":{\"createTime\":\"时间戳\",\"messageType\":\"DeviceRegistrationReply\",\"wasNeedReply\":\"no\"},\"body\":{\"deviceUid\":\"112\",\"returnCode\":\"-1\"}}','DeviceRegistrationReply'),(400,7,'2018-11-02 15:52:14','{\"header\":{\"createTime\":\"时间戳\",\"messageType\":\"DeviceRegistrationReply\",\"wasNeedReply\":\"no\"},\"body\":{\"deviceUid\":\"113\",\"returnCode\":\"-1\"}}','DeviceRegistrationReply'),(401,7,'2018-11-02 15:52:14','{\"header\":{\"createTime\":\"时间戳\",\"messageType\":\"DeviceRegistrationReply\",\"wasNeedReply\":\"no\"},\"body\":{\"deviceUid\":\"113\",\"returnCode\":\"-1\"}}','DeviceRegistrationReply'),(402,1,'2018-11-02 15:52:25','{\"header\":{\"createTime\":\"时间戳\",\"messageType\":\"DeviceRegistrationReply\",\"wasNeedReply\":\"no\"},\"body\":{\"deviceUid\":\"device005\",\"returnCode\":\"0\",\"fileServerConfig\":{\"serverName\":\"服务器名字\",\"serverProtocol\":\"默认。其他待定\",\"serverAddress\":\"IP地址或域名\",\"serverPort\":\"端口号\",\"serverHomePath\":\"用户根目录\",\"authorization\":\"使用 username:password形式。其他待定\",\"serverSettings\":\"预留\"}}}','DeviceRegistrationReply'),(403,1,'2018-11-02 15:53:32','{\"header\":{\"createTime\":\"时间戳\",\"messageType\":\"DeviceRegistrationReply\",\"wasNeedReply\":\"no\"},\"body\":{\"deviceUid\":\"device005\",\"returnCode\":\"0\",\"fileServerConfig\":{\"serverName\":\"服务器名字\",\"serverProtocol\":\"默认。其他待定\",\"serverAddress\":\"IP地址或域名\",\"serverPort\":\"端口号\",\"serverHomePath\":\"用户根目录\",\"authorization\":\"使用 username:password形式。其他待定\",\"serverSettings\":\"预留\"}}}','DeviceRegistrationReply'),(404,2,'2018-11-02 15:53:32','{\"header\":{\"createTime\":\"时间戳\",\"messageType\":\"DeviceRegistrationReply\",\"wasNeedReply\":\"no\"},\"body\":{\"deviceUid\":\"device002\",\"returnCode\":\"0\",\"fileServerConfig\":{\"serverName\":\"服务器名字\",\"serverProtocol\":\"默认。其他待定\",\"serverAddress\":\"IP地址或域名\",\"serverPort\":\"端口号\",\"serverHomePath\":\"用户根目录\",\"authorization\":\"使用 username:password形式。其他待定\",\"serverSettings\":\"预留\"}}}','DeviceRegistrationReply'),(405,2,'2018-11-02 15:53:32','{\"header\":{\"createTime\":\"时间戳\",\"messageType\":\"DeviceRegistrationReply\",\"wasNeedReply\":\"no\"},\"body\":{\"deviceUid\":\"device002\",\"returnCode\":\"0\",\"fileServerConfig\":{\"serverName\":\"服务器名字\",\"serverProtocol\":\"默认。其他待定\",\"serverAddress\":\"IP地址或域名\",\"serverPort\":\"端口号\",\"serverHomePath\":\"用户根目录\",\"authorization\":\"使用 username:password形式。其他待定\",\"serverSettings\":\"预留\"}}}','DeviceRegistrationReply'),(406,3,'2018-11-02 15:53:32','{\"header\":{\"createTime\":\"时间戳\",\"messageType\":\"DeviceRegistrationReply\",\"wasNeedReply\":\"no\"},\"body\":{\"deviceUid\":\"device003\",\"returnCode\":\"-1\"}}','DeviceRegistrationReply'),(407,4,'2018-11-02 15:53:32','{\"header\":{\"createTime\":\"时间戳\",\"messageType\":\"DeviceRegistrationReply\",\"wasNeedReply\":\"no\"},\"body\":{\"deviceUid\":\"device004\",\"returnCode\":\"-1\"}}','DeviceRegistrationReply'),(408,5,'2018-11-02 15:53:32','{\"header\":{\"createTime\":\"时间戳\",\"messageType\":\"DeviceRegistrationReply\",\"wasNeedReply\":\"no\"},\"body\":{\"deviceUid\":\"111\",\"returnCode\":\"-1\"}}','DeviceRegistrationReply'),(409,6,'2018-11-02 15:53:32','{\"header\":{\"createTime\":\"时间戳\",\"messageType\":\"DeviceRegistrationReply\",\"wasNeedReply\":\"no\"},\"body\":{\"deviceUid\":\"112\",\"returnCode\":\"-1\"}}','DeviceRegistrationReply'),(410,7,'2018-11-02 15:53:32','{\"header\":{\"createTime\":\"时间戳\",\"messageType\":\"DeviceRegistrationReply\",\"wasNeedReply\":\"no\"},\"body\":{\"deviceUid\":\"113\",\"returnCode\":\"-1\"}}','DeviceRegistrationReply'),(411,1,'2018-11-02 15:57:21','{\"header\":{\"createTime\":\"时间戳\",\"messageType\":\"DeviceRegistrationReply\",\"wasNeedReply\":\"no\"},\"body\":{\"deviceUid\":\"device005\",\"returnCode\":\"0\",\"fileServerConfig\":{\"serverName\":\"服务器名字\",\"serverProtocol\":\"默认。其他待定\",\"serverAddress\":\"IP地址或域名\",\"serverPort\":\"端口号\",\"serverHomePath\":\"用户根目录\",\"authorization\":\"使用 username:password形式。其他待定\",\"serverSettings\":\"预留\"}}}','DeviceRegistrationReply'),(412,2,'2018-11-02 15:57:21','{\"header\":{\"createTime\":\"时间戳\",\"messageType\":\"DeviceRegistrationReply\",\"wasNeedReply\":\"no\"},\"body\":{\"deviceUid\":\"device002\",\"returnCode\":\"0\",\"fileServerConfig\":{\"serverName\":\"服务器名字\",\"serverProtocol\":\"默认。其他待定\",\"serverAddress\":\"IP地址或域名\",\"serverPort\":\"端口号\",\"serverHomePath\":\"用户根目录\",\"authorization\":\"使用 username:password形式。其他待定\",\"serverSettings\":\"预留\"}}}','DeviceRegistrationReply'),(413,2,'2018-11-02 15:57:21','{\"header\":{\"createTime\":\"时间戳\",\"messageType\":\"DeviceRegistrationReply\",\"wasNeedReply\":\"no\"},\"body\":{\"deviceUid\":\"device002\",\"returnCode\":\"0\",\"fileServerConfig\":{\"serverName\":\"服务器名字\",\"serverProtocol\":\"默认。其他待定\",\"serverAddress\":\"IP地址或域名\",\"serverPort\":\"端口号\",\"serverHomePath\":\"用户根目录\",\"authorization\":\"使用 username:password形式。其他待定\",\"serverSettings\":\"预留\"}}}','DeviceRegistrationReply'),(414,3,'2018-11-02 15:57:21','{\"header\":{\"createTime\":\"时间戳\",\"messageType\":\"DeviceRegistrationReply\",\"wasNeedReply\":\"no\"},\"body\":{\"deviceUid\":\"device003\",\"returnCode\":\"-1\"}}','DeviceRegistrationReply'),(415,4,'2018-11-02 15:57:21','{\"header\":{\"createTime\":\"时间戳\",\"messageType\":\"DeviceRegistrationReply\",\"wasNeedReply\":\"no\"},\"body\":{\"deviceUid\":\"device004\",\"returnCode\":\"-1\"}}','DeviceRegistrationReply'),(416,5,'2018-11-02 15:57:21','{\"header\":{\"createTime\":\"时间戳\",\"messageType\":\"DeviceRegistrationReply\",\"wasNeedReply\":\"no\"},\"body\":{\"deviceUid\":\"111\",\"returnCode\":\"-1\"}}','DeviceRegistrationReply'),(417,6,'2018-11-02 15:57:21','{\"header\":{\"createTime\":\"时间戳\",\"messageType\":\"DeviceRegistrationReply\",\"wasNeedReply\":\"no\"},\"body\":{\"deviceUid\":\"112\",\"returnCode\":\"-1\"}}','DeviceRegistrationReply'),(418,7,'2018-11-02 15:57:22','{\"header\":{\"createTime\":\"时间戳\",\"messageType\":\"DeviceRegistrationReply\",\"wasNeedReply\":\"no\"},\"body\":{\"deviceUid\":\"113\",\"returnCode\":\"-1\"}}','DeviceRegistrationReply'),(419,2,'2018-11-02 16:00:46','{\"header\":{\"createTime\":\"时间戳\",\"messageType\":\"DeviceRegistrationReply\",\"wasNeedReply\":\"no\"},\"body\":{\"deviceUid\":\"device002\",\"returnCode\":\"0\",\"fileServerConfig\":{\"serverName\":\"服务器名字\",\"serverProtocol\":\"默认。其他待定\",\"serverAddress\":\"IP地址或域名\",\"serverPort\":\"端口号\",\"serverHomePath\":\"用户根目录\",\"authorization\":\"使用 username:password形式。其他待定\",\"serverSettings\":\"预留\"}}}','DeviceRegistrationReply'),(420,7,'2018-11-02 16:00:51','{\"header\":{\"createTime\":\"时间戳\",\"messageType\":\"DeviceRegistrationReply\",\"wasNeedReply\":\"no\"},\"body\":{\"deviceUid\":\"113\",\"returnCode\":\"-1\"}}','DeviceRegistrationReply'),(421,2,'2018-11-02 16:00:51','{\"header\":{\"createTime\":\"时间戳\",\"messageType\":\"DeviceRegistrationReply\",\"wasNeedReply\":\"no\"},\"body\":{\"deviceUid\":\"device002\",\"returnCode\":\"0\",\"fileServerConfig\":{\"serverName\":\"服务器名字\",\"serverProtocol\":\"默认。其他待定\",\"serverAddress\":\"IP地址或域名\",\"serverPort\":\"端口号\",\"serverHomePath\":\"用户根目录\",\"authorization\":\"使用 username:password形式。其他待定\",\"serverSettings\":\"预留\"}}}','DeviceRegistrationReply'),(422,6,'2018-11-02 16:00:51','{\"header\":{\"createTime\":\"时间戳\",\"messageType\":\"DeviceRegistrationReply\",\"wasNeedReply\":\"no\"},\"body\":{\"deviceUid\":\"112\",\"returnCode\":\"-1\"}}','DeviceRegistrationReply'),(423,3,'2018-11-02 16:00:51','{\"header\":{\"createTime\":\"时间戳\",\"messageType\":\"DeviceRegistrationReply\",\"wasNeedReply\":\"no\"},\"body\":{\"deviceUid\":\"device003\",\"returnCode\":\"-1\"}}','DeviceRegistrationReply'),(424,4,'2018-11-02 16:00:51','{\"header\":{\"createTime\":\"时间戳\",\"messageType\":\"DeviceRegistrationReply\",\"wasNeedReply\":\"no\"},\"body\":{\"deviceUid\":\"device004\",\"returnCode\":\"-1\"}}','DeviceRegistrationReply'),(425,5,'2018-11-02 16:00:51','{\"header\":{\"createTime\":\"时间戳\",\"messageType\":\"DeviceRegistrationReply\",\"wasNeedReply\":\"no\"},\"body\":{\"deviceUid\":\"111\",\"returnCode\":\"-1\"}}','DeviceRegistrationReply'),(426,1,'2018-11-02 16:00:51','{\"header\":{\"createTime\":\"时间戳\",\"messageType\":\"DeviceRegistrationReply\",\"wasNeedReply\":\"no\"},\"body\":{\"deviceUid\":\"device005\",\"returnCode\":\"0\",\"fileServerConfig\":{\"serverName\":\"服务器名字\",\"serverProtocol\":\"默认。其他待定\",\"serverAddress\":\"IP地址或域名\",\"serverPort\":\"端口号\",\"serverHomePath\":\"用户根目录\",\"authorization\":\"使用 username:password形式。其他待定\",\"serverSettings\":\"预留\"}}}','DeviceRegistrationReply'),(427,1,'2018-11-02 16:02:44','{\"header\":{\"createTime\":\"时间戳\",\"messageType\":\"DeviceRegistrationReply\",\"wasNeedReply\":\"no\"},\"body\":{\"deviceUid\":\"device005\",\"returnCode\":\"0\",\"fileServerConfig\":{\"serverName\":\"服务器名字\",\"serverProtocol\":\"默认。其他待定\",\"serverAddress\":\"IP地址或域名\",\"serverPort\":\"端口号\",\"serverHomePath\":\"用户根目录\",\"authorization\":\"使用 username:password形式。其他待定\",\"serverSettings\":\"预留\"}}}','DeviceRegistrationReply'),(428,2,'2018-11-02 16:02:44','{\"header\":{\"createTime\":\"时间戳\",\"messageType\":\"DeviceRegistrationReply\",\"wasNeedReply\":\"no\"},\"body\":{\"deviceUid\":\"device002\",\"returnCode\":\"0\",\"fileServerConfig\":{\"serverName\":\"服务器名字\",\"serverProtocol\":\"默认。其他待定\",\"serverAddress\":\"IP地址或域名\",\"serverPort\":\"端口号\",\"serverHomePath\":\"用户根目录\",\"authorization\":\"使用 username:password形式。其他待定\",\"serverSettings\":\"预留\"}}}','DeviceRegistrationReply'),(429,2,'2018-11-02 16:02:44','{\"header\":{\"createTime\":\"时间戳\",\"messageType\":\"DeviceRegistrationReply\",\"wasNeedReply\":\"no\"},\"body\":{\"deviceUid\":\"device002\",\"returnCode\":\"0\",\"fileServerConfig\":{\"serverName\":\"服务器名字\",\"serverProtocol\":\"默认。其他待定\",\"serverAddress\":\"IP地址或域名\",\"serverPort\":\"端口号\",\"serverHomePath\":\"用户根目录\",\"authorization\":\"使用 username:password形式。其他待定\",\"serverSettings\":\"预留\"}}}','DeviceRegistrationReply'),(430,2,'2018-11-02 16:02:44','{\"header\":{\"createTime\":\"时间戳\",\"messageType\":\"DeviceRegistrationReply\",\"wasNeedReply\":\"no\"},\"body\":{\"deviceUid\":\"device002\",\"returnCode\":\"0\",\"fileServerConfig\":{\"serverName\":\"服务器名字\",\"serverProtocol\":\"默认。其他待定\",\"serverAddress\":\"IP地址或域名\",\"serverPort\":\"端口号\",\"serverHomePath\":\"用户根目录\",\"authorization\":\"使用 username:password形式。其他待定\",\"serverSettings\":\"预留\"}}}','DeviceRegistrationReply'),(431,3,'2018-11-02 16:02:44','{\"header\":{\"createTime\":\"时间戳\",\"messageType\":\"DeviceRegistrationReply\",\"wasNeedReply\":\"no\"},\"body\":{\"deviceUid\":\"device003\",\"returnCode\":\"-1\"}}','DeviceRegistrationReply'),(432,3,'2018-11-02 16:02:44','{\"header\":{\"createTime\":\"时间戳\",\"messageType\":\"DeviceRegistrationReply\",\"wasNeedReply\":\"no\"},\"body\":{\"deviceUid\":\"device003\",\"returnCode\":\"-1\"}}','DeviceRegistrationReply'),(433,4,'2018-11-02 16:02:45','{\"header\":{\"createTime\":\"时间戳\",\"messageType\":\"DeviceRegistrationReply\",\"wasNeedReply\":\"no\"},\"body\":{\"deviceUid\":\"device004\",\"returnCode\":\"-1\"}}','DeviceRegistrationReply'),(434,4,'2018-11-02 16:02:45','{\"header\":{\"createTime\":\"时间戳\",\"messageType\":\"DeviceRegistrationReply\",\"wasNeedReply\":\"no\"},\"body\":{\"deviceUid\":\"device004\",\"returnCode\":\"-1\"}}','DeviceRegistrationReply'),(435,5,'2018-11-02 16:02:45','{\"header\":{\"createTime\":\"时间戳\",\"messageType\":\"DeviceRegistrationReply\",\"wasNeedReply\":\"no\"},\"body\":{\"deviceUid\":\"111\",\"returnCode\":\"-1\"}}','DeviceRegistrationReply'),(436,5,'2018-11-02 16:02:45','{\"header\":{\"createTime\":\"时间戳\",\"messageType\":\"DeviceRegistrationReply\",\"wasNeedReply\":\"no\"},\"body\":{\"deviceUid\":\"111\",\"returnCode\":\"-1\"}}','DeviceRegistrationReply'),(437,6,'2018-11-02 16:02:45','{\"header\":{\"createTime\":\"时间戳\",\"messageType\":\"DeviceRegistrationReply\",\"wasNeedReply\":\"no\"},\"body\":{\"deviceUid\":\"112\",\"returnCode\":\"-1\"}}','DeviceRegistrationReply'),(438,6,'2018-11-02 16:02:45','{\"header\":{\"createTime\":\"时间戳\",\"messageType\":\"DeviceRegistrationReply\",\"wasNeedReply\":\"no\"},\"body\":{\"deviceUid\":\"112\",\"returnCode\":\"-1\"}}','DeviceRegistrationReply'),(439,7,'2018-11-02 16:02:45','{\"header\":{\"createTime\":\"时间戳\",\"messageType\":\"DeviceRegistrationReply\",\"wasNeedReply\":\"no\"},\"body\":{\"deviceUid\":\"113\",\"returnCode\":\"-1\"}}','DeviceRegistrationReply'),(440,7,'2018-11-02 16:02:45','{\"header\":{\"createTime\":\"时间戳\",\"messageType\":\"DeviceRegistrationReply\",\"wasNeedReply\":\"no\"},\"body\":{\"deviceUid\":\"113\",\"returnCode\":\"-1\"}}','DeviceRegistrationReply'),(441,1,'2018-11-02 16:07:52','{\"header\":{\"createTime\":\"时间戳\",\"messageType\":\"DeviceRegistrationReply\",\"wasNeedReply\":\"no\"},\"body\":{\"deviceUid\":\"device005\",\"returnCode\":\"0\",\"fileServerConfig\":{\"serverName\":\"服务器名字\",\"serverProtocol\":\"默认。其他待定\",\"serverAddress\":\"IP地址或域名\",\"serverPort\":\"端口号\",\"serverHomePath\":\"用户根目录\",\"authorization\":\"使用 username:password形式。其他待定\",\"serverSettings\":\"预留\"}}}','DeviceRegistrationReply'),(442,1,'2018-11-02 16:07:53','{\"header\":{\"createTime\":\"时间戳\",\"messageType\":\"DeviceRegistrationReply\",\"wasNeedReply\":\"no\"},\"body\":{\"deviceUid\":\"device005\",\"returnCode\":\"0\",\"fileServerConfig\":{\"serverName\":\"服务器名字\",\"serverProtocol\":\"默认。其他待定\",\"serverAddress\":\"IP地址或域名\",\"serverPort\":\"端口号\",\"serverHomePath\":\"用户根目录\",\"authorization\":\"使用 username:password形式。其他待定\",\"serverSettings\":\"预留\"}}}','DeviceRegistrationReply'),(443,2,'2018-11-02 16:07:53','{\"header\":{\"createTime\":\"时间戳\",\"messageType\":\"DeviceRegistrationReply\",\"wasNeedReply\":\"no\"},\"body\":{\"deviceUid\":\"device002\",\"returnCode\":\"0\",\"fileServerConfig\":{\"serverName\":\"服务器名字\",\"serverProtocol\":\"默认。其他待定\",\"serverAddress\":\"IP地址或域名\",\"serverPort\":\"端口号\",\"serverHomePath\":\"用户根目录\",\"authorization\":\"使用 username:password形式。其他待定\",\"serverSettings\":\"预留\"}}}','DeviceRegistrationReply'),(444,2,'2018-11-02 16:07:53','{\"header\":{\"createTime\":\"时间戳\",\"messageType\":\"DeviceRegistrationReply\",\"wasNeedReply\":\"no\"},\"body\":{\"deviceUid\":\"device002\",\"returnCode\":\"0\",\"fileServerConfig\":{\"serverName\":\"服务器名字\",\"serverProtocol\":\"默认。其他待定\",\"serverAddress\":\"IP地址或域名\",\"serverPort\":\"端口号\",\"serverHomePath\":\"用户根目录\",\"authorization\":\"使用 username:password形式。其他待定\",\"serverSettings\":\"预留\"}}}','DeviceRegistrationReply'),(445,3,'2018-11-02 16:07:53','{\"header\":{\"createTime\":\"时间戳\",\"messageType\":\"DeviceRegistrationReply\",\"wasNeedReply\":\"no\"},\"body\":{\"deviceUid\":\"device003\",\"returnCode\":\"-1\"}}','DeviceRegistrationReply'),(446,4,'2018-11-02 16:07:53','{\"header\":{\"createTime\":\"时间戳\",\"messageType\":\"DeviceRegistrationReply\",\"wasNeedReply\":\"no\"},\"body\":{\"deviceUid\":\"device004\",\"returnCode\":\"-1\"}}','DeviceRegistrationReply'),(447,5,'2018-11-02 16:07:53','{\"header\":{\"createTime\":\"时间戳\",\"messageType\":\"DeviceRegistrationReply\",\"wasNeedReply\":\"no\"},\"body\":{\"deviceUid\":\"111\",\"returnCode\":\"-1\"}}','DeviceRegistrationReply'),(448,6,'2018-11-02 16:07:53','{\"header\":{\"createTime\":\"时间戳\",\"messageType\":\"DeviceRegistrationReply\",\"wasNeedReply\":\"no\"},\"body\":{\"deviceUid\":\"112\",\"returnCode\":\"-1\"}}','DeviceRegistrationReply'),(449,7,'2018-11-02 16:07:53','{\"header\":{\"createTime\":\"时间戳\",\"messageType\":\"DeviceRegistrationReply\",\"wasNeedReply\":\"no\"},\"body\":{\"deviceUid\":\"113\",\"returnCode\":\"-1\"}}','DeviceRegistrationReply'),(450,1,'2018-11-02 16:12:52','{\"header\":{\"createTime\":\"时间戳\",\"messageType\":\"DeviceRegistrationReply\",\"wasNeedReply\":\"no\"},\"body\":{\"deviceUid\":\"device005\",\"returnCode\":\"0\",\"fileServerConfig\":{\"serverName\":\"服务器名字\",\"serverProtocol\":\"默认。其他待定\",\"serverAddress\":\"IP地址或域名\",\"serverPort\":\"端口号\",\"serverHomePath\":\"用户根目录\",\"authorization\":\"使用 username:password形式。其他待定\",\"serverSettings\":\"预留\"}}}','DeviceRegistrationReply'),(451,2,'2018-11-02 16:12:52','{\"header\":{\"createTime\":\"时间戳\",\"messageType\":\"DeviceRegistrationReply\",\"wasNeedReply\":\"no\"},\"body\":{\"deviceUid\":\"device002\",\"returnCode\":\"0\",\"fileServerConfig\":{\"serverName\":\"服务器名字\",\"serverProtocol\":\"默认。其他待定\",\"serverAddress\":\"IP地址或域名\",\"serverPort\":\"端口号\",\"serverHomePath\":\"用户根目录\",\"authorization\":\"使用 username:password形式。其他待定\",\"serverSettings\":\"预留\"}}}','DeviceRegistrationReply'),(452,2,'2018-11-02 16:12:52','{\"header\":{\"createTime\":\"时间戳\",\"messageType\":\"DeviceRegistrationReply\",\"wasNeedReply\":\"no\"},\"body\":{\"deviceUid\":\"device002\",\"returnCode\":\"0\",\"fileServerConfig\":{\"serverName\":\"服务器名字\",\"serverProtocol\":\"默认。其他待定\",\"serverAddress\":\"IP地址或域名\",\"serverPort\":\"端口号\",\"serverHomePath\":\"用户根目录\",\"authorization\":\"使用 username:password形式。其他待定\",\"serverSettings\":\"预留\"}}}','DeviceRegistrationReply'),(453,3,'2018-11-02 16:12:52','{\"header\":{\"createTime\":\"时间戳\",\"messageType\":\"DeviceRegistrationReply\",\"wasNeedReply\":\"no\"},\"body\":{\"deviceUid\":\"device003\",\"returnCode\":\"-1\"}}','DeviceRegistrationReply'),(454,4,'2018-11-02 16:12:52','{\"header\":{\"createTime\":\"时间戳\",\"messageType\":\"DeviceRegistrationReply\",\"wasNeedReply\":\"no\"},\"body\":{\"deviceUid\":\"device004\",\"returnCode\":\"-1\"}}','DeviceRegistrationReply'),(455,5,'2018-11-02 16:12:52','{\"header\":{\"createTime\":\"时间戳\",\"messageType\":\"DeviceRegistrationReply\",\"wasNeedReply\":\"no\"},\"body\":{\"deviceUid\":\"111\",\"returnCode\":\"-1\"}}','DeviceRegistrationReply'),(456,6,'2018-11-02 16:12:52','{\"header\":{\"createTime\":\"时间戳\",\"messageType\":\"DeviceRegistrationReply\",\"wasNeedReply\":\"no\"},\"body\":{\"deviceUid\":\"112\",\"returnCode\":\"-1\"}}','DeviceRegistrationReply'),(457,7,'2018-11-02 16:12:53','{\"header\":{\"createTime\":\"时间戳\",\"messageType\":\"DeviceRegistrationReply\",\"wasNeedReply\":\"no\"},\"body\":{\"deviceUid\":\"113\",\"returnCode\":\"-1\"}}','DeviceRegistrationReply'),(458,2,'2018-11-02 16:13:23','{\"header\":{\"createTime\":1541146401768,\"messageType\":\"ExecuteCommand\",\"wasNeedReply\":\"yes \"},\"body\":{\"deviceUid\":\"device002\",\"messageSessionId\":\"763\",\"executeCommand\":{\"commandName\":\"DeviceDescription\",\"commandType\":\"preinstall\",\"executedCommand\":\"DeviceDescription\"}}}','ExecuteCommand'),(459,2,'2018-11-02 16:13:35','{\"header\":{\"createTime\":1541146412993,\"messageType\":\"ExecuteCommand\",\"wasNeedReply\":\"yes \"},\"body\":{\"deviceUid\":\"device002\",\"messageSessionId\":\"767\",\"executeCommand\":{\"commandName\":\"FileServerConfig\",\"commandType\":\"preinstall\",\"executedCommand\":\"FileServerConfig\"}}}','ExecuteCommand'),(460,2,'2018-11-02 16:13:54','{\"header\":{\"createTime\":1541146430864,\"messageType\":\"ExecuteCommand\",\"wasNeedReply\":\"yes \"},\"body\":{\"deviceUid\":\"device002\",\"messageSessionId\":\"769\",\"executeCommand\":{\"commandName\":\"FileServerConfig\",\"commandType\":\"preinstall\",\"executedCommand\":\"FileServerConfig\"}}}','ExecuteCommand'),(461,2,'2018-11-02 16:19:21','{\"header\":{\"createTime\":1541146759142,\"messageType\":\"ExecuteCommand\",\"wasNeedReply\":\"yes \"},\"body\":{\"deviceUid\":\"device002\",\"messageSessionId\":\"773\",\"executeCommand\":{\"commandName\":\"DeviceDescription\",\"commandType\":\"preinstall\",\"executedCommand\":\"DeviceDescription\"}}}','ExecuteCommand'),(462,2,'2018-11-02 16:22:07','{\"header\":{\"createTime\":1541146412993,\"messageType\":\"ExecuteCommand\",\"wasNeedReply\":\"yes \"},\"body\":{\"deviceUid\":\"device002\",\"messageSessionId\":\"767\",\"executeCommand\":{\"commandName\":\"FileServerConfig\",\"commandType\":\"preinstall\",\"executedCommand\":\"FileServerConfig\"}}}','ExecuteCommand'),(463,2,'2018-11-02 16:22:07','{\"header\":{\"createTime\":1541146406405,\"messageType\":\"ExecuteCommand\",\"wasNeedReply\":\"yes \"},\"body\":{\"deviceUid\":\"device002\",\"messageSessionId\":\"765\",\"executeCommand\":{\"commandName\":\"HWComponent\",\"commandType\":\"preinstall\",\"executedCommand\":\"HWComponent\"}}}','ExecuteCommand'),(464,2,'2018-11-02 16:22:07','{\"header\":{\"createTime\":1541146401768,\"messageType\":\"ExecuteCommand\",\"wasNeedReply\":\"yes \"},\"body\":{\"deviceUid\":\"device002\",\"messageSessionId\":\"763\",\"executeCommand\":{\"commandName\":\"DeviceDescription\",\"commandType\":\"preinstall\",\"executedCommand\":\"DeviceDescription\"}}}','ExecuteCommand'),(465,2,'2018-11-02 16:22:07','{\"header\":{\"createTime\":1541146430864,\"messageType\":\"ExecuteCommand\",\"wasNeedReply\":\"yes \"},\"body\":{\"deviceUid\":\"device002\",\"messageSessionId\":\"769\",\"executeCommand\":{\"commandName\":\"FileServerConfig\",\"commandType\":\"preinstall\",\"executedCommand\":\"FileServerConfig\"}}}','ExecuteCommand'),(466,1,'2018-11-02 16:22:07','{\"header\":{\"createTime\":\"时间戳\",\"messageType\":\"DeviceRegistrationReply\",\"wasNeedReply\":\"no\"},\"body\":{\"deviceUid\":\"device005\",\"returnCode\":\"0\",\"fileServerConfig\":{\"serverName\":\"服务器名字\",\"serverProtocol\":\"默认。其他待定\",\"serverAddress\":\"IP地址或域名\",\"serverPort\":\"端口号\",\"serverHomePath\":\"用户根目录\",\"authorization\":\"使用 username:password形式。其他待定\",\"serverSettings\":\"预留\"}}}','DeviceRegistrationReply'),(467,2,'2018-11-02 16:22:07','{\"header\":{\"createTime\":1541146432494,\"messageType\":\"ExecuteCommand\",\"wasNeedReply\":\"yes \"},\"body\":{\"deviceUid\":\"device002\",\"messageSessionId\":\"771\",\"executeCommand\":{\"commandName\":\"SystemOS\",\"commandType\":\"preinstall\",\"executedCommand\":\"SystemOS\"}}}','ExecuteCommand'),(468,2,'2018-11-02 16:22:07','{\"header\":{\"createTime\":1541146759142,\"messageType\":\"ExecuteCommand\",\"wasNeedReply\":\"yes \"},\"body\":{\"deviceUid\":\"device002\",\"messageSessionId\":\"773\",\"executeCommand\":{\"commandName\":\"DeviceDescription\",\"commandType\":\"preinstall\",\"executedCommand\":\"DeviceDescription\"}}}','ExecuteCommand'),(469,2,'2018-11-02 16:22:07','{\"header\":{\"createTime\":1541146760219,\"messageType\":\"ExecuteCommand\",\"wasNeedReply\":\"yes \"},\"body\":{\"deviceUid\":\"device002\",\"messageSessionId\":\"775\",\"executeCommand\":{\"commandName\":\"HWComponent\",\"commandType\":\"preinstall\",\"executedCommand\":\"HWComponent\"}}}','ExecuteCommand'),(470,3,'2018-11-02 16:22:07','{\"header\":{\"createTime\":\"时间戳\",\"messageType\":\"DeviceRegistrationReply\",\"wasNeedReply\":\"no\"},\"body\":{\"deviceUid\":\"device003\",\"returnCode\":\"-1\"}}','DeviceRegistrationReply'),(471,2,'2018-11-02 16:22:07','{\"header\":{\"createTime\":\"时间戳\",\"messageType\":\"DeviceRegistrationReply\",\"wasNeedReply\":\"no\"},\"body\":{\"deviceUid\":\"device002\",\"returnCode\":\"0\",\"fileServerConfig\":{\"serverName\":\"服务器名字\",\"serverProtocol\":\"默认。其他待定\",\"serverAddress\":\"IP地址或域名\",\"serverPort\":\"端口号\",\"serverHomePath\":\"用户根目录\",\"authorization\":\"使用 username:password形式。其他待定\",\"serverSettings\":\"预留\"}}}','DeviceRegistrationReply'),(472,4,'2018-11-02 16:22:07','{\"header\":{\"createTime\":\"时间戳\",\"messageType\":\"DeviceRegistrationReply\",\"wasNeedReply\":\"no\"},\"body\":{\"deviceUid\":\"device004\",\"returnCode\":\"-1\"}}','DeviceRegistrationReply'),(473,5,'2018-11-02 16:22:07','{\"header\":{\"createTime\":\"时间戳\",\"messageType\":\"DeviceRegistrationReply\",\"wasNeedReply\":\"no\"},\"body\":{\"deviceUid\":\"111\",\"returnCode\":\"-1\"}}','DeviceRegistrationReply'),(474,6,'2018-11-02 16:22:07','{\"header\":{\"createTime\":\"时间戳\",\"messageType\":\"DeviceRegistrationReply\",\"wasNeedReply\":\"no\"},\"body\":{\"deviceUid\":\"112\",\"returnCode\":\"-1\"}}','DeviceRegistrationReply'),(475,7,'2018-11-02 16:22:07','{\"header\":{\"createTime\":\"时间戳\",\"messageType\":\"DeviceRegistrationReply\",\"wasNeedReply\":\"no\"},\"body\":{\"deviceUid\":\"113\",\"returnCode\":\"-1\"}}','DeviceRegistrationReply'),(476,2,'2018-11-02 16:25:51','{\"header\":{\"createTime\":1541147149546,\"messageType\":\"ExecuteCommand\",\"wasNeedReply\":\"yes \"},\"body\":{\"deviceUid\":\"device002\",\"messageSessionId\":\"783\",\"executeCommand\":{\"commandName\":\"DeviceDescription\",\"commandType\":\"preinstall\",\"executedCommand\":\"DeviceDescription\"}}}','ExecuteCommand'),(477,2,'2018-11-02 16:26:35','{\"header\":{\"createTime\":1541147193783,\"messageType\":\"ExecuteCommand\",\"wasNeedReply\":\"yes \"},\"body\":{\"deviceUid\":\"device002\",\"messageSessionId\":\"785\",\"executeCommand\":{\"commandName\":\"FileServerConfig\",\"commandType\":\"preinstall\",\"executedCommand\":\"FileServerConfig\"}}}','ExecuteCommand'),(478,1,'2018-11-02 16:29:45','{\"header\":{\"createTime\":1541147193845,\"messageType\":\"ExecuteCommand\",\"wasNeedReply\":\"yes \"},\"body\":{\"deviceUid\":\"device005\",\"messageSessionId\":\"787\",\"executeCommand\":{\"commandName\":\"FileServerConfig\",\"commandType\":\"preinstall\",\"executedCommand\":\"FileServerConfig\"}}}','ExecuteCommand'),(479,2,'2018-11-02 16:29:49','{\"header\":{\"createTime\":1541147193783,\"messageType\":\"ExecuteCommand\",\"wasNeedReply\":\"yes \"},\"body\":{\"deviceUid\":\"device002\",\"messageSessionId\":\"785\",\"executeCommand\":{\"commandName\":\"FileServerConfig\",\"commandType\":\"preinstall\",\"executedCommand\":\"FileServerConfig\"}}}','ExecuteCommand'),(480,2,'2018-11-02 16:29:49','{\"header\":{\"createTime\":1541147149546,\"messageType\":\"ExecuteCommand\",\"wasNeedReply\":\"yes \"},\"body\":{\"deviceUid\":\"device002\",\"messageSessionId\":\"783\",\"executeCommand\":{\"commandName\":\"DeviceDescription\",\"commandType\":\"preinstall\",\"executedCommand\":\"DeviceDescription\"}}}','ExecuteCommand'),(481,2,'2018-11-02 16:29:49','{\"header\":{\"createTime\":\"时间戳\",\"messageType\":\"DeviceRegistrationReply\",\"wasNeedReply\":\"no\"},\"body\":{\"deviceUid\":\"device002\",\"returnCode\":\"0\",\"fileServerConfig\":{\"serverName\":\"服务器名字\",\"serverProtocol\":\"默认。其他待定\",\"serverAddress\":\"IP地址或域名\",\"serverPort\":\"端口号\",\"serverHomePath\":\"用户根目录\",\"authorization\":\"使用 username:password形式。其他待定\",\"serverSettings\":\"预留\"}}}','DeviceRegistrationReply'),(482,4,'2018-11-02 16:29:49','{\"header\":{\"createTime\":1541147193798,\"messageType\":\"ExecuteCommand\",\"wasNeedReply\":\"yes \"},\"body\":{\"deviceUid\":\"device004\",\"messageSessionId\":\"786\",\"executeCommand\":{\"commandName\":\"FileServerConfig\",\"commandType\":\"preinstall\",\"executedCommand\":\"FileServerConfig\"}}}','ExecuteCommand'),(483,3,'2018-11-02 16:29:49','{\"header\":{\"createTime\":\"时间戳\",\"messageType\":\"DeviceRegistrationReply\",\"wasNeedReply\":\"no\"},\"body\":{\"deviceUid\":\"device003\",\"returnCode\":\"-1\"}}','DeviceRegistrationReply'),(484,4,'2018-11-02 16:29:49','{\"header\":{\"createTime\":1541147149562,\"messageType\":\"ExecuteCommand\",\"wasNeedReply\":\"yes \"},\"body\":{\"deviceUid\":\"device004\",\"messageSessionId\":\"784\",\"executeCommand\":{\"commandName\":\"DeviceDescription\",\"commandType\":\"preinstall\",\"executedCommand\":\"DeviceDescription\"}}}','ExecuteCommand'),(485,4,'2018-11-02 16:29:49','{\"header\":{\"createTime\":1541147105413,\"messageType\":\"ExecuteCommand\",\"wasNeedReply\":\"yes \"},\"body\":{\"deviceUid\":\"device004\",\"messageSessionId\":\"782\",\"executeCommand\":{\"commandName\":\"SWComponent\",\"commandType\":\"preinstall\",\"executedCommand\":\"SWComponent\"}}}','ExecuteCommand'),(486,4,'2018-11-02 16:29:49','{\"header\":{\"createTime\":1541147097427,\"messageType\":\"ExecuteCommand\",\"wasNeedReply\":\"yes \"},\"body\":{\"deviceUid\":\"device004\",\"messageSessionId\":\"779\",\"executeCommand\":{\"commandName\":\"DeviceDescription\",\"commandType\":\"preinstall\",\"executedCommand\":\"DeviceDescription\"}}}','ExecuteCommand'),(487,4,'2018-11-02 16:29:49','{\"header\":{\"createTime\":\"时间戳\",\"messageType\":\"DeviceRegistrationReply\",\"wasNeedReply\":\"no\"},\"body\":{\"deviceUid\":\"device004\",\"returnCode\":\"0\",\"fileServerConfig\":{\"serverName\":\"服务器名字\",\"serverProtocol\":\"默认。其他待定\",\"serverAddress\":\"IP地址或域名\",\"serverPort\":\"端口号\",\"serverHomePath\":\"用户根目录\",\"authorization\":\"使用 username:password形式。其他待定\",\"serverSettings\":\"预留\"}}}','DeviceRegistrationReply'),(488,5,'2018-11-02 16:29:49','{\"header\":{\"createTime\":\"时间戳\",\"messageType\":\"DeviceRegistrationReply\",\"wasNeedReply\":\"no\"},\"body\":{\"deviceUid\":\"111\",\"returnCode\":\"-1\"}}','DeviceRegistrationReply'),(489,6,'2018-11-02 16:29:49','{\"header\":{\"createTime\":\"时间戳\",\"messageType\":\"DeviceRegistrationReply\",\"wasNeedReply\":\"no\"},\"body\":{\"deviceUid\":\"112\",\"returnCode\":\"-1\"}}','DeviceRegistrationReply'),(490,7,'2018-11-02 16:29:49','{\"header\":{\"createTime\":\"时间戳\",\"messageType\":\"DeviceRegistrationReply\",\"wasNeedReply\":\"no\"},\"body\":{\"deviceUid\":\"113\",\"returnCode\":\"-1\"}}','DeviceRegistrationReply'),(491,2,'2018-11-02 16:30:47','{\"header\":{\"createTime\":1541147445134,\"messageType\":\"ExecuteCommand\",\"wasNeedReply\":\"yes \"},\"body\":{\"deviceUid\":\"device002\",\"messageSessionId\":\"789\",\"executeCommand\":{\"commandName\":\"HWComponent\",\"commandType\":\"preinstall\",\"executedCommand\":\"HWComponent\"}}}','ExecuteCommand'),(492,2,'2018-11-02 16:30:55','{\"header\":{\"createTime\":1541147453493,\"messageType\":\"ExecuteCommand\",\"wasNeedReply\":\"yes \"},\"body\":{\"deviceUid\":\"device002\",\"messageSessionId\":\"792\",\"executeCommand\":{\"commandName\":\"SWComponent\",\"commandType\":\"preinstall\",\"executedCommand\":\"SWComponent\"}}}','ExecuteCommand'),(493,2,'2018-11-02 16:33:51','{\"header\":{\"createTime\":1541147558017,\"messageType\":\"ExecuteCommand\",\"wasNeedReply\":\"yes \"},\"body\":{\"deviceUid\":\"device002\",\"messageSessionId\":\"795\",\"executeCommand\":{\"commandName\":\"HWComponent\",\"commandType\":\"preinstall\",\"executedCommand\":\"HWComponent\"}}}','ExecuteCommand'),(494,2,'2018-11-02 16:35:51','{\"header\":{\"createTime\":1541147749475,\"messageType\":\"ExecuteCommand\",\"wasNeedReply\":\"yes \"},\"body\":{\"deviceUid\":\"device002\",\"messageSessionId\":\"798\",\"executeCommand\":{\"commandName\":\"SWComponent\",\"commandType\":\"preinstall\",\"executedCommand\":\"SWComponent\"}}}','ExecuteCommand'),(495,2,'2018-11-02 16:35:51','{\"header\":{\"createTime\":1541147749475,\"messageType\":\"ExecuteCommand\",\"wasNeedReply\":\"yes \"},\"body\":{\"deviceUid\":\"device002\",\"messageSessionId\":\"798\",\"executeCommand\":{\"commandName\":\"SWComponent\",\"commandType\":\"preinstall\",\"executedCommand\":\"SWComponent\"}}}','ExecuteCommand'),(496,2,'2018-11-02 16:36:18','{\"header\":{\"createTime\":1541147776580,\"messageType\":\"ExecuteCommand\",\"wasNeedReply\":\"yes \"},\"body\":{\"deviceUid\":\"device002\",\"messageSessionId\":\"801\",\"executeCommand\":{\"commandName\":\"FileServerConfig\",\"commandType\":\"preinstall\",\"executedCommand\":\"FileServerConfig\"}}}','ExecuteCommand'),(497,2,'2018-11-02 16:36:36','{\"header\":{\"createTime\":1541147794608,\"messageType\":\"ExecuteCommand\",\"wasNeedReply\":\"yes \"},\"body\":{\"deviceUid\":\"device002\",\"messageSessionId\":\"804\",\"executeCommand\":{\"commandName\":\"SWComponent\",\"commandType\":\"preinstall\",\"executedCommand\":\"SWComponent\"}}}','ExecuteCommand'),(498,8,'2018-11-02 16:44:48','{\"header\":{\"createTime\":\"时间戳\",\"messageType\":\"DeviceRegistrationReply\",\"wasNeedReply\":\"no\"},\"body\":{\"deviceUid\":\"shebei001\",\"returnCode\":\"-1\"}}','DeviceRegistrationReply'),(499,9,'2018-11-02 16:44:48','{\"header\":{\"createTime\":\"时间戳\",\"messageType\":\"DeviceRegistrationReply\",\"wasNeedReply\":\"no\"},\"body\":{\"deviceUid\":\"shebei002\",\"returnCode\":\"-1\"}}','DeviceRegistrationReply'),(500,11,'2018-11-02 16:44:48','{\"header\":{\"createTime\":\"时间戳\",\"messageType\":\"DeviceRegistrationReply\",\"wasNeedReply\":\"no\"},\"body\":{\"deviceUid\":\"shebei004\",\"returnCode\":\"-1\"}}','DeviceRegistrationReply'),(501,11,'2018-11-02 16:44:48','{\"header\":{\"createTime\":\"时间戳\",\"messageType\":\"DeviceRegistrationReply\",\"wasNeedReply\":\"no\"},\"body\":{\"deviceUid\":\"shebei004\",\"returnCode\":\"-1\"}}','DeviceRegistrationReply'),(502,12,'2018-11-02 16:44:48','{\"header\":{\"createTime\":\"时间戳\",\"messageType\":\"DeviceRegistrationReply\",\"wasNeedReply\":\"no\"},\"body\":{\"deviceUid\":\"shebei005\",\"returnCode\":\"-1\"}}','DeviceRegistrationReply'),(503,8,'2018-11-02 16:53:58','{\"header\":{\"createTime\":1541148582816,\"messageType\":\"ExecuteCommand\",\"wasNeedReply\":\"yes \"},\"body\":{\"deviceUid\":\"shebei001\",\"messageSessionId\":\"818\",\"executeCommand\":{\"commandName\":\"HWComponent\",\"commandType\":\"preinstall\",\"executedCommand\":\"HWComponent\"}}}','ExecuteCommand'),(504,8,'2018-11-02 16:53:59','{\"header\":{\"createTime\":1541148507407,\"messageType\":\"ExecuteCommand\",\"wasNeedReply\":\"yes \"},\"body\":{\"deviceUid\":\"shebei001\",\"messageSessionId\":\"816\",\"executeCommand\":{\"commandName\":\"SystemOS\",\"commandType\":\"preinstall\",\"executedCommand\":\"SystemOS\"}}}','ExecuteCommand'),(505,8,'2018-11-02 16:54:00','{\"header\":{\"createTime\":1541148504589,\"messageType\":\"ExecuteCommand\",\"wasNeedReply\":\"yes \"},\"body\":{\"deviceUid\":\"shebei001\",\"messageSessionId\":\"814\",\"executeCommand\":{\"commandName\":\"FileServerConfig\",\"commandType\":\"preinstall\",\"executedCommand\":\"FileServerConfig\"}}}','ExecuteCommand'),(506,9,'2018-11-02 16:54:01','{\"header\":{\"createTime\":\"时间戳\",\"messageType\":\"DeviceRegistrationReply\",\"wasNeedReply\":\"no\"},\"body\":{\"deviceUid\":\"shebei002\",\"returnCode\":\"0\",\"fileServerConfig\":{\"serverName\":\"服务器名字\",\"serverProtocol\":\"默认。其他待定\",\"serverAddress\":\"IP地址或域名\",\"serverPort\":\"端口号\",\"serverHomePath\":\"用户根目录\",\"authorization\":\"使用 username:password形式。其他待定\",\"serverSettings\":\"预留\"}}}','DeviceRegistrationReply'),(507,10,'2018-11-02 16:54:04','{\"header\":{\"createTime\":1541148582769,\"messageType\":\"ExecuteCommand\",\"wasNeedReply\":\"yes \"},\"body\":{\"deviceUid\":\"shebei003\",\"messageSessionId\":\"817\",\"executeCommand\":{\"commandName\":\"HWComponent\",\"commandType\":\"preinstall\",\"executedCommand\":\"HWComponent\"}}}','ExecuteCommand'),(508,10,'2018-11-02 16:54:05','{\"header\":{\"createTime\":1541148507373,\"messageType\":\"ExecuteCommand\",\"wasNeedReply\":\"yes \"},\"body\":{\"deviceUid\":\"shebei003\",\"messageSessionId\":\"815\",\"executeCommand\":{\"commandName\":\"SystemOS\",\"commandType\":\"preinstall\",\"executedCommand\":\"SystemOS\"}}}','ExecuteCommand'),(509,10,'2018-11-02 16:54:05','{\"header\":{\"createTime\":1541148504558,\"messageType\":\"ExecuteCommand\",\"wasNeedReply\":\"yes \"},\"body\":{\"deviceUid\":\"shebei003\",\"messageSessionId\":\"813\",\"executeCommand\":{\"commandName\":\"FileServerConfig\",\"commandType\":\"preinstall\",\"executedCommand\":\"FileServerConfig\"}}}','ExecuteCommand'),(510,12,'2018-11-02 16:54:07','{\"header\":{\"createTime\":\"时间戳\",\"messageType\":\"DeviceRegistrationReply\",\"wasNeedReply\":\"no\"},\"body\":{\"deviceUid\":\"shebei005\",\"returnCode\":\"-1\"}}','DeviceRegistrationReply'),(511,10,'2018-11-02 16:54:07','{\"header\":{\"createTime\":1541148499188,\"messageType\":\"ExecuteCommand\",\"wasNeedReply\":\"yes \"},\"body\":{\"deviceUid\":\"shebei003\",\"messageSessionId\":\"811\",\"executeCommand\":{\"commandName\":\"HWComponent\",\"commandType\":\"preinstall\",\"executedCommand\":\"HWComponent\"}}}','ExecuteCommand'),(512,8,'2018-11-02 16:56:10','{\"header\":{\"createTime\":1541148933638,\"messageType\":\"ExecuteCommand\",\"wasNeedReply\":\"yes \"},\"body\":{\"deviceUid\":\"shebei001\",\"messageSessionId\":\"822\",\"executeCommand\":{\"commandName\":\"SWComponent\",\"commandType\":\"preinstall\",\"executedCommand\":\"SWComponent\"}}}','ExecuteCommand'),(513,8,'2018-11-02 16:56:10','{\"header\":{\"createTime\":1541148870729,\"messageType\":\"ExecuteCommand\",\"wasNeedReply\":\"yes \"},\"body\":{\"deviceUid\":\"shebei001\",\"messageSessionId\":\"820\",\"executeCommand\":{\"commandName\":\"SWComponent\",\"commandType\":\"preinstall\",\"executedCommand\":\"SWComponent\"}}}','ExecuteCommand'),(514,8,'2018-11-02 16:56:11','{\"header\":{\"createTime\":\"时间戳\",\"messageType\":\"DeviceRegistrationReply\",\"wasNeedReply\":\"no\"},\"body\":{\"deviceUid\":\"shebei001\",\"returnCode\":\"0\",\"fileServerConfig\":{\"serverName\":\"服务器名字\",\"serverProtocol\":\"默认。其他待定\",\"serverAddress\":\"IP地址或域名\",\"serverPort\":\"端口号\",\"serverHomePath\":\"用户根目录\",\"authorization\":\"使用 username:password形式。其他待定\",\"serverSettings\":\"预留\"}}}','DeviceRegistrationReply'),(515,8,'2018-11-02 16:56:11','{\"header\":{\"createTime\":1541148504589,\"messageType\":\"ExecuteCommand\",\"wasNeedReply\":\"yes \"},\"body\":{\"deviceUid\":\"shebei001\",\"messageSessionId\":\"814\",\"executeCommand\":{\"commandName\":\"FileServerConfig\",\"commandType\":\"preinstall\",\"executedCommand\":\"FileServerConfig\"}}}','ExecuteCommand'),(516,8,'2018-11-02 16:56:11','{\"header\":{\"createTime\":1541148499219,\"messageType\":\"ExecuteCommand\",\"wasNeedReply\":\"yes \"},\"body\":{\"deviceUid\":\"shebei001\",\"messageSessionId\":\"812\",\"executeCommand\":{\"commandName\":\"HWComponent\",\"commandType\":\"preinstall\",\"executedCommand\":\"HWComponent\"}}}','ExecuteCommand'),(517,8,'2018-11-02 16:56:11','{\"header\":{\"createTime\":1541148488040,\"messageType\":\"ExecuteCommand\",\"wasNeedReply\":\"yes \"},\"body\":{\"deviceUid\":\"shebei001\",\"messageSessionId\":\"810\",\"executeCommand\":{\"commandName\":\"DeviceDescription\",\"commandType\":\"preinstall\",\"executedCommand\":\"DeviceDescription\"}}}','ExecuteCommand'),(518,10,'2018-11-02 16:56:11','{\"header\":{\"createTime\":1541148933622,\"messageType\":\"ExecuteCommand\",\"wasNeedReply\":\"yes \"},\"body\":{\"deviceUid\":\"shebei003\",\"messageSessionId\":\"821\",\"executeCommand\":{\"commandName\":\"SWComponent\",\"commandType\":\"preinstall\",\"executedCommand\":\"SWComponent\"}}}','ExecuteCommand'),(519,8,'2018-11-02 16:56:11','{\"header\":{\"createTime\":1541148477980,\"messageType\":\"ExecuteCommand\",\"wasNeedReply\":\"yes \"},\"body\":{\"deviceUid\":\"shebei001\",\"messageSessionId\":\"808\",\"executeCommand\":{\"commandName\":\"DeviceDescription\",\"commandType\":\"preinstall\",\"executedCommand\":\"DeviceDescription\"}}}','ExecuteCommand'),(520,10,'2018-11-02 16:56:11','{\"header\":{\"createTime\":1541148870702,\"messageType\":\"ExecuteCommand\",\"wasNeedReply\":\"yes \"},\"body\":{\"deviceUid\":\"shebei003\",\"messageSessionId\":\"819\",\"executeCommand\":{\"commandName\":\"SWComponent\",\"commandType\":\"preinstall\",\"executedCommand\":\"SWComponent\"}}}','ExecuteCommand'),(521,9,'2018-11-02 16:56:11','{\"header\":{\"createTime\":\"时间戳\",\"messageType\":\"DeviceRegistrationReply\",\"wasNeedReply\":\"no\"},\"body\":{\"deviceUid\":\"shebei002\",\"returnCode\":\"0\",\"fileServerConfig\":{\"serverName\":\"服务器名字\",\"serverProtocol\":\"默认。其他待定\",\"serverAddress\":\"IP地址或域名\",\"serverPort\":\"端口号\",\"serverHomePath\":\"用户根目录\",\"authorization\":\"使用 username:password形式。其他待定\",\"serverSettings\":\"预留\"}}}','DeviceRegistrationReply'),(522,8,'2018-11-02 16:56:11','{\"header\":{\"createTime\":\"时间戳\",\"messageType\":\"DeviceRegistrationReply\",\"wasNeedReply\":\"no\"},\"body\":{\"deviceUid\":\"shebei001\",\"returnCode\":\"0\",\"fileServerConfig\":{\"serverName\":\"服务器名字\",\"serverProtocol\":\"默认。其他待定\",\"serverAddress\":\"IP地址或域名\",\"serverPort\":\"端口号\",\"serverHomePath\":\"用户根目录\",\"authorization\":\"使用 username:password形式。其他待定\",\"serverSettings\":\"预留\"}}}','DeviceRegistrationReply'),(523,10,'2018-11-02 16:56:11','{\"header\":{\"createTime\":\"时间戳\",\"messageType\":\"DeviceRegistrationReply\",\"wasNeedReply\":\"no\"},\"body\":{\"deviceUid\":\"shebei003\",\"returnCode\":\"0\",\"fileServerConfig\":{\"serverName\":\"服务器名字\",\"serverProtocol\":\"默认。其他待定\",\"serverAddress\":\"IP地址或域名\",\"serverPort\":\"端口号\",\"serverHomePath\":\"用户根目录\",\"authorization\":\"使用 username:password形式。其他待定\",\"serverSettings\":\"预留\"}}}','DeviceRegistrationReply'),(524,10,'2018-11-02 16:56:11','{\"header\":{\"createTime\":1541148499188,\"messageType\":\"ExecuteCommand\",\"wasNeedReply\":\"yes \"},\"body\":{\"deviceUid\":\"shebei003\",\"messageSessionId\":\"811\",\"executeCommand\":{\"commandName\":\"HWComponent\",\"commandType\":\"preinstall\",\"executedCommand\":\"HWComponent\"}}}','ExecuteCommand'),(525,10,'2018-11-02 16:56:11','{\"header\":{\"createTime\":1541148488008,\"messageType\":\"ExecuteCommand\",\"wasNeedReply\":\"yes \"},\"body\":{\"deviceUid\":\"shebei003\",\"messageSessionId\":\"809\",\"executeCommand\":{\"commandName\":\"DeviceDescription\",\"commandType\":\"preinstall\",\"executedCommand\":\"DeviceDescription\"}}}','ExecuteCommand'),(526,10,'2018-11-02 16:56:11','{\"header\":{\"createTime\":1541148477909,\"messageType\":\"ExecuteCommand\",\"wasNeedReply\":\"yes \"},\"body\":{\"deviceUid\":\"shebei003\",\"messageSessionId\":\"807\",\"executeCommand\":{\"commandName\":\"DeviceDescription\",\"commandType\":\"preinstall\",\"executedCommand\":\"DeviceDescription\"}}}','ExecuteCommand'),(527,10,'2018-11-02 16:56:11','{\"header\":{\"createTime\":\"时间戳\",\"messageType\":\"DeviceRegistrationReply\",\"wasNeedReply\":\"no\"},\"body\":{\"deviceUid\":\"shebei003\",\"returnCode\":\"0\",\"fileServerConfig\":{\"serverName\":\"服务器名字\",\"serverProtocol\":\"默认。其他待定\",\"serverAddress\":\"IP地址或域名\",\"serverPort\":\"端口号\",\"serverHomePath\":\"用户根目录\",\"authorization\":\"使用 username:password形式。其他待定\",\"serverSettings\":\"预留\"}}}','DeviceRegistrationReply'),(528,12,'2018-11-02 16:56:11','{\"header\":{\"createTime\":\"时间戳\",\"messageType\":\"DeviceRegistrationReply\",\"wasNeedReply\":\"no\"},\"body\":{\"deviceUid\":\"shebei005\",\"returnCode\":\"-1\"}}','DeviceRegistrationReply'),(529,8,'2018-11-02 16:57:50','{\"header\":{\"createTime\":\"时间戳\",\"messageType\":\"DeviceRegistrationReply\",\"wasNeedReply\":\"no\"},\"body\":{\"deviceUid\":\"shebei001\",\"returnCode\":\"0\",\"fileServerConfig\":{\"serverName\":\"服务器名字\",\"serverProtocol\":\"默认。其他待定\",\"serverAddress\":\"IP地址或域名\",\"serverPort\":\"端口号\",\"serverHomePath\":\"用户根目录\",\"authorization\":\"使用 username:password形式。其他待定\",\"serverSettings\":\"预留\"}}}','DeviceRegistrationReply'),(530,9,'2018-11-02 16:57:50','{\"header\":{\"createTime\":\"时间戳\",\"messageType\":\"DeviceRegistrationReply\",\"wasNeedReply\":\"no\"},\"body\":{\"deviceUid\":\"shebei002\",\"returnCode\":\"0\",\"fileServerConfig\":{\"serverName\":\"服务器名字\",\"serverProtocol\":\"默认。其他待定\",\"serverAddress\":\"IP地址或域名\",\"serverPort\":\"端口号\",\"serverHomePath\":\"用户根目录\",\"authorization\":\"使用 username:password形式。其他待定\",\"serverSettings\":\"预留\"}}}','DeviceRegistrationReply'),(531,10,'2018-11-02 16:57:50','{\"header\":{\"createTime\":\"时间戳\",\"messageType\":\"DeviceRegistrationReply\",\"wasNeedReply\":\"no\"},\"body\":{\"deviceUid\":\"shebei003\",\"returnCode\":\"0\",\"fileServerConfig\":{\"serverName\":\"服务器名字\",\"serverProtocol\":\"默认。其他待定\",\"serverAddress\":\"IP地址或域名\",\"serverPort\":\"端口号\",\"serverHomePath\":\"用户根目录\",\"authorization\":\"使用 username:password形式。其他待定\",\"serverSettings\":\"预留\"}}}','DeviceRegistrationReply'),(532,12,'2018-11-02 16:57:50','{\"header\":{\"createTime\":\"时间戳\",\"messageType\":\"DeviceRegistrationReply\",\"wasNeedReply\":\"no\"},\"body\":{\"deviceUid\":\"shebei005\",\"returnCode\":\"-1\"}}','DeviceRegistrationReply'),(533,10,'2018-11-02 16:57:57','{\"header\":{\"createTime\":1541149075112,\"messageType\":\"ExecuteCommand\",\"wasNeedReply\":\"yes \"},\"body\":{\"deviceUid\":\"shebei003\",\"messageSessionId\":\"823\",\"executeCommand\":{\"commandName\":\"SWComponent\",\"commandType\":\"preinstall\",\"executedCommand\":\"SWComponent\"}}}','ExecuteCommand'),(534,8,'2018-11-02 16:57:57','{\"header\":{\"createTime\":1541149075175,\"messageType\":\"ExecuteCommand\",\"wasNeedReply\":\"yes \"},\"body\":{\"deviceUid\":\"shebei001\",\"messageSessionId\":\"824\",\"executeCommand\":{\"commandName\":\"SWComponent\",\"commandType\":\"preinstall\",\"executedCommand\":\"SWComponent\"}}}','ExecuteCommand'),(535,10,'2018-11-02 16:58:00','{\"header\":{\"createTime\":1541149078212,\"messageType\":\"ExecuteCommand\",\"wasNeedReply\":\"yes \"},\"body\":{\"deviceUid\":\"shebei003\",\"messageSessionId\":\"825\",\"executeCommand\":{\"commandName\":\"FileServerConfig\",\"commandType\":\"preinstall\",\"executedCommand\":\"FileServerConfig\"}}}','ExecuteCommand'),(536,8,'2018-11-02 16:58:00','{\"header\":{\"createTime\":1541149078227,\"messageType\":\"ExecuteCommand\",\"wasNeedReply\":\"yes \"},\"body\":{\"deviceUid\":\"shebei001\",\"messageSessionId\":\"826\",\"executeCommand\":{\"commandName\":\"FileServerConfig\",\"commandType\":\"preinstall\",\"executedCommand\":\"FileServerConfig\"}}}','ExecuteCommand'),(537,10,'2018-11-02 16:58:05','{\"header\":{\"createTime\":1541149083137,\"messageType\":\"ExecuteCommand\",\"wasNeedReply\":\"yes \"},\"body\":{\"deviceUid\":\"shebei003\",\"messageSessionId\":\"827\",\"executeCommand\":{\"commandName\":\"SystemOS\",\"commandType\":\"preinstall\",\"executedCommand\":\"SystemOS\"}}}','ExecuteCommand'),(538,8,'2018-11-02 16:58:05','{\"header\":{\"createTime\":1541149083153,\"messageType\":\"ExecuteCommand\",\"wasNeedReply\":\"yes \"},\"body\":{\"deviceUid\":\"shebei001\",\"messageSessionId\":\"828\",\"executeCommand\":{\"commandName\":\"SystemOS\",\"commandType\":\"preinstall\",\"executedCommand\":\"SystemOS\"}}}','ExecuteCommand'),(539,10,'2018-11-02 16:58:36','{\"header\":{\"createTime\":1541149114499,\"messageType\":\"ExecuteCommand\",\"wasNeedReply\":\"yes \"},\"body\":{\"deviceUid\":\"shebei003\",\"messageSessionId\":\"829\",\"executeCommand\":{\"commandName\":\"\",\"commandType\":\"shell\",\"executedCommand\":\"试试\"}}}','ExecuteCommand'),(540,8,'2018-11-02 16:58:36','{\"header\":{\"createTime\":1541149114515,\"messageType\":\"ExecuteCommand\",\"wasNeedReply\":\"yes \"},\"body\":{\"deviceUid\":\"shebei001\",\"messageSessionId\":\"830\",\"executeCommand\":{\"commandName\":\"\",\"commandType\":\"shell\",\"executedCommand\":\"试试\"}}}','ExecuteCommand'),(541,10,'2018-11-02 16:58:56','{\"header\":{\"createTime\":1541149134106,\"messageType\":\"ExecuteCommand\",\"wasNeedReply\":\"yes \"},\"body\":{\"deviceUid\":\"shebei003\",\"messageSessionId\":\"832\",\"executeCommand\":{\"commandName\":\"SWComponent\",\"commandType\":\"preinstall\",\"executedCommand\":\"SWComponent\"}}}','ExecuteCommand'),(542,10,'2018-11-02 16:59:32','{\"header\":{\"createTime\":1541149170283,\"messageType\":\"ExecuteCommand\",\"wasNeedReply\":\"yes \"},\"body\":{\"deviceUid\":\"shebei003\",\"messageSessionId\":\"833\",\"executeCommand\":{\"commandName\":\"restart\",\"commandType\":\"preinstall\",\"executedCommand\":\"restart\"}}}','ExecuteCommand'),(543,8,'2018-11-02 16:59:32','{\"header\":{\"createTime\":1541149170345,\"messageType\":\"ExecuteCommand\",\"wasNeedReply\":\"yes \"},\"body\":{\"deviceUid\":\"shebei001\",\"messageSessionId\":\"834\",\"executeCommand\":{\"commandName\":\"restart\",\"commandType\":\"preinstall\",\"executedCommand\":\"restart\"}}}','ExecuteCommand'),(544,10,'2018-11-02 16:59:32','{\"header\":{\"createTime\":1541149170283,\"messageType\":\"ExecuteCommand\",\"wasNeedReply\":\"yes \"},\"body\":{\"deviceUid\":\"shebei003\",\"messageSessionId\":\"833\",\"executeCommand\":{\"commandName\":\"restart\",\"commandType\":\"preinstall\",\"executedCommand\":\"restart\"}}}','ExecuteCommand'),(545,8,'2018-11-02 16:59:32','{\"header\":{\"createTime\":1541149170345,\"messageType\":\"ExecuteCommand\",\"wasNeedReply\":\"yes \"},\"body\":{\"deviceUid\":\"shebei001\",\"messageSessionId\":\"834\",\"executeCommand\":{\"commandName\":\"restart\",\"commandType\":\"preinstall\",\"executedCommand\":\"restart\"}}}','ExecuteCommand'),(546,10,'2018-11-02 16:59:36','{\"header\":{\"createTime\":1541149174430,\"messageType\":\"ExecuteCommand\",\"wasNeedReply\":\"yes \"},\"body\":{\"deviceUid\":\"shebei003\",\"messageSessionId\":\"835\",\"executeCommand\":{\"commandName\":\"DeviceDescription\",\"commandType\":\"preinstall\",\"executedCommand\":\"DeviceDescription\"}}}','ExecuteCommand'),(547,8,'2018-11-02 16:59:36','{\"header\":{\"createTime\":1541149174502,\"messageType\":\"ExecuteCommand\",\"wasNeedReply\":\"yes \"},\"body\":{\"deviceUid\":\"shebei001\",\"messageSessionId\":\"836\",\"executeCommand\":{\"commandName\":\"DeviceDescription\",\"commandType\":\"preinstall\",\"executedCommand\":\"DeviceDescription\"}}}','ExecuteCommand'),(548,10,'2018-11-02 16:59:51','{\"header\":{\"createTime\":1541149189439,\"messageType\":\"ExecuteCommand\",\"wasNeedReply\":\"yes \"},\"body\":{\"deviceUid\":\"shebei003\",\"messageSessionId\":\"837\",\"executeCommand\":{\"commandName\":\"FileServerConfig\",\"commandType\":\"preinstall\",\"executedCommand\":\"FileServerConfig\"}}}','ExecuteCommand'),(549,8,'2018-11-02 16:59:51','{\"header\":{\"createTime\":1541149189517,\"messageType\":\"ExecuteCommand\",\"wasNeedReply\":\"yes \"},\"body\":{\"deviceUid\":\"shebei001\",\"messageSessionId\":\"838\",\"executeCommand\":{\"commandName\":\"FileServerConfig\",\"commandType\":\"preinstall\",\"executedCommand\":\"FileServerConfig\"}}}','ExecuteCommand'),(550,10,'2018-11-02 16:59:57','{\"header\":{\"createTime\":1541149195376,\"messageType\":\"ExecuteCommand\",\"wasNeedReply\":\"yes \"},\"body\":{\"deviceUid\":\"shebei003\",\"messageSessionId\":\"839\",\"executeCommand\":{\"commandName\":\"SystemOS\",\"commandType\":\"preinstall\",\"executedCommand\":\"SystemOS\"}}}','ExecuteCommand'),(551,8,'2018-11-02 16:59:57','{\"header\":{\"createTime\":1541149195423,\"messageType\":\"ExecuteCommand\",\"wasNeedReply\":\"yes \"},\"body\":{\"deviceUid\":\"shebei001\",\"messageSessionId\":\"840\",\"executeCommand\":{\"commandName\":\"SystemOS\",\"commandType\":\"preinstall\",\"executedCommand\":\"SystemOS\"}}}','ExecuteCommand'),(552,8,'2018-11-02 16:59:57','{\"header\":{\"createTime\":1541149195423,\"messageType\":\"ExecuteCommand\",\"wasNeedReply\":\"yes \"},\"body\":{\"deviceUid\":\"shebei001\",\"messageSessionId\":\"840\",\"executeCommand\":{\"commandName\":\"SystemOS\",\"commandType\":\"preinstall\",\"executedCommand\":\"SystemOS\"}}}','ExecuteCommand'),(553,8,'2018-11-02 17:01:43','{\"header\":{\"createTime\":1541149301372,\"messageType\":\"ExecuteCommand\",\"wasNeedReply\":\"yes \"},\"body\":{\"deviceUid\":\"shebei001\",\"messageSessionId\":\"841\",\"executeCommand\":{\"commandName\":\"DeviceDescription\",\"commandType\":\"preinstall\",\"executedCommand\":\"DeviceDescription\"}}}','ExecuteCommand'),(554,8,'2018-11-02 17:10:36','{\"header\":{\"createTime\":\"时间戳\",\"messageType\":\"DeviceRegistrationReply\",\"wasNeedReply\":\"no\"},\"body\":{\"deviceUid\":\"shebei001\",\"returnCode\":\"0\",\"fileServerConfig\":{\"serverName\":\"服务器名字\",\"serverProtocol\":\"默认。其他待定\",\"serverAddress\":\"IP地址或域名\",\"serverPort\":\"端口号\",\"serverHomePath\":\"用户根目录\",\"authorization\":\"使用 username:password形式。其他待定\",\"serverSettings\":\"预留\"}}}','DeviceRegistrationReply'),(555,9,'2018-11-02 17:10:36','{\"header\":{\"createTime\":\"时间戳\",\"messageType\":\"DeviceRegistrationReply\",\"wasNeedReply\":\"no\"},\"body\":{\"deviceUid\":\"shebei002\",\"returnCode\":\"0\",\"fileServerConfig\":{\"serverName\":\"服务器名字\",\"serverProtocol\":\"默认。其他待定\",\"serverAddress\":\"IP地址或域名\",\"serverPort\":\"端口号\",\"serverHomePath\":\"用户根目录\",\"authorization\":\"使用 username:password形式。其他待定\",\"serverSettings\":\"预留\"}}}','DeviceRegistrationReply'),(556,10,'2018-11-02 17:10:36','{\"header\":{\"createTime\":\"时间戳\",\"messageType\":\"DeviceRegistrationReply\",\"wasNeedReply\":\"no\"},\"body\":{\"deviceUid\":\"shebei003\",\"returnCode\":\"0\",\"fileServerConfig\":{\"serverName\":\"服务器名字\",\"serverProtocol\":\"默认。其他待定\",\"serverAddress\":\"IP地址或域名\",\"serverPort\":\"端口号\",\"serverHomePath\":\"用户根目录\",\"authorization\":\"使用 username:password形式。其他待定\",\"serverSettings\":\"预留\"}}}','DeviceRegistrationReply'),(557,12,'2018-11-02 17:10:39','{\"header\":{\"createTime\":\"时间戳\",\"messageType\":\"DeviceRegistrationReply\",\"wasNeedReply\":\"no\"},\"body\":{\"deviceUid\":\"shebei005\",\"returnCode\":\"-1\"}}','DeviceRegistrationReply'),(558,8,'2018-11-02 17:18:26','{\"header\":{\"createTime\":1541150303967,\"messageType\":\"ExecuteCommand\",\"wasNeedReply\":\"yes \"},\"body\":{\"deviceUid\":\"shebei001\",\"messageSessionId\":\"842\",\"executeCommand\":{\"commandName\":\"DeviceDescription\",\"commandType\":\"preinstall\",\"executedCommand\":\"DeviceDescription\"}}}','ExecuteCommand'),(559,10,'2018-11-02 17:18:26','{\"header\":{\"createTime\":1541150304029,\"messageType\":\"ExecuteCommand\",\"wasNeedReply\":\"yes \"},\"body\":{\"deviceUid\":\"shebei003\",\"messageSessionId\":\"843\",\"executeCommand\":{\"commandName\":\"DeviceDescription\",\"commandType\":\"preinstall\",\"executedCommand\":\"DeviceDescription\"}}}','ExecuteCommand'),(560,8,'2018-11-02 17:18:30','{\"header\":{\"createTime\":1541150308222,\"messageType\":\"ExecuteCommand\",\"wasNeedReply\":\"yes \"},\"body\":{\"deviceUid\":\"shebei001\",\"messageSessionId\":\"844\",\"executeCommand\":{\"commandName\":\"HWComponent\",\"commandType\":\"preinstall\",\"executedCommand\":\"HWComponent\"}}}','ExecuteCommand'),(561,10,'2018-11-02 17:18:30','{\"header\":{\"createTime\":1541150308237,\"messageType\":\"ExecuteCommand\",\"wasNeedReply\":\"yes \"},\"body\":{\"deviceUid\":\"shebei003\",\"messageSessionId\":\"845\",\"executeCommand\":{\"commandName\":\"HWComponent\",\"commandType\":\"preinstall\",\"executedCommand\":\"HWComponent\"}}}','ExecuteCommand'),(562,8,'2018-11-02 17:19:18','{\"header\":{\"createTime\":1541150356168,\"messageType\":\"ExecuteCommand\",\"wasNeedReply\":\"yes \"},\"body\":{\"deviceUid\":\"shebei001\",\"messageSessionId\":\"846\",\"executeCommand\":{\"commandName\":\"restart\",\"commandType\":\"preinstall\",\"executedCommand\":\"restart\"}}}','ExecuteCommand'),(563,10,'2018-11-02 17:19:18','{\"header\":{\"createTime\":1541150356184,\"messageType\":\"ExecuteCommand\",\"wasNeedReply\":\"yes \"},\"body\":{\"deviceUid\":\"shebei003\",\"messageSessionId\":\"847\",\"executeCommand\":{\"commandName\":\"restart\",\"commandType\":\"preinstall\",\"executedCommand\":\"restart\"}}}','ExecuteCommand'),(564,8,'2018-11-02 17:35:15','{\"header\":{\"createTime\":\"时间戳\",\"messageType\":\"DeviceRegistrationReply\",\"wasNeedReply\":\"no\"},\"body\":{\"deviceUid\":\"shebei001\",\"returnCode\":\"-1\"}}','DeviceRegistrationReply'),(565,9,'2018-11-02 17:35:16','{\"header\":{\"createTime\":\"时间戳\",\"messageType\":\"DeviceRegistrationReply\",\"wasNeedReply\":\"no\"},\"body\":{\"deviceUid\":\"shebei002\",\"returnCode\":\"-1\"}}','DeviceRegistrationReply'),(566,10,'2018-11-02 17:35:16','{\"header\":{\"createTime\":\"时间戳\",\"messageType\":\"DeviceRegistrationReply\",\"wasNeedReply\":\"no\"},\"body\":{\"deviceUid\":\"shebei003\",\"returnCode\":\"-1\"}}','DeviceRegistrationReply'),(567,11,'2018-11-02 17:35:16','{\"header\":{\"createTime\":\"时间戳\",\"messageType\":\"DeviceRegistrationReply\",\"wasNeedReply\":\"no\"},\"body\":{\"deviceUid\":\"shebei004\",\"returnCode\":\"-1\"}}','DeviceRegistrationReply'),(568,12,'2018-11-02 17:35:16','{\"header\":{\"createTime\":\"时间戳\",\"messageType\":\"DeviceRegistrationReply\",\"wasNeedReply\":\"no\"},\"body\":{\"deviceUid\":\"shebei005\",\"returnCode\":\"-1\"}}','DeviceRegistrationReply'),(569,13,'2018-11-02 17:43:14','{\"header\":{\"createTime\":1541151792348,\"messageType\":\"ExecuteCommand\",\"wasNeedReply\":\"yes \"},\"body\":{\"deviceUid\":\"shebei001\",\"messageSessionId\":\"848\",\"executeCommand\":{\"commandName\":\"restart\",\"commandType\":\"preinstall\",\"executedCommand\":\"restart\"}}}','ExecuteCommand'),(570,16,'2018-11-02 17:43:14','{\"header\":{\"createTime\":1541151792417,\"messageType\":\"ExecuteCommand\",\"wasNeedReply\":\"yes \"},\"body\":{\"deviceUid\":\"shebei004\",\"messageSessionId\":\"849\",\"executeCommand\":{\"commandName\":\"restart\",\"commandType\":\"preinstall\",\"executedCommand\":\"restart\"}}}','ExecuteCommand'),(571,13,'2018-11-02 17:44:24','{\"header\":{\"createTime\":1541151862636,\"messageType\":\"ExecuteCommand\",\"wasNeedReply\":\"yes \"},\"body\":{\"deviceUid\":\"shebei001\",\"messageSessionId\":\"850\",\"executeCommand\":{\"commandName\":\"\",\"commandType\":\"shell\",\"executedCommand\":\"shell\"}}}','ExecuteCommand'),(572,16,'2018-11-02 17:44:24','{\"header\":{\"createTime\":1541151862658,\"messageType\":\"ExecuteCommand\",\"wasNeedReply\":\"yes \"},\"body\":{\"deviceUid\":\"shebei004\",\"messageSessionId\":\"851\",\"executeCommand\":{\"commandName\":\"\",\"commandType\":\"shell\",\"executedCommand\":\"shell\"}}}','ExecuteCommand'),(573,13,'2018-11-02 17:45:12','{\"header\":{\"createTime\":1541151910866,\"messageType\":\"ExecuteCommand\",\"wasNeedReply\":\"yes \"},\"body\":{\"deviceUid\":\"shebei001\",\"messageSessionId\":\"852\",\"executeCommand\":{\"commandName\":\"\",\"commandType\":\"custom\",\"executedCommand\":\"custum\"}}}','ExecuteCommand'),(574,16,'2018-11-02 17:45:12','{\"header\":{\"createTime\":1541151910890,\"messageType\":\"ExecuteCommand\",\"wasNeedReply\":\"yes \"},\"body\":{\"deviceUid\":\"shebei004\",\"messageSessionId\":\"853\",\"executeCommand\":{\"commandName\":\"\",\"commandType\":\"custom\",\"executedCommand\":\"custum\"}}}','ExecuteCommand'),(575,16,'2018-11-02 17:45:36','{\"header\":{\"createTime\":1541151934781,\"messageType\":\"ExecuteCommand\",\"wasNeedReply\":\"yes \"},\"body\":{\"deviceUid\":\"shebei004\",\"messageSessionId\":\"854\",\"executeCommand\":{\"commandName\":\"HWComponent\",\"commandType\":\"preinstall\",\"executedCommand\":\"HWComponent\"}}}','ExecuteCommand'),(576,13,'2018-11-02 17:49:55','{\"header\":{\"createTime\":\"时间戳\",\"messageType\":\"DeviceRegistrationReply\",\"wasNeedReply\":\"no\"},\"body\":{\"deviceUid\":\"shebei001\",\"returnCode\":\"0\",\"fileServerConfig\":{\"serverName\":\"服务器名字\",\"serverProtocol\":\"默认。其他待定\",\"serverAddress\":\"IP地址或域名\",\"serverPort\":\"端口号\",\"serverHomePath\":\"用户根目录\",\"authorization\":\"使用 username:password形式。其他待定\",\"serverSettings\":\"预留\"}}}','DeviceRegistrationReply'),(577,14,'2018-11-02 17:49:55','{\"header\":{\"createTime\":\"时间戳\",\"messageType\":\"DeviceRegistrationReply\",\"wasNeedReply\":\"no\"},\"body\":{\"deviceUid\":\"shebei002\",\"returnCode\":\"0\",\"fileServerConfig\":{\"serverName\":\"服务器名字\",\"serverProtocol\":\"默认。其他待定\",\"serverAddress\":\"IP地址或域名\",\"serverPort\":\"端口号\",\"serverHomePath\":\"用户根目录\",\"authorization\":\"使用 username:password形式。其他待定\",\"serverSettings\":\"预留\"}}}','DeviceRegistrationReply'),(578,15,'2018-11-02 17:49:55','{\"header\":{\"createTime\":\"时间戳\",\"messageType\":\"DeviceRegistrationReply\",\"wasNeedReply\":\"no\"},\"body\":{\"deviceUid\":\"shebei003\",\"returnCode\":\"0\",\"fileServerConfig\":{\"serverName\":\"服务器名字\",\"serverProtocol\":\"默认。其他待定\",\"serverAddress\":\"IP地址或域名\",\"serverPort\":\"端口号\",\"serverHomePath\":\"用户根目录\",\"authorization\":\"使用 username:password形式。其他待定\",\"serverSettings\":\"预留\"}}}','DeviceRegistrationReply'),(579,16,'2018-11-02 17:49:55','{\"header\":{\"createTime\":\"时间戳\",\"messageType\":\"DeviceRegistrationReply\",\"wasNeedReply\":\"no\"},\"body\":{\"deviceUid\":\"shebei004\",\"returnCode\":\"0\",\"fileServerConfig\":{\"serverName\":\"服务器名字\",\"serverProtocol\":\"默认。其他待定\",\"serverAddress\":\"IP地址或域名\",\"serverPort\":\"端口号\",\"serverHomePath\":\"用户根目录\",\"authorization\":\"使用 username:password形式。其他待定\",\"serverSettings\":\"预留\"}}}','DeviceRegistrationReply'),(580,17,'2018-11-02 17:49:56','{\"header\":{\"createTime\":\"时间戳\",\"messageType\":\"DeviceRegistrationReply\",\"wasNeedReply\":\"no\"},\"body\":{\"deviceUid\":\"shebei005\",\"returnCode\":\"-1\"}}','DeviceRegistrationReply'),(581,18,'2018-11-02 17:49:56','{\"header\":{\"createTime\":\"时间戳\",\"messageType\":\"DeviceRegistrationReply\",\"wasNeedReply\":\"no\"},\"body\":{\"deviceUid\":\"shebei006\",\"returnCode\":\"-1\"}}','DeviceRegistrationReply'),(582,18,'2018-11-02 17:52:14','{\"header\":{\"createTime\":1541152332559,\"messageType\":\"ExecuteCommand\",\"wasNeedReply\":\"yes \"},\"body\":{\"deviceUid\":\"shebei006\",\"messageSessionId\":\"855\",\"executeCommand\":{\"commandName\":\"HWComponent\",\"commandType\":\"preinstall\",\"executedCommand\":\"HWComponent\"}}}','ExecuteCommand'),(583,16,'2018-11-02 17:52:14','{\"header\":{\"createTime\":1541152332670,\"messageType\":\"ExecuteCommand\",\"wasNeedReply\":\"yes \"},\"body\":{\"deviceUid\":\"shebei004\",\"messageSessionId\":\"856\",\"executeCommand\":{\"commandName\":\"HWComponent\",\"commandType\":\"preinstall\",\"executedCommand\":\"HWComponent\"}}}','ExecuteCommand'),(584,13,'2018-11-02 17:52:14','{\"header\":{\"createTime\":1541152332713,\"messageType\":\"ExecuteCommand\",\"wasNeedReply\":\"yes \"},\"body\":{\"deviceUid\":\"shebei001\",\"messageSessionId\":\"857\",\"executeCommand\":{\"commandName\":\"HWComponent\",\"commandType\":\"preinstall\",\"executedCommand\":\"HWComponent\"}}}','ExecuteCommand'),(585,13,'2018-11-02 17:56:34','{\"header\":{\"createTime\":1541152592515,\"messageType\":\"ExecuteCommand\",\"wasNeedReply\":\"yes \"},\"body\":{\"deviceUid\":\"shebei001\",\"messageSessionId\":\"858\",\"executeCommand\":{\"commandName\":\"restart\",\"commandType\":\"preinstall\",\"executedCommand\":\"restart\"}}}','ExecuteCommand'),(586,16,'2018-11-02 17:56:35','{\"header\":{\"createTime\":1541152592591,\"messageType\":\"ExecuteCommand\",\"wasNeedReply\":\"yes \"},\"body\":{\"deviceUid\":\"shebei004\",\"messageSessionId\":\"859\",\"executeCommand\":{\"commandName\":\"restart\",\"commandType\":\"preinstall\",\"executedCommand\":\"restart\"}}}','ExecuteCommand'),(587,13,'2018-11-02 17:56:35','{\"header\":{\"createTime\":1541152592515,\"messageType\":\"ExecuteCommand\",\"wasNeedReply\":\"yes \"},\"body\":{\"deviceUid\":\"shebei001\",\"messageSessionId\":\"858\",\"executeCommand\":{\"commandName\":\"restart\",\"commandType\":\"preinstall\",\"executedCommand\":\"restart\"}}}','ExecuteCommand'),(588,18,'2018-11-02 17:56:35','{\"header\":{\"createTime\":1541152592746,\"messageType\":\"ExecuteCommand\",\"wasNeedReply\":\"yes \"},\"body\":{\"deviceUid\":\"shebei006\",\"messageSessionId\":\"860\",\"executeCommand\":{\"commandName\":\"restart\",\"commandType\":\"preinstall\",\"executedCommand\":\"restart\"}}}','ExecuteCommand'),(589,13,'2018-11-02 17:56:53','{\"header\":{\"createTime\":1541152611124,\"messageType\":\"ExecuteCommand\",\"wasNeedReply\":\"yes \"},\"body\":{\"deviceUid\":\"shebei001\",\"messageSessionId\":\"861\",\"executeCommand\":{\"commandName\":\"restart\",\"commandType\":\"preinstall\",\"executedCommand\":\"restart\"}}}','ExecuteCommand'),(590,16,'2018-11-02 17:56:53','{\"header\":{\"createTime\":1541152611257,\"messageType\":\"ExecuteCommand\",\"wasNeedReply\":\"yes \"},\"body\":{\"deviceUid\":\"shebei004\",\"messageSessionId\":\"862\",\"executeCommand\":{\"commandName\":\"restart\",\"commandType\":\"preinstall\",\"executedCommand\":\"restart\"}}}','ExecuteCommand'),(591,18,'2018-11-02 17:56:53','{\"header\":{\"createTime\":1541152611358,\"messageType\":\"ExecuteCommand\",\"wasNeedReply\":\"yes \"},\"body\":{\"deviceUid\":\"shebei006\",\"messageSessionId\":\"863\",\"executeCommand\":{\"commandName\":\"restart\",\"commandType\":\"preinstall\",\"executedCommand\":\"restart\"}}}','ExecuteCommand');

/*Table structure for table `device_mqtt_command_batch` */

DROP TABLE IF EXISTS `device_mqtt_command_batch`;

CREATE TABLE `device_mqtt_command_batch` (
  `mqttCommandBatchId` bigint(20) NOT NULL AUTO_INCREMENT COMMENT '设备命令批次表ID',
  `batchNo` varchar(32) DEFAULT NULL COMMENT '批次',
  `commandType` varchar(32) DEFAULT NULL COMMENT '命令类型 ',
  `commandCategory` varchar(32) DEFAULT NULL COMMENT '命令类别',
  `sendJson` text COMMENT '发送json',
  `createTime` datetime DEFAULT CURRENT_TIMESTAMP COMMENT '创建时间',
  `createUser` varchar(32) DEFAULT NULL COMMENT '添加人',
  PRIMARY KEY (`mqttCommandBatchId`)
) ENGINE=InnoDB AUTO_INCREMENT=551 DEFAULT CHARSET=utf8;

/*Data for the table `device_mqtt_command_batch` */

insert  into `device_mqtt_command_batch`(`mqttCommandBatchId`,`batchNo`,`commandType`,`commandCategory`,`sendJson`,`createTime`,`createUser`) values (544,'CB2018110298996','preinstall','restart','{\"header\":{\"createTime\":1541151792417,\"messageType\":\"ExecuteCommand\",\"wasNeedReply\":\"yes \"},\"body\":{\"deviceUid\":\"\",\"messageSessionId\":\"\",\"executeCommand\":{\"commandName\":\"restart\",\"commandType\":\"preinstall\",\"executedCommand\":\"restart\"}}}','2018-11-02 17:43:14','管理员'),(545,'CB2018110251066','shell','','{\"header\":{\"createTime\":1541151862658,\"messageType\":\"ExecuteCommand\",\"wasNeedReply\":\"yes \"},\"body\":{\"deviceUid\":\"\",\"messageSessionId\":\"\",\"executeCommand\":{\"commandName\":\"\",\"commandType\":\"shell\",\"executedCommand\":\"shell\"}}}','2018-11-02 17:44:24','管理员'),(546,'CB2018110218701','custom','','{\"header\":{\"createTime\":1541151910890,\"messageType\":\"ExecuteCommand\",\"wasNeedReply\":\"yes \"},\"body\":{\"deviceUid\":\"\",\"messageSessionId\":\"\",\"executeCommand\":{\"commandName\":\"\",\"commandType\":\"custom\",\"executedCommand\":\"custum\"}}}','2018-11-02 17:45:12','管理员'),(547,'CB2018110258158','preinstall','HWComponent','{\"header\":{\"createTime\":1541151934781,\"messageType\":\"ExecuteCommand\",\"wasNeedReply\":\"yes \"},\"body\":{\"deviceUid\":\"\",\"messageSessionId\":\"\",\"executeCommand\":{\"commandName\":\"HWComponent\",\"commandType\":\"preinstall\",\"executedCommand\":\"HWComponent\"}}}','2018-11-02 17:45:36','管理员'),(548,'CB2018110243420','preinstall','HWComponent','{\"header\":{\"createTime\":1541152332713,\"messageType\":\"ExecuteCommand\",\"wasNeedReply\":\"yes \"},\"body\":{\"deviceUid\":\"\",\"messageSessionId\":\"\",\"executeCommand\":{\"commandName\":\"HWComponent\",\"commandType\":\"preinstall\",\"executedCommand\":\"HWComponent\"}}}','2018-11-02 17:52:14','管理员'),(549,'CB2018110292851','preinstall','restart','{\"header\":{\"createTime\":1541152592746,\"messageType\":\"ExecuteCommand\",\"wasNeedReply\":\"yes \"},\"body\":{\"deviceUid\":\"\",\"messageSessionId\":\"\",\"executeCommand\":{\"commandName\":\"restart\",\"commandType\":\"preinstall\",\"executedCommand\":\"restart\"}}}','2018-11-02 17:56:34','管理员'),(550,'CB2018110263066','preinstall','restart','{\"header\":{\"createTime\":1541152611358,\"messageType\":\"ExecuteCommand\",\"wasNeedReply\":\"yes \"},\"body\":{\"deviceUid\":\"\",\"messageSessionId\":\"\",\"executeCommand\":{\"commandName\":\"restart\",\"commandType\":\"preinstall\",\"executedCommand\":\"restart\"}}}','2018-11-02 17:56:52','管理员');

/*Table structure for table `device_mqtt_command_file` */

DROP TABLE IF EXISTS `device_mqtt_command_file`;

CREATE TABLE `device_mqtt_command_file` (
  `mqttCommandFileId` bigint(20) NOT NULL COMMENT '设备调用命令文件ID',
  `mqttCommandLogId` bigint(20) DEFAULT NULL COMMENT '设备调用命令日志表ID',
  `fileCategory` varchar(64) DEFAULT NULL COMMENT '文件类型',
  `filePath` varchar(256) DEFAULT NULL COMMENT '文件所在路径',
  `fileName` varchar(64) DEFAULT NULL COMMENT '文件名称',
  `fileFormat` varchar(64) DEFAULT NULL COMMENT '文件格式',
  `fileVersionNumber` varchar(128) DEFAULT NULL COMMENT '文件版本号',
  `fileSize` varchar(32) DEFAULT NULL COMMENT '文件大小(Byte)',
  `fileDigest` varchar(64) DEFAULT NULL COMMENT '文件摘要(MD5)',
  `fileLastTime` datetime DEFAULT NULL COMMENT '文件最后更新时间',
  `fileType` varchar(32) DEFAULT NULL COMMENT '类型',
  `createUser` varchar(32) DEFAULT NULL COMMENT '添加人',
  `createTime` datetime DEFAULT CURRENT_TIMESTAMP COMMENT '创建时间',
  PRIMARY KEY (`mqttCommandFileId`)
) ENGINE=InnoDB DEFAULT CHARSET=utf8;

/*Data for the table `device_mqtt_command_file` */

/*Table structure for table `device_mqtt_command_logs` */

DROP TABLE IF EXISTS `device_mqtt_command_logs`;

CREATE TABLE `device_mqtt_command_logs` (
  `mqttCommandLogId` bigint(20) NOT NULL AUTO_INCREMENT COMMENT '设备调用命令日志表ID',
  `equipmentId` bigint(20) DEFAULT NULL COMMENT '运营设备ID',
  `mqttCommandBatchId` bigint(20) DEFAULT NULL COMMENT '设备命令批次表ID',
  `commandType` varchar(32) DEFAULT NULL COMMENT '命令类型 ',
  `commandCategory` varchar(32) DEFAULT NULL COMMENT '命令类别',
  `commandContent` text COMMENT '命令内容',
  `sendJson` text COMMENT '发送json',
  `receiveJson` text COMMENT '应答json',
  `resultJson` text COMMENT '结果json',
  `executeStatus` varchar(32) DEFAULT NULL COMMENT '执行状态',
  `createUser` varchar(32) DEFAULT NULL COMMENT '添加人',
  `createTime` datetime DEFAULT CURRENT_TIMESTAMP COMMENT '创建时间',
  `responseTime` datetime DEFAULT NULL COMMENT '应答时间',
  `finishTime` datetime DEFAULT NULL COMMENT '完成时间',
  PRIMARY KEY (`mqttCommandLogId`)
) ENGINE=InnoDB AUTO_INCREMENT=864 DEFAULT CHARSET=utf8;

/*Data for the table `device_mqtt_command_logs` */

insert  into `device_mqtt_command_logs`(`mqttCommandLogId`,`equipmentId`,`mqttCommandBatchId`,`commandType`,`commandCategory`,`commandContent`,`sendJson`,`receiveJson`,`resultJson`,`executeStatus`,`createUser`,`createTime`,`responseTime`,`finishTime`) values (848,23,544,'preinstall','restart','restart','{\"header\":{\"createTime\":1541151792348,\"messageType\":\"ExecuteCommand\",\"wasNeedReply\":\"yes \"},\"body\":{\"deviceUid\":\"shebei001\",\"messageSessionId\":\"848\",\"executeCommand\":{\"commandName\":\"restart\",\"commandType\":\"preinstall\",\"executedCommand\":\"restart\"}}}','{\"header\":{\"createTime\":1541151792829,\"messageType\":\"CommandServerReceived\",\"wasNeedReply\":\"no \"},\"body\":{\"messageSessionId\":\"848\"}}','{\"header\":{\"createTime\":1541151792930,\"messageType\":\"ExecuteCommandResult\",\"wasNeedReply\":\"no \"},\"body\":{\"messageSessionId\":\"848\",\"runResult\":{\"commandName\":\"具备预定义的值\",\"commandType\":\"预留，填写空串\",\"commandFile\":{\"fileCategory\":\"文件类型\",\"filePath\":\"文件所在路径\",\"fileName\":\"文件名称\",\"fileFormat\":\"文件格式\",\"fileVersionNumber\":\"文件版本号\",\"fileSize\":\"文件大小(Byte)\",\"fileDigest\":\"文件摘要(MD5)\",\"fileLastTime\":\"文件最后更新时间\"},\"executedCommand\":\"执行脚本的内容\",\"commandExecuteCode\":\"脚本执行返回值\"}}}','finished','管理员','2018-11-02 17:43:14','2018-11-02 17:43:14','2018-11-02 17:43:14'),(849,3,544,'preinstall','restart','restart','{\"header\":{\"createTime\":1541151792417,\"messageType\":\"ExecuteCommand\",\"wasNeedReply\":\"yes \"},\"body\":{\"deviceUid\":\"shebei004\",\"messageSessionId\":\"849\",\"executeCommand\":{\"commandName\":\"restart\",\"commandType\":\"preinstall\",\"executedCommand\":\"restart\"}}}','{\"header\":{\"createTime\":1541151792826,\"messageType\":\"CommandServerReceived\",\"wasNeedReply\":\"no \"},\"body\":{\"messageSessionId\":\"849\"}}','{\"header\":{\"createTime\":1541151792929,\"messageType\":\"ExecuteCommandResult\",\"wasNeedReply\":\"no \"},\"body\":{\"messageSessionId\":\"849\",\"runResult\":{\"commandName\":\"具备预定义的值\",\"commandType\":\"预留，填写空串\",\"commandFile\":{\"fileCategory\":\"文件类型\",\"filePath\":\"文件所在路径\",\"fileName\":\"文件名称\",\"fileFormat\":\"文件格式\",\"fileVersionNumber\":\"文件版本号\",\"fileSize\":\"文件大小(Byte)\",\"fileDigest\":\"文件摘要(MD5)\",\"fileLastTime\":\"文件最后更新时间\"},\"executedCommand\":\"执行脚本的内容\",\"commandExecuteCode\":\"脚本执行返回值\"}}}','finished','管理员','2018-11-02 17:43:14','2018-11-02 17:43:14','2018-11-02 17:43:14'),(850,23,545,'shell','','shell','{\"header\":{\"createTime\":1541151862636,\"messageType\":\"ExecuteCommand\",\"wasNeedReply\":\"yes \"},\"body\":{\"deviceUid\":\"shebei001\",\"messageSessionId\":\"850\",\"executeCommand\":{\"commandName\":\"\",\"commandType\":\"shell\",\"executedCommand\":\"shell\"}}}','{\"header\":{\"createTime\":1541151862677,\"messageType\":\"CommandServerReceived\",\"wasNeedReply\":\"no \"},\"body\":{\"messageSessionId\":\"850\"}}','{\"header\":{\"createTime\":1541151862700,\"messageType\":\"ExecuteCommandResult\",\"wasNeedReply\":\"no \"},\"body\":{\"messageSessionId\":\"850\",\"runResult\":{\"commandName\":\"具备预定义的值\",\"commandType\":\"预留，填写空串\",\"commandFile\":{\"fileCategory\":\"文件类型\",\"filePath\":\"文件所在路径\",\"fileName\":\"文件名称\",\"fileFormat\":\"文件格式\",\"fileVersionNumber\":\"文件版本号\",\"fileSize\":\"文件大小(Byte)\",\"fileDigest\":\"文件摘要(MD5)\",\"fileLastTime\":\"文件最后更新时间\"},\"executedCommand\":\"执行脚本的内容\",\"commandExecuteCode\":\"脚本执行返回值\"}}}','finished','管理员','2018-11-02 17:44:24','2018-11-02 17:44:26','2018-11-02 17:44:27'),(851,3,545,'shell','','shell','{\"header\":{\"createTime\":1541151862658,\"messageType\":\"ExecuteCommand\",\"wasNeedReply\":\"yes \"},\"body\":{\"deviceUid\":\"shebei004\",\"messageSessionId\":\"851\",\"executeCommand\":{\"commandName\":\"\",\"commandType\":\"shell\",\"executedCommand\":\"shell\"}}}','{\"header\":{\"createTime\":1541151862698,\"messageType\":\"CommandServerReceived\",\"wasNeedReply\":\"no \"},\"body\":{\"messageSessionId\":\"851\"}}','{\"header\":{\"createTime\":1541151862700,\"messageType\":\"ExecuteCommandResult\",\"wasNeedReply\":\"no \"},\"body\":{\"messageSessionId\":\"851\",\"runResult\":{\"commandName\":\"具备预定义的值\",\"commandType\":\"预留，填写空串\",\"commandFile\":{\"fileCategory\":\"文件类型\",\"filePath\":\"文件所在路径\",\"fileName\":\"文件名称\",\"fileFormat\":\"文件格式\",\"fileVersionNumber\":\"文件版本号\",\"fileSize\":\"文件大小(Byte)\",\"fileDigest\":\"文件摘要(MD5)\",\"fileLastTime\":\"文件最后更新时间\"},\"executedCommand\":\"执行脚本的内容\",\"commandExecuteCode\":\"脚本执行返回值\"}}}','finished','管理员','2018-11-02 17:44:24','2018-11-02 17:44:26','2018-11-02 17:44:26'),(852,23,546,'custom','','custum','{\"header\":{\"createTime\":1541151910866,\"messageType\":\"ExecuteCommand\",\"wasNeedReply\":\"yes \"},\"body\":{\"deviceUid\":\"shebei001\",\"messageSessionId\":\"852\",\"executeCommand\":{\"commandName\":\"\",\"commandType\":\"custom\",\"executedCommand\":\"custum\"}}}','{\"header\":{\"createTime\":1541151910906,\"messageType\":\"CommandServerReceived\",\"wasNeedReply\":\"no \"},\"body\":{\"messageSessionId\":\"852\"}}','{\"header\":{\"createTime\":1541151910939,\"messageType\":\"ExecuteCommandResult\",\"wasNeedReply\":\"no \"},\"body\":{\"messageSessionId\":\"852\",\"runResult\":{\"commandName\":\"具备预定义的值\",\"commandType\":\"预留，填写空串\",\"commandFile\":{\"fileCategory\":\"文件类型\",\"filePath\":\"文件所在路径\",\"fileName\":\"文件名称\",\"fileFormat\":\"文件格式\",\"fileVersionNumber\":\"文件版本号\",\"fileSize\":\"文件大小(Byte)\",\"fileDigest\":\"文件摘要(MD5)\",\"fileLastTime\":\"文件最后更新时间\"},\"executedCommand\":\"执行脚本的内容\",\"commandExecuteCode\":\"脚本执行返回值\"}}}','finished','管理员','2018-11-02 17:45:12','2018-11-02 17:45:11','2018-11-02 17:45:11'),(853,3,546,'custom','','custum','{\"header\":{\"createTime\":1541151910890,\"messageType\":\"ExecuteCommand\",\"wasNeedReply\":\"yes \"},\"body\":{\"deviceUid\":\"shebei004\",\"messageSessionId\":\"853\",\"executeCommand\":{\"commandName\":\"\",\"commandType\":\"custom\",\"executedCommand\":\"custum\"}}}','{\"header\":{\"createTime\":1541151910945,\"messageType\":\"CommandServerReceived\",\"wasNeedReply\":\"no \"},\"body\":{\"messageSessionId\":\"853\"}}','{\"header\":{\"createTime\":1541151910945,\"messageType\":\"ExecuteCommandResult\",\"wasNeedReply\":\"no \"},\"body\":{\"messageSessionId\":\"853\",\"runResult\":{\"commandName\":\"具备预定义的值\",\"commandType\":\"预留，填写空串\",\"commandFile\":{\"fileCategory\":\"文件类型\",\"filePath\":\"文件所在路径\",\"fileName\":\"文件名称\",\"fileFormat\":\"文件格式\",\"fileVersionNumber\":\"文件版本号\",\"fileSize\":\"文件大小(Byte)\",\"fileDigest\":\"文件摘要(MD5)\",\"fileLastTime\":\"文件最后更新时间\"},\"executedCommand\":\"执行脚本的内容\",\"commandExecuteCode\":\"脚本执行返回值\"}}}','finished','管理员','2018-11-02 17:45:12','2018-11-02 17:45:11','2018-11-02 17:45:11'),(854,3,547,'preinstall','HWComponent','HWComponent','{\"header\":{\"createTime\":1541151934781,\"messageType\":\"ExecuteCommand\",\"wasNeedReply\":\"yes \"},\"body\":{\"deviceUid\":\"shebei004\",\"messageSessionId\":\"854\",\"executeCommand\":{\"commandName\":\"HWComponent\",\"commandType\":\"preinstall\",\"executedCommand\":\"HWComponent\"}}}','{\"header\":{\"createTime\":1541151934834,\"messageType\":\"CommandServerReceived\",\"wasNeedReply\":\"no \"},\"body\":{\"messageSessionId\":\"854\"}}','{\"header\":{\"createTime\":1541151934857,\"messageType\":\"ExecuteCommandResult\",\"wasNeedReply\":\"no \"},\"body\":{\"messageSessionId\":\"854\",\"runResult\":{\"commandName\":\"具备预定义的值\",\"commandType\":\"预留，填写空串\",\"commandFile\":{\"fileCategory\":\"文件类型\",\"filePath\":\"文件所在路径\",\"fileName\":\"文件名称\",\"fileFormat\":\"文件格式\",\"fileVersionNumber\":\"文件版本号\",\"fileSize\":\"文件大小(Byte)\",\"fileDigest\":\"文件摘要(MD5)\",\"fileLastTime\":\"文件最后更新时间\"},\"executedCommand\":\"执行脚本的内容\",\"commandExecuteCode\":\"脚本执行返回值\"}}}','finished','管理员','2018-11-02 17:45:36','2018-11-02 17:45:39','2018-11-02 17:45:39'),(855,8,548,'preinstall','HWComponent','HWComponent','{\"header\":{\"createTime\":1541152332559,\"messageType\":\"ExecuteCommand\",\"wasNeedReply\":\"yes \"},\"body\":{\"deviceUid\":\"shebei006\",\"messageSessionId\":\"855\",\"executeCommand\":{\"commandName\":\"HWComponent\",\"commandType\":\"preinstall\",\"executedCommand\":\"HWComponent\"}}}','{\"header\":{\"createTime\":1541152332793,\"messageType\":\"CommandServerReceived\",\"wasNeedReply\":\"no \"},\"body\":{\"messageSessionId\":\"855\"}}','{\"header\":{\"createTime\":1541152332852,\"messageType\":\"ExecuteCommandResult\",\"wasNeedReply\":\"no \"},\"body\":{\"messageSessionId\":\"855\",\"runResult\":{\"commandName\":\"具备预定义的值\",\"commandType\":\"预留，填写空串\",\"commandFile\":{\"fileCategory\":\"文件类型\",\"filePath\":\"文件所在路径\",\"fileName\":\"文件名称\",\"fileFormat\":\"文件格式\",\"fileVersionNumber\":\"文件版本号\",\"fileSize\":\"文件大小(Byte)\",\"fileDigest\":\"文件摘要(MD5)\",\"fileLastTime\":\"文件最后更新时间\"},\"executedCommand\":\"执行脚本的内容\",\"commandExecuteCode\":\"脚本执行返回值\"}}}','finished','管理员','2018-11-02 17:52:14','2018-11-02 17:52:17','2018-11-02 17:52:17'),(856,3,548,'preinstall','HWComponent','HWComponent','{\"header\":{\"createTime\":1541152332670,\"messageType\":\"ExecuteCommand\",\"wasNeedReply\":\"yes \"},\"body\":{\"deviceUid\":\"shebei004\",\"messageSessionId\":\"856\",\"executeCommand\":{\"commandName\":\"HWComponent\",\"commandType\":\"preinstall\",\"executedCommand\":\"HWComponent\"}}}','{\"header\":{\"createTime\":1541152332804,\"messageType\":\"CommandServerReceived\",\"wasNeedReply\":\"no \"},\"body\":{\"messageSessionId\":\"856\"}}','{\"header\":{\"createTime\":1541152332852,\"messageType\":\"ExecuteCommandResult\",\"wasNeedReply\":\"no \"},\"body\":{\"messageSessionId\":\"856\",\"runResult\":{\"commandName\":\"具备预定义的值\",\"commandType\":\"预留，填写空串\",\"commandFile\":{\"fileCategory\":\"文件类型\",\"filePath\":\"文件所在路径\",\"fileName\":\"文件名称\",\"fileFormat\":\"文件格式\",\"fileVersionNumber\":\"文件版本号\",\"fileSize\":\"文件大小(Byte)\",\"fileDigest\":\"文件摘要(MD5)\",\"fileLastTime\":\"文件最后更新时间\"},\"executedCommand\":\"执行脚本的内容\",\"commandExecuteCode\":\"脚本执行返回值\"}}}','finished','管理员','2018-11-02 17:52:14','2018-11-02 17:52:17','2018-11-02 17:52:17'),(857,23,548,'preinstall','HWComponent','HWComponent','{\"header\":{\"createTime\":1541152332713,\"messageType\":\"ExecuteCommand\",\"wasNeedReply\":\"yes \"},\"body\":{\"deviceUid\":\"shebei001\",\"messageSessionId\":\"857\",\"executeCommand\":{\"commandName\":\"HWComponent\",\"commandType\":\"preinstall\",\"executedCommand\":\"HWComponent\"}}}','{\"header\":{\"createTime\":1541152332829,\"messageType\":\"CommandServerReceived\",\"wasNeedReply\":\"no \"},\"body\":{\"messageSessionId\":\"857\"}}','{\"header\":{\"createTime\":1541152332852,\"messageType\":\"ExecuteCommandResult\",\"wasNeedReply\":\"no \"},\"body\":{\"messageSessionId\":\"857\",\"runResult\":{\"commandName\":\"具备预定义的值\",\"commandType\":\"预留，填写空串\",\"commandFile\":{\"fileCategory\":\"文件类型\",\"filePath\":\"文件所在路径\",\"fileName\":\"文件名称\",\"fileFormat\":\"文件格式\",\"fileVersionNumber\":\"文件版本号\",\"fileSize\":\"文件大小(Byte)\",\"fileDigest\":\"文件摘要(MD5)\",\"fileLastTime\":\"文件最后更新时间\"},\"executedCommand\":\"执行脚本的内容\",\"commandExecuteCode\":\"脚本执行返回值\"}}}','finished','管理员','2018-11-02 17:52:14','2018-11-02 17:52:17','2018-11-02 17:52:17'),(858,23,549,'preinstall','restart','restart','{\"header\":{\"createTime\":1541152592515,\"messageType\":\"ExecuteCommand\",\"wasNeedReply\":\"yes \"},\"body\":{\"deviceUid\":\"shebei001\",\"messageSessionId\":\"858\",\"executeCommand\":{\"commandName\":\"restart\",\"commandType\":\"preinstall\",\"executedCommand\":\"restart\"}}}','{\"header\":{\"createTime\":1541152593249,\"messageType\":\"CommandServerReceived\",\"wasNeedReply\":\"no \"},\"body\":{\"messageSessionId\":\"858\"}}','{\"header\":{\"createTime\":1541152593252,\"messageType\":\"ExecuteCommandResult\",\"wasNeedReply\":\"no \"},\"body\":{\"messageSessionId\":\"858\",\"runResult\":{\"commandName\":\"具备预定义的值\",\"commandType\":\"预留，填写空串\",\"commandFile\":{\"fileCategory\":\"文件类型\",\"filePath\":\"文件所在路径\",\"fileName\":\"文件名称\",\"fileFormat\":\"文件格式\",\"fileVersionNumber\":\"文件版本号\",\"fileSize\":\"文件大小(Byte)\",\"fileDigest\":\"文件摘要(MD5)\",\"fileLastTime\":\"文件最后更新时间\"},\"executedCommand\":\"执行脚本的内容\",\"commandExecuteCode\":\"脚本执行返回值\"}}}','finished','管理员','2018-11-02 17:56:34','2018-11-02 17:56:35','2018-11-02 17:56:35'),(859,3,549,'preinstall','restart','restart','{\"header\":{\"createTime\":1541152592591,\"messageType\":\"ExecuteCommand\",\"wasNeedReply\":\"yes \"},\"body\":{\"deviceUid\":\"shebei004\",\"messageSessionId\":\"859\",\"executeCommand\":{\"commandName\":\"restart\",\"commandType\":\"preinstall\",\"executedCommand\":\"restart\"}}}','{\"header\":{\"createTime\":1541152593249,\"messageType\":\"CommandServerReceived\",\"wasNeedReply\":\"no \"},\"body\":{\"messageSessionId\":\"859\"}}','{\"header\":{\"createTime\":1541152593251,\"messageType\":\"ExecuteCommandResult\",\"wasNeedReply\":\"no \"},\"body\":{\"messageSessionId\":\"859\",\"runResult\":{\"commandName\":\"具备预定义的值\",\"commandType\":\"预留，填写空串\",\"commandFile\":{\"fileCategory\":\"文件类型\",\"filePath\":\"文件所在路径\",\"fileName\":\"文件名称\",\"fileFormat\":\"文件格式\",\"fileVersionNumber\":\"文件版本号\",\"fileSize\":\"文件大小(Byte)\",\"fileDigest\":\"文件摘要(MD5)\",\"fileLastTime\":\"文件最后更新时间\"},\"executedCommand\":\"执行脚本的内容\",\"commandExecuteCode\":\"脚本执行返回值\"}}}','finished','管理员','2018-11-02 17:56:34','2018-11-02 17:56:34','2018-11-02 17:56:34'),(860,8,549,'preinstall','restart','restart','{\"header\":{\"createTime\":1541152592746,\"messageType\":\"ExecuteCommand\",\"wasNeedReply\":\"yes \"},\"body\":{\"deviceUid\":\"shebei006\",\"messageSessionId\":\"860\",\"executeCommand\":{\"commandName\":\"restart\",\"commandType\":\"preinstall\",\"executedCommand\":\"restart\"}}}','{\"header\":{\"createTime\":1541152593529,\"messageType\":\"CommandServerReceived\",\"wasNeedReply\":\"no \"},\"body\":{\"messageSessionId\":\"860\"}}','{\"header\":{\"createTime\":1541152593530,\"messageType\":\"ExecuteCommandResult\",\"wasNeedReply\":\"no \"},\"body\":{\"messageSessionId\":\"860\",\"runResult\":{\"commandName\":\"具备预定义的值\",\"commandType\":\"预留，填写空串\",\"commandFile\":{\"fileCategory\":\"文件类型\",\"filePath\":\"文件所在路径\",\"fileName\":\"文件名称\",\"fileFormat\":\"文件格式\",\"fileVersionNumber\":\"文件版本号\",\"fileSize\":\"文件大小(Byte)\",\"fileDigest\":\"文件摘要(MD5)\",\"fileLastTime\":\"文件最后更新时间\"},\"executedCommand\":\"执行脚本的内容\",\"commandExecuteCode\":\"脚本执行返回值\"}}}','finished','管理员','2018-11-02 17:56:34','2018-11-02 17:56:35','2018-11-02 17:56:35'),(861,23,550,'preinstall','restart','restart','{\"header\":{\"createTime\":1541152611124,\"messageType\":\"ExecuteCommand\",\"wasNeedReply\":\"yes \"},\"body\":{\"deviceUid\":\"shebei001\",\"messageSessionId\":\"861\",\"executeCommand\":{\"commandName\":\"restart\",\"commandType\":\"preinstall\",\"executedCommand\":\"restart\"}}}','{\"header\":{\"createTime\":1541152611358,\"messageType\":\"CommandServerReceived\",\"wasNeedReply\":\"no \"},\"body\":{\"messageSessionId\":\"861\"}}','{\"header\":{\"createTime\":1541152611413,\"messageType\":\"ExecuteCommandResult\",\"wasNeedReply\":\"no \"},\"body\":{\"messageSessionId\":\"861\",\"runResult\":{\"commandName\":\"具备预定义的值\",\"commandType\":\"预留，填写空串\",\"commandFile\":{\"fileCategory\":\"文件类型\",\"filePath\":\"文件所在路径\",\"fileName\":\"文件名称\",\"fileFormat\":\"文件格式\",\"fileVersionNumber\":\"文件版本号\",\"fileSize\":\"文件大小(Byte)\",\"fileDigest\":\"文件摘要(MD5)\",\"fileLastTime\":\"文件最后更新时间\"},\"executedCommand\":\"执行脚本的内容\",\"commandExecuteCode\":\"脚本执行返回值\"}}}','finished','管理员','2018-11-02 17:56:52','2018-11-02 17:56:52','2018-11-02 17:56:53'),(862,3,550,'preinstall','restart','restart','{\"header\":{\"createTime\":1541152611257,\"messageType\":\"ExecuteCommand\",\"wasNeedReply\":\"yes \"},\"body\":{\"deviceUid\":\"shebei004\",\"messageSessionId\":\"862\",\"executeCommand\":{\"commandName\":\"restart\",\"commandType\":\"preinstall\",\"executedCommand\":\"restart\"}}}','{\"header\":{\"createTime\":1541152611388,\"messageType\":\"CommandServerReceived\",\"wasNeedReply\":\"no \"},\"body\":{\"messageSessionId\":\"862\"}}','{\"header\":{\"createTime\":1541152611413,\"messageType\":\"ExecuteCommandResult\",\"wasNeedReply\":\"no \"},\"body\":{\"messageSessionId\":\"862\",\"runResult\":{\"commandName\":\"具备预定义的值\",\"commandType\":\"预留，填写空串\",\"commandFile\":{\"fileCategory\":\"文件类型\",\"filePath\":\"文件所在路径\",\"fileName\":\"文件名称\",\"fileFormat\":\"文件格式\",\"fileVersionNumber\":\"文件版本号\",\"fileSize\":\"文件大小(Byte)\",\"fileDigest\":\"文件摘要(MD5)\",\"fileLastTime\":\"文件最后更新时间\"},\"executedCommand\":\"执行脚本的内容\",\"commandExecuteCode\":\"脚本执行返回值\"}}}','finished','管理员','2018-11-02 17:56:53','2018-11-02 17:56:52','2018-11-02 17:56:53'),(863,8,550,'preinstall','restart','restart','{\"header\":{\"createTime\":1541152611358,\"messageType\":\"ExecuteCommand\",\"wasNeedReply\":\"yes \"},\"body\":{\"deviceUid\":\"shebei006\",\"messageSessionId\":\"863\",\"executeCommand\":{\"commandName\":\"restart\",\"commandType\":\"preinstall\",\"executedCommand\":\"restart\"}}}','{\"header\":{\"createTime\":1541152611616,\"messageType\":\"CommandServerReceived\",\"wasNeedReply\":\"no \"},\"body\":{\"messageSessionId\":\"863\"}}','{\"header\":{\"createTime\":1541152611616,\"messageType\":\"ExecuteCommandResult\",\"wasNeedReply\":\"no \"},\"body\":{\"messageSessionId\":\"863\",\"runResult\":{\"commandName\":\"具备预定义的值\",\"commandType\":\"预留，填写空串\",\"commandFile\":{\"fileCategory\":\"文件类型\",\"filePath\":\"文件所在路径\",\"fileName\":\"文件名称\",\"fileFormat\":\"文件格式\",\"fileVersionNumber\":\"文件版本号\",\"fileSize\":\"文件大小(Byte)\",\"fileDigest\":\"文件摘要(MD5)\",\"fileLastTime\":\"文件最后更新时间\"},\"executedCommand\":\"执行脚本的内容\",\"commandExecuteCode\":\"脚本执行返回值\"}}}','finished','管理员','2018-11-02 17:56:53','2018-11-02 17:56:53','2018-11-02 17:56:53');

/*Table structure for table `device_mqtt_regist_logs` */

DROP TABLE IF EXISTS `device_mqtt_regist_logs`;

CREATE TABLE `device_mqtt_regist_logs` (
  `mqttRegistLogId` bigint(20) NOT NULL AUTO_INCREMENT COMMENT '设备注册信息日志ID',
  `deviceuId` varchar(128) DEFAULT NULL COMMENT '设备唯一ID',
  `sendJson` text COMMENT '发送json',
  `receiveJson` text COMMENT '接收json',
  `createUser` varchar(32) DEFAULT NULL COMMENT '添加人',
  `createTime` datetime DEFAULT CURRENT_TIMESTAMP COMMENT '创建时间',
  `sendTime` datetime DEFAULT NULL COMMENT '发送时间',
  PRIMARY KEY (`mqttRegistLogId`)
) ENGINE=InnoDB AUTO_INCREMENT=220 DEFAULT CHARSET=utf8;

/*Data for the table `device_mqtt_regist_logs` */

insert  into `device_mqtt_regist_logs`(`mqttRegistLogId`,`deviceuId`,`sendJson`,`receiveJson`,`createUser`,`createTime`,`sendTime`) values (1,'0102xxxzl',NULL,'{\"header\":{\"createTime\":1539754908791,\"messageType\":\"Regist\",\"wasNeedReply\":\"yes \"},\"body\":{\"registMainInfo\":{\"deviceUid\":\"0102xxxzl\",\"deviceCode\":\"0102zl001\",\"stationCode\":\"0102\",\"deviceStatus\":\"INSERVICE \"},\"deviceDescription\":{\"identifier\":{\"HWID\":\"FDSFDSFDSFXDFsdrfe2432fessdfds\"},\"location\":{\"cityCode\":\"01\",\"lineCode\":\"01\",\"stationCode\":\"02\",\"localPosition\":\"西北角\",\"GPSLocation\":\"90 63 62 15\"},\"config\":{\"deviceCode\":\"设备编号\",\"deviceType\":\"设备类型\",\"deviceSubType\":\"设备子类型\",\"deviceSettings\":null},\"HWComponent\":{\"HWName\":\"英文缩写名称\",\"HWID\":\"硬件编号\",\"HWStatus\":\"是否安装，是否正常\",\"HWStatusCode\":\"预留\",\"HWSettings\":\"预留\",\"subComponentList\":null},\"SWComponent\":{\"SWName\":\"英文缩写名称\",\"SWID\":\"组件编号\",\"SWType\":\"英文缩写类型\",\"basePath\":\"组件安装路径\",\"componentFile\":{\"fileCategory\":\"文件类型\",\"filePath\":\"文件所在路径\",\"fileName\":\"文件名称\",\"fileFormat\":\"文件格式\",\"fileVersionNumber\":\"文件版本号\",\"fileSize\":\"文件大小(Byte)\",\"fileDigest\":\"文件摘要(MD5)\",\"fileLastTime\":\"文件最后更新时间\"},\"componentFileList\":[{\"fileCategory\":\"文件类型\",\"filePath\":\"文件所在路径\",\"fileName\":\"文件名称\",\"fileFormat\":\"文件格式\",\"fileVersionNumber\":\"文件版本号\",\"fileSize\":\"文件大小(Byte)\",\"fileDigest\":\"文件摘要(MD5)\",\"fileLastTime\":\"文件最后更新时间\"}]}}}}','系统服务','2018-10-17 13:46:23',NULL),(2,'device001','{\"header\":{\"createTime\":\"时间戳\",\"messageType\":\"DeviceRegistrationReply\",\"wasNeedReply\":\"no\"},\"body\":{\"deviceUid\":\"device001\",\"returnCode\":\"0\",\"fileServerConfig\":{\"serverName\":\"服务器名字\",\"serverProtocol\":\"默认。其他待定\",\"serverAddress\":\"IP地址或域名\",\"serverPort\":\"端口号\",\"serverHomePath\":\"用户根目录\",\"authorization\":\"使用 username:password形式。其他待定\",\"serverSettings\":\"预留\"}}}','{\"header\":{\"createTime\":1539755777711,\"messageType\":\"Regist\",\"wasNeedReply\":\"yes \"},\"body\":{\"registMainInfo\":{\"deviceUid\":\"device001\",\"deviceCode\":\"deviceCode001\",\"stationCode\":\"0102stationCode\",\"deviceStatus\":\"INSERVICE \"},\"deviceDescription\":{\"identifier\":{\"HWID\":\"FDSFDSFDSFXDFsdrfe2432fessdfds\"},\"location\":{\"cityCode\":\"01\",\"lineCode\":\"01\",\"stationCode\":\"02\",\"localPosition\":\"西北角\",\"GPSLocation\":\"90 63 62 15\"},\"config\":{\"deviceCode\":\"设备编号\",\"deviceType\":\"设备类型\",\"deviceSubType\":\"设备子类型\",\"deviceSettings\":null},\"HWComponent\":{\"HWName\":\"英文缩写名称\",\"HWID\":\"硬件编号\",\"HWStatus\":\"是否安装，是否正常\",\"HWStatusCode\":\"预留\",\"HWSettings\":\"预留\",\"subComponentList\":null},\"SWComponent\":{\"SWName\":\"英文缩写名称\",\"SWID\":\"组件编号\",\"SWType\":\"英文缩写类型\",\"basePath\":\"组件安装路径\",\"componentFile\":{\"fileCategory\":\"文件类型\",\"filePath\":\"文件所在路径\",\"fileName\":\"文件名称\",\"fileFormat\":\"文件格式\",\"fileVersionNumber\":\"文件版本号\",\"fileSize\":\"文件大小(Byte)\",\"fileDigest\":\"文件摘要(MD5)\",\"fileLastTime\":\"文件最后更新时间\"},\"componentFileList\":[{\"fileCategory\":\"文件类型\",\"filePath\":\"文件所在路径\",\"fileName\":\"文件名称\",\"fileFormat\":\"文件格式\",\"fileVersionNumber\":\"文件版本号\",\"fileSize\":\"文件大小(Byte)\",\"fileDigest\":\"文件摘要(MD5)\",\"fileLastTime\":\"文件最后更新时间\"}]}}}}','系统服务','2018-10-17 13:56:24','2018-10-17 13:56:51'),(3,'device001','{\"header\":{\"createTime\":\"时间戳\",\"messageType\":\"DeviceRegistrationReply\",\"wasNeedReply\":\"no\"},\"body\":{\"deviceUid\":\"device001\",\"returnCode\":\"0\",\"fileServerConfig\":{\"serverName\":\"服务器名字\",\"serverProtocol\":\"默认。其他待定\",\"serverAddress\":\"IP地址或域名\",\"serverPort\":\"端口号\",\"serverHomePath\":\"用户根目录\",\"authorization\":\"使用 username:password形式。其他待定\",\"serverSettings\":\"预留\"}}}','{\"header\":{\"createTime\":1539755777711,\"messageType\":\"Regist\",\"wasNeedReply\":\"yes \"},\"body\":{\"registMainInfo\":{\"deviceUid\":\"device001\",\"deviceCode\":\"deviceCode001\",\"stationCode\":\"0102stationCode\",\"deviceStatus\":\"INSERVICE \"},\"deviceDescription\":{\"identifier\":{\"HWID\":\"FDSFDSFDSFXDFsdrfe2432fessdfds\"},\"location\":{\"cityCode\":\"01\",\"lineCode\":\"01\",\"stationCode\":\"02\",\"localPosition\":\"西北角\",\"GPSLocation\":\"90 63 62 15\"},\"config\":{\"deviceCode\":\"设备编号\",\"deviceType\":\"设备类型\",\"deviceSubType\":\"设备子类型\",\"deviceSettings\":null},\"HWComponent\":{\"HWName\":\"英文缩写名称\",\"HWID\":\"硬件编号\",\"HWStatus\":\"是否安装，是否正常\",\"HWStatusCode\":\"预留\",\"HWSettings\":\"预留\",\"subComponentList\":null},\"SWComponent\":{\"SWName\":\"英文缩写名称\",\"SWID\":\"组件编号\",\"SWType\":\"英文缩写类型\",\"basePath\":\"组件安装路径\",\"componentFile\":{\"fileCategory\":\"文件类型\",\"filePath\":\"文件所在路径\",\"fileName\":\"文件名称\",\"fileFormat\":\"文件格式\",\"fileVersionNumber\":\"文件版本号\",\"fileSize\":\"文件大小(Byte)\",\"fileDigest\":\"文件摘要(MD5)\",\"fileLastTime\":\"文件最后更新时间\"},\"componentFileList\":[{\"fileCategory\":\"文件类型\",\"filePath\":\"文件所在路径\",\"fileName\":\"文件名称\",\"fileFormat\":\"文件格式\",\"fileVersionNumber\":\"文件版本号\",\"fileSize\":\"文件大小(Byte)\",\"fileDigest\":\"文件摘要(MD5)\",\"fileLastTime\":\"文件最后更新时间\"}]}}}}','系统服务','2018-10-17 13:56:58','2018-10-17 13:56:58'),(4,'device001','{\"header\":{\"createTime\":\"时间戳\",\"messageType\":\"DeviceRegistrationReply\",\"wasNeedReply\":\"no\"},\"body\":{\"deviceUid\":\"device001\",\"returnCode\":\"-1\"}}','{\"header\":{\"createTime\":1540459063665,\"messageType\":\"Regist\",\"wasNeedReply\":\"yes \"},\"body\":{\"registMainInfo\":{\"deviceUid\":\"device001\",\"deviceCode\":\"deviceCode001\",\"stationCode\":\"0102stationCode\",\"deviceStatus\":\"INSERVICE \"},\"deviceDescription\":{\"identifier\":{\"HWID\":\"FDSFDSFDSFXDFsdrfe2432fessdfds\"},\"location\":{\"cityCode\":\"01\",\"lineCode\":\"01\",\"stationCode\":\"02\",\"localPosition\":\"西北角\",\"GPSLocation\":\"90 63 62 15\"},\"config\":{\"deviceCode\":\"设备编号\",\"deviceType\":\"设备类型\",\"deviceSubType\":\"设备子类型\",\"deviceSettings\":null},\"HWComponent\":{\"HWName\":\"英文缩写名称\",\"HWID\":\"硬件编号\",\"HWStatus\":\"是否安装，是否正常\",\"HWStatusCode\":\"预留\",\"HWSettings\":\"预留\",\"subComponentList\":null},\"SWComponent\":{\"SWName\":\"英文缩写名称\",\"SWID\":\"组件编号\",\"SWType\":\"英文缩写类型\",\"basePath\":\"组件安装路径\",\"componentFile\":{\"fileCategory\":\"文件类型\",\"filePath\":\"文件所在路径\",\"fileName\":\"文件名称\",\"fileFormat\":\"文件格式\",\"fileVersionNumber\":\"文件版本号\",\"fileSize\":\"文件大小(Byte)\",\"fileDigest\":\"文件摘要(MD5)\",\"fileLastTime\":\"文件最后更新时间\"},\"componentFileList\":[{\"fileCategory\":\"文件类型\",\"filePath\":\"文件所在路径\",\"fileName\":\"文件名称\",\"fileFormat\":\"文件格式\",\"fileVersionNumber\":\"文件版本号\",\"fileSize\":\"文件大小(Byte)\",\"fileDigest\":\"文件摘要(MD5)\",\"fileLastTime\":\"文件最后更新时间\"}]}}}}','系统服务','2018-10-25 17:17:46','2018-10-25 17:17:46'),(5,'decevice1','{\"header\":{\"createTime\":\"时间戳\",\"messageType\":\"DeviceRegistrationReply\",\"wasNeedReply\":\"no\"},\"body\":{\"deviceUid\":\"decevice1\",\"returnCode\":\"-1\"}}','{\"header\":{\"createTime\":1541136965692,\"messageType\":\"Regist\",\"wasNeedReply\":\"yes \"},\"body\":{\"registMainInfo\":{\"deviceUid\":\"decevice1\",\"deviceCode\":\"deviceCode001\",\"stationCode\":\"0102stationCode\",\"deviceStatus\":\"INSERVICE \"},\"deviceDescription\":{\"identifier\":{\"HWID\":\"FDSFDSFDSFXDFsdrfe2432fessdfds\"},\"location\":{\"cityCode\":\"01\",\"lineCode\":\"01\",\"stationCode\":\"02\",\"localPosition\":\"西北角\",\"GPSLocation\":\"90 63 62 15\"},\"config\":{\"deviceCode\":\"设备编号\",\"deviceType\":\"设备类型\",\"deviceSubType\":\"设备子类型\",\"deviceSettings\":null},\"HWComponent\":{\"HWName\":\"英文缩写名称\",\"HWID\":\"硬件编号\",\"HWStatus\":\"是否安装，是否正常\",\"HWStatusCode\":\"预留\",\"HWSettings\":\"预留\",\"subComponentList\":null},\"SWComponent\":{\"SWName\":\"英文缩写名称\",\"SWID\":\"组件编号\",\"SWType\":\"英文缩写类型\",\"basePath\":\"组件安装路径\",\"componentFile\":{\"fileCategory\":\"文件类型\",\"filePath\":\"文件所在路径\",\"fileName\":\"文件名称\",\"fileFormat\":\"文件格式\",\"fileVersionNumber\":\"文件版本号\",\"fileSize\":\"文件大小(Byte)\",\"fileDigest\":\"文件摘要(MD5)\",\"fileLastTime\":\"文件最后更新时间\"},\"componentFileList\":[{\"fileCategory\":\"文件类型\",\"filePath\":\"文件所在路径\",\"fileName\":\"文件名称\",\"fileFormat\":\"文件格式\",\"fileVersionNumber\":\"文件版本号\",\"fileSize\":\"文件大小(Byte)\",\"fileDigest\":\"文件摘要(MD5)\",\"fileLastTime\":\"文件最后更新时间\"}]}}}}','系统服务','2018-11-02 13:36:07','2018-11-02 13:36:07'),(6,'decevice2','{\"header\":{\"createTime\":\"时间戳\",\"messageType\":\"DeviceRegistrationReply\",\"wasNeedReply\":\"no\"},\"body\":{\"deviceUid\":\"decevice2\",\"returnCode\":\"-1\"}}','{\"header\":{\"createTime\":1541136965799,\"messageType\":\"Regist\",\"wasNeedReply\":\"yes \"},\"body\":{\"registMainInfo\":{\"deviceUid\":\"decevice2\",\"deviceCode\":\"deviceCode001\",\"stationCode\":\"0102stationCode\",\"deviceStatus\":\"INSERVICE \"},\"deviceDescription\":{\"identifier\":{\"HWID\":\"FDSFDSFDSFXDFsdrfe2432fessdfds\"},\"location\":{\"cityCode\":\"01\",\"lineCode\":\"01\",\"stationCode\":\"02\",\"localPosition\":\"西北角\",\"GPSLocation\":\"90 63 62 15\"},\"config\":{\"deviceCode\":\"设备编号\",\"deviceType\":\"设备类型\",\"deviceSubType\":\"设备子类型\",\"deviceSettings\":null},\"HWComponent\":{\"HWName\":\"英文缩写名称\",\"HWID\":\"硬件编号\",\"HWStatus\":\"是否安装，是否正常\",\"HWStatusCode\":\"预留\",\"HWSettings\":\"预留\",\"subComponentList\":null},\"SWComponent\":{\"SWName\":\"英文缩写名称\",\"SWID\":\"组件编号\",\"SWType\":\"英文缩写类型\",\"basePath\":\"组件安装路径\",\"componentFile\":{\"fileCategory\":\"文件类型\",\"filePath\":\"文件所在路径\",\"fileName\":\"文件名称\",\"fileFormat\":\"文件格式\",\"fileVersionNumber\":\"文件版本号\",\"fileSize\":\"文件大小(Byte)\",\"fileDigest\":\"文件摘要(MD5)\",\"fileLastTime\":\"文件最后更新时间\"},\"componentFileList\":[{\"fileCategory\":\"文件类型\",\"filePath\":\"文件所在路径\",\"fileName\":\"文件名称\",\"fileFormat\":\"文件格式\",\"fileVersionNumber\":\"文件版本号\",\"fileSize\":\"文件大小(Byte)\",\"fileDigest\":\"文件摘要(MD5)\",\"fileLastTime\":\"文件最后更新时间\"}]}}}}','系统服务','2018-11-02 13:36:07','2018-11-02 13:36:07'),(7,'decevice3','{\"header\":{\"createTime\":\"时间戳\",\"messageType\":\"DeviceRegistrationReply\",\"wasNeedReply\":\"no\"},\"body\":{\"deviceUid\":\"decevice3\",\"returnCode\":\"-1\"}}','{\"header\":{\"createTime\":1541136965947,\"messageType\":\"Regist\",\"wasNeedReply\":\"yes \"},\"body\":{\"registMainInfo\":{\"deviceUid\":\"decevice3\",\"deviceCode\":\"deviceCode001\",\"stationCode\":\"0102stationCode\",\"deviceStatus\":\"INSERVICE \"},\"deviceDescription\":{\"identifier\":{\"HWID\":\"FDSFDSFDSFXDFsdrfe2432fessdfds\"},\"location\":{\"cityCode\":\"01\",\"lineCode\":\"01\",\"stationCode\":\"02\",\"localPosition\":\"西北角\",\"GPSLocation\":\"90 63 62 15\"},\"config\":{\"deviceCode\":\"设备编号\",\"deviceType\":\"设备类型\",\"deviceSubType\":\"设备子类型\",\"deviceSettings\":null},\"HWComponent\":{\"HWName\":\"英文缩写名称\",\"HWID\":\"硬件编号\",\"HWStatus\":\"是否安装，是否正常\",\"HWStatusCode\":\"预留\",\"HWSettings\":\"预留\",\"subComponentList\":null},\"SWComponent\":{\"SWName\":\"英文缩写名称\",\"SWID\":\"组件编号\",\"SWType\":\"英文缩写类型\",\"basePath\":\"组件安装路径\",\"componentFile\":{\"fileCategory\":\"文件类型\",\"filePath\":\"文件所在路径\",\"fileName\":\"文件名称\",\"fileFormat\":\"文件格式\",\"fileVersionNumber\":\"文件版本号\",\"fileSize\":\"文件大小(Byte)\",\"fileDigest\":\"文件摘要(MD5)\",\"fileLastTime\":\"文件最后更新时间\"},\"componentFileList\":[{\"fileCategory\":\"文件类型\",\"filePath\":\"文件所在路径\",\"fileName\":\"文件名称\",\"fileFormat\":\"文件格式\",\"fileVersionNumber\":\"文件版本号\",\"fileSize\":\"文件大小(Byte)\",\"fileDigest\":\"文件摘要(MD5)\",\"fileLastTime\":\"文件最后更新时间\"}]}}}}','系统服务','2018-11-02 13:36:07','2018-11-02 13:36:07'),(8,'decevice4','{\"header\":{\"createTime\":\"时间戳\",\"messageType\":\"DeviceRegistrationReply\",\"wasNeedReply\":\"no\"},\"body\":{\"deviceUid\":\"decevice4\",\"returnCode\":\"-1\"}}','{\"header\":{\"createTime\":1541136966067,\"messageType\":\"Regist\",\"wasNeedReply\":\"yes \"},\"body\":{\"registMainInfo\":{\"deviceUid\":\"decevice4\",\"deviceCode\":\"deviceCode001\",\"stationCode\":\"0102stationCode\",\"deviceStatus\":\"INSERVICE \"},\"deviceDescription\":{\"identifier\":{\"HWID\":\"FDSFDSFDSFXDFsdrfe2432fessdfds\"},\"location\":{\"cityCode\":\"01\",\"lineCode\":\"01\",\"stationCode\":\"02\",\"localPosition\":\"西北角\",\"GPSLocation\":\"90 63 62 15\"},\"config\":{\"deviceCode\":\"设备编号\",\"deviceType\":\"设备类型\",\"deviceSubType\":\"设备子类型\",\"deviceSettings\":null},\"HWComponent\":{\"HWName\":\"英文缩写名称\",\"HWID\":\"硬件编号\",\"HWStatus\":\"是否安装，是否正常\",\"HWStatusCode\":\"预留\",\"HWSettings\":\"预留\",\"subComponentList\":null},\"SWComponent\":{\"SWName\":\"英文缩写名称\",\"SWID\":\"组件编号\",\"SWType\":\"英文缩写类型\",\"basePath\":\"组件安装路径\",\"componentFile\":{\"fileCategory\":\"文件类型\",\"filePath\":\"文件所在路径\",\"fileName\":\"文件名称\",\"fileFormat\":\"文件格式\",\"fileVersionNumber\":\"文件版本号\",\"fileSize\":\"文件大小(Byte)\",\"fileDigest\":\"文件摘要(MD5)\",\"fileLastTime\":\"文件最后更新时间\"},\"componentFileList\":[{\"fileCategory\":\"文件类型\",\"filePath\":\"文件所在路径\",\"fileName\":\"文件名称\",\"fileFormat\":\"文件格式\",\"fileVersionNumber\":\"文件版本号\",\"fileSize\":\"文件大小(Byte)\",\"fileDigest\":\"文件摘要(MD5)\",\"fileLastTime\":\"文件最后更新时间\"}]}}}}','系统服务','2018-11-02 13:36:07','2018-11-02 13:36:07'),(9,'decevice5','{\"header\":{\"createTime\":\"时间戳\",\"messageType\":\"DeviceRegistrationReply\",\"wasNeedReply\":\"no\"},\"body\":{\"deviceUid\":\"decevice5\",\"returnCode\":\"-1\"}}','{\"header\":{\"createTime\":1541136966146,\"messageType\":\"Regist\",\"wasNeedReply\":\"yes \"},\"body\":{\"registMainInfo\":{\"deviceUid\":\"decevice5\",\"deviceCode\":\"deviceCode001\",\"stationCode\":\"0102stationCode\",\"deviceStatus\":\"INSERVICE \"},\"deviceDescription\":{\"identifier\":{\"HWID\":\"FDSFDSFDSFXDFsdrfe2432fessdfds\"},\"location\":{\"cityCode\":\"01\",\"lineCode\":\"01\",\"stationCode\":\"02\",\"localPosition\":\"西北角\",\"GPSLocation\":\"90 63 62 15\"},\"config\":{\"deviceCode\":\"设备编号\",\"deviceType\":\"设备类型\",\"deviceSubType\":\"设备子类型\",\"deviceSettings\":null},\"HWComponent\":{\"HWName\":\"英文缩写名称\",\"HWID\":\"硬件编号\",\"HWStatus\":\"是否安装，是否正常\",\"HWStatusCode\":\"预留\",\"HWSettings\":\"预留\",\"subComponentList\":null},\"SWComponent\":{\"SWName\":\"英文缩写名称\",\"SWID\":\"组件编号\",\"SWType\":\"英文缩写类型\",\"basePath\":\"组件安装路径\",\"componentFile\":{\"fileCategory\":\"文件类型\",\"filePath\":\"文件所在路径\",\"fileName\":\"文件名称\",\"fileFormat\":\"文件格式\",\"fileVersionNumber\":\"文件版本号\",\"fileSize\":\"文件大小(Byte)\",\"fileDigest\":\"文件摘要(MD5)\",\"fileLastTime\":\"文件最后更新时间\"},\"componentFileList\":[{\"fileCategory\":\"文件类型\",\"filePath\":\"文件所在路径\",\"fileName\":\"文件名称\",\"fileFormat\":\"文件格式\",\"fileVersionNumber\":\"文件版本号\",\"fileSize\":\"文件大小(Byte)\",\"fileDigest\":\"文件摘要(MD5)\",\"fileLastTime\":\"文件最后更新时间\"}]}}}}','系统服务','2018-11-02 13:36:07','2018-11-02 13:36:08'),(10,'decevice6','{\"header\":{\"createTime\":\"时间戳\",\"messageType\":\"DeviceRegistrationReply\",\"wasNeedReply\":\"no\"},\"body\":{\"deviceUid\":\"decevice6\",\"returnCode\":\"-1\"}}','{\"header\":{\"createTime\":1541136966318,\"messageType\":\"Regist\",\"wasNeedReply\":\"yes \"},\"body\":{\"registMainInfo\":{\"deviceUid\":\"decevice6\",\"deviceCode\":\"deviceCode001\",\"stationCode\":\"0102stationCode\",\"deviceStatus\":\"INSERVICE \"},\"deviceDescription\":{\"identifier\":{\"HWID\":\"FDSFDSFDSFXDFsdrfe2432fessdfds\"},\"location\":{\"cityCode\":\"01\",\"lineCode\":\"01\",\"stationCode\":\"02\",\"localPosition\":\"西北角\",\"GPSLocation\":\"90 63 62 15\"},\"config\":{\"deviceCode\":\"设备编号\",\"deviceType\":\"设备类型\",\"deviceSubType\":\"设备子类型\",\"deviceSettings\":null},\"HWComponent\":{\"HWName\":\"英文缩写名称\",\"HWID\":\"硬件编号\",\"HWStatus\":\"是否安装，是否正常\",\"HWStatusCode\":\"预留\",\"HWSettings\":\"预留\",\"subComponentList\":null},\"SWComponent\":{\"SWName\":\"英文缩写名称\",\"SWID\":\"组件编号\",\"SWType\":\"英文缩写类型\",\"basePath\":\"组件安装路径\",\"componentFile\":{\"fileCategory\":\"文件类型\",\"filePath\":\"文件所在路径\",\"fileName\":\"文件名称\",\"fileFormat\":\"文件格式\",\"fileVersionNumber\":\"文件版本号\",\"fileSize\":\"文件大小(Byte)\",\"fileDigest\":\"文件摘要(MD5)\",\"fileLastTime\":\"文件最后更新时间\"},\"componentFileList\":[{\"fileCategory\":\"文件类型\",\"filePath\":\"文件所在路径\",\"fileName\":\"文件名称\",\"fileFormat\":\"文件格式\",\"fileVersionNumber\":\"文件版本号\",\"fileSize\":\"文件大小(Byte)\",\"fileDigest\":\"文件摘要(MD5)\",\"fileLastTime\":\"文件最后更新时间\"}]}}}}','系统服务','2018-11-02 13:36:08','2018-11-02 13:36:08'),(11,'decevice7','{\"header\":{\"createTime\":\"时间戳\",\"messageType\":\"DeviceRegistrationReply\",\"wasNeedReply\":\"no\"},\"body\":{\"deviceUid\":\"decevice7\",\"returnCode\":\"-1\"}}','{\"header\":{\"createTime\":1541136966428,\"messageType\":\"Regist\",\"wasNeedReply\":\"yes \"},\"body\":{\"registMainInfo\":{\"deviceUid\":\"decevice7\",\"deviceCode\":\"deviceCode001\",\"stationCode\":\"0102stationCode\",\"deviceStatus\":\"INSERVICE \"},\"deviceDescription\":{\"identifier\":{\"HWID\":\"FDSFDSFDSFXDFsdrfe2432fessdfds\"},\"location\":{\"cityCode\":\"01\",\"lineCode\":\"01\",\"stationCode\":\"02\",\"localPosition\":\"西北角\",\"GPSLocation\":\"90 63 62 15\"},\"config\":{\"deviceCode\":\"设备编号\",\"deviceType\":\"设备类型\",\"deviceSubType\":\"设备子类型\",\"deviceSettings\":null},\"HWComponent\":{\"HWName\":\"英文缩写名称\",\"HWID\":\"硬件编号\",\"HWStatus\":\"是否安装，是否正常\",\"HWStatusCode\":\"预留\",\"HWSettings\":\"预留\",\"subComponentList\":null},\"SWComponent\":{\"SWName\":\"英文缩写名称\",\"SWID\":\"组件编号\",\"SWType\":\"英文缩写类型\",\"basePath\":\"组件安装路径\",\"componentFile\":{\"fileCategory\":\"文件类型\",\"filePath\":\"文件所在路径\",\"fileName\":\"文件名称\",\"fileFormat\":\"文件格式\",\"fileVersionNumber\":\"文件版本号\",\"fileSize\":\"文件大小(Byte)\",\"fileDigest\":\"文件摘要(MD5)\",\"fileLastTime\":\"文件最后更新时间\"},\"componentFileList\":[{\"fileCategory\":\"文件类型\",\"filePath\":\"文件所在路径\",\"fileName\":\"文件名称\",\"fileFormat\":\"文件格式\",\"fileVersionNumber\":\"文件版本号\",\"fileSize\":\"文件大小(Byte)\",\"fileDigest\":\"文件摘要(MD5)\",\"fileLastTime\":\"文件最后更新时间\"}]}}}}','系统服务','2018-11-02 13:36:08','2018-11-02 13:36:08'),(12,'decevice8','{\"header\":{\"createTime\":\"时间戳\",\"messageType\":\"DeviceRegistrationReply\",\"wasNeedReply\":\"no\"},\"body\":{\"deviceUid\":\"decevice8\",\"returnCode\":\"-1\"}}','{\"header\":{\"createTime\":1541136966516,\"messageType\":\"Regist\",\"wasNeedReply\":\"yes \"},\"body\":{\"registMainInfo\":{\"deviceUid\":\"decevice8\",\"deviceCode\":\"deviceCode001\",\"stationCode\":\"0102stationCode\",\"deviceStatus\":\"INSERVICE \"},\"deviceDescription\":{\"identifier\":{\"HWID\":\"FDSFDSFDSFXDFsdrfe2432fessdfds\"},\"location\":{\"cityCode\":\"01\",\"lineCode\":\"01\",\"stationCode\":\"02\",\"localPosition\":\"西北角\",\"GPSLocation\":\"90 63 62 15\"},\"config\":{\"deviceCode\":\"设备编号\",\"deviceType\":\"设备类型\",\"deviceSubType\":\"设备子类型\",\"deviceSettings\":null},\"HWComponent\":{\"HWName\":\"英文缩写名称\",\"HWID\":\"硬件编号\",\"HWStatus\":\"是否安装，是否正常\",\"HWStatusCode\":\"预留\",\"HWSettings\":\"预留\",\"subComponentList\":null},\"SWComponent\":{\"SWName\":\"英文缩写名称\",\"SWID\":\"组件编号\",\"SWType\":\"英文缩写类型\",\"basePath\":\"组件安装路径\",\"componentFile\":{\"fileCategory\":\"文件类型\",\"filePath\":\"文件所在路径\",\"fileName\":\"文件名称\",\"fileFormat\":\"文件格式\",\"fileVersionNumber\":\"文件版本号\",\"fileSize\":\"文件大小(Byte)\",\"fileDigest\":\"文件摘要(MD5)\",\"fileLastTime\":\"文件最后更新时间\"},\"componentFileList\":[{\"fileCategory\":\"文件类型\",\"filePath\":\"文件所在路径\",\"fileName\":\"文件名称\",\"fileFormat\":\"文件格式\",\"fileVersionNumber\":\"文件版本号\",\"fileSize\":\"文件大小(Byte)\",\"fileDigest\":\"文件摘要(MD5)\",\"fileLastTime\":\"文件最后更新时间\"}]}}}}','系统服务','2018-11-02 13:36:08','2018-11-02 13:36:08'),(13,'decevice9','{\"header\":{\"createTime\":\"时间戳\",\"messageType\":\"DeviceRegistrationReply\",\"wasNeedReply\":\"no\"},\"body\":{\"deviceUid\":\"decevice9\",\"returnCode\":\"-1\"}}','{\"header\":{\"createTime\":1541136966661,\"messageType\":\"Regist\",\"wasNeedReply\":\"yes \"},\"body\":{\"registMainInfo\":{\"deviceUid\":\"decevice9\",\"deviceCode\":\"deviceCode001\",\"stationCode\":\"0102stationCode\",\"deviceStatus\":\"INSERVICE \"},\"deviceDescription\":{\"identifier\":{\"HWID\":\"FDSFDSFDSFXDFsdrfe2432fessdfds\"},\"location\":{\"cityCode\":\"01\",\"lineCode\":\"01\",\"stationCode\":\"02\",\"localPosition\":\"西北角\",\"GPSLocation\":\"90 63 62 15\"},\"config\":{\"deviceCode\":\"设备编号\",\"deviceType\":\"设备类型\",\"deviceSubType\":\"设备子类型\",\"deviceSettings\":null},\"HWComponent\":{\"HWName\":\"英文缩写名称\",\"HWID\":\"硬件编号\",\"HWStatus\":\"是否安装，是否正常\",\"HWStatusCode\":\"预留\",\"HWSettings\":\"预留\",\"subComponentList\":null},\"SWComponent\":{\"SWName\":\"英文缩写名称\",\"SWID\":\"组件编号\",\"SWType\":\"英文缩写类型\",\"basePath\":\"组件安装路径\",\"componentFile\":{\"fileCategory\":\"文件类型\",\"filePath\":\"文件所在路径\",\"fileName\":\"文件名称\",\"fileFormat\":\"文件格式\",\"fileVersionNumber\":\"文件版本号\",\"fileSize\":\"文件大小(Byte)\",\"fileDigest\":\"文件摘要(MD5)\",\"fileLastTime\":\"文件最后更新时间\"},\"componentFileList\":[{\"fileCategory\":\"文件类型\",\"filePath\":\"文件所在路径\",\"fileName\":\"文件名称\",\"fileFormat\":\"文件格式\",\"fileVersionNumber\":\"文件版本号\",\"fileSize\":\"文件大小(Byte)\",\"fileDigest\":\"文件摘要(MD5)\",\"fileLastTime\":\"文件最后更新时间\"}]}}}}','系统服务','2018-11-02 13:36:08','2018-11-02 13:36:08'),(14,'decevice10','{\"header\":{\"createTime\":\"时间戳\",\"messageType\":\"DeviceRegistrationReply\",\"wasNeedReply\":\"no\"},\"body\":{\"deviceUid\":\"decevice10\",\"returnCode\":\"-1\"}}','{\"header\":{\"createTime\":1541136966763,\"messageType\":\"Regist\",\"wasNeedReply\":\"yes \"},\"body\":{\"registMainInfo\":{\"deviceUid\":\"decevice10\",\"deviceCode\":\"deviceCode001\",\"stationCode\":\"0102stationCode\",\"deviceStatus\":\"INSERVICE \"},\"deviceDescription\":{\"identifier\":{\"HWID\":\"FDSFDSFDSFXDFsdrfe2432fessdfds\"},\"location\":{\"cityCode\":\"01\",\"lineCode\":\"01\",\"stationCode\":\"02\",\"localPosition\":\"西北角\",\"GPSLocation\":\"90 63 62 15\"},\"config\":{\"deviceCode\":\"设备编号\",\"deviceType\":\"设备类型\",\"deviceSubType\":\"设备子类型\",\"deviceSettings\":null},\"HWComponent\":{\"HWName\":\"英文缩写名称\",\"HWID\":\"硬件编号\",\"HWStatus\":\"是否安装，是否正常\",\"HWStatusCode\":\"预留\",\"HWSettings\":\"预留\",\"subComponentList\":null},\"SWComponent\":{\"SWName\":\"英文缩写名称\",\"SWID\":\"组件编号\",\"SWType\":\"英文缩写类型\",\"basePath\":\"组件安装路径\",\"componentFile\":{\"fileCategory\":\"文件类型\",\"filePath\":\"文件所在路径\",\"fileName\":\"文件名称\",\"fileFormat\":\"文件格式\",\"fileVersionNumber\":\"文件版本号\",\"fileSize\":\"文件大小(Byte)\",\"fileDigest\":\"文件摘要(MD5)\",\"fileLastTime\":\"文件最后更新时间\"},\"componentFileList\":[{\"fileCategory\":\"文件类型\",\"filePath\":\"文件所在路径\",\"fileName\":\"文件名称\",\"fileFormat\":\"文件格式\",\"fileVersionNumber\":\"文件版本号\",\"fileSize\":\"文件大小(Byte)\",\"fileDigest\":\"文件摘要(MD5)\",\"fileLastTime\":\"文件最后更新时间\"}]}}}}','系统服务','2018-11-02 13:36:08','2018-11-02 13:36:08'),(15,'decevice1','{\"header\":{\"createTime\":\"时间戳\",\"messageType\":\"DeviceRegistrationReply\",\"wasNeedReply\":\"no\"},\"body\":{\"deviceUid\":\"decevice1\",\"returnCode\":\"-1\"}}','{\"header\":{\"createTime\":1541137119509,\"messageType\":\"Regist\",\"wasNeedReply\":\"yes \"},\"body\":{\"registMainInfo\":{\"deviceUid\":\"decevice1\",\"deviceCode\":\"deviceCode001\",\"stationCode\":\"0102stationCode\",\"deviceStatus\":\"INSERVICE \"},\"deviceDescription\":{\"identifier\":{\"HWID\":\"FDSFDSFDSFXDFsdrfe2432fessdfds\"},\"location\":{\"cityCode\":\"01\",\"lineCode\":\"01\",\"stationCode\":\"02\",\"localPosition\":\"西北角\",\"GPSLocation\":\"90 63 62 15\"},\"config\":{\"deviceCode\":\"设备编号\",\"deviceType\":\"设备类型\",\"deviceSubType\":\"设备子类型\",\"deviceSettings\":null},\"HWComponent\":{\"HWName\":\"英文缩写名称\",\"HWID\":\"硬件编号\",\"HWStatus\":\"是否安装，是否正常\",\"HWStatusCode\":\"预留\",\"HWSettings\":\"预留\",\"subComponentList\":null},\"SWComponent\":{\"SWName\":\"英文缩写名称\",\"SWID\":\"组件编号\",\"SWType\":\"英文缩写类型\",\"basePath\":\"组件安装路径\",\"componentFile\":{\"fileCategory\":\"文件类型\",\"filePath\":\"文件所在路径\",\"fileName\":\"文件名称\",\"fileFormat\":\"文件格式\",\"fileVersionNumber\":\"文件版本号\",\"fileSize\":\"文件大小(Byte)\",\"fileDigest\":\"文件摘要(MD5)\",\"fileLastTime\":\"文件最后更新时间\"},\"componentFileList\":[{\"fileCategory\":\"文件类型\",\"filePath\":\"文件所在路径\",\"fileName\":\"文件名称\",\"fileFormat\":\"文件格式\",\"fileVersionNumber\":\"文件版本号\",\"fileSize\":\"文件大小(Byte)\",\"fileDigest\":\"文件摘要(MD5)\",\"fileLastTime\":\"文件最后更新时间\"}]}}}}','系统服务','2018-11-02 13:38:41','2018-11-02 13:38:41'),(16,'decevice2','{\"header\":{\"createTime\":\"时间戳\",\"messageType\":\"DeviceRegistrationReply\",\"wasNeedReply\":\"no\"},\"body\":{\"deviceUid\":\"decevice2\",\"returnCode\":\"-1\"}}','{\"header\":{\"createTime\":1541137119678,\"messageType\":\"Regist\",\"wasNeedReply\":\"yes \"},\"body\":{\"registMainInfo\":{\"deviceUid\":\"decevice2\",\"deviceCode\":\"deviceCode001\",\"stationCode\":\"0102stationCode\",\"deviceStatus\":\"INSERVICE \"},\"deviceDescription\":{\"identifier\":{\"HWID\":\"FDSFDSFDSFXDFsdrfe2432fessdfds\"},\"location\":{\"cityCode\":\"01\",\"lineCode\":\"01\",\"stationCode\":\"02\",\"localPosition\":\"西北角\",\"GPSLocation\":\"90 63 62 15\"},\"config\":{\"deviceCode\":\"设备编号\",\"deviceType\":\"设备类型\",\"deviceSubType\":\"设备子类型\",\"deviceSettings\":null},\"HWComponent\":{\"HWName\":\"英文缩写名称\",\"HWID\":\"硬件编号\",\"HWStatus\":\"是否安装，是否正常\",\"HWStatusCode\":\"预留\",\"HWSettings\":\"预留\",\"subComponentList\":null},\"SWComponent\":{\"SWName\":\"英文缩写名称\",\"SWID\":\"组件编号\",\"SWType\":\"英文缩写类型\",\"basePath\":\"组件安装路径\",\"componentFile\":{\"fileCategory\":\"文件类型\",\"filePath\":\"文件所在路径\",\"fileName\":\"文件名称\",\"fileFormat\":\"文件格式\",\"fileVersionNumber\":\"文件版本号\",\"fileSize\":\"文件大小(Byte)\",\"fileDigest\":\"文件摘要(MD5)\",\"fileLastTime\":\"文件最后更新时间\"},\"componentFileList\":[{\"fileCategory\":\"文件类型\",\"filePath\":\"文件所在路径\",\"fileName\":\"文件名称\",\"fileFormat\":\"文件格式\",\"fileVersionNumber\":\"文件版本号\",\"fileSize\":\"文件大小(Byte)\",\"fileDigest\":\"文件摘要(MD5)\",\"fileLastTime\":\"文件最后更新时间\"}]}}}}','系统服务','2018-11-02 13:38:41','2018-11-02 13:38:41'),(17,'decevice3','{\"header\":{\"createTime\":\"时间戳\",\"messageType\":\"DeviceRegistrationReply\",\"wasNeedReply\":\"no\"},\"body\":{\"deviceUid\":\"decevice3\",\"returnCode\":\"-1\"}}','{\"header\":{\"createTime\":1541137119781,\"messageType\":\"Regist\",\"wasNeedReply\":\"yes \"},\"body\":{\"registMainInfo\":{\"deviceUid\":\"decevice3\",\"deviceCode\":\"deviceCode001\",\"stationCode\":\"0102stationCode\",\"deviceStatus\":\"INSERVICE \"},\"deviceDescription\":{\"identifier\":{\"HWID\":\"FDSFDSFDSFXDFsdrfe2432fessdfds\"},\"location\":{\"cityCode\":\"01\",\"lineCode\":\"01\",\"stationCode\":\"02\",\"localPosition\":\"西北角\",\"GPSLocation\":\"90 63 62 15\"},\"config\":{\"deviceCode\":\"设备编号\",\"deviceType\":\"设备类型\",\"deviceSubType\":\"设备子类型\",\"deviceSettings\":null},\"HWComponent\":{\"HWName\":\"英文缩写名称\",\"HWID\":\"硬件编号\",\"HWStatus\":\"是否安装，是否正常\",\"HWStatusCode\":\"预留\",\"HWSettings\":\"预留\",\"subComponentList\":null},\"SWComponent\":{\"SWName\":\"英文缩写名称\",\"SWID\":\"组件编号\",\"SWType\":\"英文缩写类型\",\"basePath\":\"组件安装路径\",\"componentFile\":{\"fileCategory\":\"文件类型\",\"filePath\":\"文件所在路径\",\"fileName\":\"文件名称\",\"fileFormat\":\"文件格式\",\"fileVersionNumber\":\"文件版本号\",\"fileSize\":\"文件大小(Byte)\",\"fileDigest\":\"文件摘要(MD5)\",\"fileLastTime\":\"文件最后更新时间\"},\"componentFileList\":[{\"fileCategory\":\"文件类型\",\"filePath\":\"文件所在路径\",\"fileName\":\"文件名称\",\"fileFormat\":\"文件格式\",\"fileVersionNumber\":\"文件版本号\",\"fileSize\":\"文件大小(Byte)\",\"fileDigest\":\"文件摘要(MD5)\",\"fileLastTime\":\"文件最后更新时间\"}]}}}}','系统服务','2018-11-02 13:38:41','2018-11-02 13:38:41'),(18,'decevice4','{\"header\":{\"createTime\":\"时间戳\",\"messageType\":\"DeviceRegistrationReply\",\"wasNeedReply\":\"no\"},\"body\":{\"deviceUid\":\"decevice4\",\"returnCode\":\"-1\"}}','{\"header\":{\"createTime\":1541137119909,\"messageType\":\"Regist\",\"wasNeedReply\":\"yes \"},\"body\":{\"registMainInfo\":{\"deviceUid\":\"decevice4\",\"deviceCode\":\"deviceCode001\",\"stationCode\":\"0102stationCode\",\"deviceStatus\":\"INSERVICE \"},\"deviceDescription\":{\"identifier\":{\"HWID\":\"FDSFDSFDSFXDFsdrfe2432fessdfds\"},\"location\":{\"cityCode\":\"01\",\"lineCode\":\"01\",\"stationCode\":\"02\",\"localPosition\":\"西北角\",\"GPSLocation\":\"90 63 62 15\"},\"config\":{\"deviceCode\":\"设备编号\",\"deviceType\":\"设备类型\",\"deviceSubType\":\"设备子类型\",\"deviceSettings\":null},\"HWComponent\":{\"HWName\":\"英文缩写名称\",\"HWID\":\"硬件编号\",\"HWStatus\":\"是否安装，是否正常\",\"HWStatusCode\":\"预留\",\"HWSettings\":\"预留\",\"subComponentList\":null},\"SWComponent\":{\"SWName\":\"英文缩写名称\",\"SWID\":\"组件编号\",\"SWType\":\"英文缩写类型\",\"basePath\":\"组件安装路径\",\"componentFile\":{\"fileCategory\":\"文件类型\",\"filePath\":\"文件所在路径\",\"fileName\":\"文件名称\",\"fileFormat\":\"文件格式\",\"fileVersionNumber\":\"文件版本号\",\"fileSize\":\"文件大小(Byte)\",\"fileDigest\":\"文件摘要(MD5)\",\"fileLastTime\":\"文件最后更新时间\"},\"componentFileList\":[{\"fileCategory\":\"文件类型\",\"filePath\":\"文件所在路径\",\"fileName\":\"文件名称\",\"fileFormat\":\"文件格式\",\"fileVersionNumber\":\"文件版本号\",\"fileSize\":\"文件大小(Byte)\",\"fileDigest\":\"文件摘要(MD5)\",\"fileLastTime\":\"文件最后更新时间\"}]}}}}','系统服务','2018-11-02 13:38:41','2018-11-02 13:38:41'),(19,'decevice5','{\"header\":{\"createTime\":\"时间戳\",\"messageType\":\"DeviceRegistrationReply\",\"wasNeedReply\":\"no\"},\"body\":{\"deviceUid\":\"decevice5\",\"returnCode\":\"-1\"}}','{\"header\":{\"createTime\":1541137119991,\"messageType\":\"Regist\",\"wasNeedReply\":\"yes \"},\"body\":{\"registMainInfo\":{\"deviceUid\":\"decevice5\",\"deviceCode\":\"deviceCode001\",\"stationCode\":\"0102stationCode\",\"deviceStatus\":\"INSERVICE \"},\"deviceDescription\":{\"identifier\":{\"HWID\":\"FDSFDSFDSFXDFsdrfe2432fessdfds\"},\"location\":{\"cityCode\":\"01\",\"lineCode\":\"01\",\"stationCode\":\"02\",\"localPosition\":\"西北角\",\"GPSLocation\":\"90 63 62 15\"},\"config\":{\"deviceCode\":\"设备编号\",\"deviceType\":\"设备类型\",\"deviceSubType\":\"设备子类型\",\"deviceSettings\":null},\"HWComponent\":{\"HWName\":\"英文缩写名称\",\"HWID\":\"硬件编号\",\"HWStatus\":\"是否安装，是否正常\",\"HWStatusCode\":\"预留\",\"HWSettings\":\"预留\",\"subComponentList\":null},\"SWComponent\":{\"SWName\":\"英文缩写名称\",\"SWID\":\"组件编号\",\"SWType\":\"英文缩写类型\",\"basePath\":\"组件安装路径\",\"componentFile\":{\"fileCategory\":\"文件类型\",\"filePath\":\"文件所在路径\",\"fileName\":\"文件名称\",\"fileFormat\":\"文件格式\",\"fileVersionNumber\":\"文件版本号\",\"fileSize\":\"文件大小(Byte)\",\"fileDigest\":\"文件摘要(MD5)\",\"fileLastTime\":\"文件最后更新时间\"},\"componentFileList\":[{\"fileCategory\":\"文件类型\",\"filePath\":\"文件所在路径\",\"fileName\":\"文件名称\",\"fileFormat\":\"文件格式\",\"fileVersionNumber\":\"文件版本号\",\"fileSize\":\"文件大小(Byte)\",\"fileDigest\":\"文件摘要(MD5)\",\"fileLastTime\":\"文件最后更新时间\"}]}}}}','系统服务','2018-11-02 13:38:41','2018-11-02 13:38:41'),(20,'decevice6','{\"header\":{\"createTime\":\"时间戳\",\"messageType\":\"DeviceRegistrationReply\",\"wasNeedReply\":\"no\"},\"body\":{\"deviceUid\":\"decevice6\",\"returnCode\":\"-1\"}}','{\"header\":{\"createTime\":1541137120112,\"messageType\":\"Regist\",\"wasNeedReply\":\"yes \"},\"body\":{\"registMainInfo\":{\"deviceUid\":\"decevice6\",\"deviceCode\":\"deviceCode001\",\"stationCode\":\"0102stationCode\",\"deviceStatus\":\"INSERVICE \"},\"deviceDescription\":{\"identifier\":{\"HWID\":\"FDSFDSFDSFXDFsdrfe2432fessdfds\"},\"location\":{\"cityCode\":\"01\",\"lineCode\":\"01\",\"stationCode\":\"02\",\"localPosition\":\"西北角\",\"GPSLocation\":\"90 63 62 15\"},\"config\":{\"deviceCode\":\"设备编号\",\"deviceType\":\"设备类型\",\"deviceSubType\":\"设备子类型\",\"deviceSettings\":null},\"HWComponent\":{\"HWName\":\"英文缩写名称\",\"HWID\":\"硬件编号\",\"HWStatus\":\"是否安装，是否正常\",\"HWStatusCode\":\"预留\",\"HWSettings\":\"预留\",\"subComponentList\":null},\"SWComponent\":{\"SWName\":\"英文缩写名称\",\"SWID\":\"组件编号\",\"SWType\":\"英文缩写类型\",\"basePath\":\"组件安装路径\",\"componentFile\":{\"fileCategory\":\"文件类型\",\"filePath\":\"文件所在路径\",\"fileName\":\"文件名称\",\"fileFormat\":\"文件格式\",\"fileVersionNumber\":\"文件版本号\",\"fileSize\":\"文件大小(Byte)\",\"fileDigest\":\"文件摘要(MD5)\",\"fileLastTime\":\"文件最后更新时间\"},\"componentFileList\":[{\"fileCategory\":\"文件类型\",\"filePath\":\"文件所在路径\",\"fileName\":\"文件名称\",\"fileFormat\":\"文件格式\",\"fileVersionNumber\":\"文件版本号\",\"fileSize\":\"文件大小(Byte)\",\"fileDigest\":\"文件摘要(MD5)\",\"fileLastTime\":\"文件最后更新时间\"}]}}}}','系统服务','2018-11-02 13:38:41','2018-11-02 13:38:41'),(21,'decevice7','{\"header\":{\"createTime\":\"时间戳\",\"messageType\":\"DeviceRegistrationReply\",\"wasNeedReply\":\"no\"},\"body\":{\"deviceUid\":\"decevice7\",\"returnCode\":\"-1\"}}','{\"header\":{\"createTime\":1541137120238,\"messageType\":\"Regist\",\"wasNeedReply\":\"yes \"},\"body\":{\"registMainInfo\":{\"deviceUid\":\"decevice7\",\"deviceCode\":\"deviceCode001\",\"stationCode\":\"0102stationCode\",\"deviceStatus\":\"INSERVICE \"},\"deviceDescription\":{\"identifier\":{\"HWID\":\"FDSFDSFDSFXDFsdrfe2432fessdfds\"},\"location\":{\"cityCode\":\"01\",\"lineCode\":\"01\",\"stationCode\":\"02\",\"localPosition\":\"西北角\",\"GPSLocation\":\"90 63 62 15\"},\"config\":{\"deviceCode\":\"设备编号\",\"deviceType\":\"设备类型\",\"deviceSubType\":\"设备子类型\",\"deviceSettings\":null},\"HWComponent\":{\"HWName\":\"英文缩写名称\",\"HWID\":\"硬件编号\",\"HWStatus\":\"是否安装，是否正常\",\"HWStatusCode\":\"预留\",\"HWSettings\":\"预留\",\"subComponentList\":null},\"SWComponent\":{\"SWName\":\"英文缩写名称\",\"SWID\":\"组件编号\",\"SWType\":\"英文缩写类型\",\"basePath\":\"组件安装路径\",\"componentFile\":{\"fileCategory\":\"文件类型\",\"filePath\":\"文件所在路径\",\"fileName\":\"文件名称\",\"fileFormat\":\"文件格式\",\"fileVersionNumber\":\"文件版本号\",\"fileSize\":\"文件大小(Byte)\",\"fileDigest\":\"文件摘要(MD5)\",\"fileLastTime\":\"文件最后更新时间\"},\"componentFileList\":[{\"fileCategory\":\"文件类型\",\"filePath\":\"文件所在路径\",\"fileName\":\"文件名称\",\"fileFormat\":\"文件格式\",\"fileVersionNumber\":\"文件版本号\",\"fileSize\":\"文件大小(Byte)\",\"fileDigest\":\"文件摘要(MD5)\",\"fileLastTime\":\"文件最后更新时间\"}]}}}}','系统服务','2018-11-02 13:38:42','2018-11-02 13:38:42'),(22,'decevice8','{\"header\":{\"createTime\":\"时间戳\",\"messageType\":\"DeviceRegistrationReply\",\"wasNeedReply\":\"no\"},\"body\":{\"deviceUid\":\"decevice8\",\"returnCode\":\"-1\"}}','{\"header\":{\"createTime\":1541137120447,\"messageType\":\"Regist\",\"wasNeedReply\":\"yes \"},\"body\":{\"registMainInfo\":{\"deviceUid\":\"decevice8\",\"deviceCode\":\"deviceCode001\",\"stationCode\":\"0102stationCode\",\"deviceStatus\":\"INSERVICE \"},\"deviceDescription\":{\"identifier\":{\"HWID\":\"FDSFDSFDSFXDFsdrfe2432fessdfds\"},\"location\":{\"cityCode\":\"01\",\"lineCode\":\"01\",\"stationCode\":\"02\",\"localPosition\":\"西北角\",\"GPSLocation\":\"90 63 62 15\"},\"config\":{\"deviceCode\":\"设备编号\",\"deviceType\":\"设备类型\",\"deviceSubType\":\"设备子类型\",\"deviceSettings\":null},\"HWComponent\":{\"HWName\":\"英文缩写名称\",\"HWID\":\"硬件编号\",\"HWStatus\":\"是否安装，是否正常\",\"HWStatusCode\":\"预留\",\"HWSettings\":\"预留\",\"subComponentList\":null},\"SWComponent\":{\"SWName\":\"英文缩写名称\",\"SWID\":\"组件编号\",\"SWType\":\"英文缩写类型\",\"basePath\":\"组件安装路径\",\"componentFile\":{\"fileCategory\":\"文件类型\",\"filePath\":\"文件所在路径\",\"fileName\":\"文件名称\",\"fileFormat\":\"文件格式\",\"fileVersionNumber\":\"文件版本号\",\"fileSize\":\"文件大小(Byte)\",\"fileDigest\":\"文件摘要(MD5)\",\"fileLastTime\":\"文件最后更新时间\"},\"componentFileList\":[{\"fileCategory\":\"文件类型\",\"filePath\":\"文件所在路径\",\"fileName\":\"文件名称\",\"fileFormat\":\"文件格式\",\"fileVersionNumber\":\"文件版本号\",\"fileSize\":\"文件大小(Byte)\",\"fileDigest\":\"文件摘要(MD5)\",\"fileLastTime\":\"文件最后更新时间\"}]}}}}','系统服务','2018-11-02 13:38:42','2018-11-02 13:38:42'),(23,'decevice9','{\"header\":{\"createTime\":\"时间戳\",\"messageType\":\"DeviceRegistrationReply\",\"wasNeedReply\":\"no\"},\"body\":{\"deviceUid\":\"decevice9\",\"returnCode\":\"-1\"}}','{\"header\":{\"createTime\":1541137120589,\"messageType\":\"Regist\",\"wasNeedReply\":\"yes \"},\"body\":{\"registMainInfo\":{\"deviceUid\":\"decevice9\",\"deviceCode\":\"deviceCode001\",\"stationCode\":\"0102stationCode\",\"deviceStatus\":\"INSERVICE \"},\"deviceDescription\":{\"identifier\":{\"HWID\":\"FDSFDSFDSFXDFsdrfe2432fessdfds\"},\"location\":{\"cityCode\":\"01\",\"lineCode\":\"01\",\"stationCode\":\"02\",\"localPosition\":\"西北角\",\"GPSLocation\":\"90 63 62 15\"},\"config\":{\"deviceCode\":\"设备编号\",\"deviceType\":\"设备类型\",\"deviceSubType\":\"设备子类型\",\"deviceSettings\":null},\"HWComponent\":{\"HWName\":\"英文缩写名称\",\"HWID\":\"硬件编号\",\"HWStatus\":\"是否安装，是否正常\",\"HWStatusCode\":\"预留\",\"HWSettings\":\"预留\",\"subComponentList\":null},\"SWComponent\":{\"SWName\":\"英文缩写名称\",\"SWID\":\"组件编号\",\"SWType\":\"英文缩写类型\",\"basePath\":\"组件安装路径\",\"componentFile\":{\"fileCategory\":\"文件类型\",\"filePath\":\"文件所在路径\",\"fileName\":\"文件名称\",\"fileFormat\":\"文件格式\",\"fileVersionNumber\":\"文件版本号\",\"fileSize\":\"文件大小(Byte)\",\"fileDigest\":\"文件摘要(MD5)\",\"fileLastTime\":\"文件最后更新时间\"},\"componentFileList\":[{\"fileCategory\":\"文件类型\",\"filePath\":\"文件所在路径\",\"fileName\":\"文件名称\",\"fileFormat\":\"文件格式\",\"fileVersionNumber\":\"文件版本号\",\"fileSize\":\"文件大小(Byte)\",\"fileDigest\":\"文件摘要(MD5)\",\"fileLastTime\":\"文件最后更新时间\"}]}}}}','系统服务','2018-11-02 13:38:42','2018-11-02 13:38:42'),(24,'decevice10','{\"header\":{\"createTime\":\"时间戳\",\"messageType\":\"DeviceRegistrationReply\",\"wasNeedReply\":\"no\"},\"body\":{\"deviceUid\":\"decevice10\",\"returnCode\":\"-1\"}}','{\"header\":{\"createTime\":1541137120739,\"messageType\":\"Regist\",\"wasNeedReply\":\"yes \"},\"body\":{\"registMainInfo\":{\"deviceUid\":\"decevice10\",\"deviceCode\":\"deviceCode001\",\"stationCode\":\"0102stationCode\",\"deviceStatus\":\"INSERVICE \"},\"deviceDescription\":{\"identifier\":{\"HWID\":\"FDSFDSFDSFXDFsdrfe2432fessdfds\"},\"location\":{\"cityCode\":\"01\",\"lineCode\":\"01\",\"stationCode\":\"02\",\"localPosition\":\"西北角\",\"GPSLocation\":\"90 63 62 15\"},\"config\":{\"deviceCode\":\"设备编号\",\"deviceType\":\"设备类型\",\"deviceSubType\":\"设备子类型\",\"deviceSettings\":null},\"HWComponent\":{\"HWName\":\"英文缩写名称\",\"HWID\":\"硬件编号\",\"HWStatus\":\"是否安装，是否正常\",\"HWStatusCode\":\"预留\",\"HWSettings\":\"预留\",\"subComponentList\":null},\"SWComponent\":{\"SWName\":\"英文缩写名称\",\"SWID\":\"组件编号\",\"SWType\":\"英文缩写类型\",\"basePath\":\"组件安装路径\",\"componentFile\":{\"fileCategory\":\"文件类型\",\"filePath\":\"文件所在路径\",\"fileName\":\"文件名称\",\"fileFormat\":\"文件格式\",\"fileVersionNumber\":\"文件版本号\",\"fileSize\":\"文件大小(Byte)\",\"fileDigest\":\"文件摘要(MD5)\",\"fileLastTime\":\"文件最后更新时间\"},\"componentFileList\":[{\"fileCategory\":\"文件类型\",\"filePath\":\"文件所在路径\",\"fileName\":\"文件名称\",\"fileFormat\":\"文件格式\",\"fileVersionNumber\":\"文件版本号\",\"fileSize\":\"文件大小(Byte)\",\"fileDigest\":\"文件摘要(MD5)\",\"fileLastTime\":\"文件最后更新时间\"}]}}}}','系统服务','2018-11-02 13:38:42','2018-11-02 13:38:42'),(25,'decevice1','{\"header\":{\"createTime\":\"时间戳\",\"messageType\":\"DeviceRegistrationReply\",\"wasNeedReply\":\"no\"},\"body\":{\"deviceUid\":\"decevice1\",\"returnCode\":\"-1\"}}','{\"header\":{\"createTime\":1541137300952,\"messageType\":\"Regist\",\"wasNeedReply\":\"yes \"},\"body\":{\"registMainInfo\":{\"deviceUid\":\"decevice1\",\"deviceCode\":\"deviceCode001\",\"stationCode\":\"0102stationCode\",\"deviceStatus\":\"INSERVICE \"},\"deviceDescription\":{\"identifier\":{\"HWID\":\"FDSFDSFDSFXDFsdrfe2432fessdfds\"},\"location\":{\"cityCode\":\"01\",\"lineCode\":\"01\",\"stationCode\":\"02\",\"localPosition\":\"西北角\",\"GPSLocation\":\"90 63 62 15\"},\"config\":{\"deviceCode\":\"设备编号\",\"deviceType\":\"设备类型\",\"deviceSubType\":\"设备子类型\",\"deviceSettings\":null},\"HWComponent\":{\"HWName\":\"英文缩写名称\",\"HWID\":\"硬件编号\",\"HWStatus\":\"是否安装，是否正常\",\"HWStatusCode\":\"预留\",\"HWSettings\":\"预留\",\"subComponentList\":null},\"SWComponent\":{\"SWName\":\"英文缩写名称\",\"SWID\":\"组件编号\",\"SWType\":\"英文缩写类型\",\"basePath\":\"组件安装路径\",\"componentFile\":{\"fileCategory\":\"文件类型\",\"filePath\":\"文件所在路径\",\"fileName\":\"文件名称\",\"fileFormat\":\"文件格式\",\"fileVersionNumber\":\"文件版本号\",\"fileSize\":\"文件大小(Byte)\",\"fileDigest\":\"文件摘要(MD5)\",\"fileLastTime\":\"文件最后更新时间\"},\"componentFileList\":[{\"fileCategory\":\"文件类型\",\"filePath\":\"文件所在路径\",\"fileName\":\"文件名称\",\"fileFormat\":\"文件格式\",\"fileVersionNumber\":\"文件版本号\",\"fileSize\":\"文件大小(Byte)\",\"fileDigest\":\"文件摘要(MD5)\",\"fileLastTime\":\"文件最后更新时间\"}]}}}}','系统服务','2018-11-02 13:41:42','2018-11-02 13:41:42'),(26,'decevice2','{\"header\":{\"createTime\":\"时间戳\",\"messageType\":\"DeviceRegistrationReply\",\"wasNeedReply\":\"no\"},\"body\":{\"deviceUid\":\"decevice2\",\"returnCode\":\"-1\"}}','{\"header\":{\"createTime\":1541137301067,\"messageType\":\"Regist\",\"wasNeedReply\":\"yes \"},\"body\":{\"registMainInfo\":{\"deviceUid\":\"decevice2\",\"deviceCode\":\"deviceCode001\",\"stationCode\":\"0102stationCode\",\"deviceStatus\":\"INSERVICE \"},\"deviceDescription\":{\"identifier\":{\"HWID\":\"FDSFDSFDSFXDFsdrfe2432fessdfds\"},\"location\":{\"cityCode\":\"01\",\"lineCode\":\"01\",\"stationCode\":\"02\",\"localPosition\":\"西北角\",\"GPSLocation\":\"90 63 62 15\"},\"config\":{\"deviceCode\":\"设备编号\",\"deviceType\":\"设备类型\",\"deviceSubType\":\"设备子类型\",\"deviceSettings\":null},\"HWComponent\":{\"HWName\":\"英文缩写名称\",\"HWID\":\"硬件编号\",\"HWStatus\":\"是否安装，是否正常\",\"HWStatusCode\":\"预留\",\"HWSettings\":\"预留\",\"subComponentList\":null},\"SWComponent\":{\"SWName\":\"英文缩写名称\",\"SWID\":\"组件编号\",\"SWType\":\"英文缩写类型\",\"basePath\":\"组件安装路径\",\"componentFile\":{\"fileCategory\":\"文件类型\",\"filePath\":\"文件所在路径\",\"fileName\":\"文件名称\",\"fileFormat\":\"文件格式\",\"fileVersionNumber\":\"文件版本号\",\"fileSize\":\"文件大小(Byte)\",\"fileDigest\":\"文件摘要(MD5)\",\"fileLastTime\":\"文件最后更新时间\"},\"componentFileList\":[{\"fileCategory\":\"文件类型\",\"filePath\":\"文件所在路径\",\"fileName\":\"文件名称\",\"fileFormat\":\"文件格式\",\"fileVersionNumber\":\"文件版本号\",\"fileSize\":\"文件大小(Byte)\",\"fileDigest\":\"文件摘要(MD5)\",\"fileLastTime\":\"文件最后更新时间\"}]}}}}','系统服务','2018-11-02 13:41:42','2018-11-02 13:41:42'),(27,'decevice3','{\"header\":{\"createTime\":\"时间戳\",\"messageType\":\"DeviceRegistrationReply\",\"wasNeedReply\":\"no\"},\"body\":{\"deviceUid\":\"decevice3\",\"returnCode\":\"-1\"}}','{\"header\":{\"createTime\":1541137301176,\"messageType\":\"Regist\",\"wasNeedReply\":\"yes \"},\"body\":{\"registMainInfo\":{\"deviceUid\":\"decevice3\",\"deviceCode\":\"deviceCode001\",\"stationCode\":\"0102stationCode\",\"deviceStatus\":\"INSERVICE \"},\"deviceDescription\":{\"identifier\":{\"HWID\":\"FDSFDSFDSFXDFsdrfe2432fessdfds\"},\"location\":{\"cityCode\":\"01\",\"lineCode\":\"01\",\"stationCode\":\"02\",\"localPosition\":\"西北角\",\"GPSLocation\":\"90 63 62 15\"},\"config\":{\"deviceCode\":\"设备编号\",\"deviceType\":\"设备类型\",\"deviceSubType\":\"设备子类型\",\"deviceSettings\":null},\"HWComponent\":{\"HWName\":\"英文缩写名称\",\"HWID\":\"硬件编号\",\"HWStatus\":\"是否安装，是否正常\",\"HWStatusCode\":\"预留\",\"HWSettings\":\"预留\",\"subComponentList\":null},\"SWComponent\":{\"SWName\":\"英文缩写名称\",\"SWID\":\"组件编号\",\"SWType\":\"英文缩写类型\",\"basePath\":\"组件安装路径\",\"componentFile\":{\"fileCategory\":\"文件类型\",\"filePath\":\"文件所在路径\",\"fileName\":\"文件名称\",\"fileFormat\":\"文件格式\",\"fileVersionNumber\":\"文件版本号\",\"fileSize\":\"文件大小(Byte)\",\"fileDigest\":\"文件摘要(MD5)\",\"fileLastTime\":\"文件最后更新时间\"},\"componentFileList\":[{\"fileCategory\":\"文件类型\",\"filePath\":\"文件所在路径\",\"fileName\":\"文件名称\",\"fileFormat\":\"文件格式\",\"fileVersionNumber\":\"文件版本号\",\"fileSize\":\"文件大小(Byte)\",\"fileDigest\":\"文件摘要(MD5)\",\"fileLastTime\":\"文件最后更新时间\"}]}}}}','系统服务','2018-11-02 13:41:42','2018-11-02 13:41:42'),(28,'decevice4','{\"header\":{\"createTime\":\"时间戳\",\"messageType\":\"DeviceRegistrationReply\",\"wasNeedReply\":\"no\"},\"body\":{\"deviceUid\":\"decevice4\",\"returnCode\":\"-1\"}}','{\"header\":{\"createTime\":1541137301286,\"messageType\":\"Regist\",\"wasNeedReply\":\"yes \"},\"body\":{\"registMainInfo\":{\"deviceUid\":\"decevice4\",\"deviceCode\":\"deviceCode001\",\"stationCode\":\"0102stationCode\",\"deviceStatus\":\"INSERVICE \"},\"deviceDescription\":{\"identifier\":{\"HWID\":\"FDSFDSFDSFXDFsdrfe2432fessdfds\"},\"location\":{\"cityCode\":\"01\",\"lineCode\":\"01\",\"stationCode\":\"02\",\"localPosition\":\"西北角\",\"GPSLocation\":\"90 63 62 15\"},\"config\":{\"deviceCode\":\"设备编号\",\"deviceType\":\"设备类型\",\"deviceSubType\":\"设备子类型\",\"deviceSettings\":null},\"HWComponent\":{\"HWName\":\"英文缩写名称\",\"HWID\":\"硬件编号\",\"HWStatus\":\"是否安装，是否正常\",\"HWStatusCode\":\"预留\",\"HWSettings\":\"预留\",\"subComponentList\":null},\"SWComponent\":{\"SWName\":\"英文缩写名称\",\"SWID\":\"组件编号\",\"SWType\":\"英文缩写类型\",\"basePath\":\"组件安装路径\",\"componentFile\":{\"fileCategory\":\"文件类型\",\"filePath\":\"文件所在路径\",\"fileName\":\"文件名称\",\"fileFormat\":\"文件格式\",\"fileVersionNumber\":\"文件版本号\",\"fileSize\":\"文件大小(Byte)\",\"fileDigest\":\"文件摘要(MD5)\",\"fileLastTime\":\"文件最后更新时间\"},\"componentFileList\":[{\"fileCategory\":\"文件类型\",\"filePath\":\"文件所在路径\",\"fileName\":\"文件名称\",\"fileFormat\":\"文件格式\",\"fileVersionNumber\":\"文件版本号\",\"fileSize\":\"文件大小(Byte)\",\"fileDigest\":\"文件摘要(MD5)\",\"fileLastTime\":\"文件最后更新时间\"}]}}}}','系统服务','2018-11-02 13:41:43','2018-11-02 13:41:43'),(29,'decevice5','{\"header\":{\"createTime\":\"时间戳\",\"messageType\":\"DeviceRegistrationReply\",\"wasNeedReply\":\"no\"},\"body\":{\"deviceUid\":\"decevice5\",\"returnCode\":\"-1\"}}','{\"header\":{\"createTime\":1541137301458,\"messageType\":\"Regist\",\"wasNeedReply\":\"yes \"},\"body\":{\"registMainInfo\":{\"deviceUid\":\"decevice5\",\"deviceCode\":\"deviceCode001\",\"stationCode\":\"0102stationCode\",\"deviceStatus\":\"INSERVICE \"},\"deviceDescription\":{\"identifier\":{\"HWID\":\"FDSFDSFDSFXDFsdrfe2432fessdfds\"},\"location\":{\"cityCode\":\"01\",\"lineCode\":\"01\",\"stationCode\":\"02\",\"localPosition\":\"西北角\",\"GPSLocation\":\"90 63 62 15\"},\"config\":{\"deviceCode\":\"设备编号\",\"deviceType\":\"设备类型\",\"deviceSubType\":\"设备子类型\",\"deviceSettings\":null},\"HWComponent\":{\"HWName\":\"英文缩写名称\",\"HWID\":\"硬件编号\",\"HWStatus\":\"是否安装，是否正常\",\"HWStatusCode\":\"预留\",\"HWSettings\":\"预留\",\"subComponentList\":null},\"SWComponent\":{\"SWName\":\"英文缩写名称\",\"SWID\":\"组件编号\",\"SWType\":\"英文缩写类型\",\"basePath\":\"组件安装路径\",\"componentFile\":{\"fileCategory\":\"文件类型\",\"filePath\":\"文件所在路径\",\"fileName\":\"文件名称\",\"fileFormat\":\"文件格式\",\"fileVersionNumber\":\"文件版本号\",\"fileSize\":\"文件大小(Byte)\",\"fileDigest\":\"文件摘要(MD5)\",\"fileLastTime\":\"文件最后更新时间\"},\"componentFileList\":[{\"fileCategory\":\"文件类型\",\"filePath\":\"文件所在路径\",\"fileName\":\"文件名称\",\"fileFormat\":\"文件格式\",\"fileVersionNumber\":\"文件版本号\",\"fileSize\":\"文件大小(Byte)\",\"fileDigest\":\"文件摘要(MD5)\",\"fileLastTime\":\"文件最后更新时间\"}]}}}}','系统服务','2018-11-02 13:41:43','2018-11-02 13:41:43'),(30,'decevice6','{\"header\":{\"createTime\":\"时间戳\",\"messageType\":\"DeviceRegistrationReply\",\"wasNeedReply\":\"no\"},\"body\":{\"deviceUid\":\"decevice6\",\"returnCode\":\"-1\"}}','{\"header\":{\"createTime\":1541137301567,\"messageType\":\"Regist\",\"wasNeedReply\":\"yes \"},\"body\":{\"registMainInfo\":{\"deviceUid\":\"decevice6\",\"deviceCode\":\"deviceCode001\",\"stationCode\":\"0102stationCode\",\"deviceStatus\":\"INSERVICE \"},\"deviceDescription\":{\"identifier\":{\"HWID\":\"FDSFDSFDSFXDFsdrfe2432fessdfds\"},\"location\":{\"cityCode\":\"01\",\"lineCode\":\"01\",\"stationCode\":\"02\",\"localPosition\":\"西北角\",\"GPSLocation\":\"90 63 62 15\"},\"config\":{\"deviceCode\":\"设备编号\",\"deviceType\":\"设备类型\",\"deviceSubType\":\"设备子类型\",\"deviceSettings\":null},\"HWComponent\":{\"HWName\":\"英文缩写名称\",\"HWID\":\"硬件编号\",\"HWStatus\":\"是否安装，是否正常\",\"HWStatusCode\":\"预留\",\"HWSettings\":\"预留\",\"subComponentList\":null},\"SWComponent\":{\"SWName\":\"英文缩写名称\",\"SWID\":\"组件编号\",\"SWType\":\"英文缩写类型\",\"basePath\":\"组件安装路径\",\"componentFile\":{\"fileCategory\":\"文件类型\",\"filePath\":\"文件所在路径\",\"fileName\":\"文件名称\",\"fileFormat\":\"文件格式\",\"fileVersionNumber\":\"文件版本号\",\"fileSize\":\"文件大小(Byte)\",\"fileDigest\":\"文件摘要(MD5)\",\"fileLastTime\":\"文件最后更新时间\"},\"componentFileList\":[{\"fileCategory\":\"文件类型\",\"filePath\":\"文件所在路径\",\"fileName\":\"文件名称\",\"fileFormat\":\"文件格式\",\"fileVersionNumber\":\"文件版本号\",\"fileSize\":\"文件大小(Byte)\",\"fileDigest\":\"文件摘要(MD5)\",\"fileLastTime\":\"文件最后更新时间\"}]}}}}','系统服务','2018-11-02 13:41:43','2018-11-02 13:41:43'),(31,'decevice7','{\"header\":{\"createTime\":\"时间戳\",\"messageType\":\"DeviceRegistrationReply\",\"wasNeedReply\":\"no\"},\"body\":{\"deviceUid\":\"decevice7\",\"returnCode\":\"-1\"}}','{\"header\":{\"createTime\":1541137301676,\"messageType\":\"Regist\",\"wasNeedReply\":\"yes \"},\"body\":{\"registMainInfo\":{\"deviceUid\":\"decevice7\",\"deviceCode\":\"deviceCode001\",\"stationCode\":\"0102stationCode\",\"deviceStatus\":\"INSERVICE \"},\"deviceDescription\":{\"identifier\":{\"HWID\":\"FDSFDSFDSFXDFsdrfe2432fessdfds\"},\"location\":{\"cityCode\":\"01\",\"lineCode\":\"01\",\"stationCode\":\"02\",\"localPosition\":\"西北角\",\"GPSLocation\":\"90 63 62 15\"},\"config\":{\"deviceCode\":\"设备编号\",\"deviceType\":\"设备类型\",\"deviceSubType\":\"设备子类型\",\"deviceSettings\":null},\"HWComponent\":{\"HWName\":\"英文缩写名称\",\"HWID\":\"硬件编号\",\"HWStatus\":\"是否安装，是否正常\",\"HWStatusCode\":\"预留\",\"HWSettings\":\"预留\",\"subComponentList\":null},\"SWComponent\":{\"SWName\":\"英文缩写名称\",\"SWID\":\"组件编号\",\"SWType\":\"英文缩写类型\",\"basePath\":\"组件安装路径\",\"componentFile\":{\"fileCategory\":\"文件类型\",\"filePath\":\"文件所在路径\",\"fileName\":\"文件名称\",\"fileFormat\":\"文件格式\",\"fileVersionNumber\":\"文件版本号\",\"fileSize\":\"文件大小(Byte)\",\"fileDigest\":\"文件摘要(MD5)\",\"fileLastTime\":\"文件最后更新时间\"},\"componentFileList\":[{\"fileCategory\":\"文件类型\",\"filePath\":\"文件所在路径\",\"fileName\":\"文件名称\",\"fileFormat\":\"文件格式\",\"fileVersionNumber\":\"文件版本号\",\"fileSize\":\"文件大小(Byte)\",\"fileDigest\":\"文件摘要(MD5)\",\"fileLastTime\":\"文件最后更新时间\"}]}}}}','系统服务','2018-11-02 13:41:43','2018-11-02 13:41:43'),(32,'decevice8','{\"header\":{\"createTime\":\"时间戳\",\"messageType\":\"DeviceRegistrationReply\",\"wasNeedReply\":\"no\"},\"body\":{\"deviceUid\":\"decevice8\",\"returnCode\":\"-1\"}}','{\"header\":{\"createTime\":1541137301867,\"messageType\":\"Regist\",\"wasNeedReply\":\"yes \"},\"body\":{\"registMainInfo\":{\"deviceUid\":\"decevice8\",\"deviceCode\":\"deviceCode001\",\"stationCode\":\"0102stationCode\",\"deviceStatus\":\"INSERVICE \"},\"deviceDescription\":{\"identifier\":{\"HWID\":\"FDSFDSFDSFXDFsdrfe2432fessdfds\"},\"location\":{\"cityCode\":\"01\",\"lineCode\":\"01\",\"stationCode\":\"02\",\"localPosition\":\"西北角\",\"GPSLocation\":\"90 63 62 15\"},\"config\":{\"deviceCode\":\"设备编号\",\"deviceType\":\"设备类型\",\"deviceSubType\":\"设备子类型\",\"deviceSettings\":null},\"HWComponent\":{\"HWName\":\"英文缩写名称\",\"HWID\":\"硬件编号\",\"HWStatus\":\"是否安装，是否正常\",\"HWStatusCode\":\"预留\",\"HWSettings\":\"预留\",\"subComponentList\":null},\"SWComponent\":{\"SWName\":\"英文缩写名称\",\"SWID\":\"组件编号\",\"SWType\":\"英文缩写类型\",\"basePath\":\"组件安装路径\",\"componentFile\":{\"fileCategory\":\"文件类型\",\"filePath\":\"文件所在路径\",\"fileName\":\"文件名称\",\"fileFormat\":\"文件格式\",\"fileVersionNumber\":\"文件版本号\",\"fileSize\":\"文件大小(Byte)\",\"fileDigest\":\"文件摘要(MD5)\",\"fileLastTime\":\"文件最后更新时间\"},\"componentFileList\":[{\"fileCategory\":\"文件类型\",\"filePath\":\"文件所在路径\",\"fileName\":\"文件名称\",\"fileFormat\":\"文件格式\",\"fileVersionNumber\":\"文件版本号\",\"fileSize\":\"文件大小(Byte)\",\"fileDigest\":\"文件摘要(MD5)\",\"fileLastTime\":\"文件最后更新时间\"}]}}}}','系统服务','2018-11-02 13:41:43','2018-11-02 13:41:43'),(33,'decevice9','{\"header\":{\"createTime\":\"时间戳\",\"messageType\":\"DeviceRegistrationReply\",\"wasNeedReply\":\"no\"},\"body\":{\"deviceUid\":\"decevice9\",\"returnCode\":\"-1\"}}','{\"header\":{\"createTime\":1541137301969,\"messageType\":\"Regist\",\"wasNeedReply\":\"yes \"},\"body\":{\"registMainInfo\":{\"deviceUid\":\"decevice9\",\"deviceCode\":\"deviceCode001\",\"stationCode\":\"0102stationCode\",\"deviceStatus\":\"INSERVICE \"},\"deviceDescription\":{\"identifier\":{\"HWID\":\"FDSFDSFDSFXDFsdrfe2432fessdfds\"},\"location\":{\"cityCode\":\"01\",\"lineCode\":\"01\",\"stationCode\":\"02\",\"localPosition\":\"西北角\",\"GPSLocation\":\"90 63 62 15\"},\"config\":{\"deviceCode\":\"设备编号\",\"deviceType\":\"设备类型\",\"deviceSubType\":\"设备子类型\",\"deviceSettings\":null},\"HWComponent\":{\"HWName\":\"英文缩写名称\",\"HWID\":\"硬件编号\",\"HWStatus\":\"是否安装，是否正常\",\"HWStatusCode\":\"预留\",\"HWSettings\":\"预留\",\"subComponentList\":null},\"SWComponent\":{\"SWName\":\"英文缩写名称\",\"SWID\":\"组件编号\",\"SWType\":\"英文缩写类型\",\"basePath\":\"组件安装路径\",\"componentFile\":{\"fileCategory\":\"文件类型\",\"filePath\":\"文件所在路径\",\"fileName\":\"文件名称\",\"fileFormat\":\"文件格式\",\"fileVersionNumber\":\"文件版本号\",\"fileSize\":\"文件大小(Byte)\",\"fileDigest\":\"文件摘要(MD5)\",\"fileLastTime\":\"文件最后更新时间\"},\"componentFileList\":[{\"fileCategory\":\"文件类型\",\"filePath\":\"文件所在路径\",\"fileName\":\"文件名称\",\"fileFormat\":\"文件格式\",\"fileVersionNumber\":\"文件版本号\",\"fileSize\":\"文件大小(Byte)\",\"fileDigest\":\"文件摘要(MD5)\",\"fileLastTime\":\"文件最后更新时间\"}]}}}}','系统服务','2018-11-02 13:41:43','2018-11-02 13:41:43'),(34,'decevice10','{\"header\":{\"createTime\":\"时间戳\",\"messageType\":\"DeviceRegistrationReply\",\"wasNeedReply\":\"no\"},\"body\":{\"deviceUid\":\"decevice10\",\"returnCode\":\"-1\"}}','{\"header\":{\"createTime\":1541137302080,\"messageType\":\"Regist\",\"wasNeedReply\":\"yes \"},\"body\":{\"registMainInfo\":{\"deviceUid\":\"decevice10\",\"deviceCode\":\"deviceCode001\",\"stationCode\":\"0102stationCode\",\"deviceStatus\":\"INSERVICE \"},\"deviceDescription\":{\"identifier\":{\"HWID\":\"FDSFDSFDSFXDFsdrfe2432fessdfds\"},\"location\":{\"cityCode\":\"01\",\"lineCode\":\"01\",\"stationCode\":\"02\",\"localPosition\":\"西北角\",\"GPSLocation\":\"90 63 62 15\"},\"config\":{\"deviceCode\":\"设备编号\",\"deviceType\":\"设备类型\",\"deviceSubType\":\"设备子类型\",\"deviceSettings\":null},\"HWComponent\":{\"HWName\":\"英文缩写名称\",\"HWID\":\"硬件编号\",\"HWStatus\":\"是否安装，是否正常\",\"HWStatusCode\":\"预留\",\"HWSettings\":\"预留\",\"subComponentList\":null},\"SWComponent\":{\"SWName\":\"英文缩写名称\",\"SWID\":\"组件编号\",\"SWType\":\"英文缩写类型\",\"basePath\":\"组件安装路径\",\"componentFile\":{\"fileCategory\":\"文件类型\",\"filePath\":\"文件所在路径\",\"fileName\":\"文件名称\",\"fileFormat\":\"文件格式\",\"fileVersionNumber\":\"文件版本号\",\"fileSize\":\"文件大小(Byte)\",\"fileDigest\":\"文件摘要(MD5)\",\"fileLastTime\":\"文件最后更新时间\"},\"componentFileList\":[{\"fileCategory\":\"文件类型\",\"filePath\":\"文件所在路径\",\"fileName\":\"文件名称\",\"fileFormat\":\"文件格式\",\"fileVersionNumber\":\"文件版本号\",\"fileSize\":\"文件大小(Byte)\",\"fileDigest\":\"文件摘要(MD5)\",\"fileLastTime\":\"文件最后更新时间\"}]}}}}','系统服务','2018-11-02 13:41:43','2018-11-02 13:41:43'),(35,'decevice1','{\"header\":{\"createTime\":\"时间戳\",\"messageType\":\"DeviceRegistrationReply\",\"wasNeedReply\":\"no\"},\"body\":{\"deviceUid\":\"decevice1\",\"returnCode\":\"-1\"}}','{\"header\":{\"createTime\":1541138354877,\"messageType\":\"Regist\",\"wasNeedReply\":\"yes \"},\"body\":{\"registMainInfo\":{\"deviceUid\":\"decevice1\",\"deviceCode\":\"decevice1\",\"stationCode\":\"0102stationCode\",\"deviceStatus\":\"INSERVICE \"},\"deviceDescription\":{\"identifier\":{\"HWID\":\"FDSFDSFDSFXDFsdrfe2432fessdfds\"},\"location\":{\"cityCode\":\"01\",\"lineCode\":\"01\",\"stationCode\":\"02\",\"localPosition\":\"西北角\",\"GPSLocation\":\"90 63 62 15\"},\"config\":{\"deviceCode\":\"设备编号\",\"deviceType\":\"设备类型\",\"deviceSubType\":\"设备子类型\",\"deviceSettings\":null},\"HWComponent\":{\"HWName\":\"英文缩写名称\",\"HWID\":\"硬件编号\",\"HWStatus\":\"是否安装，是否正常\",\"HWStatusCode\":\"预留\",\"HWSettings\":\"预留\",\"subComponentList\":null},\"SWComponent\":{\"SWName\":\"英文缩写名称\",\"SWID\":\"组件编号\",\"SWType\":\"英文缩写类型\",\"basePath\":\"组件安装路径\",\"componentFile\":{\"fileCategory\":\"文件类型\",\"filePath\":\"文件所在路径\",\"fileName\":\"文件名称\",\"fileFormat\":\"文件格式\",\"fileVersionNumber\":\"文件版本号\",\"fileSize\":\"文件大小(Byte)\",\"fileDigest\":\"文件摘要(MD5)\",\"fileLastTime\":\"文件最后更新时间\"},\"componentFileList\":[{\"fileCategory\":\"文件类型\",\"filePath\":\"文件所在路径\",\"fileName\":\"文件名称\",\"fileFormat\":\"文件格式\",\"fileVersionNumber\":\"文件版本号\",\"fileSize\":\"文件大小(Byte)\",\"fileDigest\":\"文件摘要(MD5)\",\"fileLastTime\":\"文件最后更新时间\"}]}}}}','系统服务','2018-11-02 13:59:15','2018-11-02 13:59:15'),(36,'decevice2','{\"header\":{\"createTime\":\"时间戳\",\"messageType\":\"DeviceRegistrationReply\",\"wasNeedReply\":\"no\"},\"body\":{\"deviceUid\":\"decevice2\",\"returnCode\":\"-1\"}}','{\"header\":{\"createTime\":1541138355245,\"messageType\":\"Regist\",\"wasNeedReply\":\"yes \"},\"body\":{\"registMainInfo\":{\"deviceUid\":\"decevice2\",\"deviceCode\":\"decevice2\",\"stationCode\":\"0102stationCode\",\"deviceStatus\":\"INSERVICE \"},\"deviceDescription\":{\"identifier\":{\"HWID\":\"FDSFDSFDSFXDFsdrfe2432fessdfds\"},\"location\":{\"cityCode\":\"01\",\"lineCode\":\"01\",\"stationCode\":\"02\",\"localPosition\":\"西北角\",\"GPSLocation\":\"90 63 62 15\"},\"config\":{\"deviceCode\":\"设备编号\",\"deviceType\":\"设备类型\",\"deviceSubType\":\"设备子类型\",\"deviceSettings\":null},\"HWComponent\":{\"HWName\":\"英文缩写名称\",\"HWID\":\"硬件编号\",\"HWStatus\":\"是否安装，是否正常\",\"HWStatusCode\":\"预留\",\"HWSettings\":\"预留\",\"subComponentList\":null},\"SWComponent\":{\"SWName\":\"英文缩写名称\",\"SWID\":\"组件编号\",\"SWType\":\"英文缩写类型\",\"basePath\":\"组件安装路径\",\"componentFile\":{\"fileCategory\":\"文件类型\",\"filePath\":\"文件所在路径\",\"fileName\":\"文件名称\",\"fileFormat\":\"文件格式\",\"fileVersionNumber\":\"文件版本号\",\"fileSize\":\"文件大小(Byte)\",\"fileDigest\":\"文件摘要(MD5)\",\"fileLastTime\":\"文件最后更新时间\"},\"componentFileList\":[{\"fileCategory\":\"文件类型\",\"filePath\":\"文件所在路径\",\"fileName\":\"文件名称\",\"fileFormat\":\"文件格式\",\"fileVersionNumber\":\"文件版本号\",\"fileSize\":\"文件大小(Byte)\",\"fileDigest\":\"文件摘要(MD5)\",\"fileLastTime\":\"文件最后更新时间\"}]}}}}','系统服务','2018-11-02 13:59:15','2018-11-02 13:59:16'),(37,'decevice3','{\"header\":{\"createTime\":\"时间戳\",\"messageType\":\"DeviceRegistrationReply\",\"wasNeedReply\":\"no\"},\"body\":{\"deviceUid\":\"decevice3\",\"returnCode\":\"-1\"}}','{\"header\":{\"createTime\":1541138355429,\"messageType\":\"Regist\",\"wasNeedReply\":\"yes \"},\"body\":{\"registMainInfo\":{\"deviceUid\":\"decevice3\",\"deviceCode\":\"decevice3\",\"stationCode\":\"0102stationCode\",\"deviceStatus\":\"INSERVICE \"},\"deviceDescription\":{\"identifier\":{\"HWID\":\"FDSFDSFDSFXDFsdrfe2432fessdfds\"},\"location\":{\"cityCode\":\"01\",\"lineCode\":\"01\",\"stationCode\":\"02\",\"localPosition\":\"西北角\",\"GPSLocation\":\"90 63 62 15\"},\"config\":{\"deviceCode\":\"设备编号\",\"deviceType\":\"设备类型\",\"deviceSubType\":\"设备子类型\",\"deviceSettings\":null},\"HWComponent\":{\"HWName\":\"英文缩写名称\",\"HWID\":\"硬件编号\",\"HWStatus\":\"是否安装，是否正常\",\"HWStatusCode\":\"预留\",\"HWSettings\":\"预留\",\"subComponentList\":null},\"SWComponent\":{\"SWName\":\"英文缩写名称\",\"SWID\":\"组件编号\",\"SWType\":\"英文缩写类型\",\"basePath\":\"组件安装路径\",\"componentFile\":{\"fileCategory\":\"文件类型\",\"filePath\":\"文件所在路径\",\"fileName\":\"文件名称\",\"fileFormat\":\"文件格式\",\"fileVersionNumber\":\"文件版本号\",\"fileSize\":\"文件大小(Byte)\",\"fileDigest\":\"文件摘要(MD5)\",\"fileLastTime\":\"文件最后更新时间\"},\"componentFileList\":[{\"fileCategory\":\"文件类型\",\"filePath\":\"文件所在路径\",\"fileName\":\"文件名称\",\"fileFormat\":\"文件格式\",\"fileVersionNumber\":\"文件版本号\",\"fileSize\":\"文件大小(Byte)\",\"fileDigest\":\"文件摘要(MD5)\",\"fileLastTime\":\"文件最后更新时间\"}]}}}}','系统服务','2018-11-02 13:59:16','2018-11-02 13:59:16'),(38,'decevice4','{\"header\":{\"createTime\":\"时间戳\",\"messageType\":\"DeviceRegistrationReply\",\"wasNeedReply\":\"no\"},\"body\":{\"deviceUid\":\"decevice4\",\"returnCode\":\"-1\"}}','{\"header\":{\"createTime\":1541138355521,\"messageType\":\"Regist\",\"wasNeedReply\":\"yes \"},\"body\":{\"registMainInfo\":{\"deviceUid\":\"decevice4\",\"deviceCode\":\"decevice4\",\"stationCode\":\"0102stationCode\",\"deviceStatus\":\"INSERVICE \"},\"deviceDescription\":{\"identifier\":{\"HWID\":\"FDSFDSFDSFXDFsdrfe2432fessdfds\"},\"location\":{\"cityCode\":\"01\",\"lineCode\":\"01\",\"stationCode\":\"02\",\"localPosition\":\"西北角\",\"GPSLocation\":\"90 63 62 15\"},\"config\":{\"deviceCode\":\"设备编号\",\"deviceType\":\"设备类型\",\"deviceSubType\":\"设备子类型\",\"deviceSettings\":null},\"HWComponent\":{\"HWName\":\"英文缩写名称\",\"HWID\":\"硬件编号\",\"HWStatus\":\"是否安装，是否正常\",\"HWStatusCode\":\"预留\",\"HWSettings\":\"预留\",\"subComponentList\":null},\"SWComponent\":{\"SWName\":\"英文缩写名称\",\"SWID\":\"组件编号\",\"SWType\":\"英文缩写类型\",\"basePath\":\"组件安装路径\",\"componentFile\":{\"fileCategory\":\"文件类型\",\"filePath\":\"文件所在路径\",\"fileName\":\"文件名称\",\"fileFormat\":\"文件格式\",\"fileVersionNumber\":\"文件版本号\",\"fileSize\":\"文件大小(Byte)\",\"fileDigest\":\"文件摘要(MD5)\",\"fileLastTime\":\"文件最后更新时间\"},\"componentFileList\":[{\"fileCategory\":\"文件类型\",\"filePath\":\"文件所在路径\",\"fileName\":\"文件名称\",\"fileFormat\":\"文件格式\",\"fileVersionNumber\":\"文件版本号\",\"fileSize\":\"文件大小(Byte)\",\"fileDigest\":\"文件摘要(MD5)\",\"fileLastTime\":\"文件最后更新时间\"}]}}}}','系统服务','2018-11-02 13:59:16','2018-11-02 13:59:16'),(39,'decevice5','{\"header\":{\"createTime\":\"时间戳\",\"messageType\":\"DeviceRegistrationReply\",\"wasNeedReply\":\"no\"},\"body\":{\"deviceUid\":\"decevice5\",\"returnCode\":\"-1\"}}','{\"header\":{\"createTime\":1541138355611,\"messageType\":\"Regist\",\"wasNeedReply\":\"yes \"},\"body\":{\"registMainInfo\":{\"deviceUid\":\"decevice5\",\"deviceCode\":\"decevice5\",\"stationCode\":\"0102stationCode\",\"deviceStatus\":\"INSERVICE \"},\"deviceDescription\":{\"identifier\":{\"HWID\":\"FDSFDSFDSFXDFsdrfe2432fessdfds\"},\"location\":{\"cityCode\":\"01\",\"lineCode\":\"01\",\"stationCode\":\"02\",\"localPosition\":\"西北角\",\"GPSLocation\":\"90 63 62 15\"},\"config\":{\"deviceCode\":\"设备编号\",\"deviceType\":\"设备类型\",\"deviceSubType\":\"设备子类型\",\"deviceSettings\":null},\"HWComponent\":{\"HWName\":\"英文缩写名称\",\"HWID\":\"硬件编号\",\"HWStatus\":\"是否安装，是否正常\",\"HWStatusCode\":\"预留\",\"HWSettings\":\"预留\",\"subComponentList\":null},\"SWComponent\":{\"SWName\":\"英文缩写名称\",\"SWID\":\"组件编号\",\"SWType\":\"英文缩写类型\",\"basePath\":\"组件安装路径\",\"componentFile\":{\"fileCategory\":\"文件类型\",\"filePath\":\"文件所在路径\",\"fileName\":\"文件名称\",\"fileFormat\":\"文件格式\",\"fileVersionNumber\":\"文件版本号\",\"fileSize\":\"文件大小(Byte)\",\"fileDigest\":\"文件摘要(MD5)\",\"fileLastTime\":\"文件最后更新时间\"},\"componentFileList\":[{\"fileCategory\":\"文件类型\",\"filePath\":\"文件所在路径\",\"fileName\":\"文件名称\",\"fileFormat\":\"文件格式\",\"fileVersionNumber\":\"文件版本号\",\"fileSize\":\"文件大小(Byte)\",\"fileDigest\":\"文件摘要(MD5)\",\"fileLastTime\":\"文件最后更新时间\"}]}}}}','系统服务','2018-11-02 13:59:16','2018-11-02 13:59:16'),(40,'decevice6','{\"header\":{\"createTime\":\"时间戳\",\"messageType\":\"DeviceRegistrationReply\",\"wasNeedReply\":\"no\"},\"body\":{\"deviceUid\":\"decevice6\",\"returnCode\":\"-1\"}}','{\"header\":{\"createTime\":1541138355720,\"messageType\":\"Regist\",\"wasNeedReply\":\"yes \"},\"body\":{\"registMainInfo\":{\"deviceUid\":\"decevice6\",\"deviceCode\":\"decevice6\",\"stationCode\":\"0102stationCode\",\"deviceStatus\":\"INSERVICE \"},\"deviceDescription\":{\"identifier\":{\"HWID\":\"FDSFDSFDSFXDFsdrfe2432fessdfds\"},\"location\":{\"cityCode\":\"01\",\"lineCode\":\"01\",\"stationCode\":\"02\",\"localPosition\":\"西北角\",\"GPSLocation\":\"90 63 62 15\"},\"config\":{\"deviceCode\":\"设备编号\",\"deviceType\":\"设备类型\",\"deviceSubType\":\"设备子类型\",\"deviceSettings\":null},\"HWComponent\":{\"HWName\":\"英文缩写名称\",\"HWID\":\"硬件编号\",\"HWStatus\":\"是否安装，是否正常\",\"HWStatusCode\":\"预留\",\"HWSettings\":\"预留\",\"subComponentList\":null},\"SWComponent\":{\"SWName\":\"英文缩写名称\",\"SWID\":\"组件编号\",\"SWType\":\"英文缩写类型\",\"basePath\":\"组件安装路径\",\"componentFile\":{\"fileCategory\":\"文件类型\",\"filePath\":\"文件所在路径\",\"fileName\":\"文件名称\",\"fileFormat\":\"文件格式\",\"fileVersionNumber\":\"文件版本号\",\"fileSize\":\"文件大小(Byte)\",\"fileDigest\":\"文件摘要(MD5)\",\"fileLastTime\":\"文件最后更新时间\"},\"componentFileList\":[{\"fileCategory\":\"文件类型\",\"filePath\":\"文件所在路径\",\"fileName\":\"文件名称\",\"fileFormat\":\"文件格式\",\"fileVersionNumber\":\"文件版本号\",\"fileSize\":\"文件大小(Byte)\",\"fileDigest\":\"文件摘要(MD5)\",\"fileLastTime\":\"文件最后更新时间\"}]}}}}','系统服务','2018-11-02 13:59:16','2018-11-02 13:59:16'),(41,'decevice7','{\"header\":{\"createTime\":\"时间戳\",\"messageType\":\"DeviceRegistrationReply\",\"wasNeedReply\":\"no\"},\"body\":{\"deviceUid\":\"decevice7\",\"returnCode\":\"-1\"}}','{\"header\":{\"createTime\":1541138356343,\"messageType\":\"Regist\",\"wasNeedReply\":\"yes \"},\"body\":{\"registMainInfo\":{\"deviceUid\":\"decevice7\",\"deviceCode\":\"decevice7\",\"stationCode\":\"0102stationCode\",\"deviceStatus\":\"INSERVICE \"},\"deviceDescription\":{\"identifier\":{\"HWID\":\"FDSFDSFDSFXDFsdrfe2432fessdfds\"},\"location\":{\"cityCode\":\"01\",\"lineCode\":\"01\",\"stationCode\":\"02\",\"localPosition\":\"西北角\",\"GPSLocation\":\"90 63 62 15\"},\"config\":{\"deviceCode\":\"设备编号\",\"deviceType\":\"设备类型\",\"deviceSubType\":\"设备子类型\",\"deviceSettings\":null},\"HWComponent\":{\"HWName\":\"英文缩写名称\",\"HWID\":\"硬件编号\",\"HWStatus\":\"是否安装，是否正常\",\"HWStatusCode\":\"预留\",\"HWSettings\":\"预留\",\"subComponentList\":null},\"SWComponent\":{\"SWName\":\"英文缩写名称\",\"SWID\":\"组件编号\",\"SWType\":\"英文缩写类型\",\"basePath\":\"组件安装路径\",\"componentFile\":{\"fileCategory\":\"文件类型\",\"filePath\":\"文件所在路径\",\"fileName\":\"文件名称\",\"fileFormat\":\"文件格式\",\"fileVersionNumber\":\"文件版本号\",\"fileSize\":\"文件大小(Byte)\",\"fileDigest\":\"文件摘要(MD5)\",\"fileLastTime\":\"文件最后更新时间\"},\"componentFileList\":[{\"fileCategory\":\"文件类型\",\"filePath\":\"文件所在路径\",\"fileName\":\"文件名称\",\"fileFormat\":\"文件格式\",\"fileVersionNumber\":\"文件版本号\",\"fileSize\":\"文件大小(Byte)\",\"fileDigest\":\"文件摘要(MD5)\",\"fileLastTime\":\"文件最后更新时间\"}]}}}}','系统服务','2018-11-02 13:59:16','2018-11-02 13:59:17'),(42,'decevice8','{\"header\":{\"createTime\":\"时间戳\",\"messageType\":\"DeviceRegistrationReply\",\"wasNeedReply\":\"no\"},\"body\":{\"deviceUid\":\"decevice8\",\"returnCode\":\"-1\"}}','{\"header\":{\"createTime\":1541138356528,\"messageType\":\"Regist\",\"wasNeedReply\":\"yes \"},\"body\":{\"registMainInfo\":{\"deviceUid\":\"decevice8\",\"deviceCode\":\"decevice8\",\"stationCode\":\"0102stationCode\",\"deviceStatus\":\"INSERVICE \"},\"deviceDescription\":{\"identifier\":{\"HWID\":\"FDSFDSFDSFXDFsdrfe2432fessdfds\"},\"location\":{\"cityCode\":\"01\",\"lineCode\":\"01\",\"stationCode\":\"02\",\"localPosition\":\"西北角\",\"GPSLocation\":\"90 63 62 15\"},\"config\":{\"deviceCode\":\"设备编号\",\"deviceType\":\"设备类型\",\"deviceSubType\":\"设备子类型\",\"deviceSettings\":null},\"HWComponent\":{\"HWName\":\"英文缩写名称\",\"HWID\":\"硬件编号\",\"HWStatus\":\"是否安装，是否正常\",\"HWStatusCode\":\"预留\",\"HWSettings\":\"预留\",\"subComponentList\":null},\"SWComponent\":{\"SWName\":\"英文缩写名称\",\"SWID\":\"组件编号\",\"SWType\":\"英文缩写类型\",\"basePath\":\"组件安装路径\",\"componentFile\":{\"fileCategory\":\"文件类型\",\"filePath\":\"文件所在路径\",\"fileName\":\"文件名称\",\"fileFormat\":\"文件格式\",\"fileVersionNumber\":\"文件版本号\",\"fileSize\":\"文件大小(Byte)\",\"fileDigest\":\"文件摘要(MD5)\",\"fileLastTime\":\"文件最后更新时间\"},\"componentFileList\":[{\"fileCategory\":\"文件类型\",\"filePath\":\"文件所在路径\",\"fileName\":\"文件名称\",\"fileFormat\":\"文件格式\",\"fileVersionNumber\":\"文件版本号\",\"fileSize\":\"文件大小(Byte)\",\"fileDigest\":\"文件摘要(MD5)\",\"fileLastTime\":\"文件最后更新时间\"}]}}}}','系统服务','2018-11-02 13:59:17','2018-11-02 13:59:17'),(43,'decevice9','{\"header\":{\"createTime\":\"时间戳\",\"messageType\":\"DeviceRegistrationReply\",\"wasNeedReply\":\"no\"},\"body\":{\"deviceUid\":\"decevice9\",\"returnCode\":\"-1\"}}','{\"header\":{\"createTime\":1541138356641,\"messageType\":\"Regist\",\"wasNeedReply\":\"yes \"},\"body\":{\"registMainInfo\":{\"deviceUid\":\"decevice9\",\"deviceCode\":\"decevice9\",\"stationCode\":\"0102stationCode\",\"deviceStatus\":\"INSERVICE \"},\"deviceDescription\":{\"identifier\":{\"HWID\":\"FDSFDSFDSFXDFsdrfe2432fessdfds\"},\"location\":{\"cityCode\":\"01\",\"lineCode\":\"01\",\"stationCode\":\"02\",\"localPosition\":\"西北角\",\"GPSLocation\":\"90 63 62 15\"},\"config\":{\"deviceCode\":\"设备编号\",\"deviceType\":\"设备类型\",\"deviceSubType\":\"设备子类型\",\"deviceSettings\":null},\"HWComponent\":{\"HWName\":\"英文缩写名称\",\"HWID\":\"硬件编号\",\"HWStatus\":\"是否安装，是否正常\",\"HWStatusCode\":\"预留\",\"HWSettings\":\"预留\",\"subComponentList\":null},\"SWComponent\":{\"SWName\":\"英文缩写名称\",\"SWID\":\"组件编号\",\"SWType\":\"英文缩写类型\",\"basePath\":\"组件安装路径\",\"componentFile\":{\"fileCategory\":\"文件类型\",\"filePath\":\"文件所在路径\",\"fileName\":\"文件名称\",\"fileFormat\":\"文件格式\",\"fileVersionNumber\":\"文件版本号\",\"fileSize\":\"文件大小(Byte)\",\"fileDigest\":\"文件摘要(MD5)\",\"fileLastTime\":\"文件最后更新时间\"},\"componentFileList\":[{\"fileCategory\":\"文件类型\",\"filePath\":\"文件所在路径\",\"fileName\":\"文件名称\",\"fileFormat\":\"文件格式\",\"fileVersionNumber\":\"文件版本号\",\"fileSize\":\"文件大小(Byte)\",\"fileDigest\":\"文件摘要(MD5)\",\"fileLastTime\":\"文件最后更新时间\"}]}}}}','系统服务','2018-11-02 13:59:17','2018-11-02 13:59:17'),(44,'decevice10','{\"header\":{\"createTime\":\"时间戳\",\"messageType\":\"DeviceRegistrationReply\",\"wasNeedReply\":\"no\"},\"body\":{\"deviceUid\":\"decevice10\",\"returnCode\":\"-1\"}}','{\"header\":{\"createTime\":1541138356744,\"messageType\":\"Regist\",\"wasNeedReply\":\"yes \"},\"body\":{\"registMainInfo\":{\"deviceUid\":\"decevice10\",\"deviceCode\":\"decevice10\",\"stationCode\":\"0102stationCode\",\"deviceStatus\":\"INSERVICE \"},\"deviceDescription\":{\"identifier\":{\"HWID\":\"FDSFDSFDSFXDFsdrfe2432fessdfds\"},\"location\":{\"cityCode\":\"01\",\"lineCode\":\"01\",\"stationCode\":\"02\",\"localPosition\":\"西北角\",\"GPSLocation\":\"90 63 62 15\"},\"config\":{\"deviceCode\":\"设备编号\",\"deviceType\":\"设备类型\",\"deviceSubType\":\"设备子类型\",\"deviceSettings\":null},\"HWComponent\":{\"HWName\":\"英文缩写名称\",\"HWID\":\"硬件编号\",\"HWStatus\":\"是否安装，是否正常\",\"HWStatusCode\":\"预留\",\"HWSettings\":\"预留\",\"subComponentList\":null},\"SWComponent\":{\"SWName\":\"英文缩写名称\",\"SWID\":\"组件编号\",\"SWType\":\"英文缩写类型\",\"basePath\":\"组件安装路径\",\"componentFile\":{\"fileCategory\":\"文件类型\",\"filePath\":\"文件所在路径\",\"fileName\":\"文件名称\",\"fileFormat\":\"文件格式\",\"fileVersionNumber\":\"文件版本号\",\"fileSize\":\"文件大小(Byte)\",\"fileDigest\":\"文件摘要(MD5)\",\"fileLastTime\":\"文件最后更新时间\"},\"componentFileList\":[{\"fileCategory\":\"文件类型\",\"filePath\":\"文件所在路径\",\"fileName\":\"文件名称\",\"fileFormat\":\"文件格式\",\"fileVersionNumber\":\"文件版本号\",\"fileSize\":\"文件大小(Byte)\",\"fileDigest\":\"文件摘要(MD5)\",\"fileLastTime\":\"文件最后更新时间\"}]}}}}','系统服务','2018-11-02 13:59:17','2018-11-02 13:59:17'),(45,'decevice1','{\"header\":{\"createTime\":\"时间戳\",\"messageType\":\"DeviceRegistrationReply\",\"wasNeedReply\":\"no\"},\"body\":{\"deviceUid\":\"decevice1\",\"returnCode\":\"-1\"}}','{\"header\":{\"createTime\":1541138469384,\"messageType\":\"Regist\",\"wasNeedReply\":\"yes \"},\"body\":{\"registMainInfo\":{\"deviceUid\":\"decevice1\",\"deviceCode\":\"decevice1\",\"stationCode\":\"0102stationCode\",\"deviceStatus\":\"INSERVICE \"},\"deviceDescription\":{\"identifier\":{\"HWID\":\"FDSFDSFDSFXDFsdrfe2432fessdfds\"},\"location\":{\"cityCode\":\"01\",\"lineCode\":\"01\",\"stationCode\":\"02\",\"localPosition\":\"西北角\",\"GPSLocation\":\"90 63 62 15\"},\"config\":{\"deviceCode\":\"设备编号\",\"deviceType\":\"设备类型\",\"deviceSubType\":\"设备子类型\",\"deviceSettings\":null},\"HWComponent\":{\"HWName\":\"英文缩写名称\",\"HWID\":\"硬件编号\",\"HWStatus\":\"是否安装，是否正常\",\"HWStatusCode\":\"预留\",\"HWSettings\":\"预留\",\"subComponentList\":null},\"SWComponent\":{\"SWName\":\"英文缩写名称\",\"SWID\":\"组件编号\",\"SWType\":\"英文缩写类型\",\"basePath\":\"组件安装路径\",\"componentFile\":{\"fileCategory\":\"文件类型\",\"filePath\":\"文件所在路径\",\"fileName\":\"文件名称\",\"fileFormat\":\"文件格式\",\"fileVersionNumber\":\"文件版本号\",\"fileSize\":\"文件大小(Byte)\",\"fileDigest\":\"文件摘要(MD5)\",\"fileLastTime\":\"文件最后更新时间\"},\"componentFileList\":[{\"fileCategory\":\"文件类型\",\"filePath\":\"文件所在路径\",\"fileName\":\"文件名称\",\"fileFormat\":\"文件格式\",\"fileVersionNumber\":\"文件版本号\",\"fileSize\":\"文件大小(Byte)\",\"fileDigest\":\"文件摘要(MD5)\",\"fileLastTime\":\"文件最后更新时间\"}]}}}}','系统服务','2018-11-02 14:01:09','2018-11-02 14:01:09'),(46,'decevice1','{\"header\":{\"createTime\":\"时间戳\",\"messageType\":\"DeviceRegistrationReply\",\"wasNeedReply\":\"no\"},\"body\":{\"deviceUid\":\"decevice1\",\"returnCode\":\"-1\"}}','{\"header\":{\"createTime\":1541138555679,\"messageType\":\"Regist\",\"wasNeedReply\":\"yes \"},\"body\":{\"registMainInfo\":{\"deviceUid\":\"decevice1\",\"deviceCode\":\"decevice1\",\"stationCode\":\"0102stationCode\",\"deviceStatus\":\"INSERVICE \"},\"deviceDescription\":{\"identifier\":{\"HWID\":\"FDSFDSFDSFXDFsdrfe2432fessdfds\"},\"location\":{\"cityCode\":\"01\",\"lineCode\":\"01\",\"stationCode\":\"02\",\"localPosition\":\"西北角\",\"GPSLocation\":\"90 63 62 15\"},\"config\":{\"deviceCode\":\"设备编号\",\"deviceType\":\"设备类型\",\"deviceSubType\":\"设备子类型\",\"deviceSettings\":null},\"HWComponent\":{\"HWName\":\"英文缩写名称\",\"HWID\":\"硬件编号\",\"HWStatus\":\"是否安装，是否正常\",\"HWStatusCode\":\"预留\",\"HWSettings\":\"预留\",\"subComponentList\":null},\"SWComponent\":{\"SWName\":\"英文缩写名称\",\"SWID\":\"组件编号\",\"SWType\":\"英文缩写类型\",\"basePath\":\"组件安装路径\",\"componentFile\":{\"fileCategory\":\"文件类型\",\"filePath\":\"文件所在路径\",\"fileName\":\"文件名称\",\"fileFormat\":\"文件格式\",\"fileVersionNumber\":\"文件版本号\",\"fileSize\":\"文件大小(Byte)\",\"fileDigest\":\"文件摘要(MD5)\",\"fileLastTime\":\"文件最后更新时间\"},\"componentFileList\":[{\"fileCategory\":\"文件类型\",\"filePath\":\"文件所在路径\",\"fileName\":\"文件名称\",\"fileFormat\":\"文件格式\",\"fileVersionNumber\":\"文件版本号\",\"fileSize\":\"文件大小(Byte)\",\"fileDigest\":\"文件摘要(MD5)\",\"fileLastTime\":\"文件最后更新时间\"}]}}}}','系统服务','2018-11-02 14:02:40','2018-11-02 14:02:40'),(47,'device001','{\"header\":{\"createTime\":\"时间戳\",\"messageType\":\"DeviceRegistrationReply\",\"wasNeedReply\":\"no\"},\"body\":{\"deviceUid\":\"device001\",\"returnCode\":\"0\",\"fileServerConfig\":{\"serverName\":\"服务器名字\",\"serverProtocol\":\"默认。其他待定\",\"serverAddress\":\"IP地址或域名\",\"serverPort\":\"端口号\",\"serverHomePath\":\"用户根目录\",\"authorization\":\"使用 username:password形式。其他待定\",\"serverSettings\":\"预留\"}}}','{\"header\":{\"createTime\":1541139749363,\"messageType\":\"Regist\",\"wasNeedReply\":\"yes \"},\"body\":{\"registMainInfo\":{\"deviceUid\":\"device001\",\"deviceCode\":\"0102zl001\",\"stationCode\":\"0102\",\"deviceStatus\":\"INSERVICE \"},\"deviceDescription\":{\"identifier\":{\"HWID\":\"FDSFDSFDSFXDFsdrfe2432fessdfds\"},\"location\":{\"cityCode\":\"01\",\"lineCode\":\"01\",\"stationCode\":\"02\",\"localPosition\":\"西北角\",\"GPSLocation\":\"90 63 62 15\"},\"config\":{\"deviceCode\":\"设备编号\",\"deviceType\":\"设备类型\",\"deviceSubType\":\"设备子类型\",\"deviceSettings\":null},\"HWComponent\":{\"HWName\":\"英文缩写名称\",\"HWID\":\"硬件编号\",\"HWStatus\":\"是否安装，是否正常\",\"HWStatusCode\":\"预留\",\"HWSettings\":\"预留\",\"subComponentList\":null},\"SWComponent\":{\"SWName\":\"英文缩写名称\",\"SWID\":\"组件编号\",\"SWType\":\"英文缩写类型\",\"basePath\":\"组件安装路径\",\"componentFile\":{\"fileCategory\":\"文件类型\",\"filePath\":\"文件所在路径\",\"fileName\":\"文件名称\",\"fileFormat\":\"文件格式\",\"fileVersionNumber\":\"文件版本号\",\"fileSize\":\"文件大小(Byte)\",\"fileDigest\":\"文件摘要(MD5)\",\"fileLastTime\":\"文件最后更新时间\"},\"componentFileList\":[{\"fileCategory\":\"文件类型\",\"filePath\":\"文件所在路径\",\"fileName\":\"文件名称\",\"fileFormat\":\"文件格式\",\"fileVersionNumber\":\"文件版本号\",\"fileSize\":\"文件大小(Byte)\",\"fileDigest\":\"文件摘要(MD5)\",\"fileLastTime\":\"文件最后更新时间\"}]}}}}','系统服务','2018-11-02 14:22:29','2018-11-02 14:22:30'),(48,'device002','{\"header\":{\"createTime\":\"时间戳\",\"messageType\":\"DeviceRegistrationReply\",\"wasNeedReply\":\"no\"},\"body\":{\"deviceUid\":\"device002\",\"returnCode\":\"-1\"}}','{\"header\":{\"createTime\":1541139749503,\"messageType\":\"Regist\",\"wasNeedReply\":\"yes \"},\"body\":{\"registMainInfo\":{\"deviceUid\":\"device002\",\"deviceCode\":\"0102zl002\",\"stationCode\":\"0102\",\"deviceStatus\":\"INSERVICE \"},\"deviceDescription\":{\"identifier\":{\"HWID\":\"FDSFDSFDSFXDFsdrfe2432fessdfds\"},\"location\":{\"cityCode\":\"01\",\"lineCode\":\"01\",\"stationCode\":\"02\",\"localPosition\":\"西北角\",\"GPSLocation\":\"90 63 62 15\"},\"config\":{\"deviceCode\":\"设备编号\",\"deviceType\":\"设备类型\",\"deviceSubType\":\"设备子类型\",\"deviceSettings\":null},\"HWComponent\":{\"HWName\":\"英文缩写名称\",\"HWID\":\"硬件编号\",\"HWStatus\":\"是否安装，是否正常\",\"HWStatusCode\":\"预留\",\"HWSettings\":\"预留\",\"subComponentList\":null},\"SWComponent\":{\"SWName\":\"英文缩写名称\",\"SWID\":\"组件编号\",\"SWType\":\"英文缩写类型\",\"basePath\":\"组件安装路径\",\"componentFile\":{\"fileCategory\":\"文件类型\",\"filePath\":\"文件所在路径\",\"fileName\":\"文件名称\",\"fileFormat\":\"文件格式\",\"fileVersionNumber\":\"文件版本号\",\"fileSize\":\"文件大小(Byte)\",\"fileDigest\":\"文件摘要(MD5)\",\"fileLastTime\":\"文件最后更新时间\"},\"componentFileList\":[{\"fileCategory\":\"文件类型\",\"filePath\":\"文件所在路径\",\"fileName\":\"文件名称\",\"fileFormat\":\"文件格式\",\"fileVersionNumber\":\"文件版本号\",\"fileSize\":\"文件大小(Byte)\",\"fileDigest\":\"文件摘要(MD5)\",\"fileLastTime\":\"文件最后更新时间\"}]}}}}','系统服务','2018-11-02 14:22:30','2018-11-02 14:22:30'),(49,'device003','{\"header\":{\"createTime\":\"时间戳\",\"messageType\":\"DeviceRegistrationReply\",\"wasNeedReply\":\"no\"},\"body\":{\"deviceUid\":\"device003\",\"returnCode\":\"-1\"}}','{\"header\":{\"createTime\":1541139749613,\"messageType\":\"Regist\",\"wasNeedReply\":\"yes \"},\"body\":{\"registMainInfo\":{\"deviceUid\":\"device003\",\"deviceCode\":\"0102zl003\",\"stationCode\":\"0102\",\"deviceStatus\":\"INSERVICE \"},\"deviceDescription\":{\"identifier\":{\"HWID\":\"FDSFDSFDSFXDFsdrfe2432fessdfds\"},\"location\":{\"cityCode\":\"01\",\"lineCode\":\"01\",\"stationCode\":\"02\",\"localPosition\":\"西北角\",\"GPSLocation\":\"90 63 62 15\"},\"config\":{\"deviceCode\":\"设备编号\",\"deviceType\":\"设备类型\",\"deviceSubType\":\"设备子类型\",\"deviceSettings\":null},\"HWComponent\":{\"HWName\":\"英文缩写名称\",\"HWID\":\"硬件编号\",\"HWStatus\":\"是否安装，是否正常\",\"HWStatusCode\":\"预留\",\"HWSettings\":\"预留\",\"subComponentList\":null},\"SWComponent\":{\"SWName\":\"英文缩写名称\",\"SWID\":\"组件编号\",\"SWType\":\"英文缩写类型\",\"basePath\":\"组件安装路径\",\"componentFile\":{\"fileCategory\":\"文件类型\",\"filePath\":\"文件所在路径\",\"fileName\":\"文件名称\",\"fileFormat\":\"文件格式\",\"fileVersionNumber\":\"文件版本号\",\"fileSize\":\"文件大小(Byte)\",\"fileDigest\":\"文件摘要(MD5)\",\"fileLastTime\":\"文件最后更新时间\"},\"componentFileList\":[{\"fileCategory\":\"文件类型\",\"filePath\":\"文件所在路径\",\"fileName\":\"文件名称\",\"fileFormat\":\"文件格式\",\"fileVersionNumber\":\"文件版本号\",\"fileSize\":\"文件大小(Byte)\",\"fileDigest\":\"文件摘要(MD5)\",\"fileLastTime\":\"文件最后更新时间\"}]}}}}','系统服务','2018-11-02 14:22:30','2018-11-02 14:22:30'),(50,'device004','{\"header\":{\"createTime\":\"时间戳\",\"messageType\":\"DeviceRegistrationReply\",\"wasNeedReply\":\"no\"},\"body\":{\"deviceUid\":\"device004\",\"returnCode\":\"-1\"}}','{\"header\":{\"createTime\":1541139749769,\"messageType\":\"Regist\",\"wasNeedReply\":\"yes \"},\"body\":{\"registMainInfo\":{\"deviceUid\":\"device004\",\"deviceCode\":\"0102zl004\",\"stationCode\":\"0102\",\"deviceStatus\":\"INSERVICE \"},\"deviceDescription\":{\"identifier\":{\"HWID\":\"FDSFDSFDSFXDFsdrfe2432fessdfds\"},\"location\":{\"cityCode\":\"01\",\"lineCode\":\"01\",\"stationCode\":\"02\",\"localPosition\":\"西北角\",\"GPSLocation\":\"90 63 62 15\"},\"config\":{\"deviceCode\":\"设备编号\",\"deviceType\":\"设备类型\",\"deviceSubType\":\"设备子类型\",\"deviceSettings\":null},\"HWComponent\":{\"HWName\":\"英文缩写名称\",\"HWID\":\"硬件编号\",\"HWStatus\":\"是否安装，是否正常\",\"HWStatusCode\":\"预留\",\"HWSettings\":\"预留\",\"subComponentList\":null},\"SWComponent\":{\"SWName\":\"英文缩写名称\",\"SWID\":\"组件编号\",\"SWType\":\"英文缩写类型\",\"basePath\":\"组件安装路径\",\"componentFile\":{\"fileCategory\":\"文件类型\",\"filePath\":\"文件所在路径\",\"fileName\":\"文件名称\",\"fileFormat\":\"文件格式\",\"fileVersionNumber\":\"文件版本号\",\"fileSize\":\"文件大小(Byte)\",\"fileDigest\":\"文件摘要(MD5)\",\"fileLastTime\":\"文件最后更新时间\"},\"componentFileList\":[{\"fileCategory\":\"文件类型\",\"filePath\":\"文件所在路径\",\"fileName\":\"文件名称\",\"fileFormat\":\"文件格式\",\"fileVersionNumber\":\"文件版本号\",\"fileSize\":\"文件大小(Byte)\",\"fileDigest\":\"文件摘要(MD5)\",\"fileLastTime\":\"文件最后更新时间\"}]}}}}','系统服务','2018-11-02 14:22:30','2018-11-02 14:22:30'),(51,'device001','{\"header\":{\"createTime\":\"时间戳\",\"messageType\":\"DeviceRegistrationReply\",\"wasNeedReply\":\"no\"},\"body\":{\"deviceUid\":\"device001\",\"returnCode\":\"0\",\"fileServerConfig\":{\"serverName\":\"服务器名字\",\"serverProtocol\":\"默认。其他待定\",\"serverAddress\":\"IP地址或域名\",\"serverPort\":\"端口号\",\"serverHomePath\":\"用户根目录\",\"authorization\":\"使用 username:password形式。其他待定\",\"serverSettings\":\"预留\"}}}','{\"header\":{\"createTime\":1541140082717,\"messageType\":\"Regist\",\"wasNeedReply\":\"yes \"},\"body\":{\"registMainInfo\":{\"deviceUid\":\"device001\",\"deviceCode\":\"0102zl001\",\"stationCode\":\"0102\",\"deviceStatus\":\"INSERVICE \"},\"deviceDescription\":{\"identifier\":{\"HWID\":\"FDSFDSFDSFXDFsdrfe2432fessdfds\"},\"location\":{\"cityCode\":\"01\",\"lineCode\":\"01\",\"stationCode\":\"02\",\"localPosition\":\"西北角\",\"GPSLocation\":\"90 63 62 15\"},\"config\":{\"deviceCode\":\"设备编号\",\"deviceType\":\"设备类型\",\"deviceSubType\":\"设备子类型\",\"deviceSettings\":null},\"HWComponent\":{\"HWName\":\"英文缩写名称\",\"HWID\":\"硬件编号\",\"HWStatus\":\"是否安装，是否正常\",\"HWStatusCode\":\"预留\",\"HWSettings\":\"预留\",\"subComponentList\":null},\"SWComponent\":{\"SWName\":\"英文缩写名称\",\"SWID\":\"组件编号\",\"SWType\":\"英文缩写类型\",\"basePath\":\"组件安装路径\",\"componentFile\":{\"fileCategory\":\"文件类型\",\"filePath\":\"文件所在路径\",\"fileName\":\"文件名称\",\"fileFormat\":\"文件格式\",\"fileVersionNumber\":\"文件版本号\",\"fileSize\":\"文件大小(Byte)\",\"fileDigest\":\"文件摘要(MD5)\",\"fileLastTime\":\"文件最后更新时间\"},\"componentFileList\":[{\"fileCategory\":\"文件类型\",\"filePath\":\"文件所在路径\",\"fileName\":\"文件名称\",\"fileFormat\":\"文件格式\",\"fileVersionNumber\":\"文件版本号\",\"fileSize\":\"文件大小(Byte)\",\"fileDigest\":\"文件摘要(MD5)\",\"fileLastTime\":\"文件最后更新时间\"}]}}}}','系统服务','2018-11-02 14:28:07','2018-11-02 14:28:07'),(52,'device001','{\"header\":{\"createTime\":\"时间戳\",\"messageType\":\"DeviceRegistrationReply\",\"wasNeedReply\":\"no\"},\"body\":{\"deviceUid\":\"device001\",\"returnCode\":\"0\",\"fileServerConfig\":{\"serverName\":\"服务器名字\",\"serverProtocol\":\"默认。其他待定\",\"serverAddress\":\"IP地址或域名\",\"serverPort\":\"端口号\",\"serverHomePath\":\"用户根目录\",\"authorization\":\"使用 username:password形式。其他待定\",\"serverSettings\":\"预留\"}}}','{\"header\":{\"createTime\":1541140311690,\"messageType\":\"Regist\",\"wasNeedReply\":\"yes \"},\"body\":{\"registMainInfo\":{\"deviceUid\":\"device001\",\"deviceCode\":\"0102zl001\",\"stationCode\":\"0102\",\"deviceStatus\":\"INSERVICE\"},\"deviceDescription\":{\"identifier\":{\"HWID\":\"FDSFDSFDSFXDFsdrfe2432fessdfds\"},\"location\":{\"cityCode\":\"01\",\"lineCode\":\"01\",\"stationCode\":\"02\",\"localPosition\":\"西北角\",\"GPSLocation\":\"90 63 62 15\"},\"config\":{\"deviceCode\":\"设备编号\",\"deviceType\":\"设备类型\",\"deviceSubType\":\"设备子类型\",\"deviceSettings\":null},\"HWComponent\":{\"HWName\":\"英文缩写名称\",\"HWID\":\"硬件编号\",\"HWStatus\":\"是否安装，是否正常\",\"HWStatusCode\":\"预留\",\"HWSettings\":\"预留\",\"subComponentList\":null},\"SWComponent\":{\"SWName\":\"英文缩写名称\",\"SWID\":\"组件编号\",\"SWType\":\"英文缩写类型\",\"basePath\":\"组件安装路径\",\"componentFile\":{\"fileCategory\":\"文件类型\",\"filePath\":\"文件所在路径\",\"fileName\":\"文件名称\",\"fileFormat\":\"文件格式\",\"fileVersionNumber\":\"文件版本号\",\"fileSize\":\"文件大小(Byte)\",\"fileDigest\":\"文件摘要(MD5)\",\"fileLastTime\":\"文件最后更新时间\"},\"componentFileList\":[{\"fileCategory\":\"文件类型\",\"filePath\":\"文件所在路径\",\"fileName\":\"文件名称\",\"fileFormat\":\"文件格式\",\"fileVersionNumber\":\"文件版本号\",\"fileSize\":\"文件大小(Byte)\",\"fileDigest\":\"文件摘要(MD5)\",\"fileLastTime\":\"文件最后更新时间\"}]}}}}','系统服务','2018-11-02 14:31:56','2018-11-02 14:31:56'),(53,'device001','{\"header\":{\"createTime\":\"时间戳\",\"messageType\":\"DeviceRegistrationReply\",\"wasNeedReply\":\"no\"},\"body\":{\"deviceUid\":\"device001\",\"returnCode\":\"0\",\"fileServerConfig\":{\"serverName\":\"服务器名字\",\"serverProtocol\":\"默认。其他待定\",\"serverAddress\":\"IP地址或域名\",\"serverPort\":\"端口号\",\"serverHomePath\":\"用户根目录\",\"authorization\":\"使用 username:password形式。其他待定\",\"serverSettings\":\"预留\"}}}','{\"header\":{\"createTime\":1541140730215,\"messageType\":\"Regist\",\"wasNeedReply\":\"yes \"},\"body\":{\"registMainInfo\":{\"deviceUid\":\"device001\",\"deviceCode\":\"0102zl001\",\"stationCode\":\"0102\",\"deviceStatus\":\"INSERVICE\"},\"deviceDescription\":{\"identifier\":{\"HWID\":\"FDSFDSFDSFXDFsdrfe2432fessdfds\"},\"location\":{\"cityCode\":\"01\",\"lineCode\":\"01\",\"stationCode\":\"02\",\"localPosition\":\"西北角\",\"GPSLocation\":\"90 63 62 15\"},\"config\":{\"deviceCode\":\"设备编号\",\"deviceType\":\"设备类型\",\"deviceSubType\":\"设备子类型\",\"deviceSettings\":null},\"HWComponent\":{\"HWName\":\"英文缩写名称\",\"HWID\":\"硬件编号\",\"HWStatus\":\"是否安装，是否正常\",\"HWStatusCode\":\"预留\",\"HWSettings\":\"预留\",\"subComponentList\":null},\"SWComponent\":{\"SWName\":\"英文缩写名称\",\"SWID\":\"组件编号\",\"SWType\":\"英文缩写类型\",\"basePath\":\"组件安装路径\",\"componentFile\":{\"fileCategory\":\"文件类型\",\"filePath\":\"文件所在路径\",\"fileName\":\"文件名称\",\"fileFormat\":\"文件格式\",\"fileVersionNumber\":\"文件版本号\",\"fileSize\":\"文件大小(Byte)\",\"fileDigest\":\"文件摘要(MD5)\",\"fileLastTime\":\"文件最后更新时间\"},\"componentFileList\":[{\"fileCategory\":\"文件类型\",\"filePath\":\"文件所在路径\",\"fileName\":\"文件名称\",\"fileFormat\":\"文件格式\",\"fileVersionNumber\":\"文件版本号\",\"fileSize\":\"文件大小(Byte)\",\"fileDigest\":\"文件摘要(MD5)\",\"fileLastTime\":\"文件最后更新时间\"}]}}}}','系统服务','2018-11-02 14:38:54','2018-11-02 14:38:54'),(54,'device001','{\"header\":{\"createTime\":\"时间戳\",\"messageType\":\"DeviceRegistrationReply\",\"wasNeedReply\":\"no\"},\"body\":{\"deviceUid\":\"device001\",\"returnCode\":\"0\",\"fileServerConfig\":{\"serverName\":\"服务器名字\",\"serverProtocol\":\"默认。其他待定\",\"serverAddress\":\"IP地址或域名\",\"serverPort\":\"端口号\",\"serverHomePath\":\"用户根目录\",\"authorization\":\"使用 username:password形式。其他待定\",\"serverSettings\":\"预留\"}}}','{\"header\":{\"createTime\":1541140861156,\"messageType\":\"Regist\",\"wasNeedReply\":\"yes \"},\"body\":{\"registMainInfo\":{\"deviceUid\":\"device001\",\"deviceCode\":\"0102zl001\",\"stationCode\":\"0102\",\"deviceStatus\":\"INSERVICE\"},\"deviceDescription\":{\"identifier\":{\"HWID\":\"FDSFDSFDSFXDFsdrfe2432fessdfds\"},\"location\":{\"cityCode\":\"01\",\"lineCode\":\"01\",\"stationCode\":\"02\",\"localPosition\":\"西北角\",\"GPSLocation\":\"90 63 62 15\"},\"config\":{\"deviceCode\":\"设备编号\",\"deviceType\":\"设备类型\",\"deviceSubType\":\"设备子类型\",\"deviceSettings\":null},\"HWComponent\":{\"HWName\":\"英文缩写名称\",\"HWID\":\"硬件编号\",\"HWStatus\":\"是否安装，是否正常\",\"HWStatusCode\":\"预留\",\"HWSettings\":\"预留\",\"subComponentList\":null},\"SWComponent\":{\"SWName\":\"英文缩写名称\",\"SWID\":\"组件编号\",\"SWType\":\"英文缩写类型\",\"basePath\":\"组件安装路径\",\"componentFile\":{\"fileCategory\":\"文件类型\",\"filePath\":\"文件所在路径\",\"fileName\":\"文件名称\",\"fileFormat\":\"文件格式\",\"fileVersionNumber\":\"文件版本号\",\"fileSize\":\"文件大小(Byte)\",\"fileDigest\":\"文件摘要(MD5)\",\"fileLastTime\":\"文件最后更新时间\"},\"componentFileList\":[{\"fileCategory\":\"文件类型\",\"filePath\":\"文件所在路径\",\"fileName\":\"文件名称\",\"fileFormat\":\"文件格式\",\"fileVersionNumber\":\"文件版本号\",\"fileSize\":\"文件大小(Byte)\",\"fileDigest\":\"文件摘要(MD5)\",\"fileLastTime\":\"文件最后更新时间\"}]}}}}','系统服务','2018-11-02 14:41:02','2018-11-02 14:41:02'),(55,'device001','{\"header\":{\"createTime\":\"时间戳\",\"messageType\":\"DeviceRegistrationReply\",\"wasNeedReply\":\"no\"},\"body\":{\"deviceUid\":\"device001\",\"returnCode\":\"0\",\"fileServerConfig\":{\"serverName\":\"服务器名字\",\"serverProtocol\":\"默认。其他待定\",\"serverAddress\":\"IP地址或域名\",\"serverPort\":\"端口号\",\"serverHomePath\":\"用户根目录\",\"authorization\":\"使用 username:password形式。其他待定\",\"serverSettings\":\"预留\"}}}','{\"header\":{\"createTime\":1541141008436,\"messageType\":\"Regist\",\"wasNeedReply\":\"yes \"},\"body\":{\"registMainInfo\":{\"deviceUid\":\"device001\",\"deviceCode\":\"0102zl001\",\"stationCode\":\"0102\",\"deviceStatus\":\"INSERVICE\"},\"deviceDescription\":{\"identifier\":{\"HWID\":\"FDSFDSFDSFXDFsdrfe2432fessdfds\"},\"location\":{\"cityCode\":\"01\",\"lineCode\":\"01\",\"stationCode\":\"02\",\"localPosition\":\"西北角\",\"GPSLocation\":\"90 63 62 15\"},\"config\":{\"deviceCode\":\"设备编号\",\"deviceType\":\"设备类型\",\"deviceSubType\":\"设备子类型\",\"deviceSettings\":null},\"HWComponent\":{\"HWName\":\"英文缩写名称\",\"HWID\":\"硬件编号\",\"HWStatus\":\"是否安装，是否正常\",\"HWStatusCode\":\"预留\",\"HWSettings\":\"预留\",\"subComponentList\":null},\"SWComponent\":{\"SWName\":\"英文缩写名称\",\"SWID\":\"组件编号\",\"SWType\":\"英文缩写类型\",\"basePath\":\"组件安装路径\",\"componentFile\":{\"fileCategory\":\"文件类型\",\"filePath\":\"文件所在路径\",\"fileName\":\"文件名称\",\"fileFormat\":\"文件格式\",\"fileVersionNumber\":\"文件版本号\",\"fileSize\":\"文件大小(Byte)\",\"fileDigest\":\"文件摘要(MD5)\",\"fileLastTime\":\"文件最后更新时间\"},\"componentFileList\":[{\"fileCategory\":\"文件类型\",\"filePath\":\"文件所在路径\",\"fileName\":\"文件名称\",\"fileFormat\":\"文件格式\",\"fileVersionNumber\":\"文件版本号\",\"fileSize\":\"文件大小(Byte)\",\"fileDigest\":\"文件摘要(MD5)\",\"fileLastTime\":\"文件最后更新时间\"}]}}}}','系统服务','2018-11-02 14:43:29','2018-11-02 14:43:29'),(56,'device001','{\"header\":{\"createTime\":\"时间戳\",\"messageType\":\"DeviceRegistrationReply\",\"wasNeedReply\":\"no\"},\"body\":{\"deviceUid\":\"device001\",\"returnCode\":\"0\",\"fileServerConfig\":{\"serverName\":\"服务器名字\",\"serverProtocol\":\"默认。其他待定\",\"serverAddress\":\"IP地址或域名\",\"serverPort\":\"端口号\",\"serverHomePath\":\"用户根目录\",\"authorization\":\"使用 username:password形式。其他待定\",\"serverSettings\":\"预留\"}}}','{\"header\":{\"createTime\":1541141099695,\"messageType\":\"Regist\",\"wasNeedReply\":\"yes \"},\"body\":{\"registMainInfo\":{\"deviceUid\":\"device001\",\"deviceCode\":\"0102zl001\",\"stationCode\":\"0102\",\"deviceStatus\":\"INSERVICE\"},\"deviceDescription\":{\"identifier\":{\"HWID\":\"FDSFDSFDSFXDFsdrfe2432fessdfds\"},\"location\":{\"cityCode\":\"01\",\"lineCode\":\"01\",\"stationCode\":\"02\",\"localPosition\":\"西北角\",\"GPSLocation\":\"90 63 62 15\"},\"config\":{\"deviceCode\":\"设备编号\",\"deviceType\":\"设备类型\",\"deviceSubType\":\"设备子类型\",\"deviceSettings\":null},\"HWComponent\":{\"HWName\":\"英文缩写名称\",\"HWID\":\"硬件编号\",\"HWStatus\":\"是否安装，是否正常\",\"HWStatusCode\":\"预留\",\"HWSettings\":\"预留\",\"subComponentList\":null},\"SWComponent\":{\"SWName\":\"英文缩写名称\",\"SWID\":\"组件编号\",\"SWType\":\"英文缩写类型\",\"basePath\":\"组件安装路径\",\"componentFile\":{\"fileCategory\":\"文件类型\",\"filePath\":\"文件所在路径\",\"fileName\":\"文件名称\",\"fileFormat\":\"文件格式\",\"fileVersionNumber\":\"文件版本号\",\"fileSize\":\"文件大小(Byte)\",\"fileDigest\":\"文件摘要(MD5)\",\"fileLastTime\":\"文件最后更新时间\"},\"componentFileList\":[{\"fileCategory\":\"文件类型\",\"filePath\":\"文件所在路径\",\"fileName\":\"文件名称\",\"fileFormat\":\"文件格式\",\"fileVersionNumber\":\"文件版本号\",\"fileSize\":\"文件大小(Byte)\",\"fileDigest\":\"文件摘要(MD5)\",\"fileLastTime\":\"文件最后更新时间\"}]}}}}','系统服务','2018-11-02 14:45:01','2018-11-02 14:45:01'),(57,'device001','{\"header\":{\"createTime\":\"时间戳\",\"messageType\":\"DeviceRegistrationReply\",\"wasNeedReply\":\"no\"},\"body\":{\"deviceUid\":\"device001\",\"returnCode\":\"0\",\"fileServerConfig\":{\"serverName\":\"服务器名字\",\"serverProtocol\":\"默认。其他待定\",\"serverAddress\":\"IP地址或域名\",\"serverPort\":\"端口号\",\"serverHomePath\":\"用户根目录\",\"authorization\":\"使用 username:password形式。其他待定\",\"serverSettings\":\"预留\"}}}','{\"header\":{\"createTime\":1541141155656,\"messageType\":\"Regist\",\"wasNeedReply\":\"yes \"},\"body\":{\"registMainInfo\":{\"deviceUid\":\"device001\",\"deviceCode\":\"0102zl001\",\"stationCode\":\"0102\",\"deviceStatus\":\"INSERVICE\"},\"deviceDescription\":{\"identifier\":{\"HWID\":\"FDSFDSFDSFXDFsdrfe2432fessdfds\"},\"location\":{\"cityCode\":\"01\",\"lineCode\":\"01\",\"stationCode\":\"02\",\"localPosition\":\"西北角\",\"GPSLocation\":\"90 63 62 15\"},\"config\":{\"deviceCode\":\"设备编号\",\"deviceType\":\"设备类型\",\"deviceSubType\":\"设备子类型\",\"deviceSettings\":null},\"HWComponent\":{\"HWName\":\"英文缩写名称\",\"HWID\":\"硬件编号\",\"HWStatus\":\"是否安装，是否正常\",\"HWStatusCode\":\"预留\",\"HWSettings\":\"预留\",\"subComponentList\":null},\"SWComponent\":{\"SWName\":\"英文缩写名称\",\"SWID\":\"组件编号\",\"SWType\":\"英文缩写类型\",\"basePath\":\"组件安装路径\",\"componentFile\":{\"fileCategory\":\"文件类型\",\"filePath\":\"文件所在路径\",\"fileName\":\"文件名称\",\"fileFormat\":\"文件格式\",\"fileVersionNumber\":\"文件版本号\",\"fileSize\":\"文件大小(Byte)\",\"fileDigest\":\"文件摘要(MD5)\",\"fileLastTime\":\"文件最后更新时间\"},\"componentFileList\":[{\"fileCategory\":\"文件类型\",\"filePath\":\"文件所在路径\",\"fileName\":\"文件名称\",\"fileFormat\":\"文件格式\",\"fileVersionNumber\":\"文件版本号\",\"fileSize\":\"文件大小(Byte)\",\"fileDigest\":\"文件摘要(MD5)\",\"fileLastTime\":\"文件最后更新时间\"}]}}}}','系统服务','2018-11-02 14:46:00','2018-11-02 14:46:00'),(58,'device001','{\"header\":{\"createTime\":\"时间戳\",\"messageType\":\"DeviceRegistrationReply\",\"wasNeedReply\":\"no\"},\"body\":{\"deviceUid\":\"device001\",\"returnCode\":\"0\",\"fileServerConfig\":{\"serverName\":\"服务器名字\",\"serverProtocol\":\"默认。其他待定\",\"serverAddress\":\"IP地址或域名\",\"serverPort\":\"端口号\",\"serverHomePath\":\"用户根目录\",\"authorization\":\"使用 username:password形式。其他待定\",\"serverSettings\":\"预留\"}}}','{\"header\":{\"createTime\":1541141242447,\"messageType\":\"Regist\",\"wasNeedReply\":\"yes \"},\"body\":{\"registMainInfo\":{\"deviceUid\":\"device001\",\"deviceCode\":\"0102zl001\",\"stationCode\":\"0102\",\"deviceStatus\":\"INSERVICE\"},\"deviceDescription\":{\"identifier\":{\"HWID\":\"FDSFDSFDSFXDFsdrfe2432fessdfds\"},\"location\":{\"cityCode\":\"01\",\"lineCode\":\"01\",\"stationCode\":\"02\",\"localPosition\":\"西北角\",\"GPSLocation\":\"90 63 62 15\"},\"config\":{\"deviceCode\":\"设备编号\",\"deviceType\":\"设备类型\",\"deviceSubType\":\"设备子类型\",\"deviceSettings\":null},\"HWComponent\":{\"HWName\":\"英文缩写名称\",\"HWID\":\"硬件编号\",\"HWStatus\":\"是否安装，是否正常\",\"HWStatusCode\":\"预留\",\"HWSettings\":\"预留\",\"subComponentList\":null},\"SWComponent\":{\"SWName\":\"英文缩写名称\",\"SWID\":\"组件编号\",\"SWType\":\"英文缩写类型\",\"basePath\":\"组件安装路径\",\"componentFile\":{\"fileCategory\":\"文件类型\",\"filePath\":\"文件所在路径\",\"fileName\":\"文件名称\",\"fileFormat\":\"文件格式\",\"fileVersionNumber\":\"文件版本号\",\"fileSize\":\"文件大小(Byte)\",\"fileDigest\":\"文件摘要(MD5)\",\"fileLastTime\":\"文件最后更新时间\"},\"componentFileList\":[{\"fileCategory\":\"文件类型\",\"filePath\":\"文件所在路径\",\"fileName\":\"文件名称\",\"fileFormat\":\"文件格式\",\"fileVersionNumber\":\"文件版本号\",\"fileSize\":\"文件大小(Byte)\",\"fileDigest\":\"文件摘要(MD5)\",\"fileLastTime\":\"文件最后更新时间\"}]}}}}','系统服务','2018-11-02 14:47:27','2018-11-02 14:47:27'),(59,'device001','{\"header\":{\"createTime\":\"时间戳\",\"messageType\":\"DeviceRegistrationReply\",\"wasNeedReply\":\"no\"},\"body\":{\"deviceUid\":\"device001\",\"returnCode\":\"0\",\"fileServerConfig\":{\"serverName\":\"服务器名字\",\"serverProtocol\":\"默认。其他待定\",\"serverAddress\":\"IP地址或域名\",\"serverPort\":\"端口号\",\"serverHomePath\":\"用户根目录\",\"authorization\":\"使用 username:password形式。其他待定\",\"serverSettings\":\"预留\"}}}','{\"header\":{\"createTime\":1541141304011,\"messageType\":\"Regist\",\"wasNeedReply\":\"yes \"},\"body\":{\"registMainInfo\":{\"deviceUid\":\"device001\",\"deviceCode\":\"0102zl001\",\"stationCode\":\"0102\",\"deviceStatus\":\"INSERVICE\"},\"deviceDescription\":{\"identifier\":{\"HWID\":\"FDSFDSFDSFXDFsdrfe2432fessdfds\"},\"location\":{\"cityCode\":\"01\",\"lineCode\":\"01\",\"stationCode\":\"02\",\"localPosition\":\"西北角\",\"GPSLocation\":\"90 63 62 15\"},\"config\":{\"deviceCode\":\"设备编号\",\"deviceType\":\"设备类型\",\"deviceSubType\":\"设备子类型\",\"deviceSettings\":null},\"HWComponent\":{\"HWName\":\"英文缩写名称\",\"HWID\":\"硬件编号\",\"HWStatus\":\"是否安装，是否正常\",\"HWStatusCode\":\"预留\",\"HWSettings\":\"预留\",\"subComponentList\":null},\"SWComponent\":{\"SWName\":\"英文缩写名称\",\"SWID\":\"组件编号\",\"SWType\":\"英文缩写类型\",\"basePath\":\"组件安装路径\",\"componentFile\":{\"fileCategory\":\"文件类型\",\"filePath\":\"文件所在路径\",\"fileName\":\"文件名称\",\"fileFormat\":\"文件格式\",\"fileVersionNumber\":\"文件版本号\",\"fileSize\":\"文件大小(Byte)\",\"fileDigest\":\"文件摘要(MD5)\",\"fileLastTime\":\"文件最后更新时间\"},\"componentFileList\":[{\"fileCategory\":\"文件类型\",\"filePath\":\"文件所在路径\",\"fileName\":\"文件名称\",\"fileFormat\":\"文件格式\",\"fileVersionNumber\":\"文件版本号\",\"fileSize\":\"文件大小(Byte)\",\"fileDigest\":\"文件摘要(MD5)\",\"fileLastTime\":\"文件最后更新时间\"}]}}}}','系统服务','2018-11-02 14:48:28','2018-11-02 14:48:28'),(60,'device001','{\"header\":{\"createTime\":\"时间戳\",\"messageType\":\"DeviceRegistrationReply\",\"wasNeedReply\":\"no\"},\"body\":{\"deviceUid\":\"device001\",\"returnCode\":\"0\",\"fileServerConfig\":{\"serverName\":\"服务器名字\",\"serverProtocol\":\"默认。其他待定\",\"serverAddress\":\"IP地址或域名\",\"serverPort\":\"端口号\",\"serverHomePath\":\"用户根目录\",\"authorization\":\"使用 username:password形式。其他待定\",\"serverSettings\":\"预留\"}}}','{\"header\":{\"createTime\":1541141410354,\"messageType\":\"Regist\",\"wasNeedReply\":\"yes \"},\"body\":{\"registMainInfo\":{\"deviceUid\":\"device001\",\"deviceCode\":\"0102zl001\",\"stationCode\":\"0102\",\"deviceStatus\":\"INSERVICE\"},\"deviceDescription\":{\"identifier\":{\"HWID\":\"FDSFDSFDSFXDFsdrfe2432fessdfds\"},\"location\":{\"cityCode\":\"01\",\"lineCode\":\"01\",\"stationCode\":\"02\",\"localPosition\":\"西北角\",\"GPSLocation\":\"90 63 62 15\"},\"config\":{\"deviceCode\":\"设备编号\",\"deviceType\":\"设备类型\",\"deviceSubType\":\"设备子类型\",\"deviceSettings\":null},\"HWComponent\":{\"HWName\":\"英文缩写名称\",\"HWID\":\"硬件编号\",\"HWStatus\":\"是否安装，是否正常\",\"HWStatusCode\":\"预留\",\"HWSettings\":\"预留\",\"subComponentList\":null},\"SWComponent\":{\"SWName\":\"英文缩写名称\",\"SWID\":\"组件编号\",\"SWType\":\"英文缩写类型\",\"basePath\":\"组件安装路径\",\"componentFile\":{\"fileCategory\":\"文件类型\",\"filePath\":\"文件所在路径\",\"fileName\":\"文件名称\",\"fileFormat\":\"文件格式\",\"fileVersionNumber\":\"文件版本号\",\"fileSize\":\"文件大小(Byte)\",\"fileDigest\":\"文件摘要(MD5)\",\"fileLastTime\":\"文件最后更新时间\"},\"componentFileList\":[{\"fileCategory\":\"文件类型\",\"filePath\":\"文件所在路径\",\"fileName\":\"文件名称\",\"fileFormat\":\"文件格式\",\"fileVersionNumber\":\"文件版本号\",\"fileSize\":\"文件大小(Byte)\",\"fileDigest\":\"文件摘要(MD5)\",\"fileLastTime\":\"文件最后更新时间\"}]}}}}','系统服务','2018-11-02 14:50:11','2018-11-02 14:50:11'),(61,'device001','{\"header\":{\"createTime\":\"时间戳\",\"messageType\":\"DeviceRegistrationReply\",\"wasNeedReply\":\"no\"},\"body\":{\"deviceUid\":\"device001\",\"returnCode\":\"0\",\"fileServerConfig\":{\"serverName\":\"服务器名字\",\"serverProtocol\":\"默认。其他待定\",\"serverAddress\":\"IP地址或域名\",\"serverPort\":\"端口号\",\"serverHomePath\":\"用户根目录\",\"authorization\":\"使用 username:password形式。其他待定\",\"serverSettings\":\"预留\"}}}','{\"header\":{\"createTime\":1541141496052,\"messageType\":\"Regist\",\"wasNeedReply\":\"yes \"},\"body\":{\"registMainInfo\":{\"deviceUid\":\"device001\",\"deviceCode\":\"0102zl001\",\"stationCode\":\"0102\",\"deviceStatus\":\"INSERVICE\"},\"deviceDescription\":{\"identifier\":{\"HWID\":\"FDSFDSFDSFXDFsdrfe2432fessdfds\"},\"location\":{\"cityCode\":\"01\",\"lineCode\":\"01\",\"stationCode\":\"02\",\"localPosition\":\"西北角\",\"GPSLocation\":\"90 63 62 15\"},\"config\":{\"deviceCode\":\"设备编号\",\"deviceType\":\"设备类型\",\"deviceSubType\":\"设备子类型\",\"deviceSettings\":null},\"HWComponent\":{\"HWName\":\"英文缩写名称\",\"HWID\":\"硬件编号\",\"HWStatus\":\"是否安装，是否正常\",\"HWStatusCode\":\"预留\",\"HWSettings\":\"预留\",\"subComponentList\":null},\"SWComponent\":{\"SWName\":\"英文缩写名称\",\"SWID\":\"组件编号\",\"SWType\":\"英文缩写类型\",\"basePath\":\"组件安装路径\",\"componentFile\":{\"fileCategory\":\"文件类型\",\"filePath\":\"文件所在路径\",\"fileName\":\"文件名称\",\"fileFormat\":\"文件格式\",\"fileVersionNumber\":\"文件版本号\",\"fileSize\":\"文件大小(Byte)\",\"fileDigest\":\"文件摘要(MD5)\",\"fileLastTime\":\"文件最后更新时间\"},\"componentFileList\":[{\"fileCategory\":\"文件类型\",\"filePath\":\"文件所在路径\",\"fileName\":\"文件名称\",\"fileFormat\":\"文件格式\",\"fileVersionNumber\":\"文件版本号\",\"fileSize\":\"文件大小(Byte)\",\"fileDigest\":\"文件摘要(MD5)\",\"fileLastTime\":\"文件最后更新时间\"}]}}}}','系统服务','2018-11-02 14:51:37','2018-11-02 14:51:37'),(62,'device002','{\"header\":{\"createTime\":\"时间戳\",\"messageType\":\"DeviceRegistrationReply\",\"wasNeedReply\":\"no\"},\"body\":{\"deviceUid\":\"device002\",\"returnCode\":\"0\",\"fileServerConfig\":{\"serverName\":\"服务器名字\",\"serverProtocol\":\"默认。其他待定\",\"serverAddress\":\"IP地址或域名\",\"serverPort\":\"端口号\",\"serverHomePath\":\"用户根目录\",\"authorization\":\"使用 username:password形式。其他待定\",\"serverSettings\":\"预留\"}}}','{\"header\":{\"createTime\":1541141563982,\"messageType\":\"Regist\",\"wasNeedReply\":\"yes \"},\"body\":{\"registMainInfo\":{\"deviceUid\":\"device002\",\"deviceCode\":\"0102zl002\",\"stationCode\":\"0102\",\"deviceStatus\":\"INSERVICE\"},\"deviceDescription\":{\"identifier\":{\"HWID\":\"FDSFDSFDSFXDFsdrfe2432fessdfds\"},\"location\":{\"cityCode\":\"01\",\"lineCode\":\"01\",\"stationCode\":\"02\",\"localPosition\":\"西北角\",\"GPSLocation\":\"90 63 62 15\"},\"config\":{\"deviceCode\":\"设备编号\",\"deviceType\":\"设备类型\",\"deviceSubType\":\"设备子类型\",\"deviceSettings\":null},\"HWComponent\":{\"HWName\":\"英文缩写名称\",\"HWID\":\"硬件编号\",\"HWStatus\":\"是否安装，是否正常\",\"HWStatusCode\":\"预留\",\"HWSettings\":\"预留\",\"subComponentList\":null},\"SWComponent\":{\"SWName\":\"英文缩写名称\",\"SWID\":\"组件编号\",\"SWType\":\"英文缩写类型\",\"basePath\":\"组件安装路径\",\"componentFile\":{\"fileCategory\":\"文件类型\",\"filePath\":\"文件所在路径\",\"fileName\":\"文件名称\",\"fileFormat\":\"文件格式\",\"fileVersionNumber\":\"文件版本号\",\"fileSize\":\"文件大小(Byte)\",\"fileDigest\":\"文件摘要(MD5)\",\"fileLastTime\":\"文件最后更新时间\"},\"componentFileList\":[{\"fileCategory\":\"文件类型\",\"filePath\":\"文件所在路径\",\"fileName\":\"文件名称\",\"fileFormat\":\"文件格式\",\"fileVersionNumber\":\"文件版本号\",\"fileSize\":\"文件大小(Byte)\",\"fileDigest\":\"文件摘要(MD5)\",\"fileLastTime\":\"文件最后更新时间\"}]}}}}','系统服务','2018-11-02 14:52:44','2018-11-02 14:52:44'),(63,'device001','{\"header\":{\"createTime\":\"时间戳\",\"messageType\":\"DeviceRegistrationReply\",\"wasNeedReply\":\"no\"},\"body\":{\"deviceUid\":\"device001\",\"returnCode\":\"0\",\"fileServerConfig\":{\"serverName\":\"服务器名字\",\"serverProtocol\":\"默认。其他待定\",\"serverAddress\":\"IP地址或域名\",\"serverPort\":\"端口号\",\"serverHomePath\":\"用户根目录\",\"authorization\":\"使用 username:password形式。其他待定\",\"serverSettings\":\"预留\"}}}','{\"header\":{\"createTime\":1541141839566,\"messageType\":\"Regist\",\"wasNeedReply\":\"yes \"},\"body\":{\"registMainInfo\":{\"deviceUid\":\"device001\",\"deviceCode\":\"0102zl001\",\"stationCode\":\"0102\",\"deviceStatus\":\"INSERVICE\"},\"deviceDescription\":{\"identifier\":{\"HWID\":\"FDSFDSFDSFXDFsdrfe2432fessdfds\"},\"location\":{\"cityCode\":\"01\",\"lineCode\":\"01\",\"stationCode\":\"02\",\"localPosition\":\"西北角\",\"GPSLocation\":\"90 63 62 15\"},\"config\":{\"deviceCode\":\"设备编号\",\"deviceType\":\"设备类型\",\"deviceSubType\":\"设备子类型\",\"deviceSettings\":null},\"HWComponent\":{\"HWName\":\"英文缩写名称\",\"HWID\":\"硬件编号\",\"HWStatus\":\"是否安装，是否正常\",\"HWStatusCode\":\"预留\",\"HWSettings\":\"预留\",\"subComponentList\":null},\"SWComponent\":{\"SWName\":\"英文缩写名称\",\"SWID\":\"组件编号\",\"SWType\":\"英文缩写类型\",\"basePath\":\"组件安装路径\",\"componentFile\":{\"fileCategory\":\"文件类型\",\"filePath\":\"文件所在路径\",\"fileName\":\"文件名称\",\"fileFormat\":\"文件格式\",\"fileVersionNumber\":\"文件版本号\",\"fileSize\":\"文件大小(Byte)\",\"fileDigest\":\"文件摘要(MD5)\",\"fileLastTime\":\"文件最后更新时间\"},\"componentFileList\":[{\"fileCategory\":\"文件类型\",\"filePath\":\"文件所在路径\",\"fileName\":\"文件名称\",\"fileFormat\":\"文件格式\",\"fileVersionNumber\":\"文件版本号\",\"fileSize\":\"文件大小(Byte)\",\"fileDigest\":\"文件摘要(MD5)\",\"fileLastTime\":\"文件最后更新时间\"}]}}}}','系统服务','2018-11-02 14:57:20','2018-11-02 14:57:20'),(64,'device002','{\"header\":{\"createTime\":\"时间戳\",\"messageType\":\"DeviceRegistrationReply\",\"wasNeedReply\":\"no\"},\"body\":{\"deviceUid\":\"device002\",\"returnCode\":\"0\",\"fileServerConfig\":{\"serverName\":\"服务器名字\",\"serverProtocol\":\"默认。其他待定\",\"serverAddress\":\"IP地址或域名\",\"serverPort\":\"端口号\",\"serverHomePath\":\"用户根目录\",\"authorization\":\"使用 username:password形式。其他待定\",\"serverSettings\":\"预留\"}}}','{\"header\":{\"createTime\":1541141846346,\"messageType\":\"Regist\",\"wasNeedReply\":\"yes \"},\"body\":{\"registMainInfo\":{\"deviceUid\":\"device002\",\"deviceCode\":\"0102zl002\",\"stationCode\":\"0102\",\"deviceStatus\":\"INSERVICE\"},\"deviceDescription\":{\"identifier\":{\"HWID\":\"FDSFDSFDSFXDFsdrfe2432fessdfds\"},\"location\":{\"cityCode\":\"01\",\"lineCode\":\"01\",\"stationCode\":\"02\",\"localPosition\":\"西北角\",\"GPSLocation\":\"90 63 62 15\"},\"config\":{\"deviceCode\":\"设备编号\",\"deviceType\":\"设备类型\",\"deviceSubType\":\"设备子类型\",\"deviceSettings\":null},\"HWComponent\":{\"HWName\":\"英文缩写名称\",\"HWID\":\"硬件编号\",\"HWStatus\":\"是否安装，是否正常\",\"HWStatusCode\":\"预留\",\"HWSettings\":\"预留\",\"subComponentList\":null},\"SWComponent\":{\"SWName\":\"英文缩写名称\",\"SWID\":\"组件编号\",\"SWType\":\"英文缩写类型\",\"basePath\":\"组件安装路径\",\"componentFile\":{\"fileCategory\":\"文件类型\",\"filePath\":\"文件所在路径\",\"fileName\":\"文件名称\",\"fileFormat\":\"文件格式\",\"fileVersionNumber\":\"文件版本号\",\"fileSize\":\"文件大小(Byte)\",\"fileDigest\":\"文件摘要(MD5)\",\"fileLastTime\":\"文件最后更新时间\"},\"componentFileList\":[{\"fileCategory\":\"文件类型\",\"filePath\":\"文件所在路径\",\"fileName\":\"文件名称\",\"fileFormat\":\"文件格式\",\"fileVersionNumber\":\"文件版本号\",\"fileSize\":\"文件大小(Byte)\",\"fileDigest\":\"文件摘要(MD5)\",\"fileLastTime\":\"文件最后更新时间\"}]}}}}','系统服务','2018-11-02 14:57:30','2018-11-02 14:57:30'),(65,'device001','{\"header\":{\"createTime\":\"时间戳\",\"messageType\":\"DeviceRegistrationReply\",\"wasNeedReply\":\"no\"},\"body\":{\"deviceUid\":\"device001\",\"returnCode\":\"0\",\"fileServerConfig\":{\"serverName\":\"服务器名字\",\"serverProtocol\":\"默认。其他待定\",\"serverAddress\":\"IP地址或域名\",\"serverPort\":\"端口号\",\"serverHomePath\":\"用户根目录\",\"authorization\":\"使用 username:password形式。其他待定\",\"serverSettings\":\"预留\"}}}','{\"header\":{\"createTime\":1541141911227,\"messageType\":\"Regist\",\"wasNeedReply\":\"yes \"},\"body\":{\"registMainInfo\":{\"deviceUid\":\"device001\",\"deviceCode\":\"0102zl001\",\"stationCode\":\"0102\",\"deviceStatus\":\"INSERVICE\"},\"deviceDescription\":{\"identifier\":{\"HWID\":\"FDSFDSFDSFXDFsdrfe2432fessdfds\"},\"location\":{\"cityCode\":\"01\",\"lineCode\":\"01\",\"stationCode\":\"02\",\"localPosition\":\"西北角\",\"GPSLocation\":\"90 63 62 15\"},\"config\":{\"deviceCode\":\"设备编号\",\"deviceType\":\"设备类型\",\"deviceSubType\":\"设备子类型\",\"deviceSettings\":null},\"HWComponent\":{\"HWName\":\"英文缩写名称\",\"HWID\":\"硬件编号\",\"HWStatus\":\"是否安装，是否正常\",\"HWStatusCode\":\"预留\",\"HWSettings\":\"预留\",\"subComponentList\":null},\"SWComponent\":{\"SWName\":\"英文缩写名称\",\"SWID\":\"组件编号\",\"SWType\":\"英文缩写类型\",\"basePath\":\"组件安装路径\",\"componentFile\":{\"fileCategory\":\"文件类型\",\"filePath\":\"文件所在路径\",\"fileName\":\"文件名称\",\"fileFormat\":\"文件格式\",\"fileVersionNumber\":\"文件版本号\",\"fileSize\":\"文件大小(Byte)\",\"fileDigest\":\"文件摘要(MD5)\",\"fileLastTime\":\"文件最后更新时间\"},\"componentFileList\":[{\"fileCategory\":\"文件类型\",\"filePath\":\"文件所在路径\",\"fileName\":\"文件名称\",\"fileFormat\":\"文件格式\",\"fileVersionNumber\":\"文件版本号\",\"fileSize\":\"文件大小(Byte)\",\"fileDigest\":\"文件摘要(MD5)\",\"fileLastTime\":\"文件最后更新时间\"}]}}}}','系统服务','2018-11-02 14:58:31','2018-11-02 14:58:31'),(66,'device002','{\"header\":{\"createTime\":\"时间戳\",\"messageType\":\"DeviceRegistrationReply\",\"wasNeedReply\":\"no\"},\"body\":{\"deviceUid\":\"device002\",\"returnCode\":\"0\",\"fileServerConfig\":{\"serverName\":\"服务器名字\",\"serverProtocol\":\"默认。其他待定\",\"serverAddress\":\"IP地址或域名\",\"serverPort\":\"端口号\",\"serverHomePath\":\"用户根目录\",\"authorization\":\"使用 username:password形式。其他待定\",\"serverSettings\":\"预留\"}}}','{\"header\":{\"createTime\":1541141911517,\"messageType\":\"Regist\",\"wasNeedReply\":\"yes \"},\"body\":{\"registMainInfo\":{\"deviceUid\":\"device002\",\"deviceCode\":\"0102zl002\",\"stationCode\":\"0102\",\"deviceStatus\":\"INSERVICE\"},\"deviceDescription\":{\"identifier\":{\"HWID\":\"FDSFDSFDSFXDFsdrfe2432fessdfds\"},\"location\":{\"cityCode\":\"01\",\"lineCode\":\"01\",\"stationCode\":\"02\",\"localPosition\":\"西北角\",\"GPSLocation\":\"90 63 62 15\"},\"config\":{\"deviceCode\":\"设备编号\",\"deviceType\":\"设备类型\",\"deviceSubType\":\"设备子类型\",\"deviceSettings\":null},\"HWComponent\":{\"HWName\":\"英文缩写名称\",\"HWID\":\"硬件编号\",\"HWStatus\":\"是否安装，是否正常\",\"HWStatusCode\":\"预留\",\"HWSettings\":\"预留\",\"subComponentList\":null},\"SWComponent\":{\"SWName\":\"英文缩写名称\",\"SWID\":\"组件编号\",\"SWType\":\"英文缩写类型\",\"basePath\":\"组件安装路径\",\"componentFile\":{\"fileCategory\":\"文件类型\",\"filePath\":\"文件所在路径\",\"fileName\":\"文件名称\",\"fileFormat\":\"文件格式\",\"fileVersionNumber\":\"文件版本号\",\"fileSize\":\"文件大小(Byte)\",\"fileDigest\":\"文件摘要(MD5)\",\"fileLastTime\":\"文件最后更新时间\"},\"componentFileList\":[{\"fileCategory\":\"文件类型\",\"filePath\":\"文件所在路径\",\"fileName\":\"文件名称\",\"fileFormat\":\"文件格式\",\"fileVersionNumber\":\"文件版本号\",\"fileSize\":\"文件大小(Byte)\",\"fileDigest\":\"文件摘要(MD5)\",\"fileLastTime\":\"文件最后更新时间\"}]}}}}','系统服务','2018-11-02 14:58:32','2018-11-02 14:58:32'),(67,'device001','{\"header\":{\"createTime\":\"时间戳\",\"messageType\":\"DeviceRegistrationReply\",\"wasNeedReply\":\"no\"},\"body\":{\"deviceUid\":\"device001\",\"returnCode\":\"0\",\"fileServerConfig\":{\"serverName\":\"服务器名字\",\"serverProtocol\":\"默认。其他待定\",\"serverAddress\":\"IP地址或域名\",\"serverPort\":\"端口号\",\"serverHomePath\":\"用户根目录\",\"authorization\":\"使用 username:password形式。其他待定\",\"serverSettings\":\"预留\"}}}','{\"header\":{\"createTime\":1541141951192,\"messageType\":\"Regist\",\"wasNeedReply\":\"yes \"},\"body\":{\"registMainInfo\":{\"deviceUid\":\"device001\",\"deviceCode\":\"0102zl001\",\"stationCode\":\"0102\",\"deviceStatus\":\"INSERVICE\"},\"deviceDescription\":{\"identifier\":{\"HWID\":\"FDSFDSFDSFXDFsdrfe2432fessdfds\"},\"location\":{\"cityCode\":\"01\",\"lineCode\":\"01\",\"stationCode\":\"02\",\"localPosition\":\"西北角\",\"GPSLocation\":\"90 63 62 15\"},\"config\":{\"deviceCode\":\"设备编号\",\"deviceType\":\"设备类型\",\"deviceSubType\":\"设备子类型\",\"deviceSettings\":null},\"HWComponent\":{\"HWName\":\"英文缩写名称\",\"HWID\":\"硬件编号\",\"HWStatus\":\"是否安装，是否正常\",\"HWStatusCode\":\"预留\",\"HWSettings\":\"预留\",\"subComponentList\":null},\"SWComponent\":{\"SWName\":\"英文缩写名称\",\"SWID\":\"组件编号\",\"SWType\":\"英文缩写类型\",\"basePath\":\"组件安装路径\",\"componentFile\":{\"fileCategory\":\"文件类型\",\"filePath\":\"文件所在路径\",\"fileName\":\"文件名称\",\"fileFormat\":\"文件格式\",\"fileVersionNumber\":\"文件版本号\",\"fileSize\":\"文件大小(Byte)\",\"fileDigest\":\"文件摘要(MD5)\",\"fileLastTime\":\"文件最后更新时间\"},\"componentFileList\":[{\"fileCategory\":\"文件类型\",\"filePath\":\"文件所在路径\",\"fileName\":\"文件名称\",\"fileFormat\":\"文件格式\",\"fileVersionNumber\":\"文件版本号\",\"fileSize\":\"文件大小(Byte)\",\"fileDigest\":\"文件摘要(MD5)\",\"fileLastTime\":\"文件最后更新时间\"}]}}}}','系统服务','2018-11-02 14:59:15','2018-11-02 14:59:15'),(68,'device002','{\"header\":{\"createTime\":\"时间戳\",\"messageType\":\"DeviceRegistrationReply\",\"wasNeedReply\":\"no\"},\"body\":{\"deviceUid\":\"device002\",\"returnCode\":\"0\",\"fileServerConfig\":{\"serverName\":\"服务器名字\",\"serverProtocol\":\"默认。其他待定\",\"serverAddress\":\"IP地址或域名\",\"serverPort\":\"端口号\",\"serverHomePath\":\"用户根目录\",\"authorization\":\"使用 username:password形式。其他待定\",\"serverSettings\":\"预留\"}}}','{\"header\":{\"createTime\":1541141960565,\"messageType\":\"Regist\",\"wasNeedReply\":\"yes \"},\"body\":{\"registMainInfo\":{\"deviceUid\":\"device002\",\"deviceCode\":\"0102zl002\",\"stationCode\":\"0102\",\"deviceStatus\":\"INSERVICE\"},\"deviceDescription\":{\"identifier\":{\"HWID\":\"FDSFDSFDSFXDFsdrfe2432fessdfds\"},\"location\":{\"cityCode\":\"01\",\"lineCode\":\"01\",\"stationCode\":\"02\",\"localPosition\":\"西北角\",\"GPSLocation\":\"90 63 62 15\"},\"config\":{\"deviceCode\":\"设备编号\",\"deviceType\":\"设备类型\",\"deviceSubType\":\"设备子类型\",\"deviceSettings\":null},\"HWComponent\":{\"HWName\":\"英文缩写名称\",\"HWID\":\"硬件编号\",\"HWStatus\":\"是否安装，是否正常\",\"HWStatusCode\":\"预留\",\"HWSettings\":\"预留\",\"subComponentList\":null},\"SWComponent\":{\"SWName\":\"英文缩写名称\",\"SWID\":\"组件编号\",\"SWType\":\"英文缩写类型\",\"basePath\":\"组件安装路径\",\"componentFile\":{\"fileCategory\":\"文件类型\",\"filePath\":\"文件所在路径\",\"fileName\":\"文件名称\",\"fileFormat\":\"文件格式\",\"fileVersionNumber\":\"文件版本号\",\"fileSize\":\"文件大小(Byte)\",\"fileDigest\":\"文件摘要(MD5)\",\"fileLastTime\":\"文件最后更新时间\"},\"componentFileList\":[{\"fileCategory\":\"文件类型\",\"filePath\":\"文件所在路径\",\"fileName\":\"文件名称\",\"fileFormat\":\"文件格式\",\"fileVersionNumber\":\"文件版本号\",\"fileSize\":\"文件大小(Byte)\",\"fileDigest\":\"文件摘要(MD5)\",\"fileLastTime\":\"文件最后更新时间\"}]}}}}','系统服务','2018-11-02 14:59:22','2018-11-02 14:59:22'),(69,'device002','{\"header\":{\"createTime\":\"时间戳\",\"messageType\":\"DeviceRegistrationReply\",\"wasNeedReply\":\"no\"},\"body\":{\"deviceUid\":\"device002\",\"returnCode\":\"0\",\"fileServerConfig\":{\"serverName\":\"服务器名字\",\"serverProtocol\":\"默认。其他待定\",\"serverAddress\":\"IP地址或域名\",\"serverPort\":\"端口号\",\"serverHomePath\":\"用户根目录\",\"authorization\":\"使用 username:password形式。其他待定\",\"serverSettings\":\"预留\"}}}','{\"header\":{\"createTime\":1541141960565,\"messageType\":\"Regist\",\"wasNeedReply\":\"yes \"},\"body\":{\"registMainInfo\":{\"deviceUid\":\"device002\",\"deviceCode\":\"0102zl002\",\"stationCode\":\"0102\",\"deviceStatus\":\"INSERVICE\"},\"deviceDescription\":{\"identifier\":{\"HWID\":\"FDSFDSFDSFXDFsdrfe2432fessdfds\"},\"location\":{\"cityCode\":\"01\",\"lineCode\":\"01\",\"stationCode\":\"02\",\"localPosition\":\"西北角\",\"GPSLocation\":\"90 63 62 15\"},\"config\":{\"deviceCode\":\"设备编号\",\"deviceType\":\"设备类型\",\"deviceSubType\":\"设备子类型\",\"deviceSettings\":null},\"HWComponent\":{\"HWName\":\"英文缩写名称\",\"HWID\":\"硬件编号\",\"HWStatus\":\"是否安装，是否正常\",\"HWStatusCode\":\"预留\",\"HWSettings\":\"预留\",\"subComponentList\":null},\"SWComponent\":{\"SWName\":\"英文缩写名称\",\"SWID\":\"组件编号\",\"SWType\":\"英文缩写类型\",\"basePath\":\"组件安装路径\",\"componentFile\":{\"fileCategory\":\"文件类型\",\"filePath\":\"文件所在路径\",\"fileName\":\"文件名称\",\"fileFormat\":\"文件格式\",\"fileVersionNumber\":\"文件版本号\",\"fileSize\":\"文件大小(Byte)\",\"fileDigest\":\"文件摘要(MD5)\",\"fileLastTime\":\"文件最后更新时间\"},\"componentFileList\":[{\"fileCategory\":\"文件类型\",\"filePath\":\"文件所在路径\",\"fileName\":\"文件名称\",\"fileFormat\":\"文件格式\",\"fileVersionNumber\":\"文件版本号\",\"fileSize\":\"文件大小(Byte)\",\"fileDigest\":\"文件摘要(MD5)\",\"fileLastTime\":\"文件最后更新时间\"}]}}}}','系统服务','2018-11-02 14:59:21','2018-11-02 14:59:21'),(70,'device005','{\"header\":{\"createTime\":\"时间戳\",\"messageType\":\"DeviceRegistrationReply\",\"wasNeedReply\":\"no\"},\"body\":{\"deviceUid\":\"device005\",\"returnCode\":\"-1\"}}','{\"header\":{\"createTime\":1541142013956,\"messageType\":\"Regist\",\"wasNeedReply\":\"yes \"},\"body\":{\"registMainInfo\":{\"deviceUid\":\"device005\",\"deviceCode\":\"0102zl005\",\"stationCode\":\"0102\",\"deviceStatus\":\"INSERVICE\"},\"deviceDescription\":{\"identifier\":{\"HWID\":\"FDSFDSFDSFXDFsdrfe2432fessdfds\"},\"location\":{\"cityCode\":\"01\",\"lineCode\":\"01\",\"stationCode\":\"02\",\"localPosition\":\"西北角\",\"GPSLocation\":\"90 63 62 15\"},\"config\":{\"deviceCode\":\"设备编号\",\"deviceType\":\"设备类型\",\"deviceSubType\":\"设备子类型\",\"deviceSettings\":null},\"HWComponent\":{\"HWName\":\"英文缩写名称\",\"HWID\":\"硬件编号\",\"HWStatus\":\"是否安装，是否正常\",\"HWStatusCode\":\"预留\",\"HWSettings\":\"预留\",\"subComponentList\":null},\"SWComponent\":{\"SWName\":\"英文缩写名称\",\"SWID\":\"组件编号\",\"SWType\":\"英文缩写类型\",\"basePath\":\"组件安装路径\",\"componentFile\":{\"fileCategory\":\"文件类型\",\"filePath\":\"文件所在路径\",\"fileName\":\"文件名称\",\"fileFormat\":\"文件格式\",\"fileVersionNumber\":\"文件版本号\",\"fileSize\":\"文件大小(Byte)\",\"fileDigest\":\"文件摘要(MD5)\",\"fileLastTime\":\"文件最后更新时间\"},\"componentFileList\":[{\"fileCategory\":\"文件类型\",\"filePath\":\"文件所在路径\",\"fileName\":\"文件名称\",\"fileFormat\":\"文件格式\",\"fileVersionNumber\":\"文件版本号\",\"fileSize\":\"文件大小(Byte)\",\"fileDigest\":\"文件摘要(MD5)\",\"fileLastTime\":\"文件最后更新时间\"}]}}}}','系统服务','2018-11-02 15:00:14','2018-11-02 15:00:14'),(71,'device002','{\"header\":{\"createTime\":\"时间戳\",\"messageType\":\"DeviceRegistrationReply\",\"wasNeedReply\":\"no\"},\"body\":{\"deviceUid\":\"device002\",\"returnCode\":\"0\",\"fileServerConfig\":{\"serverName\":\"服务器名字\",\"serverProtocol\":\"默认。其他待定\",\"serverAddress\":\"IP地址或域名\",\"serverPort\":\"端口号\",\"serverHomePath\":\"用户根目录\",\"authorization\":\"使用 username:password形式。其他待定\",\"serverSettings\":\"预留\"}}}','{\"header\":{\"createTime\":1541142018808,\"messageType\":\"Regist\",\"wasNeedReply\":\"yes \"},\"body\":{\"registMainInfo\":{\"deviceUid\":\"device002\",\"deviceCode\":\"0102zl002\",\"stationCode\":\"0102\",\"deviceStatus\":\"INSERVICE\"},\"deviceDescription\":{\"identifier\":{\"HWID\":\"FDSFDSFDSFXDFsdrfe2432fessdfds\"},\"location\":{\"cityCode\":\"01\",\"lineCode\":\"01\",\"stationCode\":\"02\",\"localPosition\":\"西北角\",\"GPSLocation\":\"90 63 62 15\"},\"config\":{\"deviceCode\":\"设备编号\",\"deviceType\":\"设备类型\",\"deviceSubType\":\"设备子类型\",\"deviceSettings\":null},\"HWComponent\":{\"HWName\":\"英文缩写名称\",\"HWID\":\"硬件编号\",\"HWStatus\":\"是否安装，是否正常\",\"HWStatusCode\":\"预留\",\"HWSettings\":\"预留\",\"subComponentList\":null},\"SWComponent\":{\"SWName\":\"英文缩写名称\",\"SWID\":\"组件编号\",\"SWType\":\"英文缩写类型\",\"basePath\":\"组件安装路径\",\"componentFile\":{\"fileCategory\":\"文件类型\",\"filePath\":\"文件所在路径\",\"fileName\":\"文件名称\",\"fileFormat\":\"文件格式\",\"fileVersionNumber\":\"文件版本号\",\"fileSize\":\"文件大小(Byte)\",\"fileDigest\":\"文件摘要(MD5)\",\"fileLastTime\":\"文件最后更新时间\"},\"componentFileList\":[{\"fileCategory\":\"文件类型\",\"filePath\":\"文件所在路径\",\"fileName\":\"文件名称\",\"fileFormat\":\"文件格式\",\"fileVersionNumber\":\"文件版本号\",\"fileSize\":\"文件大小(Byte)\",\"fileDigest\":\"文件摘要(MD5)\",\"fileLastTime\":\"文件最后更新时间\"}]}}}}','系统服务','2018-11-02 15:00:19','2018-11-02 15:00:19'),(72,'device005','{\"header\":{\"createTime\":\"时间戳\",\"messageType\":\"DeviceRegistrationReply\",\"wasNeedReply\":\"no\"},\"body\":{\"deviceUid\":\"device005\",\"returnCode\":\"-1\"}}','{\"header\":{\"createTime\":1541142059036,\"messageType\":\"Regist\",\"wasNeedReply\":\"yes \"},\"body\":{\"registMainInfo\":{\"deviceUid\":\"device005\",\"deviceCode\":\"0102zl005\",\"stationCode\":\"0102\",\"deviceStatus\":\"INSERVICE\"},\"deviceDescription\":{\"identifier\":{\"HWID\":\"FDSFDSFDSFXDFsdrfe2432fessdfds\"},\"location\":{\"cityCode\":\"01\",\"lineCode\":\"01\",\"stationCode\":\"02\",\"localPosition\":\"西北角\",\"GPSLocation\":\"90 63 62 15\"},\"config\":{\"deviceCode\":\"设备编号\",\"deviceType\":\"设备类型\",\"deviceSubType\":\"设备子类型\",\"deviceSettings\":null},\"HWComponent\":{\"HWName\":\"英文缩写名称\",\"HWID\":\"硬件编号\",\"HWStatus\":\"是否安装，是否正常\",\"HWStatusCode\":\"预留\",\"HWSettings\":\"预留\",\"subComponentList\":null},\"SWComponent\":{\"SWName\":\"英文缩写名称\",\"SWID\":\"组件编号\",\"SWType\":\"英文缩写类型\",\"basePath\":\"组件安装路径\",\"componentFile\":{\"fileCategory\":\"文件类型\",\"filePath\":\"文件所在路径\",\"fileName\":\"文件名称\",\"fileFormat\":\"文件格式\",\"fileVersionNumber\":\"文件版本号\",\"fileSize\":\"文件大小(Byte)\",\"fileDigest\":\"文件摘要(MD5)\",\"fileLastTime\":\"文件最后更新时间\"},\"componentFileList\":[{\"fileCategory\":\"文件类型\",\"filePath\":\"文件所在路径\",\"fileName\":\"文件名称\",\"fileFormat\":\"文件格式\",\"fileVersionNumber\":\"文件版本号\",\"fileSize\":\"文件大小(Byte)\",\"fileDigest\":\"文件摘要(MD5)\",\"fileLastTime\":\"文件最后更新时间\"}]}}}}','系统服务','2018-11-02 15:01:03','2018-11-02 15:01:03'),(73,'device005','{\"header\":{\"createTime\":\"时间戳\",\"messageType\":\"DeviceRegistrationReply\",\"wasNeedReply\":\"no\"},\"body\":{\"deviceUid\":\"device005\",\"returnCode\":\"-1\"}}','{\"header\":{\"createTime\":1541142125989,\"messageType\":\"Regist\",\"wasNeedReply\":\"yes \"},\"body\":{\"registMainInfo\":{\"deviceUid\":\"device005\",\"deviceCode\":\"0102zl005\",\"stationCode\":\"0102\",\"deviceStatus\":\"INSERVICE\"},\"deviceDescription\":{\"identifier\":{\"HWID\":\"FDSFDSFDSFXDFsdrfe2432fessdfds\"},\"location\":{\"cityCode\":\"01\",\"lineCode\":\"01\",\"stationCode\":\"02\",\"localPosition\":\"西北角\",\"GPSLocation\":\"90 63 62 15\"},\"config\":{\"deviceCode\":\"设备编号\",\"deviceType\":\"设备类型\",\"deviceSubType\":\"设备子类型\",\"deviceSettings\":null},\"HWComponent\":{\"HWName\":\"英文缩写名称\",\"HWID\":\"硬件编号\",\"HWStatus\":\"是否安装，是否正常\",\"HWStatusCode\":\"预留\",\"HWSettings\":\"预留\",\"subComponentList\":null},\"SWComponent\":{\"SWName\":\"英文缩写名称\",\"SWID\":\"组件编号\",\"SWType\":\"英文缩写类型\",\"basePath\":\"组件安装路径\",\"componentFile\":{\"fileCategory\":\"文件类型\",\"filePath\":\"文件所在路径\",\"fileName\":\"文件名称\",\"fileFormat\":\"文件格式\",\"fileVersionNumber\":\"文件版本号\",\"fileSize\":\"文件大小(Byte)\",\"fileDigest\":\"文件摘要(MD5)\",\"fileLastTime\":\"文件最后更新时间\"},\"componentFileList\":[{\"fileCategory\":\"文件类型\",\"filePath\":\"文件所在路径\",\"fileName\":\"文件名称\",\"fileFormat\":\"文件格式\",\"fileVersionNumber\":\"文件版本号\",\"fileSize\":\"文件大小(Byte)\",\"fileDigest\":\"文件摘要(MD5)\",\"fileLastTime\":\"文件最后更新时间\"}]}}}}','系统服务','2018-11-02 15:02:07','2018-11-02 15:02:07'),(74,'device005','{\"header\":{\"createTime\":\"时间戳\",\"messageType\":\"DeviceRegistrationReply\",\"wasNeedReply\":\"no\"},\"body\":{\"deviceUid\":\"device005\",\"returnCode\":\"-1\"}}','{\"header\":{\"createTime\":1541142210764,\"messageType\":\"Regist\",\"wasNeedReply\":\"yes \"},\"body\":{\"registMainInfo\":{\"deviceUid\":\"device005\",\"deviceCode\":\"0102zl005\",\"stationCode\":\"0102\",\"deviceStatus\":\"INSERVICE\"},\"deviceDescription\":{\"identifier\":{\"HWID\":\"FDSFDSFDSFXDFsdrfe2432fessdfds\"},\"location\":{\"cityCode\":\"01\",\"lineCode\":\"01\",\"stationCode\":\"02\",\"localPosition\":\"西北角\",\"GPSLocation\":\"90 63 62 15\"},\"config\":{\"deviceCode\":\"设备编号\",\"deviceType\":\"设备类型\",\"deviceSubType\":\"设备子类型\",\"deviceSettings\":null},\"HWComponent\":{\"HWName\":\"英文缩写名称\",\"HWID\":\"硬件编号\",\"HWStatus\":\"是否安装，是否正常\",\"HWStatusCode\":\"预留\",\"HWSettings\":\"预留\",\"subComponentList\":null},\"SWComponent\":{\"SWName\":\"英文缩写名称\",\"SWID\":\"组件编号\",\"SWType\":\"英文缩写类型\",\"basePath\":\"组件安装路径\",\"componentFile\":{\"fileCategory\":\"文件类型\",\"filePath\":\"文件所在路径\",\"fileName\":\"文件名称\",\"fileFormat\":\"文件格式\",\"fileVersionNumber\":\"文件版本号\",\"fileSize\":\"文件大小(Byte)\",\"fileDigest\":\"文件摘要(MD5)\",\"fileLastTime\":\"文件最后更新时间\"},\"componentFileList\":[{\"fileCategory\":\"文件类型\",\"filePath\":\"文件所在路径\",\"fileName\":\"文件名称\",\"fileFormat\":\"文件格式\",\"fileVersionNumber\":\"文件版本号\",\"fileSize\":\"文件大小(Byte)\",\"fileDigest\":\"文件摘要(MD5)\",\"fileLastTime\":\"文件最后更新时间\"}]}}}}','系统服务','2018-11-02 15:03:32','2018-11-02 15:03:32'),(75,'device005','{\"header\":{\"createTime\":\"时间戳\",\"messageType\":\"DeviceRegistrationReply\",\"wasNeedReply\":\"no\"},\"body\":{\"deviceUid\":\"device005\",\"returnCode\":\"-1\"}}','{\"header\":{\"createTime\":1541142321539,\"messageType\":\"Regist\",\"wasNeedReply\":\"yes \"},\"body\":{\"registMainInfo\":{\"deviceUid\":\"device005\",\"deviceCode\":\"0102zl005\",\"stationCode\":\"0102\",\"deviceStatus\":\"INSERVICE\"},\"deviceDescription\":{\"identifier\":{\"HWID\":\"FDSFDSFDSFXDFsdrfe2432fessdfds\"},\"location\":{\"cityCode\":\"01\",\"lineCode\":\"01\",\"stationCode\":\"02\",\"localPosition\":\"西北角\",\"GPSLocation\":\"90 63 62 15\"},\"config\":{\"deviceCode\":\"设备编号\",\"deviceType\":\"设备类型\",\"deviceSubType\":\"设备子类型\",\"deviceSettings\":null},\"HWComponent\":{\"HWName\":\"英文缩写名称\",\"HWID\":\"硬件编号\",\"HWStatus\":\"是否安装，是否正常\",\"HWStatusCode\":\"预留\",\"HWSettings\":\"预留\",\"subComponentList\":null},\"SWComponent\":{\"SWName\":\"英文缩写名称\",\"SWID\":\"组件编号\",\"SWType\":\"英文缩写类型\",\"basePath\":\"组件安装路径\",\"componentFile\":{\"fileCategory\":\"文件类型\",\"filePath\":\"文件所在路径\",\"fileName\":\"文件名称\",\"fileFormat\":\"文件格式\",\"fileVersionNumber\":\"文件版本号\",\"fileSize\":\"文件大小(Byte)\",\"fileDigest\":\"文件摘要(MD5)\",\"fileLastTime\":\"文件最后更新时间\"},\"componentFileList\":[{\"fileCategory\":\"文件类型\",\"filePath\":\"文件所在路径\",\"fileName\":\"文件名称\",\"fileFormat\":\"文件格式\",\"fileVersionNumber\":\"文件版本号\",\"fileSize\":\"文件大小(Byte)\",\"fileDigest\":\"文件摘要(MD5)\",\"fileLastTime\":\"文件最后更新时间\"}]}}}}','系统服务','2018-11-02 15:05:25','2018-11-02 15:05:25'),(76,'device005','{\"header\":{\"createTime\":\"时间戳\",\"messageType\":\"DeviceRegistrationReply\",\"wasNeedReply\":\"no\"},\"body\":{\"deviceUid\":\"device005\",\"returnCode\":\"-1\"}}','{\"header\":{\"createTime\":1541142402691,\"messageType\":\"Regist\",\"wasNeedReply\":\"yes \"},\"body\":{\"registMainInfo\":{\"deviceUid\":\"device005\",\"deviceCode\":\"0102zl005\",\"stationCode\":\"0102\",\"deviceStatus\":\"INSERVICE\"},\"deviceDescription\":{\"identifier\":{\"HWID\":\"FDSFDSFDSFXDFsdrfe2432fessdfds\"},\"location\":{\"cityCode\":\"01\",\"lineCode\":\"01\",\"stationCode\":\"02\",\"localPosition\":\"西北角\",\"GPSLocation\":\"90 63 62 15\"},\"config\":{\"deviceCode\":\"设备编号\",\"deviceType\":\"设备类型\",\"deviceSubType\":\"设备子类型\",\"deviceSettings\":null},\"HWComponent\":{\"HWName\":\"英文缩写名称\",\"HWID\":\"硬件编号\",\"HWStatus\":\"是否安装，是否正常\",\"HWStatusCode\":\"预留\",\"HWSettings\":\"预留\",\"subComponentList\":null},\"SWComponent\":{\"SWName\":\"英文缩写名称\",\"SWID\":\"组件编号\",\"SWType\":\"英文缩写类型\",\"basePath\":\"组件安装路径\",\"componentFile\":{\"fileCategory\":\"文件类型\",\"filePath\":\"文件所在路径\",\"fileName\":\"文件名称\",\"fileFormat\":\"文件格式\",\"fileVersionNumber\":\"文件版本号\",\"fileSize\":\"文件大小(Byte)\",\"fileDigest\":\"文件摘要(MD5)\",\"fileLastTime\":\"文件最后更新时间\"},\"componentFileList\":[{\"fileCategory\":\"文件类型\",\"filePath\":\"文件所在路径\",\"fileName\":\"文件名称\",\"fileFormat\":\"文件格式\",\"fileVersionNumber\":\"文件版本号\",\"fileSize\":\"文件大小(Byte)\",\"fileDigest\":\"文件摘要(MD5)\",\"fileLastTime\":\"文件最后更新时间\"}]}}}}','系统服务','2018-11-02 15:06:44','2018-11-02 15:06:44'),(77,'device005','{\"header\":{\"createTime\":\"时间戳\",\"messageType\":\"DeviceRegistrationReply\",\"wasNeedReply\":\"no\"},\"body\":{\"deviceUid\":\"device005\",\"returnCode\":\"-1\"}}','{\"header\":{\"createTime\":1541142402691,\"messageType\":\"Regist\",\"wasNeedReply\":\"yes \"},\"body\":{\"registMainInfo\":{\"deviceUid\":\"device005\",\"deviceCode\":\"0102zl005\",\"stationCode\":\"0102\",\"deviceStatus\":\"INSERVICE\"},\"deviceDescription\":{\"identifier\":{\"HWID\":\"FDSFDSFDSFXDFsdrfe2432fessdfds\"},\"location\":{\"cityCode\":\"01\",\"lineCode\":\"01\",\"stationCode\":\"02\",\"localPosition\":\"西北角\",\"GPSLocation\":\"90 63 62 15\"},\"config\":{\"deviceCode\":\"设备编号\",\"deviceType\":\"设备类型\",\"deviceSubType\":\"设备子类型\",\"deviceSettings\":null},\"HWComponent\":{\"HWName\":\"英文缩写名称\",\"HWID\":\"硬件编号\",\"HWStatus\":\"是否安装，是否正常\",\"HWStatusCode\":\"预留\",\"HWSettings\":\"预留\",\"subComponentList\":null},\"SWComponent\":{\"SWName\":\"英文缩写名称\",\"SWID\":\"组件编号\",\"SWType\":\"英文缩写类型\",\"basePath\":\"组件安装路径\",\"componentFile\":{\"fileCategory\":\"文件类型\",\"filePath\":\"文件所在路径\",\"fileName\":\"文件名称\",\"fileFormat\":\"文件格式\",\"fileVersionNumber\":\"文件版本号\",\"fileSize\":\"文件大小(Byte)\",\"fileDigest\":\"文件摘要(MD5)\",\"fileLastTime\":\"文件最后更新时间\"},\"componentFileList\":[{\"fileCategory\":\"文件类型\",\"filePath\":\"文件所在路径\",\"fileName\":\"文件名称\",\"fileFormat\":\"文件格式\",\"fileVersionNumber\":\"文件版本号\",\"fileSize\":\"文件大小(Byte)\",\"fileDigest\":\"文件摘要(MD5)\",\"fileLastTime\":\"文件最后更新时间\"}]}}}}','系统服务','2018-11-02 15:06:45','2018-11-02 15:06:45'),(78,'device005','{\"header\":{\"createTime\":\"时间戳\",\"messageType\":\"DeviceRegistrationReply\",\"wasNeedReply\":\"no\"},\"body\":{\"deviceUid\":\"device005\",\"returnCode\":\"-1\"}}','{\"header\":{\"createTime\":1541142482544,\"messageType\":\"Regist\",\"wasNeedReply\":\"yes \"},\"body\":{\"registMainInfo\":{\"deviceUid\":\"device005\",\"deviceCode\":\"0102zl005\",\"stationCode\":\"0102\",\"deviceStatus\":\"INSERVICE\"},\"deviceDescription\":{\"identifier\":{\"HWID\":\"FDSFDSFDSFXDFsdrfe2432fessdfds\"},\"location\":{\"cityCode\":\"01\",\"lineCode\":\"01\",\"stationCode\":\"02\",\"localPosition\":\"西北角\",\"GPSLocation\":\"90 63 62 15\"},\"config\":{\"deviceCode\":\"设备编号\",\"deviceType\":\"设备类型\",\"deviceSubType\":\"设备子类型\",\"deviceSettings\":null},\"HWComponent\":{\"HWName\":\"英文缩写名称\",\"HWID\":\"硬件编号\",\"HWStatus\":\"是否安装，是否正常\",\"HWStatusCode\":\"预留\",\"HWSettings\":\"预留\",\"subComponentList\":null},\"SWComponent\":{\"SWName\":\"英文缩写名称\",\"SWID\":\"组件编号\",\"SWType\":\"英文缩写类型\",\"basePath\":\"组件安装路径\",\"componentFile\":{\"fileCategory\":\"文件类型\",\"filePath\":\"文件所在路径\",\"fileName\":\"文件名称\",\"fileFormat\":\"文件格式\",\"fileVersionNumber\":\"文件版本号\",\"fileSize\":\"文件大小(Byte)\",\"fileDigest\":\"文件摘要(MD5)\",\"fileLastTime\":\"文件最后更新时间\"},\"componentFileList\":[{\"fileCategory\":\"文件类型\",\"filePath\":\"文件所在路径\",\"fileName\":\"文件名称\",\"fileFormat\":\"文件格式\",\"fileVersionNumber\":\"文件版本号\",\"fileSize\":\"文件大小(Byte)\",\"fileDigest\":\"文件摘要(MD5)\",\"fileLastTime\":\"文件最后更新时间\"}]}}}}','系统服务','2018-11-02 15:08:04','2018-11-02 15:08:04'),(79,'device005','{\"header\":{\"createTime\":\"时间戳\",\"messageType\":\"DeviceRegistrationReply\",\"wasNeedReply\":\"no\"},\"body\":{\"deviceUid\":\"device005\",\"returnCode\":\"-1\"}}','{\"header\":{\"createTime\":1541142537411,\"messageType\":\"Regist\",\"wasNeedReply\":\"yes \"},\"body\":{\"registMainInfo\":{\"deviceUid\":\"device005\",\"deviceCode\":\"0102zl005\",\"stationCode\":\"0102\",\"deviceStatus\":\"INSERVICE\"},\"deviceDescription\":{\"identifier\":{\"HWID\":\"FDSFDSFDSFXDFsdrfe2432fessdfds\"},\"location\":{\"cityCode\":\"01\",\"lineCode\":\"01\",\"stationCode\":\"02\",\"localPosition\":\"西北角\",\"GPSLocation\":\"90 63 62 15\"},\"config\":{\"deviceCode\":\"设备编号\",\"deviceType\":\"设备类型\",\"deviceSubType\":\"设备子类型\",\"deviceSettings\":null},\"HWComponent\":{\"HWName\":\"英文缩写名称\",\"HWID\":\"硬件编号\",\"HWStatus\":\"是否安装，是否正常\",\"HWStatusCode\":\"预留\",\"HWSettings\":\"预留\",\"subComponentList\":null},\"SWComponent\":{\"SWName\":\"英文缩写名称\",\"SWID\":\"组件编号\",\"SWType\":\"英文缩写类型\",\"basePath\":\"组件安装路径\",\"componentFile\":{\"fileCategory\":\"文件类型\",\"filePath\":\"文件所在路径\",\"fileName\":\"文件名称\",\"fileFormat\":\"文件格式\",\"fileVersionNumber\":\"文件版本号\",\"fileSize\":\"文件大小(Byte)\",\"fileDigest\":\"文件摘要(MD5)\",\"fileLastTime\":\"文件最后更新时间\"},\"componentFileList\":[{\"fileCategory\":\"文件类型\",\"filePath\":\"文件所在路径\",\"fileName\":\"文件名称\",\"fileFormat\":\"文件格式\",\"fileVersionNumber\":\"文件版本号\",\"fileSize\":\"文件大小(Byte)\",\"fileDigest\":\"文件摘要(MD5)\",\"fileLastTime\":\"文件最后更新时间\"}]}}}}','系统服务','2018-11-02 15:08:59','2018-11-02 15:08:59'),(80,'device005','{\"header\":{\"createTime\":\"时间戳\",\"messageType\":\"DeviceRegistrationReply\",\"wasNeedReply\":\"no\"},\"body\":{\"deviceUid\":\"device005\",\"returnCode\":\"-1\"}}','{\"header\":{\"createTime\":1541142599734,\"messageType\":\"Regist\",\"wasNeedReply\":\"yes \"},\"body\":{\"registMainInfo\":{\"deviceUid\":\"device005\",\"deviceCode\":\"0102zl005\",\"stationCode\":\"0102\",\"deviceStatus\":\"INSERVICE\"},\"deviceDescription\":{\"identifier\":{\"HWID\":\"FDSFDSFDSFXDFsdrfe2432fessdfds\"},\"location\":{\"cityCode\":\"01\",\"lineCode\":\"01\",\"stationCode\":\"02\",\"localPosition\":\"西北角\",\"GPSLocation\":\"90 63 62 15\"},\"config\":{\"deviceCode\":\"设备编号\",\"deviceType\":\"设备类型\",\"deviceSubType\":\"设备子类型\",\"deviceSettings\":null},\"HWComponent\":{\"HWName\":\"英文缩写名称\",\"HWID\":\"硬件编号\",\"HWStatus\":\"是否安装，是否正常\",\"HWStatusCode\":\"预留\",\"HWSettings\":\"预留\",\"subComponentList\":null},\"SWComponent\":{\"SWName\":\"英文缩写名称\",\"SWID\":\"组件编号\",\"SWType\":\"英文缩写类型\",\"basePath\":\"组件安装路径\",\"componentFile\":{\"fileCategory\":\"文件类型\",\"filePath\":\"文件所在路径\",\"fileName\":\"文件名称\",\"fileFormat\":\"文件格式\",\"fileVersionNumber\":\"文件版本号\",\"fileSize\":\"文件大小(Byte)\",\"fileDigest\":\"文件摘要(MD5)\",\"fileLastTime\":\"文件最后更新时间\"},\"componentFileList\":[{\"fileCategory\":\"文件类型\",\"filePath\":\"文件所在路径\",\"fileName\":\"文件名称\",\"fileFormat\":\"文件格式\",\"fileVersionNumber\":\"文件版本号\",\"fileSize\":\"文件大小(Byte)\",\"fileDigest\":\"文件摘要(MD5)\",\"fileLastTime\":\"文件最后更新时间\"}]}}}}','系统服务','2018-11-02 15:10:01','2018-11-02 15:10:01'),(81,'device005','{\"header\":{\"createTime\":\"时间戳\",\"messageType\":\"DeviceRegistrationReply\",\"wasNeedReply\":\"no\"},\"body\":{\"deviceUid\":\"device005\",\"returnCode\":\"-1\"}}','{\"header\":{\"createTime\":1541142722390,\"messageType\":\"Regist\",\"wasNeedReply\":\"yes \"},\"body\":{\"registMainInfo\":{\"deviceUid\":\"device005\",\"deviceCode\":\"0102zl005\",\"stationCode\":\"0102\",\"deviceStatus\":\"INSERVICE\"},\"deviceDescription\":{\"identifier\":{\"HWID\":\"FDSFDSFDSFXDFsdrfe2432fessdfds\"},\"location\":{\"cityCode\":\"01\",\"lineCode\":\"01\",\"stationCode\":\"02\",\"localPosition\":\"西北角\",\"GPSLocation\":\"90 63 62 15\"},\"config\":{\"deviceCode\":\"设备编号\",\"deviceType\":\"设备类型\",\"deviceSubType\":\"设备子类型\",\"deviceSettings\":null},\"HWComponent\":{\"HWName\":\"英文缩写名称\",\"HWID\":\"硬件编号\",\"HWStatus\":\"是否安装，是否正常\",\"HWStatusCode\":\"预留\",\"HWSettings\":\"预留\",\"subComponentList\":null},\"SWComponent\":{\"SWName\":\"英文缩写名称\",\"SWID\":\"组件编号\",\"SWType\":\"英文缩写类型\",\"basePath\":\"组件安装路径\",\"componentFile\":{\"fileCategory\":\"文件类型\",\"filePath\":\"文件所在路径\",\"fileName\":\"文件名称\",\"fileFormat\":\"文件格式\",\"fileVersionNumber\":\"文件版本号\",\"fileSize\":\"文件大小(Byte)\",\"fileDigest\":\"文件摘要(MD5)\",\"fileLastTime\":\"文件最后更新时间\"},\"componentFileList\":[{\"fileCategory\":\"文件类型\",\"filePath\":\"文件所在路径\",\"fileName\":\"文件名称\",\"fileFormat\":\"文件格式\",\"fileVersionNumber\":\"文件版本号\",\"fileSize\":\"文件大小(Byte)\",\"fileDigest\":\"文件摘要(MD5)\",\"fileLastTime\":\"文件最后更新时间\"}]}}}}','系统服务','2018-11-02 15:12:04','2018-11-02 15:12:04'),(82,'device005','{\"header\":{\"createTime\":\"时间戳\",\"messageType\":\"DeviceRegistrationReply\",\"wasNeedReply\":\"no\"},\"body\":{\"deviceUid\":\"device005\",\"returnCode\":\"-1\"}}','{\"header\":{\"createTime\":1541142981944,\"messageType\":\"Regist\",\"wasNeedReply\":\"yes \"},\"body\":{\"registMainInfo\":{\"deviceUid\":\"device005\",\"deviceCode\":\"0102zl005\",\"stationCode\":\"0102\",\"deviceStatus\":\"INSERVICE\"},\"deviceDescription\":{\"identifier\":{\"HWID\":\"FDSFDSFDSFXDFsdrfe2432fessdfds\"},\"location\":{\"cityCode\":\"01\",\"lineCode\":\"01\",\"stationCode\":\"02\",\"localPosition\":\"西北角\",\"GPSLocation\":\"90 63 62 15\"},\"config\":{\"deviceCode\":\"设备编号\",\"deviceType\":\"设备类型\",\"deviceSubType\":\"设备子类型\",\"deviceSettings\":null},\"HWComponent\":{\"HWName\":\"英文缩写名称\",\"HWID\":\"硬件编号\",\"HWStatus\":\"是否安装，是否正常\",\"HWStatusCode\":\"预留\",\"HWSettings\":\"预留\",\"subComponentList\":null},\"SWComponent\":{\"SWName\":\"英文缩写名称\",\"SWID\":\"组件编号\",\"SWType\":\"英文缩写类型\",\"basePath\":\"组件安装路径\",\"componentFile\":{\"fileCategory\":\"文件类型\",\"filePath\":\"文件所在路径\",\"fileName\":\"文件名称\",\"fileFormat\":\"文件格式\",\"fileVersionNumber\":\"文件版本号\",\"fileSize\":\"文件大小(Byte)\",\"fileDigest\":\"文件摘要(MD5)\",\"fileLastTime\":\"文件最后更新时间\"},\"componentFileList\":[{\"fileCategory\":\"文件类型\",\"filePath\":\"文件所在路径\",\"fileName\":\"文件名称\",\"fileFormat\":\"文件格式\",\"fileVersionNumber\":\"文件版本号\",\"fileSize\":\"文件大小(Byte)\",\"fileDigest\":\"文件摘要(MD5)\",\"fileLastTime\":\"文件最后更新时间\"}]}}}}','系统服务','2018-11-02 15:16:26','2018-11-02 15:16:26'),(83,'device002','{\"header\":{\"createTime\":\"时间戳\",\"messageType\":\"DeviceRegistrationReply\",\"wasNeedReply\":\"no\"},\"body\":{\"deviceUid\":\"device002\",\"returnCode\":\"0\",\"fileServerConfig\":{\"serverName\":\"服务器名字\",\"serverProtocol\":\"默认。其他待定\",\"serverAddress\":\"IP地址或域名\",\"serverPort\":\"端口号\",\"serverHomePath\":\"用户根目录\",\"authorization\":\"使用 username:password形式。其他待定\",\"serverSettings\":\"预留\"}}}','{\"header\":{\"createTime\":1541143052413,\"messageType\":\"Regist\",\"wasNeedReply\":\"yes \"},\"body\":{\"registMainInfo\":{\"deviceUid\":\"device002\",\"deviceCode\":\"0102zl002\",\"stationCode\":\"0102\",\"deviceStatus\":\"INSERVICE\"},\"deviceDescription\":{\"identifier\":{\"HWID\":\"FDSFDSFDSFXDFsdrfe2432fessdfds\"},\"location\":{\"cityCode\":\"01\",\"lineCode\":\"01\",\"stationCode\":\"02\",\"localPosition\":\"西北角\",\"GPSLocation\":\"90 63 62 15\"},\"config\":{\"deviceCode\":\"设备编号\",\"deviceType\":\"设备类型\",\"deviceSubType\":\"设备子类型\",\"deviceSettings\":null},\"HWComponent\":{\"HWName\":\"英文缩写名称\",\"HWID\":\"硬件编号\",\"HWStatus\":\"是否安装，是否正常\",\"HWStatusCode\":\"预留\",\"HWSettings\":\"预留\",\"subComponentList\":null},\"SWComponent\":{\"SWName\":\"英文缩写名称\",\"SWID\":\"组件编号\",\"SWType\":\"英文缩写类型\",\"basePath\":\"组件安装路径\",\"componentFile\":{\"fileCategory\":\"文件类型\",\"filePath\":\"文件所在路径\",\"fileName\":\"文件名称\",\"fileFormat\":\"文件格式\",\"fileVersionNumber\":\"文件版本号\",\"fileSize\":\"文件大小(Byte)\",\"fileDigest\":\"文件摘要(MD5)\",\"fileLastTime\":\"文件最后更新时间\"},\"componentFileList\":[{\"fileCategory\":\"文件类型\",\"filePath\":\"文件所在路径\",\"fileName\":\"文件名称\",\"fileFormat\":\"文件格式\",\"fileVersionNumber\":\"文件版本号\",\"fileSize\":\"文件大小(Byte)\",\"fileDigest\":\"文件摘要(MD5)\",\"fileLastTime\":\"文件最后更新时间\"}]}}}}','系统服务','2018-11-02 15:17:36','2018-11-02 15:17:36'),(84,'device005','{\"header\":{\"createTime\":\"时间戳\",\"messageType\":\"DeviceRegistrationReply\",\"wasNeedReply\":\"no\"},\"body\":{\"deviceUid\":\"device005\",\"returnCode\":\"-1\"}}','{\"header\":{\"createTime\":1541143175113,\"messageType\":\"Regist\",\"wasNeedReply\":\"yes \"},\"body\":{\"registMainInfo\":{\"deviceUid\":\"device005\",\"deviceCode\":\"0102zl005\",\"stationCode\":\"0102\",\"deviceStatus\":\"INSERVICE\"},\"deviceDescription\":{\"identifier\":{\"HWID\":\"FDSFDSFDSFXDFsdrfe2432fessdfds\"},\"location\":{\"cityCode\":\"01\",\"lineCode\":\"01\",\"stationCode\":\"02\",\"localPosition\":\"西北角\",\"GPSLocation\":\"90 63 62 15\"},\"config\":{\"deviceCode\":\"设备编号\",\"deviceType\":\"设备类型\",\"deviceSubType\":\"设备子类型\",\"deviceSettings\":null},\"HWComponent\":{\"HWName\":\"英文缩写名称\",\"HWID\":\"硬件编号\",\"HWStatus\":\"是否安装，是否正常\",\"HWStatusCode\":\"预留\",\"HWSettings\":\"预留\",\"subComponentList\":null},\"SWComponent\":{\"SWName\":\"英文缩写名称\",\"SWID\":\"组件编号\",\"SWType\":\"英文缩写类型\",\"basePath\":\"组件安装路径\",\"componentFile\":{\"fileCategory\":\"文件类型\",\"filePath\":\"文件所在路径\",\"fileName\":\"文件名称\",\"fileFormat\":\"文件格式\",\"fileVersionNumber\":\"文件版本号\",\"fileSize\":\"文件大小(Byte)\",\"fileDigest\":\"文件摘要(MD5)\",\"fileLastTime\":\"文件最后更新时间\"},\"componentFileList\":[{\"fileCategory\":\"文件类型\",\"filePath\":\"文件所在路径\",\"fileName\":\"文件名称\",\"fileFormat\":\"文件格式\",\"fileVersionNumber\":\"文件版本号\",\"fileSize\":\"文件大小(Byte)\",\"fileDigest\":\"文件摘要(MD5)\",\"fileLastTime\":\"文件最后更新时间\"}]}}}}','系统服务','2018-11-02 15:19:39','2018-11-02 15:19:39'),(85,'device002','{\"header\":{\"createTime\":\"时间戳\",\"messageType\":\"DeviceRegistrationReply\",\"wasNeedReply\":\"no\"},\"body\":{\"deviceUid\":\"device002\",\"returnCode\":\"0\",\"fileServerConfig\":{\"serverName\":\"服务器名字\",\"serverProtocol\":\"默认。其他待定\",\"serverAddress\":\"IP地址或域名\",\"serverPort\":\"端口号\",\"serverHomePath\":\"用户根目录\",\"authorization\":\"使用 username:password形式。其他待定\",\"serverSettings\":\"预留\"}}}','{\"header\":{\"createTime\":1541143191897,\"messageType\":\"Regist\",\"wasNeedReply\":\"yes \"},\"body\":{\"registMainInfo\":{\"deviceUid\":\"device002\",\"deviceCode\":\"0102zl002\",\"stationCode\":\"0102\",\"deviceStatus\":\"INSERVICE\"},\"deviceDescription\":{\"identifier\":{\"HWID\":\"FDSFDSFDSFXDFsdrfe2432fessdfds\"},\"location\":{\"cityCode\":\"01\",\"lineCode\":\"01\",\"stationCode\":\"02\",\"localPosition\":\"西北角\",\"GPSLocation\":\"90 63 62 15\"},\"config\":{\"deviceCode\":\"设备编号\",\"deviceType\":\"设备类型\",\"deviceSubType\":\"设备子类型\",\"deviceSettings\":null},\"HWComponent\":{\"HWName\":\"英文缩写名称\",\"HWID\":\"硬件编号\",\"HWStatus\":\"是否安装，是否正常\",\"HWStatusCode\":\"预留\",\"HWSettings\":\"预留\",\"subComponentList\":null},\"SWComponent\":{\"SWName\":\"英文缩写名称\",\"SWID\":\"组件编号\",\"SWType\":\"英文缩写类型\",\"basePath\":\"组件安装路径\",\"componentFile\":{\"fileCategory\":\"文件类型\",\"filePath\":\"文件所在路径\",\"fileName\":\"文件名称\",\"fileFormat\":\"文件格式\",\"fileVersionNumber\":\"文件版本号\",\"fileSize\":\"文件大小(Byte)\",\"fileDigest\":\"文件摘要(MD5)\",\"fileLastTime\":\"文件最后更新时间\"},\"componentFileList\":[{\"fileCategory\":\"文件类型\",\"filePath\":\"文件所在路径\",\"fileName\":\"文件名称\",\"fileFormat\":\"文件格式\",\"fileVersionNumber\":\"文件版本号\",\"fileSize\":\"文件大小(Byte)\",\"fileDigest\":\"文件摘要(MD5)\",\"fileLastTime\":\"文件最后更新时间\"}]}}}}','系统服务','2018-11-02 15:19:54','2018-11-02 15:19:54'),(86,'device005','{\"header\":{\"createTime\":\"时间戳\",\"messageType\":\"DeviceRegistrationReply\",\"wasNeedReply\":\"no\"},\"body\":{\"deviceUid\":\"device005\",\"returnCode\":\"-1\"}}','{\"header\":{\"createTime\":1541143284196,\"messageType\":\"Regist\",\"wasNeedReply\":\"yes \"},\"body\":{\"registMainInfo\":{\"deviceUid\":\"device005\",\"deviceCode\":\"0102zl005\",\"stationCode\":\"0102\",\"deviceStatus\":\"INSERVICE\"},\"deviceDescription\":{\"identifier\":{\"HWID\":\"FDSFDSFDSFXDFsdrfe2432fessdfds\"},\"location\":{\"cityCode\":\"01\",\"lineCode\":\"01\",\"stationCode\":\"02\",\"localPosition\":\"西北角\",\"GPSLocation\":\"90 63 62 15\"},\"config\":{\"deviceCode\":\"设备编号\",\"deviceType\":\"设备类型\",\"deviceSubType\":\"设备子类型\",\"deviceSettings\":null},\"HWComponent\":{\"HWName\":\"英文缩写名称\",\"HWID\":\"硬件编号\",\"HWStatus\":\"是否安装，是否正常\",\"HWStatusCode\":\"预留\",\"HWSettings\":\"预留\",\"subComponentList\":null},\"SWComponent\":{\"SWName\":\"英文缩写名称\",\"SWID\":\"组件编号\",\"SWType\":\"英文缩写类型\",\"basePath\":\"组件安装路径\",\"componentFile\":{\"fileCategory\":\"文件类型\",\"filePath\":\"文件所在路径\",\"fileName\":\"文件名称\",\"fileFormat\":\"文件格式\",\"fileVersionNumber\":\"文件版本号\",\"fileSize\":\"文件大小(Byte)\",\"fileDigest\":\"文件摘要(MD5)\",\"fileLastTime\":\"文件最后更新时间\"},\"componentFileList\":[{\"fileCategory\":\"文件类型\",\"filePath\":\"文件所在路径\",\"fileName\":\"文件名称\",\"fileFormat\":\"文件格式\",\"fileVersionNumber\":\"文件版本号\",\"fileSize\":\"文件大小(Byte)\",\"fileDigest\":\"文件摘要(MD5)\",\"fileLastTime\":\"文件最后更新时间\"}]}}}}','系统服务','2018-11-02 15:21:33','2018-11-02 15:21:33'),(87,'device002','{\"header\":{\"createTime\":\"时间戳\",\"messageType\":\"DeviceRegistrationReply\",\"wasNeedReply\":\"no\"},\"body\":{\"deviceUid\":\"device002\",\"returnCode\":\"0\",\"fileServerConfig\":{\"serverName\":\"服务器名字\",\"serverProtocol\":\"默认。其他待定\",\"serverAddress\":\"IP地址或域名\",\"serverPort\":\"端口号\",\"serverHomePath\":\"用户根目录\",\"authorization\":\"使用 username:password形式。其他待定\",\"serverSettings\":\"预留\"}}}','{\"header\":{\"createTime\":1541143284587,\"messageType\":\"Regist\",\"wasNeedReply\":\"yes \"},\"body\":{\"registMainInfo\":{\"deviceUid\":\"device002\",\"deviceCode\":\"0102zl002\",\"stationCode\":\"0102\",\"deviceStatus\":\"INSERVICE\"},\"deviceDescription\":{\"identifier\":{\"HWID\":\"FDSFDSFDSFXDFsdrfe2432fessdfds\"},\"location\":{\"cityCode\":\"01\",\"lineCode\":\"01\",\"stationCode\":\"02\",\"localPosition\":\"西北角\",\"GPSLocation\":\"90 63 62 15\"},\"config\":{\"deviceCode\":\"设备编号\",\"deviceType\":\"设备类型\",\"deviceSubType\":\"设备子类型\",\"deviceSettings\":null},\"HWComponent\":{\"HWName\":\"英文缩写名称\",\"HWID\":\"硬件编号\",\"HWStatus\":\"是否安装，是否正常\",\"HWStatusCode\":\"预留\",\"HWSettings\":\"预留\",\"subComponentList\":null},\"SWComponent\":{\"SWName\":\"英文缩写名称\",\"SWID\":\"组件编号\",\"SWType\":\"英文缩写类型\",\"basePath\":\"组件安装路径\",\"componentFile\":{\"fileCategory\":\"文件类型\",\"filePath\":\"文件所在路径\",\"fileName\":\"文件名称\",\"fileFormat\":\"文件格式\",\"fileVersionNumber\":\"文件版本号\",\"fileSize\":\"文件大小(Byte)\",\"fileDigest\":\"文件摘要(MD5)\",\"fileLastTime\":\"文件最后更新时间\"},\"componentFileList\":[{\"fileCategory\":\"文件类型\",\"filePath\":\"文件所在路径\",\"fileName\":\"文件名称\",\"fileFormat\":\"文件格式\",\"fileVersionNumber\":\"文件版本号\",\"fileSize\":\"文件大小(Byte)\",\"fileDigest\":\"文件摘要(MD5)\",\"fileLastTime\":\"文件最后更新时间\"}]}}}}','系统服务','2018-11-02 15:21:33','2018-11-02 15:21:33'),(88,'device005','{\"header\":{\"createTime\":\"时间戳\",\"messageType\":\"DeviceRegistrationReply\",\"wasNeedReply\":\"no\"},\"body\":{\"deviceUid\":\"device005\",\"returnCode\":\"-1\"}}','{\"header\":{\"createTime\":1541143284196,\"messageType\":\"Regist\",\"wasNeedReply\":\"yes \"},\"body\":{\"registMainInfo\":{\"deviceUid\":\"device005\",\"deviceCode\":\"0102zl005\",\"stationCode\":\"0102\",\"deviceStatus\":\"INSERVICE\"},\"deviceDescription\":{\"identifier\":{\"HWID\":\"FDSFDSFDSFXDFsdrfe2432fessdfds\"},\"location\":{\"cityCode\":\"01\",\"lineCode\":\"01\",\"stationCode\":\"02\",\"localPosition\":\"西北角\",\"GPSLocation\":\"90 63 62 15\"},\"config\":{\"deviceCode\":\"设备编号\",\"deviceType\":\"设备类型\",\"deviceSubType\":\"设备子类型\",\"deviceSettings\":null},\"HWComponent\":{\"HWName\":\"英文缩写名称\",\"HWID\":\"硬件编号\",\"HWStatus\":\"是否安装，是否正常\",\"HWStatusCode\":\"预留\",\"HWSettings\":\"预留\",\"subComponentList\":null},\"SWComponent\":{\"SWName\":\"英文缩写名称\",\"SWID\":\"组件编号\",\"SWType\":\"英文缩写类型\",\"basePath\":\"组件安装路径\",\"componentFile\":{\"fileCategory\":\"文件类型\",\"filePath\":\"文件所在路径\",\"fileName\":\"文件名称\",\"fileFormat\":\"文件格式\",\"fileVersionNumber\":\"文件版本号\",\"fileSize\":\"文件大小(Byte)\",\"fileDigest\":\"文件摘要(MD5)\",\"fileLastTime\":\"文件最后更新时间\"},\"componentFileList\":[{\"fileCategory\":\"文件类型\",\"filePath\":\"文件所在路径\",\"fileName\":\"文件名称\",\"fileFormat\":\"文件格式\",\"fileVersionNumber\":\"文件版本号\",\"fileSize\":\"文件大小(Byte)\",\"fileDigest\":\"文件摘要(MD5)\",\"fileLastTime\":\"文件最后更新时间\"}]}}}}','系统服务','2018-11-02 15:22:33','2018-11-02 15:24:25'),(89,'device005','{\"header\":{\"createTime\":\"时间戳\",\"messageType\":\"DeviceRegistrationReply\",\"wasNeedReply\":\"no\"},\"body\":{\"deviceUid\":\"device005\",\"returnCode\":\"-1\"}}','{\"header\":{\"createTime\":1541143608024,\"messageType\":\"Regist\",\"wasNeedReply\":\"yes \"},\"body\":{\"registMainInfo\":{\"deviceUid\":\"device005\",\"deviceCode\":\"0102zl005\",\"stationCode\":\"0102\",\"deviceStatus\":\"INSERVICE\"},\"deviceDescription\":{\"identifier\":{\"HWID\":\"FDSFDSFDSFXDFsdrfe2432fessdfds\"},\"location\":{\"cityCode\":\"01\",\"lineCode\":\"01\",\"stationCode\":\"02\",\"localPosition\":\"西北角\",\"GPSLocation\":\"90 63 62 15\"},\"config\":{\"deviceCode\":\"设备编号\",\"deviceType\":\"设备类型\",\"deviceSubType\":\"设备子类型\",\"deviceSettings\":null},\"HWComponent\":{\"HWName\":\"英文缩写名称\",\"HWID\":\"硬件编号\",\"HWStatus\":\"是否安装，是否正常\",\"HWStatusCode\":\"预留\",\"HWSettings\":\"预留\",\"subComponentList\":null},\"SWComponent\":{\"SWName\":\"英文缩写名称\",\"SWID\":\"组件编号\",\"SWType\":\"英文缩写类型\",\"basePath\":\"组件安装路径\",\"componentFile\":{\"fileCategory\":\"文件类型\",\"filePath\":\"文件所在路径\",\"fileName\":\"文件名称\",\"fileFormat\":\"文件格式\",\"fileVersionNumber\":\"文件版本号\",\"fileSize\":\"文件大小(Byte)\",\"fileDigest\":\"文件摘要(MD5)\",\"fileLastTime\":\"文件最后更新时间\"},\"componentFileList\":[{\"fileCategory\":\"文件类型\",\"filePath\":\"文件所在路径\",\"fileName\":\"文件名称\",\"fileFormat\":\"文件格式\",\"fileVersionNumber\":\"文件版本号\",\"fileSize\":\"文件大小(Byte)\",\"fileDigest\":\"文件摘要(MD5)\",\"fileLastTime\":\"文件最后更新时间\"}]}}}}','系统服务','2018-11-02 15:26:53','2018-11-02 15:26:53'),(90,'device002','{\"header\":{\"createTime\":\"时间戳\",\"messageType\":\"DeviceRegistrationReply\",\"wasNeedReply\":\"no\"},\"body\":{\"deviceUid\":\"device002\",\"returnCode\":\"0\",\"fileServerConfig\":{\"serverName\":\"服务器名字\",\"serverProtocol\":\"默认。其他待定\",\"serverAddress\":\"IP地址或域名\",\"serverPort\":\"端口号\",\"serverHomePath\":\"用户根目录\",\"authorization\":\"使用 username:password形式。其他待定\",\"serverSettings\":\"预留\"}}}','{\"header\":{\"createTime\":1541143616073,\"messageType\":\"Regist\",\"wasNeedReply\":\"yes \"},\"body\":{\"registMainInfo\":{\"deviceUid\":\"device002\",\"deviceCode\":\"0102zl002\",\"stationCode\":\"0102\",\"deviceStatus\":\"INSERVICE\"},\"deviceDescription\":{\"identifier\":{\"HWID\":\"FDSFDSFDSFXDFsdrfe2432fessdfds\"},\"location\":{\"cityCode\":\"01\",\"lineCode\":\"01\",\"stationCode\":\"02\",\"localPosition\":\"西北角\",\"GPSLocation\":\"90 63 62 15\"},\"config\":{\"deviceCode\":\"设备编号\",\"deviceType\":\"设备类型\",\"deviceSubType\":\"设备子类型\",\"deviceSettings\":null},\"HWComponent\":{\"HWName\":\"英文缩写名称\",\"HWID\":\"硬件编号\",\"HWStatus\":\"是否安装，是否正常\",\"HWStatusCode\":\"预留\",\"HWSettings\":\"预留\",\"subComponentList\":null},\"SWComponent\":{\"SWName\":\"英文缩写名称\",\"SWID\":\"组件编号\",\"SWType\":\"英文缩写类型\",\"basePath\":\"组件安装路径\",\"componentFile\":{\"fileCategory\":\"文件类型\",\"filePath\":\"文件所在路径\",\"fileName\":\"文件名称\",\"fileFormat\":\"文件格式\",\"fileVersionNumber\":\"文件版本号\",\"fileSize\":\"文件大小(Byte)\",\"fileDigest\":\"文件摘要(MD5)\",\"fileLastTime\":\"文件最后更新时间\"},\"componentFileList\":[{\"fileCategory\":\"文件类型\",\"filePath\":\"文件所在路径\",\"fileName\":\"文件名称\",\"fileFormat\":\"文件格式\",\"fileVersionNumber\":\"文件版本号\",\"fileSize\":\"文件大小(Byte)\",\"fileDigest\":\"文件摘要(MD5)\",\"fileLastTime\":\"文件最后更新时间\"}]}}}}','系统服务','2018-11-02 15:27:00','2018-11-02 15:27:00'),(91,'device005','{\"header\":{\"createTime\":\"时间戳\",\"messageType\":\"DeviceRegistrationReply\",\"wasNeedReply\":\"no\"},\"body\":{\"deviceUid\":\"device005\",\"returnCode\":\"-1\"}}','{\"header\":{\"createTime\":1541144181618,\"messageType\":\"Regist\",\"wasNeedReply\":\"yes \"},\"body\":{\"registMainInfo\":{\"deviceUid\":\"device005\",\"deviceCode\":\"0102zl005\",\"stationCode\":\"0102\",\"deviceStatus\":\"INSERVICE\"},\"deviceDescription\":{\"identifier\":{\"HWID\":\"FDSFDSFDSFXDFsdrfe2432fessdfds\"},\"location\":{\"cityCode\":\"01\",\"lineCode\":\"01\",\"stationCode\":\"02\",\"localPosition\":\"西北角\",\"GPSLocation\":\"90 63 62 15\"},\"config\":{\"deviceCode\":\"设备编号\",\"deviceType\":\"设备类型\",\"deviceSubType\":\"设备子类型\",\"deviceSettings\":null},\"HWComponent\":{\"HWName\":\"英文缩写名称\",\"HWID\":\"硬件编号\",\"HWStatus\":\"是否安装，是否正常\",\"HWStatusCode\":\"预留\",\"HWSettings\":\"预留\",\"subComponentList\":null},\"SWComponent\":{\"SWName\":\"英文缩写名称\",\"SWID\":\"组件编号\",\"SWType\":\"英文缩写类型\",\"basePath\":\"组件安装路径\",\"componentFile\":{\"fileCategory\":\"文件类型\",\"filePath\":\"文件所在路径\",\"fileName\":\"文件名称\",\"fileFormat\":\"文件格式\",\"fileVersionNumber\":\"文件版本号\",\"fileSize\":\"文件大小(Byte)\",\"fileDigest\":\"文件摘要(MD5)\",\"fileLastTime\":\"文件最后更新时间\"},\"componentFileList\":[{\"fileCategory\":\"文件类型\",\"filePath\":\"文件所在路径\",\"fileName\":\"文件名称\",\"fileFormat\":\"文件格式\",\"fileVersionNumber\":\"文件版本号\",\"fileSize\":\"文件大小(Byte)\",\"fileDigest\":\"文件摘要(MD5)\",\"fileLastTime\":\"文件最后更新时间\"}]}}}}','系统服务','2018-11-02 15:36:26','2018-11-02 15:36:26'),(92,'device002','{\"header\":{\"createTime\":\"时间戳\",\"messageType\":\"DeviceRegistrationReply\",\"wasNeedReply\":\"no\"},\"body\":{\"deviceUid\":\"device002\",\"returnCode\":\"0\",\"fileServerConfig\":{\"serverName\":\"服务器名字\",\"serverProtocol\":\"默认。其他待定\",\"serverAddress\":\"IP地址或域名\",\"serverPort\":\"端口号\",\"serverHomePath\":\"用户根目录\",\"authorization\":\"使用 username:password形式。其他待定\",\"serverSettings\":\"预留\"}}}','{\"header\":{\"createTime\":1541144192909,\"messageType\":\"Regist\",\"wasNeedReply\":\"yes \"},\"body\":{\"registMainInfo\":{\"deviceUid\":\"device002\",\"deviceCode\":\"0102zl002\",\"stationCode\":\"0102\",\"deviceStatus\":\"INSERVICE\"},\"deviceDescription\":{\"identifier\":{\"HWID\":\"FDSFDSFDSFXDFsdrfe2432fessdfds\"},\"location\":{\"cityCode\":\"01\",\"lineCode\":\"01\",\"stationCode\":\"02\",\"localPosition\":\"西北角\",\"GPSLocation\":\"90 63 62 15\"},\"config\":{\"deviceCode\":\"设备编号\",\"deviceType\":\"设备类型\",\"deviceSubType\":\"设备子类型\",\"deviceSettings\":null},\"HWComponent\":{\"HWName\":\"英文缩写名称\",\"HWID\":\"硬件编号\",\"HWStatus\":\"是否安装，是否正常\",\"HWStatusCode\":\"预留\",\"HWSettings\":\"预留\",\"subComponentList\":null},\"SWComponent\":{\"SWName\":\"英文缩写名称\",\"SWID\":\"组件编号\",\"SWType\":\"英文缩写类型\",\"basePath\":\"组件安装路径\",\"componentFile\":{\"fileCategory\":\"文件类型\",\"filePath\":\"文件所在路径\",\"fileName\":\"文件名称\",\"fileFormat\":\"文件格式\",\"fileVersionNumber\":\"文件版本号\",\"fileSize\":\"文件大小(Byte)\",\"fileDigest\":\"文件摘要(MD5)\",\"fileLastTime\":\"文件最后更新时间\"},\"componentFileList\":[{\"fileCategory\":\"文件类型\",\"filePath\":\"文件所在路径\",\"fileName\":\"文件名称\",\"fileFormat\":\"文件格式\",\"fileVersionNumber\":\"文件版本号\",\"fileSize\":\"文件大小(Byte)\",\"fileDigest\":\"文件摘要(MD5)\",\"fileLastTime\":\"文件最后更新时间\"}]}}}}','系统服务','2018-11-02 15:36:34','2018-11-02 15:36:34'),(93,'device003','{\"header\":{\"createTime\":\"时间戳\",\"messageType\":\"DeviceRegistrationReply\",\"wasNeedReply\":\"no\"},\"body\":{\"deviceUid\":\"device003\",\"returnCode\":\"-1\"}}','{\"header\":{\"createTime\":1541144193121,\"messageType\":\"Regist\",\"wasNeedReply\":\"yes \"},\"body\":{\"registMainInfo\":{\"deviceUid\":\"device003\",\"deviceCode\":\"0102zl003\",\"stationCode\":\"0102\",\"deviceStatus\":\"INSERVICE\"},\"deviceDescription\":{\"identifier\":{\"HWID\":\"FDSFDSFDSFXDFsdrfe2432fessdfds\"},\"location\":{\"cityCode\":\"01\",\"lineCode\":\"01\",\"stationCode\":\"02\",\"localPosition\":\"西北角\",\"GPSLocation\":\"90 63 62 15\"},\"config\":{\"deviceCode\":\"设备编号\",\"deviceType\":\"设备类型\",\"deviceSubType\":\"设备子类型\",\"deviceSettings\":null},\"HWComponent\":{\"HWName\":\"英文缩写名称\",\"HWID\":\"硬件编号\",\"HWStatus\":\"是否安装，是否正常\",\"HWStatusCode\":\"预留\",\"HWSettings\":\"预留\",\"subComponentList\":null},\"SWComponent\":{\"SWName\":\"英文缩写名称\",\"SWID\":\"组件编号\",\"SWType\":\"英文缩写类型\",\"basePath\":\"组件安装路径\",\"componentFile\":{\"fileCategory\":\"文件类型\",\"filePath\":\"文件所在路径\",\"fileName\":\"文件名称\",\"fileFormat\":\"文件格式\",\"fileVersionNumber\":\"文件版本号\",\"fileSize\":\"文件大小(Byte)\",\"fileDigest\":\"文件摘要(MD5)\",\"fileLastTime\":\"文件最后更新时间\"},\"componentFileList\":[{\"fileCategory\":\"文件类型\",\"filePath\":\"文件所在路径\",\"fileName\":\"文件名称\",\"fileFormat\":\"文件格式\",\"fileVersionNumber\":\"文件版本号\",\"fileSize\":\"文件大小(Byte)\",\"fileDigest\":\"文件摘要(MD5)\",\"fileLastTime\":\"文件最后更新时间\"}]}}}}','系统服务','2018-11-02 15:36:34','2018-11-02 15:36:34'),(94,'device004','{\"header\":{\"createTime\":\"时间戳\",\"messageType\":\"DeviceRegistrationReply\",\"wasNeedReply\":\"no\"},\"body\":{\"deviceUid\":\"device004\",\"returnCode\":\"-1\"}}','{\"header\":{\"createTime\":1541144193401,\"messageType\":\"Regist\",\"wasNeedReply\":\"yes \"},\"body\":{\"registMainInfo\":{\"deviceUid\":\"device004\",\"deviceCode\":\"0102zl004\",\"stationCode\":\"0102\",\"deviceStatus\":\"INSERVICE\"},\"deviceDescription\":{\"identifier\":{\"HWID\":\"FDSFDSFDSFXDFsdrfe2432fessdfds\"},\"location\":{\"cityCode\":\"01\",\"lineCode\":\"01\",\"stationCode\":\"02\",\"localPosition\":\"西北角\",\"GPSLocation\":\"90 63 62 15\"},\"config\":{\"deviceCode\":\"设备编号\",\"deviceType\":\"设备类型\",\"deviceSubType\":\"设备子类型\",\"deviceSettings\":null},\"HWComponent\":{\"HWName\":\"英文缩写名称\",\"HWID\":\"硬件编号\",\"HWStatus\":\"是否安装，是否正常\",\"HWStatusCode\":\"预留\",\"HWSettings\":\"预留\",\"subComponentList\":null},\"SWComponent\":{\"SWName\":\"英文缩写名称\",\"SWID\":\"组件编号\",\"SWType\":\"英文缩写类型\",\"basePath\":\"组件安装路径\",\"componentFile\":{\"fileCategory\":\"文件类型\",\"filePath\":\"文件所在路径\",\"fileName\":\"文件名称\",\"fileFormat\":\"文件格式\",\"fileVersionNumber\":\"文件版本号\",\"fileSize\":\"文件大小(Byte)\",\"fileDigest\":\"文件摘要(MD5)\",\"fileLastTime\":\"文件最后更新时间\"},\"componentFileList\":[{\"fileCategory\":\"文件类型\",\"filePath\":\"文件所在路径\",\"fileName\":\"文件名称\",\"fileFormat\":\"文件格式\",\"fileVersionNumber\":\"文件版本号\",\"fileSize\":\"文件大小(Byte)\",\"fileDigest\":\"文件摘要(MD5)\",\"fileLastTime\":\"文件最后更新时间\"}]}}}}','系统服务','2018-11-02 15:36:35','2018-11-02 15:36:35'),(95,'111','{\"header\":{\"createTime\":\"时间戳\",\"messageType\":\"DeviceRegistrationReply\",\"wasNeedReply\":\"no\"},\"body\":{\"deviceUid\":\"111\",\"returnCode\":\"-1\"}}','{\"header\":{\"createTime\":1541144193704,\"messageType\":\"Regist\",\"wasNeedReply\":\"yes \"},\"body\":{\"registMainInfo\":{\"deviceUid\":\"111\",\"deviceCode\":\"111\",\"stationCode\":\"111\",\"deviceStatus\":\"INSERVICE\"},\"deviceDescription\":{\"identifier\":{\"HWID\":\"FDSFDSFDSFXDFsdrfe2432fessdfds\"},\"location\":{\"cityCode\":\"01\",\"lineCode\":\"01\",\"stationCode\":\"02\",\"localPosition\":\"西北角\",\"GPSLocation\":\"90 63 62 15\"},\"config\":{\"deviceCode\":\"设备编号\",\"deviceType\":\"设备类型\",\"deviceSubType\":\"设备子类型\",\"deviceSettings\":null},\"HWComponent\":{\"HWName\":\"英文缩写名称\",\"HWID\":\"硬件编号\",\"HWStatus\":\"是否安装，是否正常\",\"HWStatusCode\":\"预留\",\"HWSettings\":\"预留\",\"subComponentList\":null},\"SWComponent\":{\"SWName\":\"英文缩写名称\",\"SWID\":\"组件编号\",\"SWType\":\"英文缩写类型\",\"basePath\":\"组件安装路径\",\"componentFile\":{\"fileCategory\":\"文件类型\",\"filePath\":\"文件所在路径\",\"fileName\":\"文件名称\",\"fileFormat\":\"文件格式\",\"fileVersionNumber\":\"文件版本号\",\"fileSize\":\"文件大小(Byte)\",\"fileDigest\":\"文件摘要(MD5)\",\"fileLastTime\":\"文件最后更新时间\"},\"componentFileList\":[{\"fileCategory\":\"文件类型\",\"filePath\":\"文件所在路径\",\"fileName\":\"文件名称\",\"fileFormat\":\"文件格式\",\"fileVersionNumber\":\"文件版本号\",\"fileSize\":\"文件大小(Byte)\",\"fileDigest\":\"文件摘要(MD5)\",\"fileLastTime\":\"文件最后更新时间\"}]}}}}','系统服务','2018-11-02 15:36:35','2018-11-02 15:36:35'),(96,'112','{\"header\":{\"createTime\":\"时间戳\",\"messageType\":\"DeviceRegistrationReply\",\"wasNeedReply\":\"no\"},\"body\":{\"deviceUid\":\"112\",\"returnCode\":\"-1\"}}','{\"header\":{\"createTime\":1541144194318,\"messageType\":\"Regist\",\"wasNeedReply\":\"yes \"},\"body\":{\"registMainInfo\":{\"deviceUid\":\"112\",\"deviceCode\":\"112\",\"stationCode\":\"112\",\"deviceStatus\":\"INSERVICE\"},\"deviceDescription\":{\"identifier\":{\"HWID\":\"FDSFDSFDSFXDFsdrfe2432fessdfds\"},\"location\":{\"cityCode\":\"01\",\"lineCode\":\"01\",\"stationCode\":\"02\",\"localPosition\":\"西北角\",\"GPSLocation\":\"90 63 62 15\"},\"config\":{\"deviceCode\":\"设备编号\",\"deviceType\":\"设备类型\",\"deviceSubType\":\"设备子类型\",\"deviceSettings\":null},\"HWComponent\":{\"HWName\":\"英文缩写名称\",\"HWID\":\"硬件编号\",\"HWStatus\":\"是否安装，是否正常\",\"HWStatusCode\":\"预留\",\"HWSettings\":\"预留\",\"subComponentList\":null},\"SWComponent\":{\"SWName\":\"英文缩写名称\",\"SWID\":\"组件编号\",\"SWType\":\"英文缩写类型\",\"basePath\":\"组件安装路径\",\"componentFile\":{\"fileCategory\":\"文件类型\",\"filePath\":\"文件所在路径\",\"fileName\":\"文件名称\",\"fileFormat\":\"文件格式\",\"fileVersionNumber\":\"文件版本号\",\"fileSize\":\"文件大小(Byte)\",\"fileDigest\":\"文件摘要(MD5)\",\"fileLastTime\":\"文件最后更新时间\"},\"componentFileList\":[{\"fileCategory\":\"文件类型\",\"filePath\":\"文件所在路径\",\"fileName\":\"文件名称\",\"fileFormat\":\"文件格式\",\"fileVersionNumber\":\"文件版本号\",\"fileSize\":\"文件大小(Byte)\",\"fileDigest\":\"文件摘要(MD5)\",\"fileLastTime\":\"文件最后更新时间\"}]}}}}','系统服务','2018-11-02 15:36:35','2018-11-02 15:36:35'),(97,'113','{\"header\":{\"createTime\":\"时间戳\",\"messageType\":\"DeviceRegistrationReply\",\"wasNeedReply\":\"no\"},\"body\":{\"deviceUid\":\"113\",\"returnCode\":\"-1\"}}','{\"header\":{\"createTime\":1541144194740,\"messageType\":\"Regist\",\"wasNeedReply\":\"yes \"},\"body\":{\"registMainInfo\":{\"deviceUid\":\"113\",\"deviceCode\":\"113\",\"stationCode\":\"113\",\"deviceStatus\":\"INSERVICE\"},\"deviceDescription\":{\"identifier\":{\"HWID\":\"FDSFDSFDSFXDFsdrfe2432fessdfds\"},\"location\":{\"cityCode\":\"01\",\"lineCode\":\"01\",\"stationCode\":\"02\",\"localPosition\":\"西北角\",\"GPSLocation\":\"90 63 62 15\"},\"config\":{\"deviceCode\":\"设备编号\",\"deviceType\":\"设备类型\",\"deviceSubType\":\"设备子类型\",\"deviceSettings\":null},\"HWComponent\":{\"HWName\":\"英文缩写名称\",\"HWID\":\"硬件编号\",\"HWStatus\":\"是否安装，是否正常\",\"HWStatusCode\":\"预留\",\"HWSettings\":\"预留\",\"subComponentList\":null},\"SWComponent\":{\"SWName\":\"英文缩写名称\",\"SWID\":\"组件编号\",\"SWType\":\"英文缩写类型\",\"basePath\":\"组件安装路径\",\"componentFile\":{\"fileCategory\":\"文件类型\",\"filePath\":\"文件所在路径\",\"fileName\":\"文件名称\",\"fileFormat\":\"文件格式\",\"fileVersionNumber\":\"文件版本号\",\"fileSize\":\"文件大小(Byte)\",\"fileDigest\":\"文件摘要(MD5)\",\"fileLastTime\":\"文件最后更新时间\"},\"componentFileList\":[{\"fileCategory\":\"文件类型\",\"filePath\":\"文件所在路径\",\"fileName\":\"文件名称\",\"fileFormat\":\"文件格式\",\"fileVersionNumber\":\"文件版本号\",\"fileSize\":\"文件大小(Byte)\",\"fileDigest\":\"文件摘要(MD5)\",\"fileLastTime\":\"文件最后更新时间\"}]}}}}','系统服务','2018-11-02 15:36:36','2018-11-02 15:36:36'),(98,'device005','{\"header\":{\"createTime\":\"时间戳\",\"messageType\":\"DeviceRegistrationReply\",\"wasNeedReply\":\"no\"},\"body\":{\"deviceUid\":\"device005\",\"returnCode\":\"-1\"}}','{\"header\":{\"createTime\":1541144352589,\"messageType\":\"Regist\",\"wasNeedReply\":\"yes \"},\"body\":{\"registMainInfo\":{\"deviceUid\":\"device005\",\"deviceCode\":\"0102zl005\",\"stationCode\":\"0102\",\"deviceStatus\":\"INSERVICE\"},\"deviceDescription\":{\"identifier\":{\"HWID\":\"FDSFDSFDSFXDFsdrfe2432fessdfds\"},\"location\":{\"cityCode\":\"01\",\"lineCode\":\"01\",\"stationCode\":\"02\",\"localPosition\":\"西北角\",\"GPSLocation\":\"90 63 62 15\"},\"config\":{\"deviceCode\":\"设备编号\",\"deviceType\":\"设备类型\",\"deviceSubType\":\"设备子类型\",\"deviceSettings\":null},\"HWComponent\":{\"HWName\":\"英文缩写名称\",\"HWID\":\"硬件编号\",\"HWStatus\":\"是否安装，是否正常\",\"HWStatusCode\":\"预留\",\"HWSettings\":\"预留\",\"subComponentList\":null},\"SWComponent\":{\"SWName\":\"英文缩写名称\",\"SWID\":\"组件编号\",\"SWType\":\"英文缩写类型\",\"basePath\":\"组件安装路径\",\"componentFile\":{\"fileCategory\":\"文件类型\",\"filePath\":\"文件所在路径\",\"fileName\":\"文件名称\",\"fileFormat\":\"文件格式\",\"fileVersionNumber\":\"文件版本号\",\"fileSize\":\"文件大小(Byte)\",\"fileDigest\":\"文件摘要(MD5)\",\"fileLastTime\":\"文件最后更新时间\"},\"componentFileList\":[{\"fileCategory\":\"文件类型\",\"filePath\":\"文件所在路径\",\"fileName\":\"文件名称\",\"fileFormat\":\"文件格式\",\"fileVersionNumber\":\"文件版本号\",\"fileSize\":\"文件大小(Byte)\",\"fileDigest\":\"文件摘要(MD5)\",\"fileLastTime\":\"文件最后更新时间\"}]}}}}','系统服务','2018-11-02 15:39:14','2018-11-02 15:39:14'),(99,'device002','{\"header\":{\"createTime\":\"时间戳\",\"messageType\":\"DeviceRegistrationReply\",\"wasNeedReply\":\"no\"},\"body\":{\"deviceUid\":\"device002\",\"returnCode\":\"0\",\"fileServerConfig\":{\"serverName\":\"服务器名字\",\"serverProtocol\":\"默认。其他待定\",\"serverAddress\":\"IP地址或域名\",\"serverPort\":\"端口号\",\"serverHomePath\":\"用户根目录\",\"authorization\":\"使用 username:password形式。其他待定\",\"serverSettings\":\"预留\"}}}','{\"header\":{\"createTime\":1541144352714,\"messageType\":\"Regist\",\"wasNeedReply\":\"yes \"},\"body\":{\"registMainInfo\":{\"deviceUid\":\"device002\",\"deviceCode\":\"0102zl002\",\"stationCode\":\"0102\",\"deviceStatus\":\"INSERVICE\"},\"deviceDescription\":{\"identifier\":{\"HWID\":\"FDSFDSFDSFXDFsdrfe2432fessdfds\"},\"location\":{\"cityCode\":\"01\",\"lineCode\":\"01\",\"stationCode\":\"02\",\"localPosition\":\"西北角\",\"GPSLocation\":\"90 63 62 15\"},\"config\":{\"deviceCode\":\"设备编号\",\"deviceType\":\"设备类型\",\"deviceSubType\":\"设备子类型\",\"deviceSettings\":null},\"HWComponent\":{\"HWName\":\"英文缩写名称\",\"HWID\":\"硬件编号\",\"HWStatus\":\"是否安装，是否正常\",\"HWStatusCode\":\"预留\",\"HWSettings\":\"预留\",\"subComponentList\":null},\"SWComponent\":{\"SWName\":\"英文缩写名称\",\"SWID\":\"组件编号\",\"SWType\":\"英文缩写类型\",\"basePath\":\"组件安装路径\",\"componentFile\":{\"fileCategory\":\"文件类型\",\"filePath\":\"文件所在路径\",\"fileName\":\"文件名称\",\"fileFormat\":\"文件格式\",\"fileVersionNumber\":\"文件版本号\",\"fileSize\":\"文件大小(Byte)\",\"fileDigest\":\"文件摘要(MD5)\",\"fileLastTime\":\"文件最后更新时间\"},\"componentFileList\":[{\"fileCategory\":\"文件类型\",\"filePath\":\"文件所在路径\",\"fileName\":\"文件名称\",\"fileFormat\":\"文件格式\",\"fileVersionNumber\":\"文件版本号\",\"fileSize\":\"文件大小(Byte)\",\"fileDigest\":\"文件摘要(MD5)\",\"fileLastTime\":\"文件最后更新时间\"}]}}}}','系统服务','2018-11-02 15:39:14','2018-11-02 15:39:14'),(100,'device003','{\"header\":{\"createTime\":\"时间戳\",\"messageType\":\"DeviceRegistrationReply\",\"wasNeedReply\":\"no\"},\"body\":{\"deviceUid\":\"device003\",\"returnCode\":\"-1\"}}','{\"header\":{\"createTime\":1541144352854,\"messageType\":\"Regist\",\"wasNeedReply\":\"yes \"},\"body\":{\"registMainInfo\":{\"deviceUid\":\"device003\",\"deviceCode\":\"0102zl003\",\"stationCode\":\"0102\",\"deviceStatus\":\"INSERVICE\"},\"deviceDescription\":{\"identifier\":{\"HWID\":\"FDSFDSFDSFXDFsdrfe2432fessdfds\"},\"location\":{\"cityCode\":\"01\",\"lineCode\":\"01\",\"stationCode\":\"02\",\"localPosition\":\"西北角\",\"GPSLocation\":\"90 63 62 15\"},\"config\":{\"deviceCode\":\"设备编号\",\"deviceType\":\"设备类型\",\"deviceSubType\":\"设备子类型\",\"deviceSettings\":null},\"HWComponent\":{\"HWName\":\"英文缩写名称\",\"HWID\":\"硬件编号\",\"HWStatus\":\"是否安装，是否正常\",\"HWStatusCode\":\"预留\",\"HWSettings\":\"预留\",\"subComponentList\":null},\"SWComponent\":{\"SWName\":\"英文缩写名称\",\"SWID\":\"组件编号\",\"SWType\":\"英文缩写类型\",\"basePath\":\"组件安装路径\",\"componentFile\":{\"fileCategory\":\"文件类型\",\"filePath\":\"文件所在路径\",\"fileName\":\"文件名称\",\"fileFormat\":\"文件格式\",\"fileVersionNumber\":\"文件版本号\",\"fileSize\":\"文件大小(Byte)\",\"fileDigest\":\"文件摘要(MD5)\",\"fileLastTime\":\"文件最后更新时间\"},\"componentFileList\":[{\"fileCategory\":\"文件类型\",\"filePath\":\"文件所在路径\",\"fileName\":\"文件名称\",\"fileFormat\":\"文件格式\",\"fileVersionNumber\":\"文件版本号\",\"fileSize\":\"文件大小(Byte)\",\"fileDigest\":\"文件摘要(MD5)\",\"fileLastTime\":\"文件最后更新时间\"}]}}}}','系统服务','2018-11-02 15:39:14','2018-11-02 15:39:14'),(101,'device004','{\"header\":{\"createTime\":\"时间戳\",\"messageType\":\"DeviceRegistrationReply\",\"wasNeedReply\":\"no\"},\"body\":{\"deviceUid\":\"device004\",\"returnCode\":\"-1\"}}','{\"header\":{\"createTime\":1541144352995,\"messageType\":\"Regist\",\"wasNeedReply\":\"yes \"},\"body\":{\"registMainInfo\":{\"deviceUid\":\"device004\",\"deviceCode\":\"0102zl004\",\"stationCode\":\"0102\",\"deviceStatus\":\"INSERVICE\"},\"deviceDescription\":{\"identifier\":{\"HWID\":\"FDSFDSFDSFXDFsdrfe2432fessdfds\"},\"location\":{\"cityCode\":\"01\",\"lineCode\":\"01\",\"stationCode\":\"02\",\"localPosition\":\"西北角\",\"GPSLocation\":\"90 63 62 15\"},\"config\":{\"deviceCode\":\"设备编号\",\"deviceType\":\"设备类型\",\"deviceSubType\":\"设备子类型\",\"deviceSettings\":null},\"HWComponent\":{\"HWName\":\"英文缩写名称\",\"HWID\":\"硬件编号\",\"HWStatus\":\"是否安装，是否正常\",\"HWStatusCode\":\"预留\",\"HWSettings\":\"预留\",\"subComponentList\":null},\"SWComponent\":{\"SWName\":\"英文缩写名称\",\"SWID\":\"组件编号\",\"SWType\":\"英文缩写类型\",\"basePath\":\"组件安装路径\",\"componentFile\":{\"fileCategory\":\"文件类型\",\"filePath\":\"文件所在路径\",\"fileName\":\"文件名称\",\"fileFormat\":\"文件格式\",\"fileVersionNumber\":\"文件版本号\",\"fileSize\":\"文件大小(Byte)\",\"fileDigest\":\"文件摘要(MD5)\",\"fileLastTime\":\"文件最后更新时间\"},\"componentFileList\":[{\"fileCategory\":\"文件类型\",\"filePath\":\"文件所在路径\",\"fileName\":\"文件名称\",\"fileFormat\":\"文件格式\",\"fileVersionNumber\":\"文件版本号\",\"fileSize\":\"文件大小(Byte)\",\"fileDigest\":\"文件摘要(MD5)\",\"fileLastTime\":\"文件最后更新时间\"}]}}}}','系统服务','2018-11-02 15:39:14','2018-11-02 15:39:14'),(102,'111','{\"header\":{\"createTime\":\"时间戳\",\"messageType\":\"DeviceRegistrationReply\",\"wasNeedReply\":\"no\"},\"body\":{\"deviceUid\":\"111\",\"returnCode\":\"-1\"}}','{\"header\":{\"createTime\":1541144353136,\"messageType\":\"Regist\",\"wasNeedReply\":\"yes \"},\"body\":{\"registMainInfo\":{\"deviceUid\":\"111\",\"deviceCode\":\"111\",\"stationCode\":\"111\",\"deviceStatus\":\"INSERVICE\"},\"deviceDescription\":{\"identifier\":{\"HWID\":\"FDSFDSFDSFXDFsdrfe2432fessdfds\"},\"location\":{\"cityCode\":\"01\",\"lineCode\":\"01\",\"stationCode\":\"02\",\"localPosition\":\"西北角\",\"GPSLocation\":\"90 63 62 15\"},\"config\":{\"deviceCode\":\"设备编号\",\"deviceType\":\"设备类型\",\"deviceSubType\":\"设备子类型\",\"deviceSettings\":null},\"HWComponent\":{\"HWName\":\"英文缩写名称\",\"HWID\":\"硬件编号\",\"HWStatus\":\"是否安装，是否正常\",\"HWStatusCode\":\"预留\",\"HWSettings\":\"预留\",\"subComponentList\":null},\"SWComponent\":{\"SWName\":\"英文缩写名称\",\"SWID\":\"组件编号\",\"SWType\":\"英文缩写类型\",\"basePath\":\"组件安装路径\",\"componentFile\":{\"fileCategory\":\"文件类型\",\"filePath\":\"文件所在路径\",\"fileName\":\"文件名称\",\"fileFormat\":\"文件格式\",\"fileVersionNumber\":\"文件版本号\",\"fileSize\":\"文件大小(Byte)\",\"fileDigest\":\"文件摘要(MD5)\",\"fileLastTime\":\"文件最后更新时间\"},\"componentFileList\":[{\"fileCategory\":\"文件类型\",\"filePath\":\"文件所在路径\",\"fileName\":\"文件名称\",\"fileFormat\":\"文件格式\",\"fileVersionNumber\":\"文件版本号\",\"fileSize\":\"文件大小(Byte)\",\"fileDigest\":\"文件摘要(MD5)\",\"fileLastTime\":\"文件最后更新时间\"}]}}}}','系统服务','2018-11-02 15:39:14','2018-11-02 15:39:14'),(103,'112','{\"header\":{\"createTime\":\"时间戳\",\"messageType\":\"DeviceRegistrationReply\",\"wasNeedReply\":\"no\"},\"body\":{\"deviceUid\":\"112\",\"returnCode\":\"-1\"}}','{\"header\":{\"createTime\":1541144353292,\"messageType\":\"Regist\",\"wasNeedReply\":\"yes \"},\"body\":{\"registMainInfo\":{\"deviceUid\":\"112\",\"deviceCode\":\"112\",\"stationCode\":\"112\",\"deviceStatus\":\"INSERVICE\"},\"deviceDescription\":{\"identifier\":{\"HWID\":\"FDSFDSFDSFXDFsdrfe2432fessdfds\"},\"location\":{\"cityCode\":\"01\",\"lineCode\":\"01\",\"stationCode\":\"02\",\"localPosition\":\"西北角\",\"GPSLocation\":\"90 63 62 15\"},\"config\":{\"deviceCode\":\"设备编号\",\"deviceType\":\"设备类型\",\"deviceSubType\":\"设备子类型\",\"deviceSettings\":null},\"HWComponent\":{\"HWName\":\"英文缩写名称\",\"HWID\":\"硬件编号\",\"HWStatus\":\"是否安装，是否正常\",\"HWStatusCode\":\"预留\",\"HWSettings\":\"预留\",\"subComponentList\":null},\"SWComponent\":{\"SWName\":\"英文缩写名称\",\"SWID\":\"组件编号\",\"SWType\":\"英文缩写类型\",\"basePath\":\"组件安装路径\",\"componentFile\":{\"fileCategory\":\"文件类型\",\"filePath\":\"文件所在路径\",\"fileName\":\"文件名称\",\"fileFormat\":\"文件格式\",\"fileVersionNumber\":\"文件版本号\",\"fileSize\":\"文件大小(Byte)\",\"fileDigest\":\"文件摘要(MD5)\",\"fileLastTime\":\"文件最后更新时间\"},\"componentFileList\":[{\"fileCategory\":\"文件类型\",\"filePath\":\"文件所在路径\",\"fileName\":\"文件名称\",\"fileFormat\":\"文件格式\",\"fileVersionNumber\":\"文件版本号\",\"fileSize\":\"文件大小(Byte)\",\"fileDigest\":\"文件摘要(MD5)\",\"fileLastTime\":\"文件最后更新时间\"}]}}}}','系统服务','2018-11-02 15:39:14','2018-11-02 15:39:14'),(104,'113','{\"header\":{\"createTime\":\"时间戳\",\"messageType\":\"DeviceRegistrationReply\",\"wasNeedReply\":\"no\"},\"body\":{\"deviceUid\":\"113\",\"returnCode\":\"-1\"}}','{\"header\":{\"createTime\":1541144353417,\"messageType\":\"Regist\",\"wasNeedReply\":\"yes \"},\"body\":{\"registMainInfo\":{\"deviceUid\":\"113\",\"deviceCode\":\"113\",\"stationCode\":\"113\",\"deviceStatus\":\"INSERVICE\"},\"deviceDescription\":{\"identifier\":{\"HWID\":\"FDSFDSFDSFXDFsdrfe2432fessdfds\"},\"location\":{\"cityCode\":\"01\",\"lineCode\":\"01\",\"stationCode\":\"02\",\"localPosition\":\"西北角\",\"GPSLocation\":\"90 63 62 15\"},\"config\":{\"deviceCode\":\"设备编号\",\"deviceType\":\"设备类型\",\"deviceSubType\":\"设备子类型\",\"deviceSettings\":null},\"HWComponent\":{\"HWName\":\"英文缩写名称\",\"HWID\":\"硬件编号\",\"HWStatus\":\"是否安装，是否正常\",\"HWStatusCode\":\"预留\",\"HWSettings\":\"预留\",\"subComponentList\":null},\"SWComponent\":{\"SWName\":\"英文缩写名称\",\"SWID\":\"组件编号\",\"SWType\":\"英文缩写类型\",\"basePath\":\"组件安装路径\",\"componentFile\":{\"fileCategory\":\"文件类型\",\"filePath\":\"文件所在路径\",\"fileName\":\"文件名称\",\"fileFormat\":\"文件格式\",\"fileVersionNumber\":\"文件版本号\",\"fileSize\":\"文件大小(Byte)\",\"fileDigest\":\"文件摘要(MD5)\",\"fileLastTime\":\"文件最后更新时间\"},\"componentFileList\":[{\"fileCategory\":\"文件类型\",\"filePath\":\"文件所在路径\",\"fileName\":\"文件名称\",\"fileFormat\":\"文件格式\",\"fileVersionNumber\":\"文件版本号\",\"fileSize\":\"文件大小(Byte)\",\"fileDigest\":\"文件摘要(MD5)\",\"fileLastTime\":\"文件最后更新时间\"}]}}}}','系统服务','2018-11-02 15:39:15','2018-11-02 15:39:15'),(105,'device005','{\"header\":{\"createTime\":\"时间戳\",\"messageType\":\"DeviceRegistrationReply\",\"wasNeedReply\":\"no\"},\"body\":{\"deviceUid\":\"device005\",\"returnCode\":\"0\",\"fileServerConfig\":{\"serverName\":\"服务器名字\",\"serverProtocol\":\"默认。其他待定\",\"serverAddress\":\"IP地址或域名\",\"serverPort\":\"端口号\",\"serverHomePath\":\"用户根目录\",\"authorization\":\"使用 username:password形式。其他待定\",\"serverSettings\":\"预留\"}}}','{\"header\":{\"createTime\":1541144691895,\"messageType\":\"Regist\",\"wasNeedReply\":\"yes \"},\"body\":{\"registMainInfo\":{\"deviceUid\":\"device005\",\"deviceCode\":\"0102zl005\",\"stationCode\":\"0102\",\"deviceStatus\":\"INSERVICE\"},\"deviceDescription\":{\"identifier\":{\"HWID\":\"FDSFDSFDSFXDFsdrfe2432fessdfds\"},\"location\":{\"cityCode\":\"01\",\"lineCode\":\"01\",\"stationCode\":\"02\",\"localPosition\":\"西北角\",\"GPSLocation\":\"90 63 62 15\"},\"config\":{\"deviceCode\":\"设备编号\",\"deviceType\":\"设备类型\",\"deviceSubType\":\"设备子类型\",\"deviceSettings\":null},\"HWComponent\":{\"HWName\":\"英文缩写名称\",\"HWID\":\"硬件编号\",\"HWStatus\":\"是否安装，是否正常\",\"HWStatusCode\":\"预留\",\"HWSettings\":\"预留\",\"subComponentList\":null},\"SWComponent\":{\"SWName\":\"英文缩写名称\",\"SWID\":\"组件编号\",\"SWType\":\"英文缩写类型\",\"basePath\":\"组件安装路径\",\"componentFile\":{\"fileCategory\":\"文件类型\",\"filePath\":\"文件所在路径\",\"fileName\":\"文件名称\",\"fileFormat\":\"文件格式\",\"fileVersionNumber\":\"文件版本号\",\"fileSize\":\"文件大小(Byte)\",\"fileDigest\":\"文件摘要(MD5)\",\"fileLastTime\":\"文件最后更新时间\"},\"componentFileList\":[{\"fileCategory\":\"文件类型\",\"filePath\":\"文件所在路径\",\"fileName\":\"文件名称\",\"fileFormat\":\"文件格式\",\"fileVersionNumber\":\"文件版本号\",\"fileSize\":\"文件大小(Byte)\",\"fileDigest\":\"文件摘要(MD5)\",\"fileLastTime\":\"文件最后更新时间\"}]}}}}','系统服务','2018-11-02 15:44:59','2018-11-02 15:44:59'),(106,'device002','{\"header\":{\"createTime\":\"时间戳\",\"messageType\":\"DeviceRegistrationReply\",\"wasNeedReply\":\"no\"},\"body\":{\"deviceUid\":\"device002\",\"returnCode\":\"0\",\"fileServerConfig\":{\"serverName\":\"服务器名字\",\"serverProtocol\":\"默认。其他待定\",\"serverAddress\":\"IP地址或域名\",\"serverPort\":\"端口号\",\"serverHomePath\":\"用户根目录\",\"authorization\":\"使用 username:password形式。其他待定\",\"serverSettings\":\"预留\"}}}','{\"header\":{\"createTime\":1541144692011,\"messageType\":\"Regist\",\"wasNeedReply\":\"yes \"},\"body\":{\"registMainInfo\":{\"deviceUid\":\"device002\",\"deviceCode\":\"0102zl002\",\"stationCode\":\"0102\",\"deviceStatus\":\"INSERVICE\"},\"deviceDescription\":{\"identifier\":{\"HWID\":\"FDSFDSFDSFXDFsdrfe2432fessdfds\"},\"location\":{\"cityCode\":\"01\",\"lineCode\":\"01\",\"stationCode\":\"02\",\"localPosition\":\"西北角\",\"GPSLocation\":\"90 63 62 15\"},\"config\":{\"deviceCode\":\"设备编号\",\"deviceType\":\"设备类型\",\"deviceSubType\":\"设备子类型\",\"deviceSettings\":null},\"HWComponent\":{\"HWName\":\"英文缩写名称\",\"HWID\":\"硬件编号\",\"HWStatus\":\"是否安装，是否正常\",\"HWStatusCode\":\"预留\",\"HWSettings\":\"预留\",\"subComponentList\":null},\"SWComponent\":{\"SWName\":\"英文缩写名称\",\"SWID\":\"组件编号\",\"SWType\":\"英文缩写类型\",\"basePath\":\"组件安装路径\",\"componentFile\":{\"fileCategory\":\"文件类型\",\"filePath\":\"文件所在路径\",\"fileName\":\"文件名称\",\"fileFormat\":\"文件格式\",\"fileVersionNumber\":\"文件版本号\",\"fileSize\":\"文件大小(Byte)\",\"fileDigest\":\"文件摘要(MD5)\",\"fileLastTime\":\"文件最后更新时间\"},\"componentFileList\":[{\"fileCategory\":\"文件类型\",\"filePath\":\"文件所在路径\",\"fileName\":\"文件名称\",\"fileFormat\":\"文件格式\",\"fileVersionNumber\":\"文件版本号\",\"fileSize\":\"文件大小(Byte)\",\"fileDigest\":\"文件摘要(MD5)\",\"fileLastTime\":\"文件最后更新时间\"}]}}}}','系统服务','2018-11-02 15:44:59','2018-11-02 15:44:59'),(107,'device003','{\"header\":{\"createTime\":\"时间戳\",\"messageType\":\"DeviceRegistrationReply\",\"wasNeedReply\":\"no\"},\"body\":{\"deviceUid\":\"device003\",\"returnCode\":\"-1\"}}','{\"header\":{\"createTime\":1541144692099,\"messageType\":\"Regist\",\"wasNeedReply\":\"yes \"},\"body\":{\"registMainInfo\":{\"deviceUid\":\"device003\",\"deviceCode\":\"0102zl003\",\"stationCode\":\"0102\",\"deviceStatus\":\"INSERVICE\"},\"deviceDescription\":{\"identifier\":{\"HWID\":\"FDSFDSFDSFXDFsdrfe2432fessdfds\"},\"location\":{\"cityCode\":\"01\",\"lineCode\":\"01\",\"stationCode\":\"02\",\"localPosition\":\"西北角\",\"GPSLocation\":\"90 63 62 15\"},\"config\":{\"deviceCode\":\"设备编号\",\"deviceType\":\"设备类型\",\"deviceSubType\":\"设备子类型\",\"deviceSettings\":null},\"HWComponent\":{\"HWName\":\"英文缩写名称\",\"HWID\":\"硬件编号\",\"HWStatus\":\"是否安装，是否正常\",\"HWStatusCode\":\"预留\",\"HWSettings\":\"预留\",\"subComponentList\":null},\"SWComponent\":{\"SWName\":\"英文缩写名称\",\"SWID\":\"组件编号\",\"SWType\":\"英文缩写类型\",\"basePath\":\"组件安装路径\",\"componentFile\":{\"fileCategory\":\"文件类型\",\"filePath\":\"文件所在路径\",\"fileName\":\"文件名称\",\"fileFormat\":\"文件格式\",\"fileVersionNumber\":\"文件版本号\",\"fileSize\":\"文件大小(Byte)\",\"fileDigest\":\"文件摘要(MD5)\",\"fileLastTime\":\"文件最后更新时间\"},\"componentFileList\":[{\"fileCategory\":\"文件类型\",\"filePath\":\"文件所在路径\",\"fileName\":\"文件名称\",\"fileFormat\":\"文件格式\",\"fileVersionNumber\":\"文件版本号\",\"fileSize\":\"文件大小(Byte)\",\"fileDigest\":\"文件摘要(MD5)\",\"fileLastTime\":\"文件最后更新时间\"}]}}}}','系统服务','2018-11-02 15:44:59','2018-11-02 15:44:59'),(108,'device004','{\"header\":{\"createTime\":\"时间戳\",\"messageType\":\"DeviceRegistrationReply\",\"wasNeedReply\":\"no\"},\"body\":{\"deviceUid\":\"device004\",\"returnCode\":\"-1\"}}','{\"header\":{\"createTime\":1541144692210,\"messageType\":\"Regist\",\"wasNeedReply\":\"yes \"},\"body\":{\"registMainInfo\":{\"deviceUid\":\"device004\",\"deviceCode\":\"0102zl004\",\"stationCode\":\"0102\",\"deviceStatus\":\"INSERVICE\"},\"deviceDescription\":{\"identifier\":{\"HWID\":\"FDSFDSFDSFXDFsdrfe2432fessdfds\"},\"location\":{\"cityCode\":\"01\",\"lineCode\":\"01\",\"stationCode\":\"02\",\"localPosition\":\"西北角\",\"GPSLocation\":\"90 63 62 15\"},\"config\":{\"deviceCode\":\"设备编号\",\"deviceType\":\"设备类型\",\"deviceSubType\":\"设备子类型\",\"deviceSettings\":null},\"HWComponent\":{\"HWName\":\"英文缩写名称\",\"HWID\":\"硬件编号\",\"HWStatus\":\"是否安装，是否正常\",\"HWStatusCode\":\"预留\",\"HWSettings\":\"预留\",\"subComponentList\":null},\"SWComponent\":{\"SWName\":\"英文缩写名称\",\"SWID\":\"组件编号\",\"SWType\":\"英文缩写类型\",\"basePath\":\"组件安装路径\",\"componentFile\":{\"fileCategory\":\"文件类型\",\"filePath\":\"文件所在路径\",\"fileName\":\"文件名称\",\"fileFormat\":\"文件格式\",\"fileVersionNumber\":\"文件版本号\",\"fileSize\":\"文件大小(Byte)\",\"fileDigest\":\"文件摘要(MD5)\",\"fileLastTime\":\"文件最后更新时间\"},\"componentFileList\":[{\"fileCategory\":\"文件类型\",\"filePath\":\"文件所在路径\",\"fileName\":\"文件名称\",\"fileFormat\":\"文件格式\",\"fileVersionNumber\":\"文件版本号\",\"fileSize\":\"文件大小(Byte)\",\"fileDigest\":\"文件摘要(MD5)\",\"fileLastTime\":\"文件最后更新时间\"}]}}}}','系统服务','2018-11-02 15:44:59','2018-11-02 15:44:59'),(109,'111','{\"header\":{\"createTime\":\"时间戳\",\"messageType\":\"DeviceRegistrationReply\",\"wasNeedReply\":\"no\"},\"body\":{\"deviceUid\":\"111\",\"returnCode\":\"-1\"}}','{\"header\":{\"createTime\":1541144692413,\"messageType\":\"Regist\",\"wasNeedReply\":\"yes \"},\"body\":{\"registMainInfo\":{\"deviceUid\":\"111\",\"deviceCode\":\"111\",\"stationCode\":\"111\",\"deviceStatus\":\"INSERVICE\"},\"deviceDescription\":{\"identifier\":{\"HWID\":\"FDSFDSFDSFXDFsdrfe2432fessdfds\"},\"location\":{\"cityCode\":\"01\",\"lineCode\":\"01\",\"stationCode\":\"02\",\"localPosition\":\"西北角\",\"GPSLocation\":\"90 63 62 15\"},\"config\":{\"deviceCode\":\"设备编号\",\"deviceType\":\"设备类型\",\"deviceSubType\":\"设备子类型\",\"deviceSettings\":null},\"HWComponent\":{\"HWName\":\"英文缩写名称\",\"HWID\":\"硬件编号\",\"HWStatus\":\"是否安装，是否正常\",\"HWStatusCode\":\"预留\",\"HWSettings\":\"预留\",\"subComponentList\":null},\"SWComponent\":{\"SWName\":\"英文缩写名称\",\"SWID\":\"组件编号\",\"SWType\":\"英文缩写类型\",\"basePath\":\"组件安装路径\",\"componentFile\":{\"fileCategory\":\"文件类型\",\"filePath\":\"文件所在路径\",\"fileName\":\"文件名称\",\"fileFormat\":\"文件格式\",\"fileVersionNumber\":\"文件版本号\",\"fileSize\":\"文件大小(Byte)\",\"fileDigest\":\"文件摘要(MD5)\",\"fileLastTime\":\"文件最后更新时间\"},\"componentFileList\":[{\"fileCategory\":\"文件类型\",\"filePath\":\"文件所在路径\",\"fileName\":\"文件名称\",\"fileFormat\":\"文件格式\",\"fileVersionNumber\":\"文件版本号\",\"fileSize\":\"文件大小(Byte)\",\"fileDigest\":\"文件摘要(MD5)\",\"fileLastTime\":\"文件最后更新时间\"}]}}}}','系统服务','2018-11-02 15:44:59','2018-11-02 15:44:59'),(110,'112','{\"header\":{\"createTime\":\"时间戳\",\"messageType\":\"DeviceRegistrationReply\",\"wasNeedReply\":\"no\"},\"body\":{\"deviceUid\":\"112\",\"returnCode\":\"-1\"}}','{\"header\":{\"createTime\":1541144692803,\"messageType\":\"Regist\",\"wasNeedReply\":\"yes \"},\"body\":{\"registMainInfo\":{\"deviceUid\":\"112\",\"deviceCode\":\"112\",\"stationCode\":\"112\",\"deviceStatus\":\"INSERVICE\"},\"deviceDescription\":{\"identifier\":{\"HWID\":\"FDSFDSFDSFXDFsdrfe2432fessdfds\"},\"location\":{\"cityCode\":\"01\",\"lineCode\":\"01\",\"stationCode\":\"02\",\"localPosition\":\"西北角\",\"GPSLocation\":\"90 63 62 15\"},\"config\":{\"deviceCode\":\"设备编号\",\"deviceType\":\"设备类型\",\"deviceSubType\":\"设备子类型\",\"deviceSettings\":null},\"HWComponent\":{\"HWName\":\"英文缩写名称\",\"HWID\":\"硬件编号\",\"HWStatus\":\"是否安装，是否正常\",\"HWStatusCode\":\"预留\",\"HWSettings\":\"预留\",\"subComponentList\":null},\"SWComponent\":{\"SWName\":\"英文缩写名称\",\"SWID\":\"组件编号\",\"SWType\":\"英文缩写类型\",\"basePath\":\"组件安装路径\",\"componentFile\":{\"fileCategory\":\"文件类型\",\"filePath\":\"文件所在路径\",\"fileName\":\"文件名称\",\"fileFormat\":\"文件格式\",\"fileVersionNumber\":\"文件版本号\",\"fileSize\":\"文件大小(Byte)\",\"fileDigest\":\"文件摘要(MD5)\",\"fileLastTime\":\"文件最后更新时间\"},\"componentFileList\":[{\"fileCategory\":\"文件类型\",\"filePath\":\"文件所在路径\",\"fileName\":\"文件名称\",\"fileFormat\":\"文件格式\",\"fileVersionNumber\":\"文件版本号\",\"fileSize\":\"文件大小(Byte)\",\"fileDigest\":\"文件摘要(MD5)\",\"fileLastTime\":\"文件最后更新时间\"}]}}}}','系统服务','2018-11-02 15:45:00','2018-11-02 15:45:00'),(111,'113','{\"header\":{\"createTime\":\"时间戳\",\"messageType\":\"DeviceRegistrationReply\",\"wasNeedReply\":\"no\"},\"body\":{\"deviceUid\":\"113\",\"returnCode\":\"-1\"}}','{\"header\":{\"createTime\":1541144693150,\"messageType\":\"Regist\",\"wasNeedReply\":\"yes \"},\"body\":{\"registMainInfo\":{\"deviceUid\":\"113\",\"deviceCode\":\"113\",\"stationCode\":\"113\",\"deviceStatus\":\"INSERVICE\"},\"deviceDescription\":{\"identifier\":{\"HWID\":\"FDSFDSFDSFXDFsdrfe2432fessdfds\"},\"location\":{\"cityCode\":\"01\",\"lineCode\":\"01\",\"stationCode\":\"02\",\"localPosition\":\"西北角\",\"GPSLocation\":\"90 63 62 15\"},\"config\":{\"deviceCode\":\"设备编号\",\"deviceType\":\"设备类型\",\"deviceSubType\":\"设备子类型\",\"deviceSettings\":null},\"HWComponent\":{\"HWName\":\"英文缩写名称\",\"HWID\":\"硬件编号\",\"HWStatus\":\"是否安装，是否正常\",\"HWStatusCode\":\"预留\",\"HWSettings\":\"预留\",\"subComponentList\":null},\"SWComponent\":{\"SWName\":\"英文缩写名称\",\"SWID\":\"组件编号\",\"SWType\":\"英文缩写类型\",\"basePath\":\"组件安装路径\",\"componentFile\":{\"fileCategory\":\"文件类型\",\"filePath\":\"文件所在路径\",\"fileName\":\"文件名称\",\"fileFormat\":\"文件格式\",\"fileVersionNumber\":\"文件版本号\",\"fileSize\":\"文件大小(Byte)\",\"fileDigest\":\"文件摘要(MD5)\",\"fileLastTime\":\"文件最后更新时间\"},\"componentFileList\":[{\"fileCategory\":\"文件类型\",\"filePath\":\"文件所在路径\",\"fileName\":\"文件名称\",\"fileFormat\":\"文件格式\",\"fileVersionNumber\":\"文件版本号\",\"fileSize\":\"文件大小(Byte)\",\"fileDigest\":\"文件摘要(MD5)\",\"fileLastTime\":\"文件最后更新时间\"}]}}}}','系统服务','2018-11-02 15:45:00','2018-11-02 15:45:00'),(112,'device005','{\"header\":{\"createTime\":\"时间戳\",\"messageType\":\"DeviceRegistrationReply\",\"wasNeedReply\":\"no\"},\"body\":{\"deviceUid\":\"device005\",\"returnCode\":\"0\",\"fileServerConfig\":{\"serverName\":\"服务器名字\",\"serverProtocol\":\"默认。其他待定\",\"serverAddress\":\"IP地址或域名\",\"serverPort\":\"端口号\",\"serverHomePath\":\"用户根目录\",\"authorization\":\"使用 username:password形式。其他待定\",\"serverSettings\":\"预留\"}}}','{\"header\":{\"createTime\":1541144691895,\"messageType\":\"Regist\",\"wasNeedReply\":\"yes \"},\"body\":{\"registMainInfo\":{\"deviceUid\":\"device005\",\"deviceCode\":\"0102zl005\",\"stationCode\":\"0102\",\"deviceStatus\":\"INSERVICE\"},\"deviceDescription\":{\"identifier\":{\"HWID\":\"FDSFDSFDSFXDFsdrfe2432fessdfds\"},\"location\":{\"cityCode\":\"01\",\"lineCode\":\"01\",\"stationCode\":\"02\",\"localPosition\":\"西北角\",\"GPSLocation\":\"90 63 62 15\"},\"config\":{\"deviceCode\":\"设备编号\",\"deviceType\":\"设备类型\",\"deviceSubType\":\"设备子类型\",\"deviceSettings\":null},\"HWComponent\":{\"HWName\":\"英文缩写名称\",\"HWID\":\"硬件编号\",\"HWStatus\":\"是否安装，是否正常\",\"HWStatusCode\":\"预留\",\"HWSettings\":\"预留\",\"subComponentList\":null},\"SWComponent\":{\"SWName\":\"英文缩写名称\",\"SWID\":\"组件编号\",\"SWType\":\"英文缩写类型\",\"basePath\":\"组件安装路径\",\"componentFile\":{\"fileCategory\":\"文件类型\",\"filePath\":\"文件所在路径\",\"fileName\":\"文件名称\",\"fileFormat\":\"文件格式\",\"fileVersionNumber\":\"文件版本号\",\"fileSize\":\"文件大小(Byte)\",\"fileDigest\":\"文件摘要(MD5)\",\"fileLastTime\":\"文件最后更新时间\"},\"componentFileList\":[{\"fileCategory\":\"文件类型\",\"filePath\":\"文件所在路径\",\"fileName\":\"文件名称\",\"fileFormat\":\"文件格式\",\"fileVersionNumber\":\"文件版本号\",\"fileSize\":\"文件大小(Byte)\",\"fileDigest\":\"文件摘要(MD5)\",\"fileLastTime\":\"文件最后更新时间\"}]}}}}','系统服务','2018-11-02 15:45:01','2018-11-02 15:45:01'),(113,'device005','{\"header\":{\"createTime\":\"时间戳\",\"messageType\":\"DeviceRegistrationReply\",\"wasNeedReply\":\"no\"},\"body\":{\"deviceUid\":\"device005\",\"returnCode\":\"0\",\"fileServerConfig\":{\"serverName\":\"服务器名字\",\"serverProtocol\":\"默认。其他待定\",\"serverAddress\":\"IP地址或域名\",\"serverPort\":\"端口号\",\"serverHomePath\":\"用户根目录\",\"authorization\":\"使用 username:password形式。其他待定\",\"serverSettings\":\"预留\"}}}','{\"header\":{\"createTime\":1541144984617,\"messageType\":\"Regist\",\"wasNeedReply\":\"yes \"},\"body\":{\"registMainInfo\":{\"deviceUid\":\"device005\",\"deviceCode\":\"0102zl005\",\"stationCode\":\"0102\",\"deviceStatus\":\"INSERVICE\"},\"deviceDescription\":{\"identifier\":{\"HWID\":\"FDSFDSFDSFXDFsdrfe2432fessdfds\"},\"location\":{\"cityCode\":\"01\",\"lineCode\":\"01\",\"stationCode\":\"02\",\"localPosition\":\"西北角\",\"GPSLocation\":\"90 63 62 15\"},\"config\":{\"deviceCode\":\"设备编号\",\"deviceType\":\"设备类型\",\"deviceSubType\":\"设备子类型\",\"deviceSettings\":null},\"HWComponent\":{\"HWName\":\"英文缩写名称\",\"HWID\":\"硬件编号\",\"HWStatus\":\"是否安装，是否正常\",\"HWStatusCode\":\"预留\",\"HWSettings\":\"预留\",\"subComponentList\":null},\"SWComponent\":{\"SWName\":\"英文缩写名称\",\"SWID\":\"组件编号\",\"SWType\":\"英文缩写类型\",\"basePath\":\"组件安装路径\",\"componentFile\":{\"fileCategory\":\"文件类型\",\"filePath\":\"文件所在路径\",\"fileName\":\"文件名称\",\"fileFormat\":\"文件格式\",\"fileVersionNumber\":\"文件版本号\",\"fileSize\":\"文件大小(Byte)\",\"fileDigest\":\"文件摘要(MD5)\",\"fileLastTime\":\"文件最后更新时间\"},\"componentFileList\":[{\"fileCategory\":\"文件类型\",\"filePath\":\"文件所在路径\",\"fileName\":\"文件名称\",\"fileFormat\":\"文件格式\",\"fileVersionNumber\":\"文件版本号\",\"fileSize\":\"文件大小(Byte)\",\"fileDigest\":\"文件摘要(MD5)\",\"fileLastTime\":\"文件最后更新时间\"}]}}}}','系统服务','2018-11-02 15:49:48','2018-11-02 15:49:49'),(114,'device002','{\"header\":{\"createTime\":\"时间戳\",\"messageType\":\"DeviceRegistrationReply\",\"wasNeedReply\":\"no\"},\"body\":{\"deviceUid\":\"device002\",\"returnCode\":\"0\",\"fileServerConfig\":{\"serverName\":\"服务器名字\",\"serverProtocol\":\"默认。其他待定\",\"serverAddress\":\"IP地址或域名\",\"serverPort\":\"端口号\",\"serverHomePath\":\"用户根目录\",\"authorization\":\"使用 username:password形式。其他待定\",\"serverSettings\":\"预留\"}}}','{\"header\":{\"createTime\":1541144984711,\"messageType\":\"Regist\",\"wasNeedReply\":\"yes \"},\"body\":{\"registMainInfo\":{\"deviceUid\":\"device002\",\"deviceCode\":\"0102zl002\",\"stationCode\":\"0102\",\"deviceStatus\":\"INSERVICE\"},\"deviceDescription\":{\"identifier\":{\"HWID\":\"FDSFDSFDSFXDFsdrfe2432fessdfds\"},\"location\":{\"cityCode\":\"01\",\"lineCode\":\"01\",\"stationCode\":\"02\",\"localPosition\":\"西北角\",\"GPSLocation\":\"90 63 62 15\"},\"config\":{\"deviceCode\":\"设备编号\",\"deviceType\":\"设备类型\",\"deviceSubType\":\"设备子类型\",\"deviceSettings\":null},\"HWComponent\":{\"HWName\":\"英文缩写名称\",\"HWID\":\"硬件编号\",\"HWStatus\":\"是否安装，是否正常\",\"HWStatusCode\":\"预留\",\"HWSettings\":\"预留\",\"subComponentList\":null},\"SWComponent\":{\"SWName\":\"英文缩写名称\",\"SWID\":\"组件编号\",\"SWType\":\"英文缩写类型\",\"basePath\":\"组件安装路径\",\"componentFile\":{\"fileCategory\":\"文件类型\",\"filePath\":\"文件所在路径\",\"fileName\":\"文件名称\",\"fileFormat\":\"文件格式\",\"fileVersionNumber\":\"文件版本号\",\"fileSize\":\"文件大小(Byte)\",\"fileDigest\":\"文件摘要(MD5)\",\"fileLastTime\":\"文件最后更新时间\"},\"componentFileList\":[{\"fileCategory\":\"文件类型\",\"filePath\":\"文件所在路径\",\"fileName\":\"文件名称\",\"fileFormat\":\"文件格式\",\"fileVersionNumber\":\"文件版本号\",\"fileSize\":\"文件大小(Byte)\",\"fileDigest\":\"文件摘要(MD5)\",\"fileLastTime\":\"文件最后更新时间\"}]}}}}','系统服务','2018-11-02 15:49:49','2018-11-02 15:49:49'),(115,'device003','{\"header\":{\"createTime\":\"时间戳\",\"messageType\":\"DeviceRegistrationReply\",\"wasNeedReply\":\"no\"},\"body\":{\"deviceUid\":\"device003\",\"returnCode\":\"-1\"}}','{\"header\":{\"createTime\":1541144984930,\"messageType\":\"Regist\",\"wasNeedReply\":\"yes \"},\"body\":{\"registMainInfo\":{\"deviceUid\":\"device003\",\"deviceCode\":\"0102zl003\",\"stationCode\":\"0102\",\"deviceStatus\":\"INSERVICE\"},\"deviceDescription\":{\"identifier\":{\"HWID\":\"FDSFDSFDSFXDFsdrfe2432fessdfds\"},\"location\":{\"cityCode\":\"01\",\"lineCode\":\"01\",\"stationCode\":\"02\",\"localPosition\":\"西北角\",\"GPSLocation\":\"90 63 62 15\"},\"config\":{\"deviceCode\":\"设备编号\",\"deviceType\":\"设备类型\",\"deviceSubType\":\"设备子类型\",\"deviceSettings\":null},\"HWComponent\":{\"HWName\":\"英文缩写名称\",\"HWID\":\"硬件编号\",\"HWStatus\":\"是否安装，是否正常\",\"HWStatusCode\":\"预留\",\"HWSettings\":\"预留\",\"subComponentList\":null},\"SWComponent\":{\"SWName\":\"英文缩写名称\",\"SWID\":\"组件编号\",\"SWType\":\"英文缩写类型\",\"basePath\":\"组件安装路径\",\"componentFile\":{\"fileCategory\":\"文件类型\",\"filePath\":\"文件所在路径\",\"fileName\":\"文件名称\",\"fileFormat\":\"文件格式\",\"fileVersionNumber\":\"文件版本号\",\"fileSize\":\"文件大小(Byte)\",\"fileDigest\":\"文件摘要(MD5)\",\"fileLastTime\":\"文件最后更新时间\"},\"componentFileList\":[{\"fileCategory\":\"文件类型\",\"filePath\":\"文件所在路径\",\"fileName\":\"文件名称\",\"fileFormat\":\"文件格式\",\"fileVersionNumber\":\"文件版本号\",\"fileSize\":\"文件大小(Byte)\",\"fileDigest\":\"文件摘要(MD5)\",\"fileLastTime\":\"文件最后更新时间\"}]}}}}','系统服务','2018-11-02 15:49:49','2018-11-02 15:49:49'),(116,'device004','{\"header\":{\"createTime\":\"时间戳\",\"messageType\":\"DeviceRegistrationReply\",\"wasNeedReply\":\"no\"},\"body\":{\"deviceUid\":\"device004\",\"returnCode\":\"-1\"}}','{\"header\":{\"createTime\":1541144985097,\"messageType\":\"Regist\",\"wasNeedReply\":\"yes \"},\"body\":{\"registMainInfo\":{\"deviceUid\":\"device004\",\"deviceCode\":\"0102zl004\",\"stationCode\":\"0102\",\"deviceStatus\":\"INSERVICE\"},\"deviceDescription\":{\"identifier\":{\"HWID\":\"FDSFDSFDSFXDFsdrfe2432fessdfds\"},\"location\":{\"cityCode\":\"01\",\"lineCode\":\"01\",\"stationCode\":\"02\",\"localPosition\":\"西北角\",\"GPSLocation\":\"90 63 62 15\"},\"config\":{\"deviceCode\":\"设备编号\",\"deviceType\":\"设备类型\",\"deviceSubType\":\"设备子类型\",\"deviceSettings\":null},\"HWComponent\":{\"HWName\":\"英文缩写名称\",\"HWID\":\"硬件编号\",\"HWStatus\":\"是否安装，是否正常\",\"HWStatusCode\":\"预留\",\"HWSettings\":\"预留\",\"subComponentList\":null},\"SWComponent\":{\"SWName\":\"英文缩写名称\",\"SWID\":\"组件编号\",\"SWType\":\"英文缩写类型\",\"basePath\":\"组件安装路径\",\"componentFile\":{\"fileCategory\":\"文件类型\",\"filePath\":\"文件所在路径\",\"fileName\":\"文件名称\",\"fileFormat\":\"文件格式\",\"fileVersionNumber\":\"文件版本号\",\"fileSize\":\"文件大小(Byte)\",\"fileDigest\":\"文件摘要(MD5)\",\"fileLastTime\":\"文件最后更新时间\"},\"componentFileList\":[{\"fileCategory\":\"文件类型\",\"filePath\":\"文件所在路径\",\"fileName\":\"文件名称\",\"fileFormat\":\"文件格式\",\"fileVersionNumber\":\"文件版本号\",\"fileSize\":\"文件大小(Byte)\",\"fileDigest\":\"文件摘要(MD5)\",\"fileLastTime\":\"文件最后更新时间\"}]}}}}','系统服务','2018-11-02 15:49:49','2018-11-02 15:49:49'),(117,'111','{\"header\":{\"createTime\":\"时间戳\",\"messageType\":\"DeviceRegistrationReply\",\"wasNeedReply\":\"no\"},\"body\":{\"deviceUid\":\"111\",\"returnCode\":\"-1\"}}','{\"header\":{\"createTime\":1541144985225,\"messageType\":\"Regist\",\"wasNeedReply\":\"yes \"},\"body\":{\"registMainInfo\":{\"deviceUid\":\"111\",\"deviceCode\":\"111\",\"stationCode\":\"111\",\"deviceStatus\":\"INSERVICE\"},\"deviceDescription\":{\"identifier\":{\"HWID\":\"FDSFDSFDSFXDFsdrfe2432fessdfds\"},\"location\":{\"cityCode\":\"01\",\"lineCode\":\"01\",\"stationCode\":\"02\",\"localPosition\":\"西北角\",\"GPSLocation\":\"90 63 62 15\"},\"config\":{\"deviceCode\":\"设备编号\",\"deviceType\":\"设备类型\",\"deviceSubType\":\"设备子类型\",\"deviceSettings\":null},\"HWComponent\":{\"HWName\":\"英文缩写名称\",\"HWID\":\"硬件编号\",\"HWStatus\":\"是否安装，是否正常\",\"HWStatusCode\":\"预留\",\"HWSettings\":\"预留\",\"subComponentList\":null},\"SWComponent\":{\"SWName\":\"英文缩写名称\",\"SWID\":\"组件编号\",\"SWType\":\"英文缩写类型\",\"basePath\":\"组件安装路径\",\"componentFile\":{\"fileCategory\":\"文件类型\",\"filePath\":\"文件所在路径\",\"fileName\":\"文件名称\",\"fileFormat\":\"文件格式\",\"fileVersionNumber\":\"文件版本号\",\"fileSize\":\"文件大小(Byte)\",\"fileDigest\":\"文件摘要(MD5)\",\"fileLastTime\":\"文件最后更新时间\"},\"componentFileList\":[{\"fileCategory\":\"文件类型\",\"filePath\":\"文件所在路径\",\"fileName\":\"文件名称\",\"fileFormat\":\"文件格式\",\"fileVersionNumber\":\"文件版本号\",\"fileSize\":\"文件大小(Byte)\",\"fileDigest\":\"文件摘要(MD5)\",\"fileLastTime\":\"文件最后更新时间\"}]}}}}','系统服务','2018-11-02 15:49:49','2018-11-02 15:49:49'),(118,'112','{\"header\":{\"createTime\":\"时间戳\",\"messageType\":\"DeviceRegistrationReply\",\"wasNeedReply\":\"no\"},\"body\":{\"deviceUid\":\"112\",\"returnCode\":\"-1\"}}','{\"header\":{\"createTime\":1541144985381,\"messageType\":\"Regist\",\"wasNeedReply\":\"yes \"},\"body\":{\"registMainInfo\":{\"deviceUid\":\"112\",\"deviceCode\":\"112\",\"stationCode\":\"112\",\"deviceStatus\":\"INSERVICE\"},\"deviceDescription\":{\"identifier\":{\"HWID\":\"FDSFDSFDSFXDFsdrfe2432fessdfds\"},\"location\":{\"cityCode\":\"01\",\"lineCode\":\"01\",\"stationCode\":\"02\",\"localPosition\":\"西北角\",\"GPSLocation\":\"90 63 62 15\"},\"config\":{\"deviceCode\":\"设备编号\",\"deviceType\":\"设备类型\",\"deviceSubType\":\"设备子类型\",\"deviceSettings\":null},\"HWComponent\":{\"HWName\":\"英文缩写名称\",\"HWID\":\"硬件编号\",\"HWStatus\":\"是否安装，是否正常\",\"HWStatusCode\":\"预留\",\"HWSettings\":\"预留\",\"subComponentList\":null},\"SWComponent\":{\"SWName\":\"英文缩写名称\",\"SWID\":\"组件编号\",\"SWType\":\"英文缩写类型\",\"basePath\":\"组件安装路径\",\"componentFile\":{\"fileCategory\":\"文件类型\",\"filePath\":\"文件所在路径\",\"fileName\":\"文件名称\",\"fileFormat\":\"文件格式\",\"fileVersionNumber\":\"文件版本号\",\"fileSize\":\"文件大小(Byte)\",\"fileDigest\":\"文件摘要(MD5)\",\"fileLastTime\":\"文件最后更新时间\"},\"componentFileList\":[{\"fileCategory\":\"文件类型\",\"filePath\":\"文件所在路径\",\"fileName\":\"文件名称\",\"fileFormat\":\"文件格式\",\"fileVersionNumber\":\"文件版本号\",\"fileSize\":\"文件大小(Byte)\",\"fileDigest\":\"文件摘要(MD5)\",\"fileLastTime\":\"文件最后更新时间\"}]}}}}','系统服务','2018-11-02 15:49:49','2018-11-02 15:49:49'),(119,'113','{\"header\":{\"createTime\":\"时间戳\",\"messageType\":\"DeviceRegistrationReply\",\"wasNeedReply\":\"no\"},\"body\":{\"deviceUid\":\"113\",\"returnCode\":\"-1\"}}','{\"header\":{\"createTime\":1541144985903,\"messageType\":\"Regist\",\"wasNeedReply\":\"yes \"},\"body\":{\"registMainInfo\":{\"deviceUid\":\"113\",\"deviceCode\":\"113\",\"stationCode\":\"113\",\"deviceStatus\":\"INSERVICE\"},\"deviceDescription\":{\"identifier\":{\"HWID\":\"FDSFDSFDSFXDFsdrfe2432fessdfds\"},\"location\":{\"cityCode\":\"01\",\"lineCode\":\"01\",\"stationCode\":\"02\",\"localPosition\":\"西北角\",\"GPSLocation\":\"90 63 62 15\"},\"config\":{\"deviceCode\":\"设备编号\",\"deviceType\":\"设备类型\",\"deviceSubType\":\"设备子类型\",\"deviceSettings\":null},\"HWComponent\":{\"HWName\":\"英文缩写名称\",\"HWID\":\"硬件编号\",\"HWStatus\":\"是否安装，是否正常\",\"HWStatusCode\":\"预留\",\"HWSettings\":\"预留\",\"subComponentList\":null},\"SWComponent\":{\"SWName\":\"英文缩写名称\",\"SWID\":\"组件编号\",\"SWType\":\"英文缩写类型\",\"basePath\":\"组件安装路径\",\"componentFile\":{\"fileCategory\":\"文件类型\",\"filePath\":\"文件所在路径\",\"fileName\":\"文件名称\",\"fileFormat\":\"文件格式\",\"fileVersionNumber\":\"文件版本号\",\"fileSize\":\"文件大小(Byte)\",\"fileDigest\":\"文件摘要(MD5)\",\"fileLastTime\":\"文件最后更新时间\"},\"componentFileList\":[{\"fileCategory\":\"文件类型\",\"filePath\":\"文件所在路径\",\"fileName\":\"文件名称\",\"fileFormat\":\"文件格式\",\"fileVersionNumber\":\"文件版本号\",\"fileSize\":\"文件大小(Byte)\",\"fileDigest\":\"文件摘要(MD5)\",\"fileLastTime\":\"文件最后更新时间\"}]}}}}','系统服务','2018-11-02 15:49:50','2018-11-02 15:49:50'),(120,'device005','{\"header\":{\"createTime\":\"时间戳\",\"messageType\":\"DeviceRegistrationReply\",\"wasNeedReply\":\"no\"},\"body\":{\"deviceUid\":\"device005\",\"returnCode\":\"0\",\"fileServerConfig\":{\"serverName\":\"服务器名字\",\"serverProtocol\":\"默认。其他待定\",\"serverAddress\":\"IP地址或域名\",\"serverPort\":\"端口号\",\"serverHomePath\":\"用户根目录\",\"authorization\":\"使用 username:password形式。其他待定\",\"serverSettings\":\"预留\"}}}','{\"header\":{\"createTime\":1541145126347,\"messageType\":\"Regist\",\"wasNeedReply\":\"yes \"},\"body\":{\"registMainInfo\":{\"deviceUid\":\"device005\",\"deviceCode\":\"0102zl005\",\"stationCode\":\"0102\",\"deviceStatus\":\"INSERVICE\"},\"deviceDescription\":{\"identifier\":{\"HWID\":\"FDSFDSFDSFXDFsdrfe2432fessdfds\"},\"location\":{\"cityCode\":\"01\",\"lineCode\":\"01\",\"stationCode\":\"02\",\"localPosition\":\"西北角\",\"GPSLocation\":\"90 63 62 15\"},\"config\":{\"deviceCode\":\"设备编号\",\"deviceType\":\"设备类型\",\"deviceSubType\":\"设备子类型\",\"deviceSettings\":null},\"HWComponent\":{\"HWName\":\"英文缩写名称\",\"HWID\":\"硬件编号\",\"HWStatus\":\"是否安装，是否正常\",\"HWStatusCode\":\"预留\",\"HWSettings\":\"预留\",\"subComponentList\":null},\"SWComponent\":{\"SWName\":\"英文缩写名称\",\"SWID\":\"组件编号\",\"SWType\":\"英文缩写类型\",\"basePath\":\"组件安装路径\",\"componentFile\":{\"fileCategory\":\"文件类型\",\"filePath\":\"文件所在路径\",\"fileName\":\"文件名称\",\"fileFormat\":\"文件格式\",\"fileVersionNumber\":\"文件版本号\",\"fileSize\":\"文件大小(Byte)\",\"fileDigest\":\"文件摘要(MD5)\",\"fileLastTime\":\"文件最后更新时间\"},\"componentFileList\":[{\"fileCategory\":\"文件类型\",\"filePath\":\"文件所在路径\",\"fileName\":\"文件名称\",\"fileFormat\":\"文件格式\",\"fileVersionNumber\":\"文件版本号\",\"fileSize\":\"文件大小(Byte)\",\"fileDigest\":\"文件摘要(MD5)\",\"fileLastTime\":\"文件最后更新时间\"}]}}}}','系统服务','2018-11-02 15:52:13','2018-11-02 15:52:13'),(121,'device002','{\"header\":{\"createTime\":\"时间戳\",\"messageType\":\"DeviceRegistrationReply\",\"wasNeedReply\":\"no\"},\"body\":{\"deviceUid\":\"device002\",\"returnCode\":\"0\",\"fileServerConfig\":{\"serverName\":\"服务器名字\",\"serverProtocol\":\"默认。其他待定\",\"serverAddress\":\"IP地址或域名\",\"serverPort\":\"端口号\",\"serverHomePath\":\"用户根目录\",\"authorization\":\"使用 username:password形式。其他待定\",\"serverSettings\":\"预留\"}}}','{\"header\":{\"createTime\":1541145126659,\"messageType\":\"Regist\",\"wasNeedReply\":\"yes \"},\"body\":{\"registMainInfo\":{\"deviceUid\":\"device002\",\"deviceCode\":\"0102zl002\",\"stationCode\":\"0102\",\"deviceStatus\":\"INSERVICE\"},\"deviceDescription\":{\"identifier\":{\"HWID\":\"FDSFDSFDSFXDFsdrfe2432fessdfds\"},\"location\":{\"cityCode\":\"01\",\"lineCode\":\"01\",\"stationCode\":\"02\",\"localPosition\":\"西北角\",\"GPSLocation\":\"90 63 62 15\"},\"config\":{\"deviceCode\":\"设备编号\",\"deviceType\":\"设备类型\",\"deviceSubType\":\"设备子类型\",\"deviceSettings\":null},\"HWComponent\":{\"HWName\":\"英文缩写名称\",\"HWID\":\"硬件编号\",\"HWStatus\":\"是否安装，是否正常\",\"HWStatusCode\":\"预留\",\"HWSettings\":\"预留\",\"subComponentList\":null},\"SWComponent\":{\"SWName\":\"英文缩写名称\",\"SWID\":\"组件编号\",\"SWType\":\"英文缩写类型\",\"basePath\":\"组件安装路径\",\"componentFile\":{\"fileCategory\":\"文件类型\",\"filePath\":\"文件所在路径\",\"fileName\":\"文件名称\",\"fileFormat\":\"文件格式\",\"fileVersionNumber\":\"文件版本号\",\"fileSize\":\"文件大小(Byte)\",\"fileDigest\":\"文件摘要(MD5)\",\"fileLastTime\":\"文件最后更新时间\"},\"componentFileList\":[{\"fileCategory\":\"文件类型\",\"filePath\":\"文件所在路径\",\"fileName\":\"文件名称\",\"fileFormat\":\"文件格式\",\"fileVersionNumber\":\"文件版本号\",\"fileSize\":\"文件大小(Byte)\",\"fileDigest\":\"文件摘要(MD5)\",\"fileLastTime\":\"文件最后更新时间\"}]}}}}','系统服务','2018-11-02 15:52:13','2018-11-02 15:52:13'),(122,'device003','{\"header\":{\"createTime\":\"时间戳\",\"messageType\":\"DeviceRegistrationReply\",\"wasNeedReply\":\"no\"},\"body\":{\"deviceUid\":\"device003\",\"returnCode\":\"-1\"}}','{\"header\":{\"createTime\":1541145126882,\"messageType\":\"Regist\",\"wasNeedReply\":\"yes \"},\"body\":{\"registMainInfo\":{\"deviceUid\":\"device003\",\"deviceCode\":\"0102zl003\",\"stationCode\":\"0102\",\"deviceStatus\":\"INSERVICE\"},\"deviceDescription\":{\"identifier\":{\"HWID\":\"FDSFDSFDSFXDFsdrfe2432fessdfds\"},\"location\":{\"cityCode\":\"01\",\"lineCode\":\"01\",\"stationCode\":\"02\",\"localPosition\":\"西北角\",\"GPSLocation\":\"90 63 62 15\"},\"config\":{\"deviceCode\":\"设备编号\",\"deviceType\":\"设备类型\",\"deviceSubType\":\"设备子类型\",\"deviceSettings\":null},\"HWComponent\":{\"HWName\":\"英文缩写名称\",\"HWID\":\"硬件编号\",\"HWStatus\":\"是否安装，是否正常\",\"HWStatusCode\":\"预留\",\"HWSettings\":\"预留\",\"subComponentList\":null},\"SWComponent\":{\"SWName\":\"英文缩写名称\",\"SWID\":\"组件编号\",\"SWType\":\"英文缩写类型\",\"basePath\":\"组件安装路径\",\"componentFile\":{\"fileCategory\":\"文件类型\",\"filePath\":\"文件所在路径\",\"fileName\":\"文件名称\",\"fileFormat\":\"文件格式\",\"fileVersionNumber\":\"文件版本号\",\"fileSize\":\"文件大小(Byte)\",\"fileDigest\":\"文件摘要(MD5)\",\"fileLastTime\":\"文件最后更新时间\"},\"componentFileList\":[{\"fileCategory\":\"文件类型\",\"filePath\":\"文件所在路径\",\"fileName\":\"文件名称\",\"fileFormat\":\"文件格式\",\"fileVersionNumber\":\"文件版本号\",\"fileSize\":\"文件大小(Byte)\",\"fileDigest\":\"文件摘要(MD5)\",\"fileLastTime\":\"文件最后更新时间\"}]}}}}','系统服务','2018-11-02 15:52:13','2018-11-02 15:52:13'),(123,'device004','{\"header\":{\"createTime\":\"时间戳\",\"messageType\":\"DeviceRegistrationReply\",\"wasNeedReply\":\"no\"},\"body\":{\"deviceUid\":\"device004\",\"returnCode\":\"-1\"}}','{\"header\":{\"createTime\":1541145126976,\"messageType\":\"Regist\",\"wasNeedReply\":\"yes \"},\"body\":{\"registMainInfo\":{\"deviceUid\":\"device004\",\"deviceCode\":\"0102zl004\",\"stationCode\":\"0102\",\"deviceStatus\":\"INSERVICE\"},\"deviceDescription\":{\"identifier\":{\"HWID\":\"FDSFDSFDSFXDFsdrfe2432fessdfds\"},\"location\":{\"cityCode\":\"01\",\"lineCode\":\"01\",\"stationCode\":\"02\",\"localPosition\":\"西北角\",\"GPSLocation\":\"90 63 62 15\"},\"config\":{\"deviceCode\":\"设备编号\",\"deviceType\":\"设备类型\",\"deviceSubType\":\"设备子类型\",\"deviceSettings\":null},\"HWComponent\":{\"HWName\":\"英文缩写名称\",\"HWID\":\"硬件编号\",\"HWStatus\":\"是否安装，是否正常\",\"HWStatusCode\":\"预留\",\"HWSettings\":\"预留\",\"subComponentList\":null},\"SWComponent\":{\"SWName\":\"英文缩写名称\",\"SWID\":\"组件编号\",\"SWType\":\"英文缩写类型\",\"basePath\":\"组件安装路径\",\"componentFile\":{\"fileCategory\":\"文件类型\",\"filePath\":\"文件所在路径\",\"fileName\":\"文件名称\",\"fileFormat\":\"文件格式\",\"fileVersionNumber\":\"文件版本号\",\"fileSize\":\"文件大小(Byte)\",\"fileDigest\":\"文件摘要(MD5)\",\"fileLastTime\":\"文件最后更新时间\"},\"componentFileList\":[{\"fileCategory\":\"文件类型\",\"filePath\":\"文件所在路径\",\"fileName\":\"文件名称\",\"fileFormat\":\"文件格式\",\"fileVersionNumber\":\"文件版本号\",\"fileSize\":\"文件大小(Byte)\",\"fileDigest\":\"文件摘要(MD5)\",\"fileLastTime\":\"文件最后更新时间\"}]}}}}','系统服务','2018-11-02 15:52:13','2018-11-02 15:52:13'),(124,'111','{\"header\":{\"createTime\":\"时间戳\",\"messageType\":\"DeviceRegistrationReply\",\"wasNeedReply\":\"no\"},\"body\":{\"deviceUid\":\"111\",\"returnCode\":\"-1\"}}','{\"header\":{\"createTime\":1541145127132,\"messageType\":\"Regist\",\"wasNeedReply\":\"yes \"},\"body\":{\"registMainInfo\":{\"deviceUid\":\"111\",\"deviceCode\":\"111\",\"stationCode\":\"111\",\"deviceStatus\":\"INSERVICE\"},\"deviceDescription\":{\"identifier\":{\"HWID\":\"FDSFDSFDSFXDFsdrfe2432fessdfds\"},\"location\":{\"cityCode\":\"01\",\"lineCode\":\"01\",\"stationCode\":\"02\",\"localPosition\":\"西北角\",\"GPSLocation\":\"90 63 62 15\"},\"config\":{\"deviceCode\":\"设备编号\",\"deviceType\":\"设备类型\",\"deviceSubType\":\"设备子类型\",\"deviceSettings\":null},\"HWComponent\":{\"HWName\":\"英文缩写名称\",\"HWID\":\"硬件编号\",\"HWStatus\":\"是否安装，是否正常\",\"HWStatusCode\":\"预留\",\"HWSettings\":\"预留\",\"subComponentList\":null},\"SWComponent\":{\"SWName\":\"英文缩写名称\",\"SWID\":\"组件编号\",\"SWType\":\"英文缩写类型\",\"basePath\":\"组件安装路径\",\"componentFile\":{\"fileCategory\":\"文件类型\",\"filePath\":\"文件所在路径\",\"fileName\":\"文件名称\",\"fileFormat\":\"文件格式\",\"fileVersionNumber\":\"文件版本号\",\"fileSize\":\"文件大小(Byte)\",\"fileDigest\":\"文件摘要(MD5)\",\"fileLastTime\":\"文件最后更新时间\"},\"componentFileList\":[{\"fileCategory\":\"文件类型\",\"filePath\":\"文件所在路径\",\"fileName\":\"文件名称\",\"fileFormat\":\"文件格式\",\"fileVersionNumber\":\"文件版本号\",\"fileSize\":\"文件大小(Byte)\",\"fileDigest\":\"文件摘要(MD5)\",\"fileLastTime\":\"文件最后更新时间\"}]}}}}','系统服务','2018-11-02 15:52:13','2018-11-02 15:52:13'),(125,'112','{\"header\":{\"createTime\":\"时间戳\",\"messageType\":\"DeviceRegistrationReply\",\"wasNeedReply\":\"no\"},\"body\":{\"deviceUid\":\"112\",\"returnCode\":\"-1\"}}','{\"header\":{\"createTime\":1541145127261,\"messageType\":\"Regist\",\"wasNeedReply\":\"yes \"},\"body\":{\"registMainInfo\":{\"deviceUid\":\"112\",\"deviceCode\":\"112\",\"stationCode\":\"112\",\"deviceStatus\":\"INSERVICE\"},\"deviceDescription\":{\"identifier\":{\"HWID\":\"FDSFDSFDSFXDFsdrfe2432fessdfds\"},\"location\":{\"cityCode\":\"01\",\"lineCode\":\"01\",\"stationCode\":\"02\",\"localPosition\":\"西北角\",\"GPSLocation\":\"90 63 62 15\"},\"config\":{\"deviceCode\":\"设备编号\",\"deviceType\":\"设备类型\",\"deviceSubType\":\"设备子类型\",\"deviceSettings\":null},\"HWComponent\":{\"HWName\":\"英文缩写名称\",\"HWID\":\"硬件编号\",\"HWStatus\":\"是否安装，是否正常\",\"HWStatusCode\":\"预留\",\"HWSettings\":\"预留\",\"subComponentList\":null},\"SWComponent\":{\"SWName\":\"英文缩写名称\",\"SWID\":\"组件编号\",\"SWType\":\"英文缩写类型\",\"basePath\":\"组件安装路径\",\"componentFile\":{\"fileCategory\":\"文件类型\",\"filePath\":\"文件所在路径\",\"fileName\":\"文件名称\",\"fileFormat\":\"文件格式\",\"fileVersionNumber\":\"文件版本号\",\"fileSize\":\"文件大小(Byte)\",\"fileDigest\":\"文件摘要(MD5)\",\"fileLastTime\":\"文件最后更新时间\"},\"componentFileList\":[{\"fileCategory\":\"文件类型\",\"filePath\":\"文件所在路径\",\"fileName\":\"文件名称\",\"fileFormat\":\"文件格式\",\"fileVersionNumber\":\"文件版本号\",\"fileSize\":\"文件大小(Byte)\",\"fileDigest\":\"文件摘要(MD5)\",\"fileLastTime\":\"文件最后更新时间\"}]}}}}','系统服务','2018-11-02 15:52:13','2018-11-02 15:52:13'),(126,'113','{\"header\":{\"createTime\":\"时间戳\",\"messageType\":\"DeviceRegistrationReply\",\"wasNeedReply\":\"no\"},\"body\":{\"deviceUid\":\"113\",\"returnCode\":\"-1\"}}','{\"header\":{\"createTime\":1541145127370,\"messageType\":\"Regist\",\"wasNeedReply\":\"yes \"},\"body\":{\"registMainInfo\":{\"deviceUid\":\"113\",\"deviceCode\":\"113\",\"stationCode\":\"113\",\"deviceStatus\":\"INSERVICE\"},\"deviceDescription\":{\"identifier\":{\"HWID\":\"FDSFDSFDSFXDFsdrfe2432fessdfds\"},\"location\":{\"cityCode\":\"01\",\"lineCode\":\"01\",\"stationCode\":\"02\",\"localPosition\":\"西北角\",\"GPSLocation\":\"90 63 62 15\"},\"config\":{\"deviceCode\":\"设备编号\",\"deviceType\":\"设备类型\",\"deviceSubType\":\"设备子类型\",\"deviceSettings\":null},\"HWComponent\":{\"HWName\":\"英文缩写名称\",\"HWID\":\"硬件编号\",\"HWStatus\":\"是否安装，是否正常\",\"HWStatusCode\":\"预留\",\"HWSettings\":\"预留\",\"subComponentList\":null},\"SWComponent\":{\"SWName\":\"英文缩写名称\",\"SWID\":\"组件编号\",\"SWType\":\"英文缩写类型\",\"basePath\":\"组件安装路径\",\"componentFile\":{\"fileCategory\":\"文件类型\",\"filePath\":\"文件所在路径\",\"fileName\":\"文件名称\",\"fileFormat\":\"文件格式\",\"fileVersionNumber\":\"文件版本号\",\"fileSize\":\"文件大小(Byte)\",\"fileDigest\":\"文件摘要(MD5)\",\"fileLastTime\":\"文件最后更新时间\"},\"componentFileList\":[{\"fileCategory\":\"文件类型\",\"filePath\":\"文件所在路径\",\"fileName\":\"文件名称\",\"fileFormat\":\"文件格式\",\"fileVersionNumber\":\"文件版本号\",\"fileSize\":\"文件大小(Byte)\",\"fileDigest\":\"文件摘要(MD5)\",\"fileLastTime\":\"文件最后更新时间\"}]}}}}','系统服务','2018-11-02 15:52:13','2018-11-02 15:52:13'),(127,'113','{\"header\":{\"createTime\":\"时间戳\",\"messageType\":\"DeviceRegistrationReply\",\"wasNeedReply\":\"no\"},\"body\":{\"deviceUid\":\"113\",\"returnCode\":\"-1\"}}','{\"header\":{\"createTime\":1541145127370,\"messageType\":\"Regist\",\"wasNeedReply\":\"yes \"},\"body\":{\"registMainInfo\":{\"deviceUid\":\"113\",\"deviceCode\":\"113\",\"stationCode\":\"113\",\"deviceStatus\":\"INSERVICE\"},\"deviceDescription\":{\"identifier\":{\"HWID\":\"FDSFDSFDSFXDFsdrfe2432fessdfds\"},\"location\":{\"cityCode\":\"01\",\"lineCode\":\"01\",\"stationCode\":\"02\",\"localPosition\":\"西北角\",\"GPSLocation\":\"90 63 62 15\"},\"config\":{\"deviceCode\":\"设备编号\",\"deviceType\":\"设备类型\",\"deviceSubType\":\"设备子类型\",\"deviceSettings\":null},\"HWComponent\":{\"HWName\":\"英文缩写名称\",\"HWID\":\"硬件编号\",\"HWStatus\":\"是否安装，是否正常\",\"HWStatusCode\":\"预留\",\"HWSettings\":\"预留\",\"subComponentList\":null},\"SWComponent\":{\"SWName\":\"英文缩写名称\",\"SWID\":\"组件编号\",\"SWType\":\"英文缩写类型\",\"basePath\":\"组件安装路径\",\"componentFile\":{\"fileCategory\":\"文件类型\",\"filePath\":\"文件所在路径\",\"fileName\":\"文件名称\",\"fileFormat\":\"文件格式\",\"fileVersionNumber\":\"文件版本号\",\"fileSize\":\"文件大小(Byte)\",\"fileDigest\":\"文件摘要(MD5)\",\"fileLastTime\":\"文件最后更新时间\"},\"componentFileList\":[{\"fileCategory\":\"文件类型\",\"filePath\":\"文件所在路径\",\"fileName\":\"文件名称\",\"fileFormat\":\"文件格式\",\"fileVersionNumber\":\"文件版本号\",\"fileSize\":\"文件大小(Byte)\",\"fileDigest\":\"文件摘要(MD5)\",\"fileLastTime\":\"文件最后更新时间\"}]}}}}','系统服务','2018-11-02 15:52:16','2018-11-02 15:52:16'),(128,'device005','{\"header\":{\"createTime\":\"时间戳\",\"messageType\":\"DeviceRegistrationReply\",\"wasNeedReply\":\"no\"},\"body\":{\"deviceUid\":\"device005\",\"returnCode\":\"0\",\"fileServerConfig\":{\"serverName\":\"服务器名字\",\"serverProtocol\":\"默认。其他待定\",\"serverAddress\":\"IP地址或域名\",\"serverPort\":\"端口号\",\"serverHomePath\":\"用户根目录\",\"authorization\":\"使用 username:password形式。其他待定\",\"serverSettings\":\"预留\"}}}','{\"header\":{\"createTime\":1541145126347,\"messageType\":\"Regist\",\"wasNeedReply\":\"yes \"},\"body\":{\"registMainInfo\":{\"deviceUid\":\"device005\",\"deviceCode\":\"0102zl005\",\"stationCode\":\"0102\",\"deviceStatus\":\"INSERVICE\"},\"deviceDescription\":{\"identifier\":{\"HWID\":\"FDSFDSFDSFXDFsdrfe2432fessdfds\"},\"location\":{\"cityCode\":\"01\",\"lineCode\":\"01\",\"stationCode\":\"02\",\"localPosition\":\"西北角\",\"GPSLocation\":\"90 63 62 15\"},\"config\":{\"deviceCode\":\"设备编号\",\"deviceType\":\"设备类型\",\"deviceSubType\":\"设备子类型\",\"deviceSettings\":null},\"HWComponent\":{\"HWName\":\"英文缩写名称\",\"HWID\":\"硬件编号\",\"HWStatus\":\"是否安装，是否正常\",\"HWStatusCode\":\"预留\",\"HWSettings\":\"预留\",\"subComponentList\":null},\"SWComponent\":{\"SWName\":\"英文缩写名称\",\"SWID\":\"组件编号\",\"SWType\":\"英文缩写类型\",\"basePath\":\"组件安装路径\",\"componentFile\":{\"fileCategory\":\"文件类型\",\"filePath\":\"文件所在路径\",\"fileName\":\"文件名称\",\"fileFormat\":\"文件格式\",\"fileVersionNumber\":\"文件版本号\",\"fileSize\":\"文件大小(Byte)\",\"fileDigest\":\"文件摘要(MD5)\",\"fileLastTime\":\"文件最后更新时间\"},\"componentFileList\":[{\"fileCategory\":\"文件类型\",\"filePath\":\"文件所在路径\",\"fileName\":\"文件名称\",\"fileFormat\":\"文件格式\",\"fileVersionNumber\":\"文件版本号\",\"fileSize\":\"文件大小(Byte)\",\"fileDigest\":\"文件摘要(MD5)\",\"fileLastTime\":\"文件最后更新时间\"}]}}}}','系统服务','2018-11-02 15:52:23','2018-11-02 15:52:23'),(129,'device005','{\"header\":{\"createTime\":\"时间戳\",\"messageType\":\"DeviceRegistrationReply\",\"wasNeedReply\":\"no\"},\"body\":{\"deviceUid\":\"device005\",\"returnCode\":\"0\",\"fileServerConfig\":{\"serverName\":\"服务器名字\",\"serverProtocol\":\"默认。其他待定\",\"serverAddress\":\"IP地址或域名\",\"serverPort\":\"端口号\",\"serverHomePath\":\"用户根目录\",\"authorization\":\"使用 username:password形式。其他待定\",\"serverSettings\":\"预留\"}}}','{\"header\":{\"createTime\":1541145210166,\"messageType\":\"Regist\",\"wasNeedReply\":\"yes \"},\"body\":{\"registMainInfo\":{\"deviceUid\":\"device005\",\"deviceCode\":\"0102zl005\",\"stationCode\":\"0102\",\"deviceStatus\":\"INSERVICE\"},\"deviceDescription\":{\"identifier\":{\"HWID\":\"FDSFDSFDSFXDFsdrfe2432fessdfds\"},\"location\":{\"cityCode\":\"01\",\"lineCode\":\"01\",\"stationCode\":\"02\",\"localPosition\":\"西北角\",\"GPSLocation\":\"90 63 62 15\"},\"config\":{\"deviceCode\":\"设备编号\",\"deviceType\":\"设备类型\",\"deviceSubType\":\"设备子类型\",\"deviceSettings\":null},\"HWComponent\":{\"HWName\":\"英文缩写名称\",\"HWID\":\"硬件编号\",\"HWStatus\":\"是否安装，是否正常\",\"HWStatusCode\":\"预留\",\"HWSettings\":\"预留\",\"subComponentList\":null},\"SWComponent\":{\"SWName\":\"英文缩写名称\",\"SWID\":\"组件编号\",\"SWType\":\"英文缩写类型\",\"basePath\":\"组件安装路径\",\"componentFile\":{\"fileCategory\":\"文件类型\",\"filePath\":\"文件所在路径\",\"fileName\":\"文件名称\",\"fileFormat\":\"文件格式\",\"fileVersionNumber\":\"文件版本号\",\"fileSize\":\"文件大小(Byte)\",\"fileDigest\":\"文件摘要(MD5)\",\"fileLastTime\":\"文件最后更新时间\"},\"componentFileList\":[{\"fileCategory\":\"文件类型\",\"filePath\":\"文件所在路径\",\"fileName\":\"文件名称\",\"fileFormat\":\"文件格式\",\"fileVersionNumber\":\"文件版本号\",\"fileSize\":\"文件大小(Byte)\",\"fileDigest\":\"文件摘要(MD5)\",\"fileLastTime\":\"文件最后更新时间\"}]}}}}','系统服务','2018-11-02 15:53:31','2018-11-02 15:53:31'),(130,'device002','{\"header\":{\"createTime\":\"时间戳\",\"messageType\":\"DeviceRegistrationReply\",\"wasNeedReply\":\"no\"},\"body\":{\"deviceUid\":\"device002\",\"returnCode\":\"0\",\"fileServerConfig\":{\"serverName\":\"服务器名字\",\"serverProtocol\":\"默认。其他待定\",\"serverAddress\":\"IP地址或域名\",\"serverPort\":\"端口号\",\"serverHomePath\":\"用户根目录\",\"authorization\":\"使用 username:password形式。其他待定\",\"serverSettings\":\"预留\"}}}','{\"header\":{\"createTime\":1541145210244,\"messageType\":\"Regist\",\"wasNeedReply\":\"yes \"},\"body\":{\"registMainInfo\":{\"deviceUid\":\"device002\",\"deviceCode\":\"0102zl002\",\"stationCode\":\"0102\",\"deviceStatus\":\"INSERVICE\"},\"deviceDescription\":{\"identifier\":{\"HWID\":\"FDSFDSFDSFXDFsdrfe2432fessdfds\"},\"location\":{\"cityCode\":\"01\",\"lineCode\":\"01\",\"stationCode\":\"02\",\"localPosition\":\"西北角\",\"GPSLocation\":\"90 63 62 15\"},\"config\":{\"deviceCode\":\"设备编号\",\"deviceType\":\"设备类型\",\"deviceSubType\":\"设备子类型\",\"deviceSettings\":null},\"HWComponent\":{\"HWName\":\"英文缩写名称\",\"HWID\":\"硬件编号\",\"HWStatus\":\"是否安装，是否正常\",\"HWStatusCode\":\"预留\",\"HWSettings\":\"预留\",\"subComponentList\":null},\"SWComponent\":{\"SWName\":\"英文缩写名称\",\"SWID\":\"组件编号\",\"SWType\":\"英文缩写类型\",\"basePath\":\"组件安装路径\",\"componentFile\":{\"fileCategory\":\"文件类型\",\"filePath\":\"文件所在路径\",\"fileName\":\"文件名称\",\"fileFormat\":\"文件格式\",\"fileVersionNumber\":\"文件版本号\",\"fileSize\":\"文件大小(Byte)\",\"fileDigest\":\"文件摘要(MD5)\",\"fileLastTime\":\"文件最后更新时间\"},\"componentFileList\":[{\"fileCategory\":\"文件类型\",\"filePath\":\"文件所在路径\",\"fileName\":\"文件名称\",\"fileFormat\":\"文件格式\",\"fileVersionNumber\":\"文件版本号\",\"fileSize\":\"文件大小(Byte)\",\"fileDigest\":\"文件摘要(MD5)\",\"fileLastTime\":\"文件最后更新时间\"}]}}}}','系统服务','2018-11-02 15:53:31','2018-11-02 15:53:31'),(131,'device003','{\"header\":{\"createTime\":\"时间戳\",\"messageType\":\"DeviceRegistrationReply\",\"wasNeedReply\":\"no\"},\"body\":{\"deviceUid\":\"device003\",\"returnCode\":\"-1\"}}','{\"header\":{\"createTime\":1541145210400,\"messageType\":\"Regist\",\"wasNeedReply\":\"yes \"},\"body\":{\"registMainInfo\":{\"deviceUid\":\"device003\",\"deviceCode\":\"0102zl003\",\"stationCode\":\"0102\",\"deviceStatus\":\"INSERVICE\"},\"deviceDescription\":{\"identifier\":{\"HWID\":\"FDSFDSFDSFXDFsdrfe2432fessdfds\"},\"location\":{\"cityCode\":\"01\",\"lineCode\":\"01\",\"stationCode\":\"02\",\"localPosition\":\"西北角\",\"GPSLocation\":\"90 63 62 15\"},\"config\":{\"deviceCode\":\"设备编号\",\"deviceType\":\"设备类型\",\"deviceSubType\":\"设备子类型\",\"deviceSettings\":null},\"HWComponent\":{\"HWName\":\"英文缩写名称\",\"HWID\":\"硬件编号\",\"HWStatus\":\"是否安装，是否正常\",\"HWStatusCode\":\"预留\",\"HWSettings\":\"预留\",\"subComponentList\":null},\"SWComponent\":{\"SWName\":\"英文缩写名称\",\"SWID\":\"组件编号\",\"SWType\":\"英文缩写类型\",\"basePath\":\"组件安装路径\",\"componentFile\":{\"fileCategory\":\"文件类型\",\"filePath\":\"文件所在路径\",\"fileName\":\"文件名称\",\"fileFormat\":\"文件格式\",\"fileVersionNumber\":\"文件版本号\",\"fileSize\":\"文件大小(Byte)\",\"fileDigest\":\"文件摘要(MD5)\",\"fileLastTime\":\"文件最后更新时间\"},\"componentFileList\":[{\"fileCategory\":\"文件类型\",\"filePath\":\"文件所在路径\",\"fileName\":\"文件名称\",\"fileFormat\":\"文件格式\",\"fileVersionNumber\":\"文件版本号\",\"fileSize\":\"文件大小(Byte)\",\"fileDigest\":\"文件摘要(MD5)\",\"fileLastTime\":\"文件最后更新时间\"}]}}}}','系统服务','2018-11-02 15:53:31','2018-11-02 15:53:32'),(132,'device004','{\"header\":{\"createTime\":\"时间戳\",\"messageType\":\"DeviceRegistrationReply\",\"wasNeedReply\":\"no\"},\"body\":{\"deviceUid\":\"device004\",\"returnCode\":\"-1\"}}','{\"header\":{\"createTime\":1541145210516,\"messageType\":\"Regist\",\"wasNeedReply\":\"yes \"},\"body\":{\"registMainInfo\":{\"deviceUid\":\"device004\",\"deviceCode\":\"0102zl004\",\"stationCode\":\"0102\",\"deviceStatus\":\"INSERVICE\"},\"deviceDescription\":{\"identifier\":{\"HWID\":\"FDSFDSFDSFXDFsdrfe2432fessdfds\"},\"location\":{\"cityCode\":\"01\",\"lineCode\":\"01\",\"stationCode\":\"02\",\"localPosition\":\"西北角\",\"GPSLocation\":\"90 63 62 15\"},\"config\":{\"deviceCode\":\"设备编号\",\"deviceType\":\"设备类型\",\"deviceSubType\":\"设备子类型\",\"deviceSettings\":null},\"HWComponent\":{\"HWName\":\"英文缩写名称\",\"HWID\":\"硬件编号\",\"HWStatus\":\"是否安装，是否正常\",\"HWStatusCode\":\"预留\",\"HWSettings\":\"预留\",\"subComponentList\":null},\"SWComponent\":{\"SWName\":\"英文缩写名称\",\"SWID\":\"组件编号\",\"SWType\":\"英文缩写类型\",\"basePath\":\"组件安装路径\",\"componentFile\":{\"fileCategory\":\"文件类型\",\"filePath\":\"文件所在路径\",\"fileName\":\"文件名称\",\"fileFormat\":\"文件格式\",\"fileVersionNumber\":\"文件版本号\",\"fileSize\":\"文件大小(Byte)\",\"fileDigest\":\"文件摘要(MD5)\",\"fileLastTime\":\"文件最后更新时间\"},\"componentFileList\":[{\"fileCategory\":\"文件类型\",\"filePath\":\"文件所在路径\",\"fileName\":\"文件名称\",\"fileFormat\":\"文件格式\",\"fileVersionNumber\":\"文件版本号\",\"fileSize\":\"文件大小(Byte)\",\"fileDigest\":\"文件摘要(MD5)\",\"fileLastTime\":\"文件最后更新时间\"}]}}}}','系统服务','2018-11-02 15:53:32','2018-11-02 15:53:32'),(133,'111','{\"header\":{\"createTime\":\"时间戳\",\"messageType\":\"DeviceRegistrationReply\",\"wasNeedReply\":\"no\"},\"body\":{\"deviceUid\":\"111\",\"returnCode\":\"-1\"}}','{\"header\":{\"createTime\":1541145210625,\"messageType\":\"Regist\",\"wasNeedReply\":\"yes \"},\"body\":{\"registMainInfo\":{\"deviceUid\":\"111\",\"deviceCode\":\"111\",\"stationCode\":\"111\",\"deviceStatus\":\"INSERVICE\"},\"deviceDescription\":{\"identifier\":{\"HWID\":\"FDSFDSFDSFXDFsdrfe2432fessdfds\"},\"location\":{\"cityCode\":\"01\",\"lineCode\":\"01\",\"stationCode\":\"02\",\"localPosition\":\"西北角\",\"GPSLocation\":\"90 63 62 15\"},\"config\":{\"deviceCode\":\"设备编号\",\"deviceType\":\"设备类型\",\"deviceSubType\":\"设备子类型\",\"deviceSettings\":null},\"HWComponent\":{\"HWName\":\"英文缩写名称\",\"HWID\":\"硬件编号\",\"HWStatus\":\"是否安装，是否正常\",\"HWStatusCode\":\"预留\",\"HWSettings\":\"预留\",\"subComponentList\":null},\"SWComponent\":{\"SWName\":\"英文缩写名称\",\"SWID\":\"组件编号\",\"SWType\":\"英文缩写类型\",\"basePath\":\"组件安装路径\",\"componentFile\":{\"fileCategory\":\"文件类型\",\"filePath\":\"文件所在路径\",\"fileName\":\"文件名称\",\"fileFormat\":\"文件格式\",\"fileVersionNumber\":\"文件版本号\",\"fileSize\":\"文件大小(Byte)\",\"fileDigest\":\"文件摘要(MD5)\",\"fileLastTime\":\"文件最后更新时间\"},\"componentFileList\":[{\"fileCategory\":\"文件类型\",\"filePath\":\"文件所在路径\",\"fileName\":\"文件名称\",\"fileFormat\":\"文件格式\",\"fileVersionNumber\":\"文件版本号\",\"fileSize\":\"文件大小(Byte)\",\"fileDigest\":\"文件摘要(MD5)\",\"fileLastTime\":\"文件最后更新时间\"}]}}}}','系统服务','2018-11-02 15:53:32','2018-11-02 15:53:32'),(134,'112','{\"header\":{\"createTime\":\"时间戳\",\"messageType\":\"DeviceRegistrationReply\",\"wasNeedReply\":\"no\"},\"body\":{\"deviceUid\":\"112\",\"returnCode\":\"-1\"}}','{\"header\":{\"createTime\":1541145210750,\"messageType\":\"Regist\",\"wasNeedReply\":\"yes \"},\"body\":{\"registMainInfo\":{\"deviceUid\":\"112\",\"deviceCode\":\"112\",\"stationCode\":\"112\",\"deviceStatus\":\"INSERVICE\"},\"deviceDescription\":{\"identifier\":{\"HWID\":\"FDSFDSFDSFXDFsdrfe2432fessdfds\"},\"location\":{\"cityCode\":\"01\",\"lineCode\":\"01\",\"stationCode\":\"02\",\"localPosition\":\"西北角\",\"GPSLocation\":\"90 63 62 15\"},\"config\":{\"deviceCode\":\"设备编号\",\"deviceType\":\"设备类型\",\"deviceSubType\":\"设备子类型\",\"deviceSettings\":null},\"HWComponent\":{\"HWName\":\"英文缩写名称\",\"HWID\":\"硬件编号\",\"HWStatus\":\"是否安装，是否正常\",\"HWStatusCode\":\"预留\",\"HWSettings\":\"预留\",\"subComponentList\":null},\"SWComponent\":{\"SWName\":\"英文缩写名称\",\"SWID\":\"组件编号\",\"SWType\":\"英文缩写类型\",\"basePath\":\"组件安装路径\",\"componentFile\":{\"fileCategory\":\"文件类型\",\"filePath\":\"文件所在路径\",\"fileName\":\"文件名称\",\"fileFormat\":\"文件格式\",\"fileVersionNumber\":\"文件版本号\",\"fileSize\":\"文件大小(Byte)\",\"fileDigest\":\"文件摘要(MD5)\",\"fileLastTime\":\"文件最后更新时间\"},\"componentFileList\":[{\"fileCategory\":\"文件类型\",\"filePath\":\"文件所在路径\",\"fileName\":\"文件名称\",\"fileFormat\":\"文件格式\",\"fileVersionNumber\":\"文件版本号\",\"fileSize\":\"文件大小(Byte)\",\"fileDigest\":\"文件摘要(MD5)\",\"fileLastTime\":\"文件最后更新时间\"}]}}}}','系统服务','2018-11-02 15:53:32','2018-11-02 15:53:32'),(135,'113','{\"header\":{\"createTime\":\"时间戳\",\"messageType\":\"DeviceRegistrationReply\",\"wasNeedReply\":\"no\"},\"body\":{\"deviceUid\":\"113\",\"returnCode\":\"-1\"}}','{\"header\":{\"createTime\":1541145210860,\"messageType\":\"Regist\",\"wasNeedReply\":\"yes \"},\"body\":{\"registMainInfo\":{\"deviceUid\":\"113\",\"deviceCode\":\"113\",\"stationCode\":\"113\",\"deviceStatus\":\"INSERVICE\"},\"deviceDescription\":{\"identifier\":{\"HWID\":\"FDSFDSFDSFXDFsdrfe2432fessdfds\"},\"location\":{\"cityCode\":\"01\",\"lineCode\":\"01\",\"stationCode\":\"02\",\"localPosition\":\"西北角\",\"GPSLocation\":\"90 63 62 15\"},\"config\":{\"deviceCode\":\"设备编号\",\"deviceType\":\"设备类型\",\"deviceSubType\":\"设备子类型\",\"deviceSettings\":null},\"HWComponent\":{\"HWName\":\"英文缩写名称\",\"HWID\":\"硬件编号\",\"HWStatus\":\"是否安装，是否正常\",\"HWStatusCode\":\"预留\",\"HWSettings\":\"预留\",\"subComponentList\":null},\"SWComponent\":{\"SWName\":\"英文缩写名称\",\"SWID\":\"组件编号\",\"SWType\":\"英文缩写类型\",\"basePath\":\"组件安装路径\",\"componentFile\":{\"fileCategory\":\"文件类型\",\"filePath\":\"文件所在路径\",\"fileName\":\"文件名称\",\"fileFormat\":\"文件格式\",\"fileVersionNumber\":\"文件版本号\",\"fileSize\":\"文件大小(Byte)\",\"fileDigest\":\"文件摘要(MD5)\",\"fileLastTime\":\"文件最后更新时间\"},\"componentFileList\":[{\"fileCategory\":\"文件类型\",\"filePath\":\"文件所在路径\",\"fileName\":\"文件名称\",\"fileFormat\":\"文件格式\",\"fileVersionNumber\":\"文件版本号\",\"fileSize\":\"文件大小(Byte)\",\"fileDigest\":\"文件摘要(MD5)\",\"fileLastTime\":\"文件最后更新时间\"}]}}}}','系统服务','2018-11-02 15:53:32','2018-11-02 15:53:32'),(136,'device005','{\"header\":{\"createTime\":\"时间戳\",\"messageType\":\"DeviceRegistrationReply\",\"wasNeedReply\":\"no\"},\"body\":{\"deviceUid\":\"device005\",\"returnCode\":\"0\",\"fileServerConfig\":{\"serverName\":\"服务器名字\",\"serverProtocol\":\"默认。其他待定\",\"serverAddress\":\"IP地址或域名\",\"serverPort\":\"端口号\",\"serverHomePath\":\"用户根目录\",\"authorization\":\"使用 username:password形式。其他待定\",\"serverSettings\":\"预留\"}}}','{\"header\":{\"createTime\":1541145436749,\"messageType\":\"Regist\",\"wasNeedReply\":\"yes \"},\"body\":{\"registMainInfo\":{\"deviceUid\":\"device005\",\"deviceCode\":\"0102zl005\",\"stationCode\":\"0102\",\"deviceStatus\":\"INSERVICE\"},\"deviceDescription\":{\"identifier\":{\"HWID\":\"FDSFDSFDSFXDFsdrfe2432fessdfds\"},\"location\":{\"cityCode\":\"01\",\"lineCode\":\"01\",\"stationCode\":\"02\",\"localPosition\":\"西北角\",\"GPSLocation\":\"90 63 62 15\"},\"config\":{\"deviceCode\":\"设备编号\",\"deviceType\":\"设备类型\",\"deviceSubType\":\"设备子类型\",\"deviceSettings\":null},\"HWComponent\":{\"HWName\":\"英文缩写名称\",\"HWID\":\"硬件编号\",\"HWStatus\":\"是否安装，是否正常\",\"HWStatusCode\":\"预留\",\"HWSettings\":\"预留\",\"subComponentList\":null},\"SWComponent\":{\"SWName\":\"英文缩写名称\",\"SWID\":\"组件编号\",\"SWType\":\"英文缩写类型\",\"basePath\":\"组件安装路径\",\"componentFile\":{\"fileCategory\":\"文件类型\",\"filePath\":\"文件所在路径\",\"fileName\":\"文件名称\",\"fileFormat\":\"文件格式\",\"fileVersionNumber\":\"文件版本号\",\"fileSize\":\"文件大小(Byte)\",\"fileDigest\":\"文件摘要(MD5)\",\"fileLastTime\":\"文件最后更新时间\"},\"componentFileList\":[{\"fileCategory\":\"文件类型\",\"filePath\":\"文件所在路径\",\"fileName\":\"文件名称\",\"fileFormat\":\"文件格式\",\"fileVersionNumber\":\"文件版本号\",\"fileSize\":\"文件大小(Byte)\",\"fileDigest\":\"文件摘要(MD5)\",\"fileLastTime\":\"文件最后更新时间\"}]}}}}','系统服务','2018-11-02 15:57:21','2018-11-02 15:57:21'),(137,'device002','{\"header\":{\"createTime\":\"时间戳\",\"messageType\":\"DeviceRegistrationReply\",\"wasNeedReply\":\"no\"},\"body\":{\"deviceUid\":\"device002\",\"returnCode\":\"0\",\"fileServerConfig\":{\"serverName\":\"服务器名字\",\"serverProtocol\":\"默认。其他待定\",\"serverAddress\":\"IP地址或域名\",\"serverPort\":\"端口号\",\"serverHomePath\":\"用户根目录\",\"authorization\":\"使用 username:password形式。其他待定\",\"serverSettings\":\"预留\"}}}','{\"header\":{\"createTime\":1541145439059,\"messageType\":\"Regist\",\"wasNeedReply\":\"yes \"},\"body\":{\"registMainInfo\":{\"deviceUid\":\"device002\",\"deviceCode\":\"0102zl002\",\"stationCode\":\"0102\",\"deviceStatus\":\"INSERVICE\"},\"deviceDescription\":{\"identifier\":{\"HWID\":\"FDSFDSFDSFXDFsdrfe2432fessdfds\"},\"location\":{\"cityCode\":\"01\",\"lineCode\":\"01\",\"stationCode\":\"02\",\"localPosition\":\"西北角\",\"GPSLocation\":\"90 63 62 15\"},\"config\":{\"deviceCode\":\"设备编号\",\"deviceType\":\"设备类型\",\"deviceSubType\":\"设备子类型\",\"deviceSettings\":null},\"HWComponent\":{\"HWName\":\"英文缩写名称\",\"HWID\":\"硬件编号\",\"HWStatus\":\"是否安装，是否正常\",\"HWStatusCode\":\"预留\",\"HWSettings\":\"预留\",\"subComponentList\":null},\"SWComponent\":{\"SWName\":\"英文缩写名称\",\"SWID\":\"组件编号\",\"SWType\":\"英文缩写类型\",\"basePath\":\"组件安装路径\",\"componentFile\":{\"fileCategory\":\"文件类型\",\"filePath\":\"文件所在路径\",\"fileName\":\"文件名称\",\"fileFormat\":\"文件格式\",\"fileVersionNumber\":\"文件版本号\",\"fileSize\":\"文件大小(Byte)\",\"fileDigest\":\"文件摘要(MD5)\",\"fileLastTime\":\"文件最后更新时间\"},\"componentFileList\":[{\"fileCategory\":\"文件类型\",\"filePath\":\"文件所在路径\",\"fileName\":\"文件名称\",\"fileFormat\":\"文件格式\",\"fileVersionNumber\":\"文件版本号\",\"fileSize\":\"文件大小(Byte)\",\"fileDigest\":\"文件摘要(MD5)\",\"fileLastTime\":\"文件最后更新时间\"}]}}}}','系统服务','2018-11-02 15:57:23','2018-11-02 15:57:23'),(138,'device003','{\"header\":{\"createTime\":\"时间戳\",\"messageType\":\"DeviceRegistrationReply\",\"wasNeedReply\":\"no\"},\"body\":{\"deviceUid\":\"device003\",\"returnCode\":\"-1\"}}','{\"header\":{\"createTime\":1541145439319,\"messageType\":\"Regist\",\"wasNeedReply\":\"yes \"},\"body\":{\"registMainInfo\":{\"deviceUid\":\"device003\",\"deviceCode\":\"0102zl003\",\"stationCode\":\"0102\",\"deviceStatus\":\"INSERVICE\"},\"deviceDescription\":{\"identifier\":{\"HWID\":\"FDSFDSFDSFXDFsdrfe2432fessdfds\"},\"location\":{\"cityCode\":\"01\",\"lineCode\":\"01\",\"stationCode\":\"02\",\"localPosition\":\"西北角\",\"GPSLocation\":\"90 63 62 15\"},\"config\":{\"deviceCode\":\"设备编号\",\"deviceType\":\"设备类型\",\"deviceSubType\":\"设备子类型\",\"deviceSettings\":null},\"HWComponent\":{\"HWName\":\"英文缩写名称\",\"HWID\":\"硬件编号\",\"HWStatus\":\"是否安装，是否正常\",\"HWStatusCode\":\"预留\",\"HWSettings\":\"预留\",\"subComponentList\":null},\"SWComponent\":{\"SWName\":\"英文缩写名称\",\"SWID\":\"组件编号\",\"SWType\":\"英文缩写类型\",\"basePath\":\"组件安装路径\",\"componentFile\":{\"fileCategory\":\"文件类型\",\"filePath\":\"文件所在路径\",\"fileName\":\"文件名称\",\"fileFormat\":\"文件格式\",\"fileVersionNumber\":\"文件版本号\",\"fileSize\":\"文件大小(Byte)\",\"fileDigest\":\"文件摘要(MD5)\",\"fileLastTime\":\"文件最后更新时间\"},\"componentFileList\":[{\"fileCategory\":\"文件类型\",\"filePath\":\"文件所在路径\",\"fileName\":\"文件名称\",\"fileFormat\":\"文件格式\",\"fileVersionNumber\":\"文件版本号\",\"fileSize\":\"文件大小(Byte)\",\"fileDigest\":\"文件摘要(MD5)\",\"fileLastTime\":\"文件最后更新时间\"}]}}}}','系统服务','2018-11-02 15:57:23','2018-11-02 15:57:23'),(139,'device004','{\"header\":{\"createTime\":\"时间戳\",\"messageType\":\"DeviceRegistrationReply\",\"wasNeedReply\":\"no\"},\"body\":{\"deviceUid\":\"device004\",\"returnCode\":\"-1\"}}','{\"header\":{\"createTime\":1541145439507,\"messageType\":\"Regist\",\"wasNeedReply\":\"yes \"},\"body\":{\"registMainInfo\":{\"deviceUid\":\"device004\",\"deviceCode\":\"0102zl004\",\"stationCode\":\"0102\",\"deviceStatus\":\"INSERVICE\"},\"deviceDescription\":{\"identifier\":{\"HWID\":\"FDSFDSFDSFXDFsdrfe2432fessdfds\"},\"location\":{\"cityCode\":\"01\",\"lineCode\":\"01\",\"stationCode\":\"02\",\"localPosition\":\"西北角\",\"GPSLocation\":\"90 63 62 15\"},\"config\":{\"deviceCode\":\"设备编号\",\"deviceType\":\"设备类型\",\"deviceSubType\":\"设备子类型\",\"deviceSettings\":null},\"HWComponent\":{\"HWName\":\"英文缩写名称\",\"HWID\":\"硬件编号\",\"HWStatus\":\"是否安装，是否正常\",\"HWStatusCode\":\"预留\",\"HWSettings\":\"预留\",\"subComponentList\":null},\"SWComponent\":{\"SWName\":\"英文缩写名称\",\"SWID\":\"组件编号\",\"SWType\":\"英文缩写类型\",\"basePath\":\"组件安装路径\",\"componentFile\":{\"fileCategory\":\"文件类型\",\"filePath\":\"文件所在路径\",\"fileName\":\"文件名称\",\"fileFormat\":\"文件格式\",\"fileVersionNumber\":\"文件版本号\",\"fileSize\":\"文件大小(Byte)\",\"fileDigest\":\"文件摘要(MD5)\",\"fileLastTime\":\"文件最后更新时间\"},\"componentFileList\":[{\"fileCategory\":\"文件类型\",\"filePath\":\"文件所在路径\",\"fileName\":\"文件名称\",\"fileFormat\":\"文件格式\",\"fileVersionNumber\":\"文件版本号\",\"fileSize\":\"文件大小(Byte)\",\"fileDigest\":\"文件摘要(MD5)\",\"fileLastTime\":\"文件最后更新时间\"}]}}}}','系统服务','2018-11-02 15:57:23','2018-11-02 15:57:23'),(140,'111','{\"header\":{\"createTime\":\"时间戳\",\"messageType\":\"DeviceRegistrationReply\",\"wasNeedReply\":\"no\"},\"body\":{\"deviceUid\":\"111\",\"returnCode\":\"-1\"}}','{\"header\":{\"createTime\":1541145439647,\"messageType\":\"Regist\",\"wasNeedReply\":\"yes \"},\"body\":{\"registMainInfo\":{\"deviceUid\":\"111\",\"deviceCode\":\"111\",\"stationCode\":\"111\",\"deviceStatus\":\"INSERVICE\"},\"deviceDescription\":{\"identifier\":{\"HWID\":\"FDSFDSFDSFXDFsdrfe2432fessdfds\"},\"location\":{\"cityCode\":\"01\",\"lineCode\":\"01\",\"stationCode\":\"02\",\"localPosition\":\"西北角\",\"GPSLocation\":\"90 63 62 15\"},\"config\":{\"deviceCode\":\"设备编号\",\"deviceType\":\"设备类型\",\"deviceSubType\":\"设备子类型\",\"deviceSettings\":null},\"HWComponent\":{\"HWName\":\"英文缩写名称\",\"HWID\":\"硬件编号\",\"HWStatus\":\"是否安装，是否正常\",\"HWStatusCode\":\"预留\",\"HWSettings\":\"预留\",\"subComponentList\":null},\"SWComponent\":{\"SWName\":\"英文缩写名称\",\"SWID\":\"组件编号\",\"SWType\":\"英文缩写类型\",\"basePath\":\"组件安装路径\",\"componentFile\":{\"fileCategory\":\"文件类型\",\"filePath\":\"文件所在路径\",\"fileName\":\"文件名称\",\"fileFormat\":\"文件格式\",\"fileVersionNumber\":\"文件版本号\",\"fileSize\":\"文件大小(Byte)\",\"fileDigest\":\"文件摘要(MD5)\",\"fileLastTime\":\"文件最后更新时间\"},\"componentFileList\":[{\"fileCategory\":\"文件类型\",\"filePath\":\"文件所在路径\",\"fileName\":\"文件名称\",\"fileFormat\":\"文件格式\",\"fileVersionNumber\":\"文件版本号\",\"fileSize\":\"文件大小(Byte)\",\"fileDigest\":\"文件摘要(MD5)\",\"fileLastTime\":\"文件最后更新时间\"}]}}}}','系统服务','2018-11-02 15:57:24','2018-11-02 15:57:24'),(141,'112','{\"header\":{\"createTime\":\"时间戳\",\"messageType\":\"DeviceRegistrationReply\",\"wasNeedReply\":\"no\"},\"body\":{\"deviceUid\":\"112\",\"returnCode\":\"-1\"}}','{\"header\":{\"createTime\":1541145439788,\"messageType\":\"Regist\",\"wasNeedReply\":\"yes \"},\"body\":{\"registMainInfo\":{\"deviceUid\":\"112\",\"deviceCode\":\"112\",\"stationCode\":\"112\",\"deviceStatus\":\"INSERVICE\"},\"deviceDescription\":{\"identifier\":{\"HWID\":\"FDSFDSFDSFXDFsdrfe2432fessdfds\"},\"location\":{\"cityCode\":\"01\",\"lineCode\":\"01\",\"stationCode\":\"02\",\"localPosition\":\"西北角\",\"GPSLocation\":\"90 63 62 15\"},\"config\":{\"deviceCode\":\"设备编号\",\"deviceType\":\"设备类型\",\"deviceSubType\":\"设备子类型\",\"deviceSettings\":null},\"HWComponent\":{\"HWName\":\"英文缩写名称\",\"HWID\":\"硬件编号\",\"HWStatus\":\"是否安装，是否正常\",\"HWStatusCode\":\"预留\",\"HWSettings\":\"预留\",\"subComponentList\":null},\"SWComponent\":{\"SWName\":\"英文缩写名称\",\"SWID\":\"组件编号\",\"SWType\":\"英文缩写类型\",\"basePath\":\"组件安装路径\",\"componentFile\":{\"fileCategory\":\"文件类型\",\"filePath\":\"文件所在路径\",\"fileName\":\"文件名称\",\"fileFormat\":\"文件格式\",\"fileVersionNumber\":\"文件版本号\",\"fileSize\":\"文件大小(Byte)\",\"fileDigest\":\"文件摘要(MD5)\",\"fileLastTime\":\"文件最后更新时间\"},\"componentFileList\":[{\"fileCategory\":\"文件类型\",\"filePath\":\"文件所在路径\",\"fileName\":\"文件名称\",\"fileFormat\":\"文件格式\",\"fileVersionNumber\":\"文件版本号\",\"fileSize\":\"文件大小(Byte)\",\"fileDigest\":\"文件摘要(MD5)\",\"fileLastTime\":\"文件最后更新时间\"}]}}}}','系统服务','2018-11-02 15:57:24','2018-11-02 15:57:24'),(142,'113','{\"header\":{\"createTime\":\"时间戳\",\"messageType\":\"DeviceRegistrationReply\",\"wasNeedReply\":\"no\"},\"body\":{\"deviceUid\":\"113\",\"returnCode\":\"-1\"}}','{\"header\":{\"createTime\":1541145439975,\"messageType\":\"Regist\",\"wasNeedReply\":\"yes \"},\"body\":{\"registMainInfo\":{\"deviceUid\":\"113\",\"deviceCode\":\"113\",\"stationCode\":\"113\",\"deviceStatus\":\"INSERVICE\"},\"deviceDescription\":{\"identifier\":{\"HWID\":\"FDSFDSFDSFXDFsdrfe2432fessdfds\"},\"location\":{\"cityCode\":\"01\",\"lineCode\":\"01\",\"stationCode\":\"02\",\"localPosition\":\"西北角\",\"GPSLocation\":\"90 63 62 15\"},\"config\":{\"deviceCode\":\"设备编号\",\"deviceType\":\"设备类型\",\"deviceSubType\":\"设备子类型\",\"deviceSettings\":null},\"HWComponent\":{\"HWName\":\"英文缩写名称\",\"HWID\":\"硬件编号\",\"HWStatus\":\"是否安装，是否正常\",\"HWStatusCode\":\"预留\",\"HWSettings\":\"预留\",\"subComponentList\":null},\"SWComponent\":{\"SWName\":\"英文缩写名称\",\"SWID\":\"组件编号\",\"SWType\":\"英文缩写类型\",\"basePath\":\"组件安装路径\",\"componentFile\":{\"fileCategory\":\"文件类型\",\"filePath\":\"文件所在路径\",\"fileName\":\"文件名称\",\"fileFormat\":\"文件格式\",\"fileVersionNumber\":\"文件版本号\",\"fileSize\":\"文件大小(Byte)\",\"fileDigest\":\"文件摘要(MD5)\",\"fileLastTime\":\"文件最后更新时间\"},\"componentFileList\":[{\"fileCategory\":\"文件类型\",\"filePath\":\"文件所在路径\",\"fileName\":\"文件名称\",\"fileFormat\":\"文件格式\",\"fileVersionNumber\":\"文件版本号\",\"fileSize\":\"文件大小(Byte)\",\"fileDigest\":\"文件摘要(MD5)\",\"fileLastTime\":\"文件最后更新时间\"}]}}}}','系统服务','2018-11-02 15:57:24','2018-11-02 15:57:24'),(143,'device005','{\"header\":{\"createTime\":\"时间戳\",\"messageType\":\"DeviceRegistrationReply\",\"wasNeedReply\":\"no\"},\"body\":{\"deviceUid\":\"device005\",\"returnCode\":\"0\",\"fileServerConfig\":{\"serverName\":\"服务器名字\",\"serverProtocol\":\"默认。其他待定\",\"serverAddress\":\"IP地址或域名\",\"serverPort\":\"端口号\",\"serverHomePath\":\"用户根目录\",\"authorization\":\"使用 username:password形式。其他待定\",\"serverSettings\":\"预留\"}}}','{\"header\":{\"createTime\":1541145638707,\"messageType\":\"Regist\",\"wasNeedReply\":\"yes \"},\"body\":{\"registMainInfo\":{\"deviceUid\":\"device005\",\"deviceCode\":\"0102zl005\",\"stationCode\":\"0102\",\"deviceStatus\":\"INSERVICE\"},\"deviceDescription\":{\"identifier\":{\"HWID\":\"FDSFDSFDSFXDFsdrfe2432fessdfds\"},\"location\":{\"cityCode\":\"01\",\"lineCode\":\"01\",\"stationCode\":\"02\",\"localPosition\":\"西北角\",\"GPSLocation\":\"90 63 62 15\"},\"config\":{\"deviceCode\":\"设备编号\",\"deviceType\":\"设备类型\",\"deviceSubType\":\"设备子类型\",\"deviceSettings\":null},\"HWComponent\":{\"HWName\":\"英文缩写名称\",\"HWID\":\"硬件编号\",\"HWStatus\":\"是否安装，是否正常\",\"HWStatusCode\":\"预留\",\"HWSettings\":\"预留\",\"subComponentList\":null},\"SWComponent\":{\"SWName\":\"英文缩写名称\",\"SWID\":\"组件编号\",\"SWType\":\"英文缩写类型\",\"basePath\":\"组件安装路径\",\"componentFile\":{\"fileCategory\":\"文件类型\",\"filePath\":\"文件所在路径\",\"fileName\":\"文件名称\",\"fileFormat\":\"文件格式\",\"fileVersionNumber\":\"文件版本号\",\"fileSize\":\"文件大小(Byte)\",\"fileDigest\":\"文件摘要(MD5)\",\"fileLastTime\":\"文件最后更新时间\"},\"componentFileList\":[{\"fileCategory\":\"文件类型\",\"filePath\":\"文件所在路径\",\"fileName\":\"文件名称\",\"fileFormat\":\"文件格式\",\"fileVersionNumber\":\"文件版本号\",\"fileSize\":\"文件大小(Byte)\",\"fileDigest\":\"文件摘要(MD5)\",\"fileLastTime\":\"文件最后更新时间\"}]}}}}','系统服务','2018-11-02 16:00:46','2018-11-02 16:00:46'),(144,'device002','{\"header\":{\"createTime\":\"时间戳\",\"messageType\":\"DeviceRegistrationReply\",\"wasNeedReply\":\"no\"},\"body\":{\"deviceUid\":\"device002\",\"returnCode\":\"0\",\"fileServerConfig\":{\"serverName\":\"服务器名字\",\"serverProtocol\":\"默认。其他待定\",\"serverAddress\":\"IP地址或域名\",\"serverPort\":\"端口号\",\"serverHomePath\":\"用户根目录\",\"authorization\":\"使用 username:password形式。其他待定\",\"serverSettings\":\"预留\"}}}','{\"header\":{\"createTime\":1541145638925,\"messageType\":\"Regist\",\"wasNeedReply\":\"yes \"},\"body\":{\"registMainInfo\":{\"deviceUid\":\"device002\",\"deviceCode\":\"0102zl002\",\"stationCode\":\"0102\",\"deviceStatus\":\"INSERVICE\"},\"deviceDescription\":{\"identifier\":{\"HWID\":\"FDSFDSFDSFXDFsdrfe2432fessdfds\"},\"location\":{\"cityCode\":\"01\",\"lineCode\":\"01\",\"stationCode\":\"02\",\"localPosition\":\"西北角\",\"GPSLocation\":\"90 63 62 15\"},\"config\":{\"deviceCode\":\"设备编号\",\"deviceType\":\"设备类型\",\"deviceSubType\":\"设备子类型\",\"deviceSettings\":null},\"HWComponent\":{\"HWName\":\"英文缩写名称\",\"HWID\":\"硬件编号\",\"HWStatus\":\"是否安装，是否正常\",\"HWStatusCode\":\"预留\",\"HWSettings\":\"预留\",\"subComponentList\":null},\"SWComponent\":{\"SWName\":\"英文缩写名称\",\"SWID\":\"组件编号\",\"SWType\":\"英文缩写类型\",\"basePath\":\"组件安装路径\",\"componentFile\":{\"fileCategory\":\"文件类型\",\"filePath\":\"文件所在路径\",\"fileName\":\"文件名称\",\"fileFormat\":\"文件格式\",\"fileVersionNumber\":\"文件版本号\",\"fileSize\":\"文件大小(Byte)\",\"fileDigest\":\"文件摘要(MD5)\",\"fileLastTime\":\"文件最后更新时间\"},\"componentFileList\":[{\"fileCategory\":\"文件类型\",\"filePath\":\"文件所在路径\",\"fileName\":\"文件名称\",\"fileFormat\":\"文件格式\",\"fileVersionNumber\":\"文件版本号\",\"fileSize\":\"文件大小(Byte)\",\"fileDigest\":\"文件摘要(MD5)\",\"fileLastTime\":\"文件最后更新时间\"}]}}}}','系统服务','2018-11-02 16:00:46','2018-11-02 16:00:46'),(145,'device003','{\"header\":{\"createTime\":\"时间戳\",\"messageType\":\"DeviceRegistrationReply\",\"wasNeedReply\":\"no\"},\"body\":{\"deviceUid\":\"device003\",\"returnCode\":\"-1\"}}','{\"header\":{\"createTime\":1541145639019,\"messageType\":\"Regist\",\"wasNeedReply\":\"yes \"},\"body\":{\"registMainInfo\":{\"deviceUid\":\"device003\",\"deviceCode\":\"0102zl003\",\"stationCode\":\"0102\",\"deviceStatus\":\"INSERVICE\"},\"deviceDescription\":{\"identifier\":{\"HWID\":\"FDSFDSFDSFXDFsdrfe2432fessdfds\"},\"location\":{\"cityCode\":\"01\",\"lineCode\":\"01\",\"stationCode\":\"02\",\"localPosition\":\"西北角\",\"GPSLocation\":\"90 63 62 15\"},\"config\":{\"deviceCode\":\"设备编号\",\"deviceType\":\"设备类型\",\"deviceSubType\":\"设备子类型\",\"deviceSettings\":null},\"HWComponent\":{\"HWName\":\"英文缩写名称\",\"HWID\":\"硬件编号\",\"HWStatus\":\"是否安装，是否正常\",\"HWStatusCode\":\"预留\",\"HWSettings\":\"预留\",\"subComponentList\":null},\"SWComponent\":{\"SWName\":\"英文缩写名称\",\"SWID\":\"组件编号\",\"SWType\":\"英文缩写类型\",\"basePath\":\"组件安装路径\",\"componentFile\":{\"fileCategory\":\"文件类型\",\"filePath\":\"文件所在路径\",\"fileName\":\"文件名称\",\"fileFormat\":\"文件格式\",\"fileVersionNumber\":\"文件版本号\",\"fileSize\":\"文件大小(Byte)\",\"fileDigest\":\"文件摘要(MD5)\",\"fileLastTime\":\"文件最后更新时间\"},\"componentFileList\":[{\"fileCategory\":\"文件类型\",\"filePath\":\"文件所在路径\",\"fileName\":\"文件名称\",\"fileFormat\":\"文件格式\",\"fileVersionNumber\":\"文件版本号\",\"fileSize\":\"文件大小(Byte)\",\"fileDigest\":\"文件摘要(MD5)\",\"fileLastTime\":\"文件最后更新时间\"}]}}}}','系统服务','2018-11-02 16:00:46','2018-11-02 16:00:46'),(146,'device004','{\"header\":{\"createTime\":\"时间戳\",\"messageType\":\"DeviceRegistrationReply\",\"wasNeedReply\":\"no\"},\"body\":{\"deviceUid\":\"device004\",\"returnCode\":\"-1\"}}','{\"header\":{\"createTime\":1541145639113,\"messageType\":\"Regist\",\"wasNeedReply\":\"yes \"},\"body\":{\"registMainInfo\":{\"deviceUid\":\"device004\",\"deviceCode\":\"0102zl004\",\"stationCode\":\"0102\",\"deviceStatus\":\"INSERVICE\"},\"deviceDescription\":{\"identifier\":{\"HWID\":\"FDSFDSFDSFXDFsdrfe2432fessdfds\"},\"location\":{\"cityCode\":\"01\",\"lineCode\":\"01\",\"stationCode\":\"02\",\"localPosition\":\"西北角\",\"GPSLocation\":\"90 63 62 15\"},\"config\":{\"deviceCode\":\"设备编号\",\"deviceType\":\"设备类型\",\"deviceSubType\":\"设备子类型\",\"deviceSettings\":null},\"HWComponent\":{\"HWName\":\"英文缩写名称\",\"HWID\":\"硬件编号\",\"HWStatus\":\"是否安装，是否正常\",\"HWStatusCode\":\"预留\",\"HWSettings\":\"预留\",\"subComponentList\":null},\"SWComponent\":{\"SWName\":\"英文缩写名称\",\"SWID\":\"组件编号\",\"SWType\":\"英文缩写类型\",\"basePath\":\"组件安装路径\",\"componentFile\":{\"fileCategory\":\"文件类型\",\"filePath\":\"文件所在路径\",\"fileName\":\"文件名称\",\"fileFormat\":\"文件格式\",\"fileVersionNumber\":\"文件版本号\",\"fileSize\":\"文件大小(Byte)\",\"fileDigest\":\"文件摘要(MD5)\",\"fileLastTime\":\"文件最后更新时间\"},\"componentFileList\":[{\"fileCategory\":\"文件类型\",\"filePath\":\"文件所在路径\",\"fileName\":\"文件名称\",\"fileFormat\":\"文件格式\",\"fileVersionNumber\":\"文件版本号\",\"fileSize\":\"文件大小(Byte)\",\"fileDigest\":\"文件摘要(MD5)\",\"fileLastTime\":\"文件最后更新时间\"}]}}}}','系统服务','2018-11-02 16:00:46','2018-11-02 16:00:46'),(147,'111','{\"header\":{\"createTime\":\"时间戳\",\"messageType\":\"DeviceRegistrationReply\",\"wasNeedReply\":\"no\"},\"body\":{\"deviceUid\":\"111\",\"returnCode\":\"-1\"}}','{\"header\":{\"createTime\":1541145639378,\"messageType\":\"Regist\",\"wasNeedReply\":\"yes \"},\"body\":{\"registMainInfo\":{\"deviceUid\":\"111\",\"deviceCode\":\"111\",\"stationCode\":\"111\",\"deviceStatus\":\"INSERVICE\"},\"deviceDescription\":{\"identifier\":{\"HWID\":\"FDSFDSFDSFXDFsdrfe2432fessdfds\"},\"location\":{\"cityCode\":\"01\",\"lineCode\":\"01\",\"stationCode\":\"02\",\"localPosition\":\"西北角\",\"GPSLocation\":\"90 63 62 15\"},\"config\":{\"deviceCode\":\"设备编号\",\"deviceType\":\"设备类型\",\"deviceSubType\":\"设备子类型\",\"deviceSettings\":null},\"HWComponent\":{\"HWName\":\"英文缩写名称\",\"HWID\":\"硬件编号\",\"HWStatus\":\"是否安装，是否正常\",\"HWStatusCode\":\"预留\",\"HWSettings\":\"预留\",\"subComponentList\":null},\"SWComponent\":{\"SWName\":\"英文缩写名称\",\"SWID\":\"组件编号\",\"SWType\":\"英文缩写类型\",\"basePath\":\"组件安装路径\",\"componentFile\":{\"fileCategory\":\"文件类型\",\"filePath\":\"文件所在路径\",\"fileName\":\"文件名称\",\"fileFormat\":\"文件格式\",\"fileVersionNumber\":\"文件版本号\",\"fileSize\":\"文件大小(Byte)\",\"fileDigest\":\"文件摘要(MD5)\",\"fileLastTime\":\"文件最后更新时间\"},\"componentFileList\":[{\"fileCategory\":\"文件类型\",\"filePath\":\"文件所在路径\",\"fileName\":\"文件名称\",\"fileFormat\":\"文件格式\",\"fileVersionNumber\":\"文件版本号\",\"fileSize\":\"文件大小(Byte)\",\"fileDigest\":\"文件摘要(MD5)\",\"fileLastTime\":\"文件最后更新时间\"}]}}}}','系统服务','2018-11-02 16:00:46','2018-11-02 16:00:46'),(148,'112','{\"header\":{\"createTime\":\"时间戳\",\"messageType\":\"DeviceRegistrationReply\",\"wasNeedReply\":\"no\"},\"body\":{\"deviceUid\":\"112\",\"returnCode\":\"-1\"}}','{\"header\":{\"createTime\":1541145639519,\"messageType\":\"Regist\",\"wasNeedReply\":\"yes \"},\"body\":{\"registMainInfo\":{\"deviceUid\":\"112\",\"deviceCode\":\"112\",\"stationCode\":\"112\",\"deviceStatus\":\"INSERVICE\"},\"deviceDescription\":{\"identifier\":{\"HWID\":\"FDSFDSFDSFXDFsdrfe2432fessdfds\"},\"location\":{\"cityCode\":\"01\",\"lineCode\":\"01\",\"stationCode\":\"02\",\"localPosition\":\"西北角\",\"GPSLocation\":\"90 63 62 15\"},\"config\":{\"deviceCode\":\"设备编号\",\"deviceType\":\"设备类型\",\"deviceSubType\":\"设备子类型\",\"deviceSettings\":null},\"HWComponent\":{\"HWName\":\"英文缩写名称\",\"HWID\":\"硬件编号\",\"HWStatus\":\"是否安装，是否正常\",\"HWStatusCode\":\"预留\",\"HWSettings\":\"预留\",\"subComponentList\":null},\"SWComponent\":{\"SWName\":\"英文缩写名称\",\"SWID\":\"组件编号\",\"SWType\":\"英文缩写类型\",\"basePath\":\"组件安装路径\",\"componentFile\":{\"fileCategory\":\"文件类型\",\"filePath\":\"文件所在路径\",\"fileName\":\"文件名称\",\"fileFormat\":\"文件格式\",\"fileVersionNumber\":\"文件版本号\",\"fileSize\":\"文件大小(Byte)\",\"fileDigest\":\"文件摘要(MD5)\",\"fileLastTime\":\"文件最后更新时间\"},\"componentFileList\":[{\"fileCategory\":\"文件类型\",\"filePath\":\"文件所在路径\",\"fileName\":\"文件名称\",\"fileFormat\":\"文件格式\",\"fileVersionNumber\":\"文件版本号\",\"fileSize\":\"文件大小(Byte)\",\"fileDigest\":\"文件摘要(MD5)\",\"fileLastTime\":\"文件最后更新时间\"}]}}}}','系统服务','2018-11-02 16:00:46','2018-11-02 16:00:46'),(149,'113','{\"header\":{\"createTime\":\"时间戳\",\"messageType\":\"DeviceRegistrationReply\",\"wasNeedReply\":\"no\"},\"body\":{\"deviceUid\":\"113\",\"returnCode\":\"-1\"}}','{\"header\":{\"createTime\":1541145639597,\"messageType\":\"Regist\",\"wasNeedReply\":\"yes \"},\"body\":{\"registMainInfo\":{\"deviceUid\":\"113\",\"deviceCode\":\"113\",\"stationCode\":\"113\",\"deviceStatus\":\"INSERVICE\"},\"deviceDescription\":{\"identifier\":{\"HWID\":\"FDSFDSFDSFXDFsdrfe2432fessdfds\"},\"location\":{\"cityCode\":\"01\",\"lineCode\":\"01\",\"stationCode\":\"02\",\"localPosition\":\"西北角\",\"GPSLocation\":\"90 63 62 15\"},\"config\":{\"deviceCode\":\"设备编号\",\"deviceType\":\"设备类型\",\"deviceSubType\":\"设备子类型\",\"deviceSettings\":null},\"HWComponent\":{\"HWName\":\"英文缩写名称\",\"HWID\":\"硬件编号\",\"HWStatus\":\"是否安装，是否正常\",\"HWStatusCode\":\"预留\",\"HWSettings\":\"预留\",\"subComponentList\":null},\"SWComponent\":{\"SWName\":\"英文缩写名称\",\"SWID\":\"组件编号\",\"SWType\":\"英文缩写类型\",\"basePath\":\"组件安装路径\",\"componentFile\":{\"fileCategory\":\"文件类型\",\"filePath\":\"文件所在路径\",\"fileName\":\"文件名称\",\"fileFormat\":\"文件格式\",\"fileVersionNumber\":\"文件版本号\",\"fileSize\":\"文件大小(Byte)\",\"fileDigest\":\"文件摘要(MD5)\",\"fileLastTime\":\"文件最后更新时间\"},\"componentFileList\":[{\"fileCategory\":\"文件类型\",\"filePath\":\"文件所在路径\",\"fileName\":\"文件名称\",\"fileFormat\":\"文件格式\",\"fileVersionNumber\":\"文件版本号\",\"fileSize\":\"文件大小(Byte)\",\"fileDigest\":\"文件摘要(MD5)\",\"fileLastTime\":\"文件最后更新时间\"}]}}}}','系统服务','2018-11-02 16:00:46','2018-11-02 16:00:46'),(150,'device005','{\"header\":{\"createTime\":\"时间戳\",\"messageType\":\"DeviceRegistrationReply\",\"wasNeedReply\":\"no\"},\"body\":{\"deviceUid\":\"device005\",\"returnCode\":\"0\",\"fileServerConfig\":{\"serverName\":\"服务器名字\",\"serverProtocol\":\"默认。其他待定\",\"serverAddress\":\"IP地址或域名\",\"serverPort\":\"端口号\",\"serverHomePath\":\"用户根目录\",\"authorization\":\"使用 username:password形式。其他待定\",\"serverSettings\":\"预留\"}}}','{\"header\":{\"createTime\":1541145762598,\"messageType\":\"Regist\",\"wasNeedReply\":\"yes \"},\"body\":{\"registMainInfo\":{\"deviceUid\":\"device005\",\"deviceCode\":\"0102zl005\",\"stationCode\":\"0102\",\"deviceStatus\":\"INSERVICE\"},\"deviceDescription\":{\"identifier\":{\"HWID\":\"FDSFDSFDSFXDFsdrfe2432fessdfds\"},\"location\":{\"cityCode\":\"01\",\"lineCode\":\"01\",\"stationCode\":\"02\",\"localPosition\":\"西北角\",\"GPSLocation\":\"90 63 62 15\"},\"config\":{\"deviceCode\":\"设备编号\",\"deviceType\":\"设备类型\",\"deviceSubType\":\"设备子类型\",\"deviceSettings\":null},\"HWComponent\":{\"HWName\":\"英文缩写名称\",\"HWID\":\"硬件编号\",\"HWStatus\":\"是否安装，是否正常\",\"HWStatusCode\":\"预留\",\"HWSettings\":\"预留\",\"subComponentList\":null},\"SWComponent\":{\"SWName\":\"英文缩写名称\",\"SWID\":\"组件编号\",\"SWType\":\"英文缩写类型\",\"basePath\":\"组件安装路径\",\"componentFile\":{\"fileCategory\":\"文件类型\",\"filePath\":\"文件所在路径\",\"fileName\":\"文件名称\",\"fileFormat\":\"文件格式\",\"fileVersionNumber\":\"文件版本号\",\"fileSize\":\"文件大小(Byte)\",\"fileDigest\":\"文件摘要(MD5)\",\"fileLastTime\":\"文件最后更新时间\"},\"componentFileList\":[{\"fileCategory\":\"文件类型\",\"filePath\":\"文件所在路径\",\"fileName\":\"文件名称\",\"fileFormat\":\"文件格式\",\"fileVersionNumber\":\"文件版本号\",\"fileSize\":\"文件大小(Byte)\",\"fileDigest\":\"文件摘要(MD5)\",\"fileLastTime\":\"文件最后更新时间\"}]}}}}','系统服务','2018-11-02 16:02:44','2018-11-02 16:02:44'),(151,'device002','{\"header\":{\"createTime\":\"时间戳\",\"messageType\":\"DeviceRegistrationReply\",\"wasNeedReply\":\"no\"},\"body\":{\"deviceUid\":\"device002\",\"returnCode\":\"0\",\"fileServerConfig\":{\"serverName\":\"服务器名字\",\"serverProtocol\":\"默认。其他待定\",\"serverAddress\":\"IP地址或域名\",\"serverPort\":\"端口号\",\"serverHomePath\":\"用户根目录\",\"authorization\":\"使用 username:password形式。其他待定\",\"serverSettings\":\"预留\"}}}','{\"header\":{\"createTime\":1541145762723,\"messageType\":\"Regist\",\"wasNeedReply\":\"yes \"},\"body\":{\"registMainInfo\":{\"deviceUid\":\"device002\",\"deviceCode\":\"0102zl002\",\"stationCode\":\"0102\",\"deviceStatus\":\"INSERVICE\"},\"deviceDescription\":{\"identifier\":{\"HWID\":\"FDSFDSFDSFXDFsdrfe2432fessdfds\"},\"location\":{\"cityCode\":\"01\",\"lineCode\":\"01\",\"stationCode\":\"02\",\"localPosition\":\"西北角\",\"GPSLocation\":\"90 63 62 15\"},\"config\":{\"deviceCode\":\"设备编号\",\"deviceType\":\"设备类型\",\"deviceSubType\":\"设备子类型\",\"deviceSettings\":null},\"HWComponent\":{\"HWName\":\"英文缩写名称\",\"HWID\":\"硬件编号\",\"HWStatus\":\"是否安装，是否正常\",\"HWStatusCode\":\"预留\",\"HWSettings\":\"预留\",\"subComponentList\":null},\"SWComponent\":{\"SWName\":\"英文缩写名称\",\"SWID\":\"组件编号\",\"SWType\":\"英文缩写类型\",\"basePath\":\"组件安装路径\",\"componentFile\":{\"fileCategory\":\"文件类型\",\"filePath\":\"文件所在路径\",\"fileName\":\"文件名称\",\"fileFormat\":\"文件格式\",\"fileVersionNumber\":\"文件版本号\",\"fileSize\":\"文件大小(Byte)\",\"fileDigest\":\"文件摘要(MD5)\",\"fileLastTime\":\"文件最后更新时间\"},\"componentFileList\":[{\"fileCategory\":\"文件类型\",\"filePath\":\"文件所在路径\",\"fileName\":\"文件名称\",\"fileFormat\":\"文件格式\",\"fileVersionNumber\":\"文件版本号\",\"fileSize\":\"文件大小(Byte)\",\"fileDigest\":\"文件摘要(MD5)\",\"fileLastTime\":\"文件最后更新时间\"}]}}}}','系统服务','2018-11-02 16:02:44','2018-11-02 16:02:44'),(152,'device003','{\"header\":{\"createTime\":\"时间戳\",\"messageType\":\"DeviceRegistrationReply\",\"wasNeedReply\":\"no\"},\"body\":{\"deviceUid\":\"device003\",\"returnCode\":\"-1\"}}','{\"header\":{\"createTime\":1541145762832,\"messageType\":\"Regist\",\"wasNeedReply\":\"yes \"},\"body\":{\"registMainInfo\":{\"deviceUid\":\"device003\",\"deviceCode\":\"0102zl003\",\"stationCode\":\"0102\",\"deviceStatus\":\"INSERVICE\"},\"deviceDescription\":{\"identifier\":{\"HWID\":\"FDSFDSFDSFXDFsdrfe2432fessdfds\"},\"location\":{\"cityCode\":\"01\",\"lineCode\":\"01\",\"stationCode\":\"02\",\"localPosition\":\"西北角\",\"GPSLocation\":\"90 63 62 15\"},\"config\":{\"deviceCode\":\"设备编号\",\"deviceType\":\"设备类型\",\"deviceSubType\":\"设备子类型\",\"deviceSettings\":null},\"HWComponent\":{\"HWName\":\"英文缩写名称\",\"HWID\":\"硬件编号\",\"HWStatus\":\"是否安装，是否正常\",\"HWStatusCode\":\"预留\",\"HWSettings\":\"预留\",\"subComponentList\":null},\"SWComponent\":{\"SWName\":\"英文缩写名称\",\"SWID\":\"组件编号\",\"SWType\":\"英文缩写类型\",\"basePath\":\"组件安装路径\",\"componentFile\":{\"fileCategory\":\"文件类型\",\"filePath\":\"文件所在路径\",\"fileName\":\"文件名称\",\"fileFormat\":\"文件格式\",\"fileVersionNumber\":\"文件版本号\",\"fileSize\":\"文件大小(Byte)\",\"fileDigest\":\"文件摘要(MD5)\",\"fileLastTime\":\"文件最后更新时间\"},\"componentFileList\":[{\"fileCategory\":\"文件类型\",\"filePath\":\"文件所在路径\",\"fileName\":\"文件名称\",\"fileFormat\":\"文件格式\",\"fileVersionNumber\":\"文件版本号\",\"fileSize\":\"文件大小(Byte)\",\"fileDigest\":\"文件摘要(MD5)\",\"fileLastTime\":\"文件最后更新时间\"}]}}}}','系统服务','2018-11-02 16:02:44','2018-11-02 16:02:44'),(153,'device004','{\"header\":{\"createTime\":\"时间戳\",\"messageType\":\"DeviceRegistrationReply\",\"wasNeedReply\":\"no\"},\"body\":{\"deviceUid\":\"device004\",\"returnCode\":\"-1\"}}','{\"header\":{\"createTime\":1541145762928,\"messageType\":\"Regist\",\"wasNeedReply\":\"yes \"},\"body\":{\"registMainInfo\":{\"deviceUid\":\"device004\",\"deviceCode\":\"0102zl004\",\"stationCode\":\"0102\",\"deviceStatus\":\"INSERVICE\"},\"deviceDescription\":{\"identifier\":{\"HWID\":\"FDSFDSFDSFXDFsdrfe2432fessdfds\"},\"location\":{\"cityCode\":\"01\",\"lineCode\":\"01\",\"stationCode\":\"02\",\"localPosition\":\"西北角\",\"GPSLocation\":\"90 63 62 15\"},\"config\":{\"deviceCode\":\"设备编号\",\"deviceType\":\"设备类型\",\"deviceSubType\":\"设备子类型\",\"deviceSettings\":null},\"HWComponent\":{\"HWName\":\"英文缩写名称\",\"HWID\":\"硬件编号\",\"HWStatus\":\"是否安装，是否正常\",\"HWStatusCode\":\"预留\",\"HWSettings\":\"预留\",\"subComponentList\":null},\"SWComponent\":{\"SWName\":\"英文缩写名称\",\"SWID\":\"组件编号\",\"SWType\":\"英文缩写类型\",\"basePath\":\"组件安装路径\",\"componentFile\":{\"fileCategory\":\"文件类型\",\"filePath\":\"文件所在路径\",\"fileName\":\"文件名称\",\"fileFormat\":\"文件格式\",\"fileVersionNumber\":\"文件版本号\",\"fileSize\":\"文件大小(Byte)\",\"fileDigest\":\"文件摘要(MD5)\",\"fileLastTime\":\"文件最后更新时间\"},\"componentFileList\":[{\"fileCategory\":\"文件类型\",\"filePath\":\"文件所在路径\",\"fileName\":\"文件名称\",\"fileFormat\":\"文件格式\",\"fileVersionNumber\":\"文件版本号\",\"fileSize\":\"文件大小(Byte)\",\"fileDigest\":\"文件摘要(MD5)\",\"fileLastTime\":\"文件最后更新时间\"}]}}}}','系统服务','2018-11-02 16:02:44','2018-11-02 16:02:44'),(154,'111','{\"header\":{\"createTime\":\"时间戳\",\"messageType\":\"DeviceRegistrationReply\",\"wasNeedReply\":\"no\"},\"body\":{\"deviceUid\":\"111\",\"returnCode\":\"-1\"}}','{\"header\":{\"createTime\":1541145763073,\"messageType\":\"Regist\",\"wasNeedReply\":\"yes \"},\"body\":{\"registMainInfo\":{\"deviceUid\":\"111\",\"deviceCode\":\"111\",\"stationCode\":\"111\",\"deviceStatus\":\"INSERVICE\"},\"deviceDescription\":{\"identifier\":{\"HWID\":\"FDSFDSFDSFXDFsdrfe2432fessdfds\"},\"location\":{\"cityCode\":\"01\",\"lineCode\":\"01\",\"stationCode\":\"02\",\"localPosition\":\"西北角\",\"GPSLocation\":\"90 63 62 15\"},\"config\":{\"deviceCode\":\"设备编号\",\"deviceType\":\"设备类型\",\"deviceSubType\":\"设备子类型\",\"deviceSettings\":null},\"HWComponent\":{\"HWName\":\"英文缩写名称\",\"HWID\":\"硬件编号\",\"HWStatus\":\"是否安装，是否正常\",\"HWStatusCode\":\"预留\",\"HWSettings\":\"预留\",\"subComponentList\":null},\"SWComponent\":{\"SWName\":\"英文缩写名称\",\"SWID\":\"组件编号\",\"SWType\":\"英文缩写类型\",\"basePath\":\"组件安装路径\",\"componentFile\":{\"fileCategory\":\"文件类型\",\"filePath\":\"文件所在路径\",\"fileName\":\"文件名称\",\"fileFormat\":\"文件格式\",\"fileVersionNumber\":\"文件版本号\",\"fileSize\":\"文件大小(Byte)\",\"fileDigest\":\"文件摘要(MD5)\",\"fileLastTime\":\"文件最后更新时间\"},\"componentFileList\":[{\"fileCategory\":\"文件类型\",\"filePath\":\"文件所在路径\",\"fileName\":\"文件名称\",\"fileFormat\":\"文件格式\",\"fileVersionNumber\":\"文件版本号\",\"fileSize\":\"文件大小(Byte)\",\"fileDigest\":\"文件摘要(MD5)\",\"fileLastTime\":\"文件最后更新时间\"}]}}}}','系统服务','2018-11-02 16:02:44','2018-11-02 16:02:44'),(155,'112','{\"header\":{\"createTime\":\"时间戳\",\"messageType\":\"DeviceRegistrationReply\",\"wasNeedReply\":\"no\"},\"body\":{\"deviceUid\":\"112\",\"returnCode\":\"-1\"}}','{\"header\":{\"createTime\":1541145763166,\"messageType\":\"Regist\",\"wasNeedReply\":\"yes \"},\"body\":{\"registMainInfo\":{\"deviceUid\":\"112\",\"deviceCode\":\"112\",\"stationCode\":\"112\",\"deviceStatus\":\"INSERVICE\"},\"deviceDescription\":{\"identifier\":{\"HWID\":\"FDSFDSFDSFXDFsdrfe2432fessdfds\"},\"location\":{\"cityCode\":\"01\",\"lineCode\":\"01\",\"stationCode\":\"02\",\"localPosition\":\"西北角\",\"GPSLocation\":\"90 63 62 15\"},\"config\":{\"deviceCode\":\"设备编号\",\"deviceType\":\"设备类型\",\"deviceSubType\":\"设备子类型\",\"deviceSettings\":null},\"HWComponent\":{\"HWName\":\"英文缩写名称\",\"HWID\":\"硬件编号\",\"HWStatus\":\"是否安装，是否正常\",\"HWStatusCode\":\"预留\",\"HWSettings\":\"预留\",\"subComponentList\":null},\"SWComponent\":{\"SWName\":\"英文缩写名称\",\"SWID\":\"组件编号\",\"SWType\":\"英文缩写类型\",\"basePath\":\"组件安装路径\",\"componentFile\":{\"fileCategory\":\"文件类型\",\"filePath\":\"文件所在路径\",\"fileName\":\"文件名称\",\"fileFormat\":\"文件格式\",\"fileVersionNumber\":\"文件版本号\",\"fileSize\":\"文件大小(Byte)\",\"fileDigest\":\"文件摘要(MD5)\",\"fileLastTime\":\"文件最后更新时间\"},\"componentFileList\":[{\"fileCategory\":\"文件类型\",\"filePath\":\"文件所在路径\",\"fileName\":\"文件名称\",\"fileFormat\":\"文件格式\",\"fileVersionNumber\":\"文件版本号\",\"fileSize\":\"文件大小(Byte)\",\"fileDigest\":\"文件摘要(MD5)\",\"fileLastTime\":\"文件最后更新时间\"}]}}}}','系统服务','2018-11-02 16:02:44','2018-11-02 16:02:44'),(156,'113','{\"header\":{\"createTime\":\"时间戳\",\"messageType\":\"DeviceRegistrationReply\",\"wasNeedReply\":\"no\"},\"body\":{\"deviceUid\":\"113\",\"returnCode\":\"-1\"}}','{\"header\":{\"createTime\":1541145763276,\"messageType\":\"Regist\",\"wasNeedReply\":\"yes \"},\"body\":{\"registMainInfo\":{\"deviceUid\":\"113\",\"deviceCode\":\"113\",\"stationCode\":\"113\",\"deviceStatus\":\"INSERVICE\"},\"deviceDescription\":{\"identifier\":{\"HWID\":\"FDSFDSFDSFXDFsdrfe2432fessdfds\"},\"location\":{\"cityCode\":\"01\",\"lineCode\":\"01\",\"stationCode\":\"02\",\"localPosition\":\"西北角\",\"GPSLocation\":\"90 63 62 15\"},\"config\":{\"deviceCode\":\"设备编号\",\"deviceType\":\"设备类型\",\"deviceSubType\":\"设备子类型\",\"deviceSettings\":null},\"HWComponent\":{\"HWName\":\"英文缩写名称\",\"HWID\":\"硬件编号\",\"HWStatus\":\"是否安装，是否正常\",\"HWStatusCode\":\"预留\",\"HWSettings\":\"预留\",\"subComponentList\":null},\"SWComponent\":{\"SWName\":\"英文缩写名称\",\"SWID\":\"组件编号\",\"SWType\":\"英文缩写类型\",\"basePath\":\"组件安装路径\",\"componentFile\":{\"fileCategory\":\"文件类型\",\"filePath\":\"文件所在路径\",\"fileName\":\"文件名称\",\"fileFormat\":\"文件格式\",\"fileVersionNumber\":\"文件版本号\",\"fileSize\":\"文件大小(Byte)\",\"fileDigest\":\"文件摘要(MD5)\",\"fileLastTime\":\"文件最后更新时间\"},\"componentFileList\":[{\"fileCategory\":\"文件类型\",\"filePath\":\"文件所在路径\",\"fileName\":\"文件名称\",\"fileFormat\":\"文件格式\",\"fileVersionNumber\":\"文件版本号\",\"fileSize\":\"文件大小(Byte)\",\"fileDigest\":\"文件摘要(MD5)\",\"fileLastTime\":\"文件最后更新时间\"}]}}}}','系统服务','2018-11-02 16:02:44','2018-11-02 16:02:44'),(157,'device005','{\"header\":{\"createTime\":\"时间戳\",\"messageType\":\"DeviceRegistrationReply\",\"wasNeedReply\":\"no\"},\"body\":{\"deviceUid\":\"device005\",\"returnCode\":\"0\",\"fileServerConfig\":{\"serverName\":\"服务器名字\",\"serverProtocol\":\"默认。其他待定\",\"serverAddress\":\"IP地址或域名\",\"serverPort\":\"端口号\",\"serverHomePath\":\"用户根目录\",\"authorization\":\"使用 username:password形式。其他待定\",\"serverSettings\":\"预留\"}}}','{\"header\":{\"createTime\":1541145638707,\"messageType\":\"Regist\",\"wasNeedReply\":\"yes \"},\"body\":{\"registMainInfo\":{\"deviceUid\":\"device005\",\"deviceCode\":\"0102zl005\",\"stationCode\":\"0102\",\"deviceStatus\":\"INSERVICE\"},\"deviceDescription\":{\"identifier\":{\"HWID\":\"FDSFDSFDSFXDFsdrfe2432fessdfds\"},\"location\":{\"cityCode\":\"01\",\"lineCode\":\"01\",\"stationCode\":\"02\",\"localPosition\":\"西北角\",\"GPSLocation\":\"90 63 62 15\"},\"config\":{\"deviceCode\":\"设备编号\",\"deviceType\":\"设备类型\",\"deviceSubType\":\"设备子类型\",\"deviceSettings\":null},\"HWComponent\":{\"HWName\":\"英文缩写名称\",\"HWID\":\"硬件编号\",\"HWStatus\":\"是否安装，是否正常\",\"HWStatusCode\":\"预留\",\"HWSettings\":\"预留\",\"subComponentList\":null},\"SWComponent\":{\"SWName\":\"英文缩写名称\",\"SWID\":\"组件编号\",\"SWType\":\"英文缩写类型\",\"basePath\":\"组件安装路径\",\"componentFile\":{\"fileCategory\":\"文件类型\",\"filePath\":\"文件所在路径\",\"fileName\":\"文件名称\",\"fileFormat\":\"文件格式\",\"fileVersionNumber\":\"文件版本号\",\"fileSize\":\"文件大小(Byte)\",\"fileDigest\":\"文件摘要(MD5)\",\"fileLastTime\":\"文件最后更新时间\"},\"componentFileList\":[{\"fileCategory\":\"文件类型\",\"filePath\":\"文件所在路径\",\"fileName\":\"文件名称\",\"fileFormat\":\"文件格式\",\"fileVersionNumber\":\"文件版本号\",\"fileSize\":\"文件大小(Byte)\",\"fileDigest\":\"文件摘要(MD5)\",\"fileLastTime\":\"文件最后更新时间\"}]}}}}','系统服务','2018-11-02 16:04:06','2018-11-02 16:04:06'),(158,'device005','{\"header\":{\"createTime\":\"时间戳\",\"messageType\":\"DeviceRegistrationReply\",\"wasNeedReply\":\"no\"},\"body\":{\"deviceUid\":\"device005\",\"returnCode\":\"0\",\"fileServerConfig\":{\"serverName\":\"服务器名字\",\"serverProtocol\":\"默认。其他待定\",\"serverAddress\":\"IP地址或域名\",\"serverPort\":\"端口号\",\"serverHomePath\":\"用户根目录\",\"authorization\":\"使用 username:password形式。其他待定\",\"serverSettings\":\"预留\"}}}','{\"header\":{\"createTime\":1541146070826,\"messageType\":\"Regist\",\"wasNeedReply\":\"yes \"},\"body\":{\"registMainInfo\":{\"deviceUid\":\"device005\",\"deviceCode\":\"0102zl005\",\"stationCode\":\"0102\",\"deviceStatus\":\"INSERVICE\"},\"deviceDescription\":{\"identifier\":{\"HWID\":\"FDSFDSFDSFXDFsdrfe2432fessdfds\"},\"location\":{\"cityCode\":\"01\",\"lineCode\":\"01\",\"stationCode\":\"02\",\"localPosition\":\"西北角\",\"GPSLocation\":\"90 63 62 15\"},\"config\":{\"deviceCode\":\"设备编号\",\"deviceType\":\"设备类型\",\"deviceSubType\":\"设备子类型\",\"deviceSettings\":null},\"HWComponent\":{\"HWName\":\"英文缩写名称\",\"HWID\":\"硬件编号\",\"HWStatus\":\"是否安装，是否正常\",\"HWStatusCode\":\"预留\",\"HWSettings\":\"预留\",\"subComponentList\":null},\"SWComponent\":{\"SWName\":\"英文缩写名称\",\"SWID\":\"组件编号\",\"SWType\":\"英文缩写类型\",\"basePath\":\"组件安装路径\",\"componentFile\":{\"fileCategory\":\"文件类型\",\"filePath\":\"文件所在路径\",\"fileName\":\"文件名称\",\"fileFormat\":\"文件格式\",\"fileVersionNumber\":\"文件版本号\",\"fileSize\":\"文件大小(Byte)\",\"fileDigest\":\"文件摘要(MD5)\",\"fileLastTime\":\"文件最后更新时间\"},\"componentFileList\":[{\"fileCategory\":\"文件类型\",\"filePath\":\"文件所在路径\",\"fileName\":\"文件名称\",\"fileFormat\":\"文件格式\",\"fileVersionNumber\":\"文件版本号\",\"fileSize\":\"文件大小(Byte)\",\"fileDigest\":\"文件摘要(MD5)\",\"fileLastTime\":\"文件最后更新时间\"}]}}}}','系统服务','2018-11-02 16:07:55','2018-11-02 16:07:55'),(159,'device002','{\"header\":{\"createTime\":\"时间戳\",\"messageType\":\"DeviceRegistrationReply\",\"wasNeedReply\":\"no\"},\"body\":{\"deviceUid\":\"device002\",\"returnCode\":\"0\",\"fileServerConfig\":{\"serverName\":\"服务器名字\",\"serverProtocol\":\"默认。其他待定\",\"serverAddress\":\"IP地址或域名\",\"serverPort\":\"端口号\",\"serverHomePath\":\"用户根目录\",\"authorization\":\"使用 username:password形式。其他待定\",\"serverSettings\":\"预留\"}}}','{\"header\":{\"createTime\":1541146071044,\"messageType\":\"Regist\",\"wasNeedReply\":\"yes \"},\"body\":{\"registMainInfo\":{\"deviceUid\":\"device002\",\"deviceCode\":\"0102zl002\",\"stationCode\":\"0102\",\"deviceStatus\":\"INSERVICE\"},\"deviceDescription\":{\"identifier\":{\"HWID\":\"FDSFDSFDSFXDFsdrfe2432fessdfds\"},\"location\":{\"cityCode\":\"01\",\"lineCode\":\"01\",\"stationCode\":\"02\",\"localPosition\":\"西北角\",\"GPSLocation\":\"90 63 62 15\"},\"config\":{\"deviceCode\":\"设备编号\",\"deviceType\":\"设备类型\",\"deviceSubType\":\"设备子类型\",\"deviceSettings\":null},\"HWComponent\":{\"HWName\":\"英文缩写名称\",\"HWID\":\"硬件编号\",\"HWStatus\":\"是否安装，是否正常\",\"HWStatusCode\":\"预留\",\"HWSettings\":\"预留\",\"subComponentList\":null},\"SWComponent\":{\"SWName\":\"英文缩写名称\",\"SWID\":\"组件编号\",\"SWType\":\"英文缩写类型\",\"basePath\":\"组件安装路径\",\"componentFile\":{\"fileCategory\":\"文件类型\",\"filePath\":\"文件所在路径\",\"fileName\":\"文件名称\",\"fileFormat\":\"文件格式\",\"fileVersionNumber\":\"文件版本号\",\"fileSize\":\"文件大小(Byte)\",\"fileDigest\":\"文件摘要(MD5)\",\"fileLastTime\":\"文件最后更新时间\"},\"componentFileList\":[{\"fileCategory\":\"文件类型\",\"filePath\":\"文件所在路径\",\"fileName\":\"文件名称\",\"fileFormat\":\"文件格式\",\"fileVersionNumber\":\"文件版本号\",\"fileSize\":\"文件大小(Byte)\",\"fileDigest\":\"文件摘要(MD5)\",\"fileLastTime\":\"文件最后更新时间\"}]}}}}','系统服务','2018-11-02 16:07:55','2018-11-02 16:07:55'),(160,'device003','{\"header\":{\"createTime\":\"时间戳\",\"messageType\":\"DeviceRegistrationReply\",\"wasNeedReply\":\"no\"},\"body\":{\"deviceUid\":\"device003\",\"returnCode\":\"-1\"}}','{\"header\":{\"createTime\":1541146071267,\"messageType\":\"Regist\",\"wasNeedReply\":\"yes \"},\"body\":{\"registMainInfo\":{\"deviceUid\":\"device003\",\"deviceCode\":\"0102zl003\",\"stationCode\":\"0102\",\"deviceStatus\":\"INSERVICE\"},\"deviceDescription\":{\"identifier\":{\"HWID\":\"FDSFDSFDSFXDFsdrfe2432fessdfds\"},\"location\":{\"cityCode\":\"01\",\"lineCode\":\"01\",\"stationCode\":\"02\",\"localPosition\":\"西北角\",\"GPSLocation\":\"90 63 62 15\"},\"config\":{\"deviceCode\":\"设备编号\",\"deviceType\":\"设备类型\",\"deviceSubType\":\"设备子类型\",\"deviceSettings\":null},\"HWComponent\":{\"HWName\":\"英文缩写名称\",\"HWID\":\"硬件编号\",\"HWStatus\":\"是否安装，是否正常\",\"HWStatusCode\":\"预留\",\"HWSettings\":\"预留\",\"subComponentList\":null},\"SWComponent\":{\"SWName\":\"英文缩写名称\",\"SWID\":\"组件编号\",\"SWType\":\"英文缩写类型\",\"basePath\":\"组件安装路径\",\"componentFile\":{\"fileCategory\":\"文件类型\",\"filePath\":\"文件所在路径\",\"fileName\":\"文件名称\",\"fileFormat\":\"文件格式\",\"fileVersionNumber\":\"文件版本号\",\"fileSize\":\"文件大小(Byte)\",\"fileDigest\":\"文件摘要(MD5)\",\"fileLastTime\":\"文件最后更新时间\"},\"componentFileList\":[{\"fileCategory\":\"文件类型\",\"filePath\":\"文件所在路径\",\"fileName\":\"文件名称\",\"fileFormat\":\"文件格式\",\"fileVersionNumber\":\"文件版本号\",\"fileSize\":\"文件大小(Byte)\",\"fileDigest\":\"文件摘要(MD5)\",\"fileLastTime\":\"文件最后更新时间\"}]}}}}','系统服务','2018-11-02 16:07:55','2018-11-02 16:07:55'),(161,'device004','{\"header\":{\"createTime\":\"时间戳\",\"messageType\":\"DeviceRegistrationReply\",\"wasNeedReply\":\"no\"},\"body\":{\"deviceUid\":\"device004\",\"returnCode\":\"-1\"}}','{\"header\":{\"createTime\":1541146071377,\"messageType\":\"Regist\",\"wasNeedReply\":\"yes \"},\"body\":{\"registMainInfo\":{\"deviceUid\":\"device004\",\"deviceCode\":\"0102zl004\",\"stationCode\":\"0102\",\"deviceStatus\":\"INSERVICE\"},\"deviceDescription\":{\"identifier\":{\"HWID\":\"FDSFDSFDSFXDFsdrfe2432fessdfds\"},\"location\":{\"cityCode\":\"01\",\"lineCode\":\"01\",\"stationCode\":\"02\",\"localPosition\":\"西北角\",\"GPSLocation\":\"90 63 62 15\"},\"config\":{\"deviceCode\":\"设备编号\",\"deviceType\":\"设备类型\",\"deviceSubType\":\"设备子类型\",\"deviceSettings\":null},\"HWComponent\":{\"HWName\":\"英文缩写名称\",\"HWID\":\"硬件编号\",\"HWStatus\":\"是否安装，是否正常\",\"HWStatusCode\":\"预留\",\"HWSettings\":\"预留\",\"subComponentList\":null},\"SWComponent\":{\"SWName\":\"英文缩写名称\",\"SWID\":\"组件编号\",\"SWType\":\"英文缩写类型\",\"basePath\":\"组件安装路径\",\"componentFile\":{\"fileCategory\":\"文件类型\",\"filePath\":\"文件所在路径\",\"fileName\":\"文件名称\",\"fileFormat\":\"文件格式\",\"fileVersionNumber\":\"文件版本号\",\"fileSize\":\"文件大小(Byte)\",\"fileDigest\":\"文件摘要(MD5)\",\"fileLastTime\":\"文件最后更新时间\"},\"componentFileList\":[{\"fileCategory\":\"文件类型\",\"filePath\":\"文件所在路径\",\"fileName\":\"文件名称\",\"fileFormat\":\"文件格式\",\"fileVersionNumber\":\"文件版本号\",\"fileSize\":\"文件大小(Byte)\",\"fileDigest\":\"文件摘要(MD5)\",\"fileLastTime\":\"文件最后更新时间\"}]}}}}','系统服务','2018-11-02 16:07:55','2018-11-02 16:07:55'),(162,'111','{\"header\":{\"createTime\":\"时间戳\",\"messageType\":\"DeviceRegistrationReply\",\"wasNeedReply\":\"no\"},\"body\":{\"deviceUid\":\"111\",\"returnCode\":\"-1\"}}','{\"header\":{\"createTime\":1541146071549,\"messageType\":\"Regist\",\"wasNeedReply\":\"yes \"},\"body\":{\"registMainInfo\":{\"deviceUid\":\"111\",\"deviceCode\":\"111\",\"stationCode\":\"111\",\"deviceStatus\":\"INSERVICE\"},\"deviceDescription\":{\"identifier\":{\"HWID\":\"FDSFDSFDSFXDFsdrfe2432fessdfds\"},\"location\":{\"cityCode\":\"01\",\"lineCode\":\"01\",\"stationCode\":\"02\",\"localPosition\":\"西北角\",\"GPSLocation\":\"90 63 62 15\"},\"config\":{\"deviceCode\":\"设备编号\",\"deviceType\":\"设备类型\",\"deviceSubType\":\"设备子类型\",\"deviceSettings\":null},\"HWComponent\":{\"HWName\":\"英文缩写名称\",\"HWID\":\"硬件编号\",\"HWStatus\":\"是否安装，是否正常\",\"HWStatusCode\":\"预留\",\"HWSettings\":\"预留\",\"subComponentList\":null},\"SWComponent\":{\"SWName\":\"英文缩写名称\",\"SWID\":\"组件编号\",\"SWType\":\"英文缩写类型\",\"basePath\":\"组件安装路径\",\"componentFile\":{\"fileCategory\":\"文件类型\",\"filePath\":\"文件所在路径\",\"fileName\":\"文件名称\",\"fileFormat\":\"文件格式\",\"fileVersionNumber\":\"文件版本号\",\"fileSize\":\"文件大小(Byte)\",\"fileDigest\":\"文件摘要(MD5)\",\"fileLastTime\":\"文件最后更新时间\"},\"componentFileList\":[{\"fileCategory\":\"文件类型\",\"filePath\":\"文件所在路径\",\"fileName\":\"文件名称\",\"fileFormat\":\"文件格式\",\"fileVersionNumber\":\"文件版本号\",\"fileSize\":\"文件大小(Byte)\",\"fileDigest\":\"文件摘要(MD5)\",\"fileLastTime\":\"文件最后更新时间\"}]}}}}','系统服务','2018-11-02 16:07:55','2018-11-02 16:07:55'),(163,'112','{\"header\":{\"createTime\":\"时间戳\",\"messageType\":\"DeviceRegistrationReply\",\"wasNeedReply\":\"no\"},\"body\":{\"deviceUid\":\"112\",\"returnCode\":\"-1\"}}','{\"header\":{\"createTime\":1541146071674,\"messageType\":\"Regist\",\"wasNeedReply\":\"yes \"},\"body\":{\"registMainInfo\":{\"deviceUid\":\"112\",\"deviceCode\":\"112\",\"stationCode\":\"112\",\"deviceStatus\":\"INSERVICE\"},\"deviceDescription\":{\"identifier\":{\"HWID\":\"FDSFDSFDSFXDFsdrfe2432fessdfds\"},\"location\":{\"cityCode\":\"01\",\"lineCode\":\"01\",\"stationCode\":\"02\",\"localPosition\":\"西北角\",\"GPSLocation\":\"90 63 62 15\"},\"config\":{\"deviceCode\":\"设备编号\",\"deviceType\":\"设备类型\",\"deviceSubType\":\"设备子类型\",\"deviceSettings\":null},\"HWComponent\":{\"HWName\":\"英文缩写名称\",\"HWID\":\"硬件编号\",\"HWStatus\":\"是否安装，是否正常\",\"HWStatusCode\":\"预留\",\"HWSettings\":\"预留\",\"subComponentList\":null},\"SWComponent\":{\"SWName\":\"英文缩写名称\",\"SWID\":\"组件编号\",\"SWType\":\"英文缩写类型\",\"basePath\":\"组件安装路径\",\"componentFile\":{\"fileCategory\":\"文件类型\",\"filePath\":\"文件所在路径\",\"fileName\":\"文件名称\",\"fileFormat\":\"文件格式\",\"fileVersionNumber\":\"文件版本号\",\"fileSize\":\"文件大小(Byte)\",\"fileDigest\":\"文件摘要(MD5)\",\"fileLastTime\":\"文件最后更新时间\"},\"componentFileList\":[{\"fileCategory\":\"文件类型\",\"filePath\":\"文件所在路径\",\"fileName\":\"文件名称\",\"fileFormat\":\"文件格式\",\"fileVersionNumber\":\"文件版本号\",\"fileSize\":\"文件大小(Byte)\",\"fileDigest\":\"文件摘要(MD5)\",\"fileLastTime\":\"文件最后更新时间\"}]}}}}','系统服务','2018-11-02 16:07:56','2018-11-02 16:07:56'),(164,'113','{\"header\":{\"createTime\":\"时间戳\",\"messageType\":\"DeviceRegistrationReply\",\"wasNeedReply\":\"no\"},\"body\":{\"deviceUid\":\"113\",\"returnCode\":\"-1\"}}','{\"header\":{\"createTime\":1541146071845,\"messageType\":\"Regist\",\"wasNeedReply\":\"yes \"},\"body\":{\"registMainInfo\":{\"deviceUid\":\"113\",\"deviceCode\":\"113\",\"stationCode\":\"113\",\"deviceStatus\":\"INSERVICE\"},\"deviceDescription\":{\"identifier\":{\"HWID\":\"FDSFDSFDSFXDFsdrfe2432fessdfds\"},\"location\":{\"cityCode\":\"01\",\"lineCode\":\"01\",\"stationCode\":\"02\",\"localPosition\":\"西北角\",\"GPSLocation\":\"90 63 62 15\"},\"config\":{\"deviceCode\":\"设备编号\",\"deviceType\":\"设备类型\",\"deviceSubType\":\"设备子类型\",\"deviceSettings\":null},\"HWComponent\":{\"HWName\":\"英文缩写名称\",\"HWID\":\"硬件编号\",\"HWStatus\":\"是否安装，是否正常\",\"HWStatusCode\":\"预留\",\"HWSettings\":\"预留\",\"subComponentList\":null},\"SWComponent\":{\"SWName\":\"英文缩写名称\",\"SWID\":\"组件编号\",\"SWType\":\"英文缩写类型\",\"basePath\":\"组件安装路径\",\"componentFile\":{\"fileCategory\":\"文件类型\",\"filePath\":\"文件所在路径\",\"fileName\":\"文件名称\",\"fileFormat\":\"文件格式\",\"fileVersionNumber\":\"文件版本号\",\"fileSize\":\"文件大小(Byte)\",\"fileDigest\":\"文件摘要(MD5)\",\"fileLastTime\":\"文件最后更新时间\"},\"componentFileList\":[{\"fileCategory\":\"文件类型\",\"filePath\":\"文件所在路径\",\"fileName\":\"文件名称\",\"fileFormat\":\"文件格式\",\"fileVersionNumber\":\"文件版本号\",\"fileSize\":\"文件大小(Byte)\",\"fileDigest\":\"文件摘要(MD5)\",\"fileLastTime\":\"文件最后更新时间\"}]}}}}','系统服务','2018-11-02 16:07:56','2018-11-02 16:07:56'),(165,'device005','{\"header\":{\"createTime\":\"时间戳\",\"messageType\":\"DeviceRegistrationReply\",\"wasNeedReply\":\"no\"},\"body\":{\"deviceUid\":\"device005\",\"returnCode\":\"0\",\"fileServerConfig\":{\"serverName\":\"服务器名字\",\"serverProtocol\":\"默认。其他待定\",\"serverAddress\":\"IP地址或域名\",\"serverPort\":\"端口号\",\"serverHomePath\":\"用户根目录\",\"authorization\":\"使用 username:password形式。其他待定\",\"serverSettings\":\"预留\"}}}','{\"header\":{\"createTime\":1541146369804,\"messageType\":\"Regist\",\"wasNeedReply\":\"yes \"},\"body\":{\"registMainInfo\":{\"deviceUid\":\"device005\",\"deviceCode\":\"0102zl005\",\"stationCode\":\"0102\",\"deviceStatus\":\"INSERVICE\"},\"deviceDescription\":{\"identifier\":{\"HWID\":\"FDSFDSFDSFXDFsdrfe2432fessdfds\"},\"location\":{\"cityCode\":\"01\",\"lineCode\":\"01\",\"stationCode\":\"02\",\"localPosition\":\"西北角\",\"GPSLocation\":\"90 63 62 15\"},\"config\":{\"deviceCode\":\"设备编号\",\"deviceType\":\"设备类型\",\"deviceSubType\":\"设备子类型\",\"deviceSettings\":null},\"HWComponent\":{\"HWName\":\"英文缩写名称\",\"HWID\":\"硬件编号\",\"HWStatus\":\"是否安装，是否正常\",\"HWStatusCode\":\"预留\",\"HWSettings\":\"预留\",\"subComponentList\":null},\"SWComponent\":{\"SWName\":\"英文缩写名称\",\"SWID\":\"组件编号\",\"SWType\":\"英文缩写类型\",\"basePath\":\"组件安装路径\",\"componentFile\":{\"fileCategory\":\"文件类型\",\"filePath\":\"文件所在路径\",\"fileName\":\"文件名称\",\"fileFormat\":\"文件格式\",\"fileVersionNumber\":\"文件版本号\",\"fileSize\":\"文件大小(Byte)\",\"fileDigest\":\"文件摘要(MD5)\",\"fileLastTime\":\"文件最后更新时间\"},\"componentFileList\":[{\"fileCategory\":\"文件类型\",\"filePath\":\"文件所在路径\",\"fileName\":\"文件名称\",\"fileFormat\":\"文件格式\",\"fileVersionNumber\":\"文件版本号\",\"fileSize\":\"文件大小(Byte)\",\"fileDigest\":\"文件摘要(MD5)\",\"fileLastTime\":\"文件最后更新时间\"}]}}}}','系统服务','2018-11-02 16:12:51','2018-11-02 16:12:51'),(166,'device002','{\"header\":{\"createTime\":\"时间戳\",\"messageType\":\"DeviceRegistrationReply\",\"wasNeedReply\":\"no\"},\"body\":{\"deviceUid\":\"device002\",\"returnCode\":\"0\",\"fileServerConfig\":{\"serverName\":\"服务器名字\",\"serverProtocol\":\"默认。其他待定\",\"serverAddress\":\"IP地址或域名\",\"serverPort\":\"端口号\",\"serverHomePath\":\"用户根目录\",\"authorization\":\"使用 username:password形式。其他待定\",\"serverSettings\":\"预留\"}}}','{\"header\":{\"createTime\":1541146370389,\"messageType\":\"Regist\",\"wasNeedReply\":\"yes \"},\"body\":{\"registMainInfo\":{\"deviceUid\":\"device002\",\"deviceCode\":\"0102zl002\",\"stationCode\":\"0102\",\"deviceStatus\":\"INSERVICE\"},\"deviceDescription\":{\"identifier\":{\"HWID\":\"FDSFDSFDSFXDFsdrfe2432fessdfds\"},\"location\":{\"cityCode\":\"01\",\"lineCode\":\"01\",\"stationCode\":\"02\",\"localPosition\":\"西北角\",\"GPSLocation\":\"90 63 62 15\"},\"config\":{\"deviceCode\":\"设备编号\",\"deviceType\":\"设备类型\",\"deviceSubType\":\"设备子类型\",\"deviceSettings\":null},\"HWComponent\":{\"HWName\":\"英文缩写名称\",\"HWID\":\"硬件编号\",\"HWStatus\":\"是否安装，是否正常\",\"HWStatusCode\":\"预留\",\"HWSettings\":\"预留\",\"subComponentList\":null},\"SWComponent\":{\"SWName\":\"英文缩写名称\",\"SWID\":\"组件编号\",\"SWType\":\"英文缩写类型\",\"basePath\":\"组件安装路径\",\"componentFile\":{\"fileCategory\":\"文件类型\",\"filePath\":\"文件所在路径\",\"fileName\":\"文件名称\",\"fileFormat\":\"文件格式\",\"fileVersionNumber\":\"文件版本号\",\"fileSize\":\"文件大小(Byte)\",\"fileDigest\":\"文件摘要(MD5)\",\"fileLastTime\":\"文件最后更新时间\"},\"componentFileList\":[{\"fileCategory\":\"文件类型\",\"filePath\":\"文件所在路径\",\"fileName\":\"文件名称\",\"fileFormat\":\"文件格式\",\"fileVersionNumber\":\"文件版本号\",\"fileSize\":\"文件大小(Byte)\",\"fileDigest\":\"文件摘要(MD5)\",\"fileLastTime\":\"文件最后更新时间\"}]}}}}','系统服务','2018-11-02 16:12:51','2018-11-02 16:12:51'),(167,'device003','{\"header\":{\"createTime\":\"时间戳\",\"messageType\":\"DeviceRegistrationReply\",\"wasNeedReply\":\"no\"},\"body\":{\"deviceUid\":\"device003\",\"returnCode\":\"-1\"}}','{\"header\":{\"createTime\":1541146370498,\"messageType\":\"Regist\",\"wasNeedReply\":\"yes \"},\"body\":{\"registMainInfo\":{\"deviceUid\":\"device003\",\"deviceCode\":\"0102zl003\",\"stationCode\":\"0102\",\"deviceStatus\":\"INSERVICE\"},\"deviceDescription\":{\"identifier\":{\"HWID\":\"FDSFDSFDSFXDFsdrfe2432fessdfds\"},\"location\":{\"cityCode\":\"01\",\"lineCode\":\"01\",\"stationCode\":\"02\",\"localPosition\":\"西北角\",\"GPSLocation\":\"90 63 62 15\"},\"config\":{\"deviceCode\":\"设备编号\",\"deviceType\":\"设备类型\",\"deviceSubType\":\"设备子类型\",\"deviceSettings\":null},\"HWComponent\":{\"HWName\":\"英文缩写名称\",\"HWID\":\"硬件编号\",\"HWStatus\":\"是否安装，是否正常\",\"HWStatusCode\":\"预留\",\"HWSettings\":\"预留\",\"subComponentList\":null},\"SWComponent\":{\"SWName\":\"英文缩写名称\",\"SWID\":\"组件编号\",\"SWType\":\"英文缩写类型\",\"basePath\":\"组件安装路径\",\"componentFile\":{\"fileCategory\":\"文件类型\",\"filePath\":\"文件所在路径\",\"fileName\":\"文件名称\",\"fileFormat\":\"文件格式\",\"fileVersionNumber\":\"文件版本号\",\"fileSize\":\"文件大小(Byte)\",\"fileDigest\":\"文件摘要(MD5)\",\"fileLastTime\":\"文件最后更新时间\"},\"componentFileList\":[{\"fileCategory\":\"文件类型\",\"filePath\":\"文件所在路径\",\"fileName\":\"文件名称\",\"fileFormat\":\"文件格式\",\"fileVersionNumber\":\"文件版本号\",\"fileSize\":\"文件大小(Byte)\",\"fileDigest\":\"文件摘要(MD5)\",\"fileLastTime\":\"文件最后更新时间\"}]}}}}','系统服务','2018-11-02 16:12:52','2018-11-02 16:12:52'),(168,'device004','{\"header\":{\"createTime\":\"时间戳\",\"messageType\":\"DeviceRegistrationReply\",\"wasNeedReply\":\"no\"},\"body\":{\"deviceUid\":\"device004\",\"returnCode\":\"-1\"}}','{\"header\":{\"createTime\":1541146370608,\"messageType\":\"Regist\",\"wasNeedReply\":\"yes \"},\"body\":{\"registMainInfo\":{\"deviceUid\":\"device004\",\"deviceCode\":\"0102zl004\",\"stationCode\":\"0102\",\"deviceStatus\":\"INSERVICE\"},\"deviceDescription\":{\"identifier\":{\"HWID\":\"FDSFDSFDSFXDFsdrfe2432fessdfds\"},\"location\":{\"cityCode\":\"01\",\"lineCode\":\"01\",\"stationCode\":\"02\",\"localPosition\":\"西北角\",\"GPSLocation\":\"90 63 62 15\"},\"config\":{\"deviceCode\":\"设备编号\",\"deviceType\":\"设备类型\",\"deviceSubType\":\"设备子类型\",\"deviceSettings\":null},\"HWComponent\":{\"HWName\":\"英文缩写名称\",\"HWID\":\"硬件编号\",\"HWStatus\":\"是否安装，是否正常\",\"HWStatusCode\":\"预留\",\"HWSettings\":\"预留\",\"subComponentList\":null},\"SWComponent\":{\"SWName\":\"英文缩写名称\",\"SWID\":\"组件编号\",\"SWType\":\"英文缩写类型\",\"basePath\":\"组件安装路径\",\"componentFile\":{\"fileCategory\":\"文件类型\",\"filePath\":\"文件所在路径\",\"fileName\":\"文件名称\",\"fileFormat\":\"文件格式\",\"fileVersionNumber\":\"文件版本号\",\"fileSize\":\"文件大小(Byte)\",\"fileDigest\":\"文件摘要(MD5)\",\"fileLastTime\":\"文件最后更新时间\"},\"componentFileList\":[{\"fileCategory\":\"文件类型\",\"filePath\":\"文件所在路径\",\"fileName\":\"文件名称\",\"fileFormat\":\"文件格式\",\"fileVersionNumber\":\"文件版本号\",\"fileSize\":\"文件大小(Byte)\",\"fileDigest\":\"文件摘要(MD5)\",\"fileLastTime\":\"文件最后更新时间\"}]}}}}','系统服务','2018-11-02 16:12:52','2018-11-02 16:12:52'),(169,'111','{\"header\":{\"createTime\":\"时间戳\",\"messageType\":\"DeviceRegistrationReply\",\"wasNeedReply\":\"no\"},\"body\":{\"deviceUid\":\"111\",\"returnCode\":\"-1\"}}','{\"header\":{\"createTime\":1541146370733,\"messageType\":\"Regist\",\"wasNeedReply\":\"yes \"},\"body\":{\"registMainInfo\":{\"deviceUid\":\"111\",\"deviceCode\":\"111\",\"stationCode\":\"111\",\"deviceStatus\":\"INSERVICE\"},\"deviceDescription\":{\"identifier\":{\"HWID\":\"FDSFDSFDSFXDFsdrfe2432fessdfds\"},\"location\":{\"cityCode\":\"01\",\"lineCode\":\"01\",\"stationCode\":\"02\",\"localPosition\":\"西北角\",\"GPSLocation\":\"90 63 62 15\"},\"config\":{\"deviceCode\":\"设备编号\",\"deviceType\":\"设备类型\",\"deviceSubType\":\"设备子类型\",\"deviceSettings\":null},\"HWComponent\":{\"HWName\":\"英文缩写名称\",\"HWID\":\"硬件编号\",\"HWStatus\":\"是否安装，是否正常\",\"HWStatusCode\":\"预留\",\"HWSettings\":\"预留\",\"subComponentList\":null},\"SWComponent\":{\"SWName\":\"英文缩写名称\",\"SWID\":\"组件编号\",\"SWType\":\"英文缩写类型\",\"basePath\":\"组件安装路径\",\"componentFile\":{\"fileCategory\":\"文件类型\",\"filePath\":\"文件所在路径\",\"fileName\":\"文件名称\",\"fileFormat\":\"文件格式\",\"fileVersionNumber\":\"文件版本号\",\"fileSize\":\"文件大小(Byte)\",\"fileDigest\":\"文件摘要(MD5)\",\"fileLastTime\":\"文件最后更新时间\"},\"componentFileList\":[{\"fileCategory\":\"文件类型\",\"filePath\":\"文件所在路径\",\"fileName\":\"文件名称\",\"fileFormat\":\"文件格式\",\"fileVersionNumber\":\"文件版本号\",\"fileSize\":\"文件大小(Byte)\",\"fileDigest\":\"文件摘要(MD5)\",\"fileLastTime\":\"文件最后更新时间\"}]}}}}','系统服务','2018-11-02 16:12:52','2018-11-02 16:12:52'),(170,'112','{\"header\":{\"createTime\":\"时间戳\",\"messageType\":\"DeviceRegistrationReply\",\"wasNeedReply\":\"no\"},\"body\":{\"deviceUid\":\"112\",\"returnCode\":\"-1\"}}','{\"header\":{\"createTime\":1541146370842,\"messageType\":\"Regist\",\"wasNeedReply\":\"yes \"},\"body\":{\"registMainInfo\":{\"deviceUid\":\"112\",\"deviceCode\":\"112\",\"stationCode\":\"112\",\"deviceStatus\":\"INSERVICE\"},\"deviceDescription\":{\"identifier\":{\"HWID\":\"FDSFDSFDSFXDFsdrfe2432fessdfds\"},\"location\":{\"cityCode\":\"01\",\"lineCode\":\"01\",\"stationCode\":\"02\",\"localPosition\":\"西北角\",\"GPSLocation\":\"90 63 62 15\"},\"config\":{\"deviceCode\":\"设备编号\",\"deviceType\":\"设备类型\",\"deviceSubType\":\"设备子类型\",\"deviceSettings\":null},\"HWComponent\":{\"HWName\":\"英文缩写名称\",\"HWID\":\"硬件编号\",\"HWStatus\":\"是否安装，是否正常\",\"HWStatusCode\":\"预留\",\"HWSettings\":\"预留\",\"subComponentList\":null},\"SWComponent\":{\"SWName\":\"英文缩写名称\",\"SWID\":\"组件编号\",\"SWType\":\"英文缩写类型\",\"basePath\":\"组件安装路径\",\"componentFile\":{\"fileCategory\":\"文件类型\",\"filePath\":\"文件所在路径\",\"fileName\":\"文件名称\",\"fileFormat\":\"文件格式\",\"fileVersionNumber\":\"文件版本号\",\"fileSize\":\"文件大小(Byte)\",\"fileDigest\":\"文件摘要(MD5)\",\"fileLastTime\":\"文件最后更新时间\"},\"componentFileList\":[{\"fileCategory\":\"文件类型\",\"filePath\":\"文件所在路径\",\"fileName\":\"文件名称\",\"fileFormat\":\"文件格式\",\"fileVersionNumber\":\"文件版本号\",\"fileSize\":\"文件大小(Byte)\",\"fileDigest\":\"文件摘要(MD5)\",\"fileLastTime\":\"文件最后更新时间\"}]}}}}','系统服务','2018-11-02 16:12:52','2018-11-02 16:12:52'),(171,'113','{\"header\":{\"createTime\":\"时间戳\",\"messageType\":\"DeviceRegistrationReply\",\"wasNeedReply\":\"no\"},\"body\":{\"deviceUid\":\"113\",\"returnCode\":\"-1\"}}','{\"header\":{\"createTime\":1541146370952,\"messageType\":\"Regist\",\"wasNeedReply\":\"yes \"},\"body\":{\"registMainInfo\":{\"deviceUid\":\"113\",\"deviceCode\":\"113\",\"stationCode\":\"113\",\"deviceStatus\":\"INSERVICE\"},\"deviceDescription\":{\"identifier\":{\"HWID\":\"FDSFDSFDSFXDFsdrfe2432fessdfds\"},\"location\":{\"cityCode\":\"01\",\"lineCode\":\"01\",\"stationCode\":\"02\",\"localPosition\":\"西北角\",\"GPSLocation\":\"90 63 62 15\"},\"config\":{\"deviceCode\":\"设备编号\",\"deviceType\":\"设备类型\",\"deviceSubType\":\"设备子类型\",\"deviceSettings\":null},\"HWComponent\":{\"HWName\":\"英文缩写名称\",\"HWID\":\"硬件编号\",\"HWStatus\":\"是否安装，是否正常\",\"HWStatusCode\":\"预留\",\"HWSettings\":\"预留\",\"subComponentList\":null},\"SWComponent\":{\"SWName\":\"英文缩写名称\",\"SWID\":\"组件编号\",\"SWType\":\"英文缩写类型\",\"basePath\":\"组件安装路径\",\"componentFile\":{\"fileCategory\":\"文件类型\",\"filePath\":\"文件所在路径\",\"fileName\":\"文件名称\",\"fileFormat\":\"文件格式\",\"fileVersionNumber\":\"文件版本号\",\"fileSize\":\"文件大小(Byte)\",\"fileDigest\":\"文件摘要(MD5)\",\"fileLastTime\":\"文件最后更新时间\"},\"componentFileList\":[{\"fileCategory\":\"文件类型\",\"filePath\":\"文件所在路径\",\"fileName\":\"文件名称\",\"fileFormat\":\"文件格式\",\"fileVersionNumber\":\"文件版本号\",\"fileSize\":\"文件大小(Byte)\",\"fileDigest\":\"文件摘要(MD5)\",\"fileLastTime\":\"文件最后更新时间\"}]}}}}','系统服务','2018-11-02 16:12:52','2018-11-02 16:12:52'),(172,'device005','{\"header\":{\"createTime\":\"时间戳\",\"messageType\":\"DeviceRegistrationReply\",\"wasNeedReply\":\"no\"},\"body\":{\"deviceUid\":\"device005\",\"returnCode\":\"0\",\"fileServerConfig\":{\"serverName\":\"服务器名字\",\"serverProtocol\":\"默认。其他待定\",\"serverAddress\":\"IP地址或域名\",\"serverPort\":\"端口号\",\"serverHomePath\":\"用户根目录\",\"authorization\":\"使用 username:password形式。其他待定\",\"serverSettings\":\"预留\"}}}','{\"header\":{\"createTime\":1541146924861,\"messageType\":\"Regist\",\"wasNeedReply\":\"yes \"},\"body\":{\"registMainInfo\":{\"deviceUid\":\"device005\",\"deviceCode\":\"0102zl005\",\"stationCode\":\"0102\",\"deviceStatus\":\"INSERVICE\"},\"deviceDescription\":{\"identifier\":{\"HWID\":\"FDSFDSFDSFXDFsdrfe2432fessdfds\"},\"location\":{\"cityCode\":\"01\",\"lineCode\":\"01\",\"stationCode\":\"02\",\"localPosition\":\"西北角\",\"GPSLocation\":\"90 63 62 15\"},\"config\":{\"deviceCode\":\"设备编号\",\"deviceType\":\"设备类型\",\"deviceSubType\":\"设备子类型\",\"deviceSettings\":null},\"HWComponent\":{\"HWName\":\"英文缩写名称\",\"HWID\":\"硬件编号\",\"HWStatus\":\"是否安装，是否正常\",\"HWStatusCode\":\"预留\",\"HWSettings\":\"预留\",\"subComponentList\":null},\"SWComponent\":{\"SWName\":\"英文缩写名称\",\"SWID\":\"组件编号\",\"SWType\":\"英文缩写类型\",\"basePath\":\"组件安装路径\",\"componentFile\":{\"fileCategory\":\"文件类型\",\"filePath\":\"文件所在路径\",\"fileName\":\"文件名称\",\"fileFormat\":\"文件格式\",\"fileVersionNumber\":\"文件版本号\",\"fileSize\":\"文件大小(Byte)\",\"fileDigest\":\"文件摘要(MD5)\",\"fileLastTime\":\"文件最后更新时间\"},\"componentFileList\":[{\"fileCategory\":\"文件类型\",\"filePath\":\"文件所在路径\",\"fileName\":\"文件名称\",\"fileFormat\":\"文件格式\",\"fileVersionNumber\":\"文件版本号\",\"fileSize\":\"文件大小(Byte)\",\"fileDigest\":\"文件摘要(MD5)\",\"fileLastTime\":\"文件最后更新时间\"}]}}}}','系统服务','2018-11-02 16:22:06','2018-11-02 16:22:06'),(173,'device002','{\"header\":{\"createTime\":\"时间戳\",\"messageType\":\"DeviceRegistrationReply\",\"wasNeedReply\":\"no\"},\"body\":{\"deviceUid\":\"device002\",\"returnCode\":\"0\",\"fileServerConfig\":{\"serverName\":\"服务器名字\",\"serverProtocol\":\"默认。其他待定\",\"serverAddress\":\"IP地址或域名\",\"serverPort\":\"端口号\",\"serverHomePath\":\"用户根目录\",\"authorization\":\"使用 username:password形式。其他待定\",\"serverSettings\":\"预留\"}}}','{\"header\":{\"createTime\":1541146924955,\"messageType\":\"Regist\",\"wasNeedReply\":\"yes \"},\"body\":{\"registMainInfo\":{\"deviceUid\":\"device002\",\"deviceCode\":\"0102zl002\",\"stationCode\":\"0102\",\"deviceStatus\":\"INSERVICE\"},\"deviceDescription\":{\"identifier\":{\"HWID\":\"FDSFDSFDSFXDFsdrfe2432fessdfds\"},\"location\":{\"cityCode\":\"01\",\"lineCode\":\"01\",\"stationCode\":\"02\",\"localPosition\":\"西北角\",\"GPSLocation\":\"90 63 62 15\"},\"config\":{\"deviceCode\":\"设备编号\",\"deviceType\":\"设备类型\",\"deviceSubType\":\"设备子类型\",\"deviceSettings\":null},\"HWComponent\":{\"HWName\":\"英文缩写名称\",\"HWID\":\"硬件编号\",\"HWStatus\":\"是否安装，是否正常\",\"HWStatusCode\":\"预留\",\"HWSettings\":\"预留\",\"subComponentList\":null},\"SWComponent\":{\"SWName\":\"英文缩写名称\",\"SWID\":\"组件编号\",\"SWType\":\"英文缩写类型\",\"basePath\":\"组件安装路径\",\"componentFile\":{\"fileCategory\":\"文件类型\",\"filePath\":\"文件所在路径\",\"fileName\":\"文件名称\",\"fileFormat\":\"文件格式\",\"fileVersionNumber\":\"文件版本号\",\"fileSize\":\"文件大小(Byte)\",\"fileDigest\":\"文件摘要(MD5)\",\"fileLastTime\":\"文件最后更新时间\"},\"componentFileList\":[{\"fileCategory\":\"文件类型\",\"filePath\":\"文件所在路径\",\"fileName\":\"文件名称\",\"fileFormat\":\"文件格式\",\"fileVersionNumber\":\"文件版本号\",\"fileSize\":\"文件大小(Byte)\",\"fileDigest\":\"文件摘要(MD5)\",\"fileLastTime\":\"文件最后更新时间\"}]}}}}','系统服务','2018-11-02 16:22:06','2018-11-02 16:22:06'),(174,'device003','{\"header\":{\"createTime\":\"时间戳\",\"messageType\":\"DeviceRegistrationReply\",\"wasNeedReply\":\"no\"},\"body\":{\"deviceUid\":\"device003\",\"returnCode\":\"-1\"}}','{\"header\":{\"createTime\":1541146925210,\"messageType\":\"Regist\",\"wasNeedReply\":\"yes \"},\"body\":{\"registMainInfo\":{\"deviceUid\":\"device003\",\"deviceCode\":\"0102zl003\",\"stationCode\":\"0102\",\"deviceStatus\":\"INSERVICE\"},\"deviceDescription\":{\"identifier\":{\"HWID\":\"FDSFDSFDSFXDFsdrfe2432fessdfds\"},\"location\":{\"cityCode\":\"01\",\"lineCode\":\"01\",\"stationCode\":\"02\",\"localPosition\":\"西北角\",\"GPSLocation\":\"90 63 62 15\"},\"config\":{\"deviceCode\":\"设备编号\",\"deviceType\":\"设备类型\",\"deviceSubType\":\"设备子类型\",\"deviceSettings\":null},\"HWComponent\":{\"HWName\":\"英文缩写名称\",\"HWID\":\"硬件编号\",\"HWStatus\":\"是否安装，是否正常\",\"HWStatusCode\":\"预留\",\"HWSettings\":\"预留\",\"subComponentList\":null},\"SWComponent\":{\"SWName\":\"英文缩写名称\",\"SWID\":\"组件编号\",\"SWType\":\"英文缩写类型\",\"basePath\":\"组件安装路径\",\"componentFile\":{\"fileCategory\":\"文件类型\",\"filePath\":\"文件所在路径\",\"fileName\":\"文件名称\",\"fileFormat\":\"文件格式\",\"fileVersionNumber\":\"文件版本号\",\"fileSize\":\"文件大小(Byte)\",\"fileDigest\":\"文件摘要(MD5)\",\"fileLastTime\":\"文件最后更新时间\"},\"componentFileList\":[{\"fileCategory\":\"文件类型\",\"filePath\":\"文件所在路径\",\"fileName\":\"文件名称\",\"fileFormat\":\"文件格式\",\"fileVersionNumber\":\"文件版本号\",\"fileSize\":\"文件大小(Byte)\",\"fileDigest\":\"文件摘要(MD5)\",\"fileLastTime\":\"文件最后更新时间\"}]}}}}','系统服务','2018-11-02 16:22:06','2018-11-02 16:22:06'),(175,'device004','{\"header\":{\"createTime\":\"时间戳\",\"messageType\":\"DeviceRegistrationReply\",\"wasNeedReply\":\"no\"},\"body\":{\"deviceUid\":\"device004\",\"returnCode\":\"-1\"}}','{\"header\":{\"createTime\":1541146925304,\"messageType\":\"Regist\",\"wasNeedReply\":\"yes \"},\"body\":{\"registMainInfo\":{\"deviceUid\":\"device004\",\"deviceCode\":\"0102zl004\",\"stationCode\":\"0102\",\"deviceStatus\":\"INSERVICE\"},\"deviceDescription\":{\"identifier\":{\"HWID\":\"FDSFDSFDSFXDFsdrfe2432fessdfds\"},\"location\":{\"cityCode\":\"01\",\"lineCode\":\"01\",\"stationCode\":\"02\",\"localPosition\":\"西北角\",\"GPSLocation\":\"90 63 62 15\"},\"config\":{\"deviceCode\":\"设备编号\",\"deviceType\":\"设备类型\",\"deviceSubType\":\"设备子类型\",\"deviceSettings\":null},\"HWComponent\":{\"HWName\":\"英文缩写名称\",\"HWID\":\"硬件编号\",\"HWStatus\":\"是否安装，是否正常\",\"HWStatusCode\":\"预留\",\"HWSettings\":\"预留\",\"subComponentList\":null},\"SWComponent\":{\"SWName\":\"英文缩写名称\",\"SWID\":\"组件编号\",\"SWType\":\"英文缩写类型\",\"basePath\":\"组件安装路径\",\"componentFile\":{\"fileCategory\":\"文件类型\",\"filePath\":\"文件所在路径\",\"fileName\":\"文件名称\",\"fileFormat\":\"文件格式\",\"fileVersionNumber\":\"文件版本号\",\"fileSize\":\"文件大小(Byte)\",\"fileDigest\":\"文件摘要(MD5)\",\"fileLastTime\":\"文件最后更新时间\"},\"componentFileList\":[{\"fileCategory\":\"文件类型\",\"filePath\":\"文件所在路径\",\"fileName\":\"文件名称\",\"fileFormat\":\"文件格式\",\"fileVersionNumber\":\"文件版本号\",\"fileSize\":\"文件大小(Byte)\",\"fileDigest\":\"文件摘要(MD5)\",\"fileLastTime\":\"文件最后更新时间\"}]}}}}','系统服务','2018-11-02 16:22:06','2018-11-02 16:22:07'),(176,'111','{\"header\":{\"createTime\":\"时间戳\",\"messageType\":\"DeviceRegistrationReply\",\"wasNeedReply\":\"no\"},\"body\":{\"deviceUid\":\"111\",\"returnCode\":\"-1\"}}','{\"header\":{\"createTime\":1541146925382,\"messageType\":\"Regist\",\"wasNeedReply\":\"yes \"},\"body\":{\"registMainInfo\":{\"deviceUid\":\"111\",\"deviceCode\":\"111\",\"stationCode\":\"111\",\"deviceStatus\":\"INSERVICE\"},\"deviceDescription\":{\"identifier\":{\"HWID\":\"FDSFDSFDSFXDFsdrfe2432fessdfds\"},\"location\":{\"cityCode\":\"01\",\"lineCode\":\"01\",\"stationCode\":\"02\",\"localPosition\":\"西北角\",\"GPSLocation\":\"90 63 62 15\"},\"config\":{\"deviceCode\":\"设备编号\",\"deviceType\":\"设备类型\",\"deviceSubType\":\"设备子类型\",\"deviceSettings\":null},\"HWComponent\":{\"HWName\":\"英文缩写名称\",\"HWID\":\"硬件编号\",\"HWStatus\":\"是否安装，是否正常\",\"HWStatusCode\":\"预留\",\"HWSettings\":\"预留\",\"subComponentList\":null},\"SWComponent\":{\"SWName\":\"英文缩写名称\",\"SWID\":\"组件编号\",\"SWType\":\"英文缩写类型\",\"basePath\":\"组件安装路径\",\"componentFile\":{\"fileCategory\":\"文件类型\",\"filePath\":\"文件所在路径\",\"fileName\":\"文件名称\",\"fileFormat\":\"文件格式\",\"fileVersionNumber\":\"文件版本号\",\"fileSize\":\"文件大小(Byte)\",\"fileDigest\":\"文件摘要(MD5)\",\"fileLastTime\":\"文件最后更新时间\"},\"componentFileList\":[{\"fileCategory\":\"文件类型\",\"filePath\":\"文件所在路径\",\"fileName\":\"文件名称\",\"fileFormat\":\"文件格式\",\"fileVersionNumber\":\"文件版本号\",\"fileSize\":\"文件大小(Byte)\",\"fileDigest\":\"文件摘要(MD5)\",\"fileLastTime\":\"文件最后更新时间\"}]}}}}','系统服务','2018-11-02 16:22:07','2018-11-02 16:22:07'),(177,'112','{\"header\":{\"createTime\":\"时间戳\",\"messageType\":\"DeviceRegistrationReply\",\"wasNeedReply\":\"no\"},\"body\":{\"deviceUid\":\"112\",\"returnCode\":\"-1\"}}','{\"header\":{\"createTime\":1541146925460,\"messageType\":\"Regist\",\"wasNeedReply\":\"yes \"},\"body\":{\"registMainInfo\":{\"deviceUid\":\"112\",\"deviceCode\":\"112\",\"stationCode\":\"112\",\"deviceStatus\":\"INSERVICE\"},\"deviceDescription\":{\"identifier\":{\"HWID\":\"FDSFDSFDSFXDFsdrfe2432fessdfds\"},\"location\":{\"cityCode\":\"01\",\"lineCode\":\"01\",\"stationCode\":\"02\",\"localPosition\":\"西北角\",\"GPSLocation\":\"90 63 62 15\"},\"config\":{\"deviceCode\":\"设备编号\",\"deviceType\":\"设备类型\",\"deviceSubType\":\"设备子类型\",\"deviceSettings\":null},\"HWComponent\":{\"HWName\":\"英文缩写名称\",\"HWID\":\"硬件编号\",\"HWStatus\":\"是否安装，是否正常\",\"HWStatusCode\":\"预留\",\"HWSettings\":\"预留\",\"subComponentList\":null},\"SWComponent\":{\"SWName\":\"英文缩写名称\",\"SWID\":\"组件编号\",\"SWType\":\"英文缩写类型\",\"basePath\":\"组件安装路径\",\"componentFile\":{\"fileCategory\":\"文件类型\",\"filePath\":\"文件所在路径\",\"fileName\":\"文件名称\",\"fileFormat\":\"文件格式\",\"fileVersionNumber\":\"文件版本号\",\"fileSize\":\"文件大小(Byte)\",\"fileDigest\":\"文件摘要(MD5)\",\"fileLastTime\":\"文件最后更新时间\"},\"componentFileList\":[{\"fileCategory\":\"文件类型\",\"filePath\":\"文件所在路径\",\"fileName\":\"文件名称\",\"fileFormat\":\"文件格式\",\"fileVersionNumber\":\"文件版本号\",\"fileSize\":\"文件大小(Byte)\",\"fileDigest\":\"文件摘要(MD5)\",\"fileLastTime\":\"文件最后更新时间\"}]}}}}','系统服务','2018-11-02 16:22:07','2018-11-02 16:22:07'),(178,'113','{\"header\":{\"createTime\":\"时间戳\",\"messageType\":\"DeviceRegistrationReply\",\"wasNeedReply\":\"no\"},\"body\":{\"deviceUid\":\"113\",\"returnCode\":\"-1\"}}','{\"header\":{\"createTime\":1541146925569,\"messageType\":\"Regist\",\"wasNeedReply\":\"yes \"},\"body\":{\"registMainInfo\":{\"deviceUid\":\"113\",\"deviceCode\":\"113\",\"stationCode\":\"113\",\"deviceStatus\":\"INSERVICE\"},\"deviceDescription\":{\"identifier\":{\"HWID\":\"FDSFDSFDSFXDFsdrfe2432fessdfds\"},\"location\":{\"cityCode\":\"01\",\"lineCode\":\"01\",\"stationCode\":\"02\",\"localPosition\":\"西北角\",\"GPSLocation\":\"90 63 62 15\"},\"config\":{\"deviceCode\":\"设备编号\",\"deviceType\":\"设备类型\",\"deviceSubType\":\"设备子类型\",\"deviceSettings\":null},\"HWComponent\":{\"HWName\":\"英文缩写名称\",\"HWID\":\"硬件编号\",\"HWStatus\":\"是否安装，是否正常\",\"HWStatusCode\":\"预留\",\"HWSettings\":\"预留\",\"subComponentList\":null},\"SWComponent\":{\"SWName\":\"英文缩写名称\",\"SWID\":\"组件编号\",\"SWType\":\"英文缩写类型\",\"basePath\":\"组件安装路径\",\"componentFile\":{\"fileCategory\":\"文件类型\",\"filePath\":\"文件所在路径\",\"fileName\":\"文件名称\",\"fileFormat\":\"文件格式\",\"fileVersionNumber\":\"文件版本号\",\"fileSize\":\"文件大小(Byte)\",\"fileDigest\":\"文件摘要(MD5)\",\"fileLastTime\":\"文件最后更新时间\"},\"componentFileList\":[{\"fileCategory\":\"文件类型\",\"filePath\":\"文件所在路径\",\"fileName\":\"文件名称\",\"fileFormat\":\"文件格式\",\"fileVersionNumber\":\"文件版本号\",\"fileSize\":\"文件大小(Byte)\",\"fileDigest\":\"文件摘要(MD5)\",\"fileLastTime\":\"文件最后更新时间\"}]}}}}','系统服务','2018-11-02 16:22:07','2018-11-02 16:22:07'),(179,'device005','{\"header\":{\"createTime\":\"时间戳\",\"messageType\":\"DeviceRegistrationReply\",\"wasNeedReply\":\"no\"},\"body\":{\"deviceUid\":\"device005\",\"returnCode\":\"0\",\"fileServerConfig\":{\"serverName\":\"服务器名字\",\"serverProtocol\":\"默认。其他待定\",\"serverAddress\":\"IP地址或域名\",\"serverPort\":\"端口号\",\"serverHomePath\":\"用户根目录\",\"authorization\":\"使用 username:password形式。其他待定\",\"serverSettings\":\"预留\"}}}','{\"header\":{\"createTime\":1541147348275,\"messageType\":\"Regist\",\"wasNeedReply\":\"yes \"},\"body\":{\"registMainInfo\":{\"deviceUid\":\"device005\",\"deviceCode\":\"0102zl005\",\"stationCode\":\"0102\",\"deviceStatus\":\"INSERVICE\"},\"deviceDescription\":{\"identifier\":{\"HWID\":\"FDSFDSFDSFXDFsdrfe2432fessdfds\"},\"location\":{\"cityCode\":\"01\",\"lineCode\":\"01\",\"stationCode\":\"02\",\"localPosition\":\"西北角\",\"GPSLocation\":\"90 63 62 15\"},\"config\":{\"deviceCode\":\"设备编号\",\"deviceType\":\"设备类型\",\"deviceSubType\":\"设备子类型\",\"deviceSettings\":null},\"HWComponent\":{\"HWName\":\"英文缩写名称\",\"HWID\":\"硬件编号\",\"HWStatus\":\"是否安装，是否正常\",\"HWStatusCode\":\"预留\",\"HWSettings\":\"预留\",\"subComponentList\":null},\"SWComponent\":{\"SWName\":\"英文缩写名称\",\"SWID\":\"组件编号\",\"SWType\":\"英文缩写类型\",\"basePath\":\"组件安装路径\",\"componentFile\":{\"fileCategory\":\"文件类型\",\"filePath\":\"文件所在路径\",\"fileName\":\"文件名称\",\"fileFormat\":\"文件格式\",\"fileVersionNumber\":\"文件版本号\",\"fileSize\":\"文件大小(Byte)\",\"fileDigest\":\"文件摘要(MD5)\",\"fileLastTime\":\"文件最后更新时间\"},\"componentFileList\":[{\"fileCategory\":\"文件类型\",\"filePath\":\"文件所在路径\",\"fileName\":\"文件名称\",\"fileFormat\":\"文件格式\",\"fileVersionNumber\":\"文件版本号\",\"fileSize\":\"文件大小(Byte)\",\"fileDigest\":\"文件摘要(MD5)\",\"fileLastTime\":\"文件最后更新时间\"}]}}}}','系统服务','2018-11-02 16:29:09','2018-11-02 16:29:09'),(180,'device002','{\"header\":{\"createTime\":\"时间戳\",\"messageType\":\"DeviceRegistrationReply\",\"wasNeedReply\":\"no\"},\"body\":{\"deviceUid\":\"device002\",\"returnCode\":\"0\",\"fileServerConfig\":{\"serverName\":\"服务器名字\",\"serverProtocol\":\"默认。其他待定\",\"serverAddress\":\"IP地址或域名\",\"serverPort\":\"端口号\",\"serverHomePath\":\"用户根目录\",\"authorization\":\"使用 username:password形式。其他待定\",\"serverSettings\":\"预留\"}}}','{\"header\":{\"createTime\":1541147383084,\"messageType\":\"Regist\",\"wasNeedReply\":\"yes \"},\"body\":{\"registMainInfo\":{\"deviceUid\":\"device002\",\"deviceCode\":\"0102zl002\",\"stationCode\":\"0102\",\"deviceStatus\":\"INSERVICE\"},\"deviceDescription\":{\"identifier\":{\"HWID\":\"FDSFDSFDSFXDFsdrfe2432fessdfds\"},\"location\":{\"cityCode\":\"01\",\"lineCode\":\"01\",\"stationCode\":\"02\",\"localPosition\":\"西北角\",\"GPSLocation\":\"90 63 62 15\"},\"config\":{\"deviceCode\":\"设备编号\",\"deviceType\":\"设备类型\",\"deviceSubType\":\"设备子类型\",\"deviceSettings\":null},\"HWComponent\":{\"HWName\":\"英文缩写名称\",\"HWID\":\"硬件编号\",\"HWStatus\":\"是否安装，是否正常\",\"HWStatusCode\":\"预留\",\"HWSettings\":\"预留\",\"subComponentList\":null},\"SWComponent\":{\"SWName\":\"英文缩写名称\",\"SWID\":\"组件编号\",\"SWType\":\"英文缩写类型\",\"basePath\":\"组件安装路径\",\"componentFile\":{\"fileCategory\":\"文件类型\",\"filePath\":\"文件所在路径\",\"fileName\":\"文件名称\",\"fileFormat\":\"文件格式\",\"fileVersionNumber\":\"文件版本号\",\"fileSize\":\"文件大小(Byte)\",\"fileDigest\":\"文件摘要(MD5)\",\"fileLastTime\":\"文件最后更新时间\"},\"componentFileList\":[{\"fileCategory\":\"文件类型\",\"filePath\":\"文件所在路径\",\"fileName\":\"文件名称\",\"fileFormat\":\"文件格式\",\"fileVersionNumber\":\"文件版本号\",\"fileSize\":\"文件大小(Byte)\",\"fileDigest\":\"文件摘要(MD5)\",\"fileLastTime\":\"文件最后更新时间\"}]}}}}','系统服务','2018-11-02 16:29:47','2018-11-02 16:29:47'),(181,'device003','{\"header\":{\"createTime\":\"时间戳\",\"messageType\":\"DeviceRegistrationReply\",\"wasNeedReply\":\"no\"},\"body\":{\"deviceUid\":\"device003\",\"returnCode\":\"-1\"}}','{\"header\":{\"createTime\":1541147387155,\"messageType\":\"Regist\",\"wasNeedReply\":\"yes \"},\"body\":{\"registMainInfo\":{\"deviceUid\":\"device003\",\"deviceCode\":\"0102zl003\",\"stationCode\":\"0102\",\"deviceStatus\":\"INSERVICE\"},\"deviceDescription\":{\"identifier\":{\"HWID\":\"FDSFDSFDSFXDFsdrfe2432fessdfds\"},\"location\":{\"cityCode\":\"01\",\"lineCode\":\"01\",\"stationCode\":\"02\",\"localPosition\":\"西北角\",\"GPSLocation\":\"90 63 62 15\"},\"config\":{\"deviceCode\":\"设备编号\",\"deviceType\":\"设备类型\",\"deviceSubType\":\"设备子类型\",\"deviceSettings\":null},\"HWComponent\":{\"HWName\":\"英文缩写名称\",\"HWID\":\"硬件编号\",\"HWStatus\":\"是否安装，是否正常\",\"HWStatusCode\":\"预留\",\"HWSettings\":\"预留\",\"subComponentList\":null},\"SWComponent\":{\"SWName\":\"英文缩写名称\",\"SWID\":\"组件编号\",\"SWType\":\"英文缩写类型\",\"basePath\":\"组件安装路径\",\"componentFile\":{\"fileCategory\":\"文件类型\",\"filePath\":\"文件所在路径\",\"fileName\":\"文件名称\",\"fileFormat\":\"文件格式\",\"fileVersionNumber\":\"文件版本号\",\"fileSize\":\"文件大小(Byte)\",\"fileDigest\":\"文件摘要(MD5)\",\"fileLastTime\":\"文件最后更新时间\"},\"componentFileList\":[{\"fileCategory\":\"文件类型\",\"filePath\":\"文件所在路径\",\"fileName\":\"文件名称\",\"fileFormat\":\"文件格式\",\"fileVersionNumber\":\"文件版本号\",\"fileSize\":\"文件大小(Byte)\",\"fileDigest\":\"文件摘要(MD5)\",\"fileLastTime\":\"文件最后更新时间\"}]}}}}','系统服务','2018-11-02 16:29:47','2018-11-02 16:29:47'),(182,'device004','{\"header\":{\"createTime\":\"时间戳\",\"messageType\":\"DeviceRegistrationReply\",\"wasNeedReply\":\"no\"},\"body\":{\"deviceUid\":\"device004\",\"returnCode\":\"0\",\"fileServerConfig\":{\"serverName\":\"服务器名字\",\"serverProtocol\":\"默认。其他待定\",\"serverAddress\":\"IP地址或域名\",\"serverPort\":\"端口号\",\"serverHomePath\":\"用户根目录\",\"authorization\":\"使用 username:password形式。其他待定\",\"serverSettings\":\"预留\"}}}','{\"header\":{\"createTime\":1541147387218,\"messageType\":\"Regist\",\"wasNeedReply\":\"yes \"},\"body\":{\"registMainInfo\":{\"deviceUid\":\"device004\",\"deviceCode\":\"0102zl004\",\"stationCode\":\"0102\",\"deviceStatus\":\"INSERVICE\"},\"deviceDescription\":{\"identifier\":{\"HWID\":\"FDSFDSFDSFXDFsdrfe2432fessdfds\"},\"location\":{\"cityCode\":\"01\",\"lineCode\":\"01\",\"stationCode\":\"02\",\"localPosition\":\"西北角\",\"GPSLocation\":\"90 63 62 15\"},\"config\":{\"deviceCode\":\"设备编号\",\"deviceType\":\"设备类型\",\"deviceSubType\":\"设备子类型\",\"deviceSettings\":null},\"HWComponent\":{\"HWName\":\"英文缩写名称\",\"HWID\":\"硬件编号\",\"HWStatus\":\"是否安装，是否正常\",\"HWStatusCode\":\"预留\",\"HWSettings\":\"预留\",\"subComponentList\":null},\"SWComponent\":{\"SWName\":\"英文缩写名称\",\"SWID\":\"组件编号\",\"SWType\":\"英文缩写类型\",\"basePath\":\"组件安装路径\",\"componentFile\":{\"fileCategory\":\"文件类型\",\"filePath\":\"文件所在路径\",\"fileName\":\"文件名称\",\"fileFormat\":\"文件格式\",\"fileVersionNumber\":\"文件版本号\",\"fileSize\":\"文件大小(Byte)\",\"fileDigest\":\"文件摘要(MD5)\",\"fileLastTime\":\"文件最后更新时间\"},\"componentFileList\":[{\"fileCategory\":\"文件类型\",\"filePath\":\"文件所在路径\",\"fileName\":\"文件名称\",\"fileFormat\":\"文件格式\",\"fileVersionNumber\":\"文件版本号\",\"fileSize\":\"文件大小(Byte)\",\"fileDigest\":\"文件摘要(MD5)\",\"fileLastTime\":\"文件最后更新时间\"}]}}}}','系统服务','2018-11-02 16:29:47','2018-11-02 16:29:47'),(183,'111','{\"header\":{\"createTime\":\"时间戳\",\"messageType\":\"DeviceRegistrationReply\",\"wasNeedReply\":\"no\"},\"body\":{\"deviceUid\":\"111\",\"returnCode\":\"-1\"}}','{\"header\":{\"createTime\":1541147387369,\"messageType\":\"Regist\",\"wasNeedReply\":\"yes \"},\"body\":{\"registMainInfo\":{\"deviceUid\":\"111\",\"deviceCode\":\"111\",\"stationCode\":\"111\",\"deviceStatus\":\"INSERVICE\"},\"deviceDescription\":{\"identifier\":{\"HWID\":\"FDSFDSFDSFXDFsdrfe2432fessdfds\"},\"location\":{\"cityCode\":\"01\",\"lineCode\":\"01\",\"stationCode\":\"02\",\"localPosition\":\"西北角\",\"GPSLocation\":\"90 63 62 15\"},\"config\":{\"deviceCode\":\"设备编号\",\"deviceType\":\"设备类型\",\"deviceSubType\":\"设备子类型\",\"deviceSettings\":null},\"HWComponent\":{\"HWName\":\"英文缩写名称\",\"HWID\":\"硬件编号\",\"HWStatus\":\"是否安装，是否正常\",\"HWStatusCode\":\"预留\",\"HWSettings\":\"预留\",\"subComponentList\":null},\"SWComponent\":{\"SWName\":\"英文缩写名称\",\"SWID\":\"组件编号\",\"SWType\":\"英文缩写类型\",\"basePath\":\"组件安装路径\",\"componentFile\":{\"fileCategory\":\"文件类型\",\"filePath\":\"文件所在路径\",\"fileName\":\"文件名称\",\"fileFormat\":\"文件格式\",\"fileVersionNumber\":\"文件版本号\",\"fileSize\":\"文件大小(Byte)\",\"fileDigest\":\"文件摘要(MD5)\",\"fileLastTime\":\"文件最后更新时间\"},\"componentFileList\":[{\"fileCategory\":\"文件类型\",\"filePath\":\"文件所在路径\",\"fileName\":\"文件名称\",\"fileFormat\":\"文件格式\",\"fileVersionNumber\":\"文件版本号\",\"fileSize\":\"文件大小(Byte)\",\"fileDigest\":\"文件摘要(MD5)\",\"fileLastTime\":\"文件最后更新时间\"}]}}}}','系统服务','2018-11-02 16:29:47','2018-11-02 16:29:48'),(184,'112','{\"header\":{\"createTime\":\"时间戳\",\"messageType\":\"DeviceRegistrationReply\",\"wasNeedReply\":\"no\"},\"body\":{\"deviceUid\":\"112\",\"returnCode\":\"-1\"}}','{\"header\":{\"createTime\":1541147387462,\"messageType\":\"Regist\",\"wasNeedReply\":\"yes \"},\"body\":{\"registMainInfo\":{\"deviceUid\":\"112\",\"deviceCode\":\"112\",\"stationCode\":\"112\",\"deviceStatus\":\"INSERVICE\"},\"deviceDescription\":{\"identifier\":{\"HWID\":\"FDSFDSFDSFXDFsdrfe2432fessdfds\"},\"location\":{\"cityCode\":\"01\",\"lineCode\":\"01\",\"stationCode\":\"02\",\"localPosition\":\"西北角\",\"GPSLocation\":\"90 63 62 15\"},\"config\":{\"deviceCode\":\"设备编号\",\"deviceType\":\"设备类型\",\"deviceSubType\":\"设备子类型\",\"deviceSettings\":null},\"HWComponent\":{\"HWName\":\"英文缩写名称\",\"HWID\":\"硬件编号\",\"HWStatus\":\"是否安装，是否正常\",\"HWStatusCode\":\"预留\",\"HWSettings\":\"预留\",\"subComponentList\":null},\"SWComponent\":{\"SWName\":\"英文缩写名称\",\"SWID\":\"组件编号\",\"SWType\":\"英文缩写类型\",\"basePath\":\"组件安装路径\",\"componentFile\":{\"fileCategory\":\"文件类型\",\"filePath\":\"文件所在路径\",\"fileName\":\"文件名称\",\"fileFormat\":\"文件格式\",\"fileVersionNumber\":\"文件版本号\",\"fileSize\":\"文件大小(Byte)\",\"fileDigest\":\"文件摘要(MD5)\",\"fileLastTime\":\"文件最后更新时间\"},\"componentFileList\":[{\"fileCategory\":\"文件类型\",\"filePath\":\"文件所在路径\",\"fileName\":\"文件名称\",\"fileFormat\":\"文件格式\",\"fileVersionNumber\":\"文件版本号\",\"fileSize\":\"文件大小(Byte)\",\"fileDigest\":\"文件摘要(MD5)\",\"fileLastTime\":\"文件最后更新时间\"}]}}}}','系统服务','2018-11-02 16:29:48','2018-11-02 16:29:48'),(185,'113','{\"header\":{\"createTime\":\"时间戳\",\"messageType\":\"DeviceRegistrationReply\",\"wasNeedReply\":\"no\"},\"body\":{\"deviceUid\":\"113\",\"returnCode\":\"-1\"}}','{\"header\":{\"createTime\":1541147387572,\"messageType\":\"Regist\",\"wasNeedReply\":\"yes \"},\"body\":{\"registMainInfo\":{\"deviceUid\":\"113\",\"deviceCode\":\"113\",\"stationCode\":\"113\",\"deviceStatus\":\"INSERVICE\"},\"deviceDescription\":{\"identifier\":{\"HWID\":\"FDSFDSFDSFXDFsdrfe2432fessdfds\"},\"location\":{\"cityCode\":\"01\",\"lineCode\":\"01\",\"stationCode\":\"02\",\"localPosition\":\"西北角\",\"GPSLocation\":\"90 63 62 15\"},\"config\":{\"deviceCode\":\"设备编号\",\"deviceType\":\"设备类型\",\"deviceSubType\":\"设备子类型\",\"deviceSettings\":null},\"HWComponent\":{\"HWName\":\"英文缩写名称\",\"HWID\":\"硬件编号\",\"HWStatus\":\"是否安装，是否正常\",\"HWStatusCode\":\"预留\",\"HWSettings\":\"预留\",\"subComponentList\":null},\"SWComponent\":{\"SWName\":\"英文缩写名称\",\"SWID\":\"组件编号\",\"SWType\":\"英文缩写类型\",\"basePath\":\"组件安装路径\",\"componentFile\":{\"fileCategory\":\"文件类型\",\"filePath\":\"文件所在路径\",\"fileName\":\"文件名称\",\"fileFormat\":\"文件格式\",\"fileVersionNumber\":\"文件版本号\",\"fileSize\":\"文件大小(Byte)\",\"fileDigest\":\"文件摘要(MD5)\",\"fileLastTime\":\"文件最后更新时间\"},\"componentFileList\":[{\"fileCategory\":\"文件类型\",\"filePath\":\"文件所在路径\",\"fileName\":\"文件名称\",\"fileFormat\":\"文件格式\",\"fileVersionNumber\":\"文件版本号\",\"fileSize\":\"文件大小(Byte)\",\"fileDigest\":\"文件摘要(MD5)\",\"fileLastTime\":\"文件最后更新时间\"}]}}}}','系统服务','2018-11-02 16:29:48','2018-11-02 16:29:48'),(186,'shebei001','{\"header\":{\"createTime\":\"时间戳\",\"messageType\":\"DeviceRegistrationReply\",\"wasNeedReply\":\"no\"},\"body\":{\"deviceUid\":\"shebei001\",\"returnCode\":\"-1\"}}','{\"header\":{\"createTime\":1541148285769,\"messageType\":\"Regist\",\"wasNeedReply\":\"yes \"},\"body\":{\"registMainInfo\":{\"deviceUid\":\"shebei001\",\"deviceCode\":\"shebei001\",\"stationCode\":\"0102\",\"deviceStatus\":\"INSERVICE\"},\"deviceDescription\":{\"identifier\":{\"HWID\":\"FDSFDSFDSFXDFsdrfe2432fessdfds\"},\"location\":{\"cityCode\":\"01\",\"lineCode\":\"01\",\"stationCode\":\"02\",\"localPosition\":\"西北角\",\"GPSLocation\":\"90 63 62 15\"},\"config\":{\"deviceCode\":\"设备编号\",\"deviceType\":\"设备类型\",\"deviceSubType\":\"设备子类型\",\"deviceSettings\":null},\"HWComponent\":{\"HWName\":\"英文缩写名称\",\"HWID\":\"硬件编号\",\"HWStatus\":\"是否安装，是否正常\",\"HWStatusCode\":\"预留\",\"HWSettings\":\"预留\",\"subComponentList\":null},\"SWComponent\":{\"SWName\":\"英文缩写名称\",\"SWID\":\"组件编号\",\"SWType\":\"英文缩写类型\",\"basePath\":\"组件安装路径\",\"componentFile\":{\"fileCategory\":\"文件类型\",\"filePath\":\"文件所在路径\",\"fileName\":\"文件名称\",\"fileFormat\":\"文件格式\",\"fileVersionNumber\":\"文件版本号\",\"fileSize\":\"文件大小(Byte)\",\"fileDigest\":\"文件摘要(MD5)\",\"fileLastTime\":\"文件最后更新时间\"},\"componentFileList\":[{\"fileCategory\":\"文件类型\",\"filePath\":\"文件所在路径\",\"fileName\":\"文件名称\",\"fileFormat\":\"文件格式\",\"fileVersionNumber\":\"文件版本号\",\"fileSize\":\"文件大小(Byte)\",\"fileDigest\":\"文件摘要(MD5)\",\"fileLastTime\":\"文件最后更新时间\"}]}}}}','系统服务','2018-11-02 16:44:46','2018-11-02 16:44:46'),(187,'shebei002','{\"header\":{\"createTime\":\"时间戳\",\"messageType\":\"DeviceRegistrationReply\",\"wasNeedReply\":\"no\"},\"body\":{\"deviceUid\":\"shebei002\",\"returnCode\":\"-1\"}}','{\"header\":{\"createTime\":1541148285977,\"messageType\":\"Regist\",\"wasNeedReply\":\"yes \"},\"body\":{\"registMainInfo\":{\"deviceUid\":\"shebei002\",\"deviceCode\":\"shebei002\",\"stationCode\":\"0102\",\"deviceStatus\":\"INSERVICE\"},\"deviceDescription\":{\"identifier\":{\"HWID\":\"FDSFDSFDSFXDFsdrfe2432fessdfds\"},\"location\":{\"cityCode\":\"01\",\"lineCode\":\"01\",\"stationCode\":\"02\",\"localPosition\":\"西北角\",\"GPSLocation\":\"90 63 62 15\"},\"config\":{\"deviceCode\":\"设备编号\",\"deviceType\":\"设备类型\",\"deviceSubType\":\"设备子类型\",\"deviceSettings\":null},\"HWComponent\":{\"HWName\":\"英文缩写名称\",\"HWID\":\"硬件编号\",\"HWStatus\":\"是否安装，是否正常\",\"HWStatusCode\":\"预留\",\"HWSettings\":\"预留\",\"subComponentList\":null},\"SWComponent\":{\"SWName\":\"英文缩写名称\",\"SWID\":\"组件编号\",\"SWType\":\"英文缩写类型\",\"basePath\":\"组件安装路径\",\"componentFile\":{\"fileCategory\":\"文件类型\",\"filePath\":\"文件所在路径\",\"fileName\":\"文件名称\",\"fileFormat\":\"文件格式\",\"fileVersionNumber\":\"文件版本号\",\"fileSize\":\"文件大小(Byte)\",\"fileDigest\":\"文件摘要(MD5)\",\"fileLastTime\":\"文件最后更新时间\"},\"componentFileList\":[{\"fileCategory\":\"文件类型\",\"filePath\":\"文件所在路径\",\"fileName\":\"文件名称\",\"fileFormat\":\"文件格式\",\"fileVersionNumber\":\"文件版本号\",\"fileSize\":\"文件大小(Byte)\",\"fileDigest\":\"文件摘要(MD5)\",\"fileLastTime\":\"文件最后更新时间\"}]}}}}','系统服务','2018-11-02 16:44:46','2018-11-02 16:44:46'),(188,'shebei003','{\"header\":{\"createTime\":\"时间戳\",\"messageType\":\"DeviceRegistrationReply\",\"wasNeedReply\":\"no\"},\"body\":{\"deviceUid\":\"shebei003\",\"returnCode\":\"-1\"}}','{\"header\":{\"createTime\":1541148286392,\"messageType\":\"Regist\",\"wasNeedReply\":\"yes \"},\"body\":{\"registMainInfo\":{\"deviceUid\":\"shebei003\",\"deviceCode\":\"shebei003\",\"stationCode\":\"0102\",\"deviceStatus\":\"INSERVICE\"},\"deviceDescription\":{\"identifier\":{\"HWID\":\"FDSFDSFDSFXDFsdrfe2432fessdfds\"},\"location\":{\"cityCode\":\"01\",\"lineCode\":\"01\",\"stationCode\":\"02\",\"localPosition\":\"西北角\",\"GPSLocation\":\"90 63 62 15\"},\"config\":{\"deviceCode\":\"设备编号\",\"deviceType\":\"设备类型\",\"deviceSubType\":\"设备子类型\",\"deviceSettings\":null},\"HWComponent\":{\"HWName\":\"英文缩写名称\",\"HWID\":\"硬件编号\",\"HWStatus\":\"是否安装，是否正常\",\"HWStatusCode\":\"预留\",\"HWSettings\":\"预留\",\"subComponentList\":null},\"SWComponent\":{\"SWName\":\"英文缩写名称\",\"SWID\":\"组件编号\",\"SWType\":\"英文缩写类型\",\"basePath\":\"组件安装路径\",\"componentFile\":{\"fileCategory\":\"文件类型\",\"filePath\":\"文件所在路径\",\"fileName\":\"文件名称\",\"fileFormat\":\"文件格式\",\"fileVersionNumber\":\"文件版本号\",\"fileSize\":\"文件大小(Byte)\",\"fileDigest\":\"文件摘要(MD5)\",\"fileLastTime\":\"文件最后更新时间\"},\"componentFileList\":[{\"fileCategory\":\"文件类型\",\"filePath\":\"文件所在路径\",\"fileName\":\"文件名称\",\"fileFormat\":\"文件格式\",\"fileVersionNumber\":\"文件版本号\",\"fileSize\":\"文件大小(Byte)\",\"fileDigest\":\"文件摘要(MD5)\",\"fileLastTime\":\"文件最后更新时间\"}]}}}}','系统服务','2018-11-02 16:44:47','2018-11-02 16:44:47'),(189,'shebei004','{\"header\":{\"createTime\":\"时间戳\",\"messageType\":\"DeviceRegistrationReply\",\"wasNeedReply\":\"no\"},\"body\":{\"deviceUid\":\"shebei004\",\"returnCode\":\"-1\"}}','{\"header\":{\"createTime\":1541148286689,\"messageType\":\"Regist\",\"wasNeedReply\":\"yes \"},\"body\":{\"registMainInfo\":{\"deviceUid\":\"shebei004\",\"deviceCode\":\"shebei004\",\"stationCode\":\"0102\",\"deviceStatus\":\"INSERVICE\"},\"deviceDescription\":{\"identifier\":{\"HWID\":\"FDSFDSFDSFXDFsdrfe2432fessdfds\"},\"location\":{\"cityCode\":\"01\",\"lineCode\":\"01\",\"stationCode\":\"02\",\"localPosition\":\"西北角\",\"GPSLocation\":\"90 63 62 15\"},\"config\":{\"deviceCode\":\"设备编号\",\"deviceType\":\"设备类型\",\"deviceSubType\":\"设备子类型\",\"deviceSettings\":null},\"HWComponent\":{\"HWName\":\"英文缩写名称\",\"HWID\":\"硬件编号\",\"HWStatus\":\"是否安装，是否正常\",\"HWStatusCode\":\"预留\",\"HWSettings\":\"预留\",\"subComponentList\":null},\"SWComponent\":{\"SWName\":\"英文缩写名称\",\"SWID\":\"组件编号\",\"SWType\":\"英文缩写类型\",\"basePath\":\"组件安装路径\",\"componentFile\":{\"fileCategory\":\"文件类型\",\"filePath\":\"文件所在路径\",\"fileName\":\"文件名称\",\"fileFormat\":\"文件格式\",\"fileVersionNumber\":\"文件版本号\",\"fileSize\":\"文件大小(Byte)\",\"fileDigest\":\"文件摘要(MD5)\",\"fileLastTime\":\"文件最后更新时间\"},\"componentFileList\":[{\"fileCategory\":\"文件类型\",\"filePath\":\"文件所在路径\",\"fileName\":\"文件名称\",\"fileFormat\":\"文件格式\",\"fileVersionNumber\":\"文件版本号\",\"fileSize\":\"文件大小(Byte)\",\"fileDigest\":\"文件摘要(MD5)\",\"fileLastTime\":\"文件最后更新时间\"}]}}}}','系统服务','2018-11-02 16:44:47','2018-11-02 16:44:47'),(190,'shebei004','{\"header\":{\"createTime\":\"时间戳\",\"messageType\":\"DeviceRegistrationReply\",\"wasNeedReply\":\"no\"},\"body\":{\"deviceUid\":\"shebei004\",\"returnCode\":\"-1\"}}','{\"header\":{\"createTime\":1541148286689,\"messageType\":\"Regist\",\"wasNeedReply\":\"yes \"},\"body\":{\"registMainInfo\":{\"deviceUid\":\"shebei004\",\"deviceCode\":\"shebei004\",\"stationCode\":\"0102\",\"deviceStatus\":\"INSERVICE\"},\"deviceDescription\":{\"identifier\":{\"HWID\":\"FDSFDSFDSFXDFsdrfe2432fessdfds\"},\"location\":{\"cityCode\":\"01\",\"lineCode\":\"01\",\"stationCode\":\"02\",\"localPosition\":\"西北角\",\"GPSLocation\":\"90 63 62 15\"},\"config\":{\"deviceCode\":\"设备编号\",\"deviceType\":\"设备类型\",\"deviceSubType\":\"设备子类型\",\"deviceSettings\":null},\"HWComponent\":{\"HWName\":\"英文缩写名称\",\"HWID\":\"硬件编号\",\"HWStatus\":\"是否安装，是否正常\",\"HWStatusCode\":\"预留\",\"HWSettings\":\"预留\",\"subComponentList\":null},\"SWComponent\":{\"SWName\":\"英文缩写名称\",\"SWID\":\"组件编号\",\"SWType\":\"英文缩写类型\",\"basePath\":\"组件安装路径\",\"componentFile\":{\"fileCategory\":\"文件类型\",\"filePath\":\"文件所在路径\",\"fileName\":\"文件名称\",\"fileFormat\":\"文件格式\",\"fileVersionNumber\":\"文件版本号\",\"fileSize\":\"文件大小(Byte)\",\"fileDigest\":\"文件摘要(MD5)\",\"fileLastTime\":\"文件最后更新时间\"},\"componentFileList\":[{\"fileCategory\":\"文件类型\",\"filePath\":\"文件所在路径\",\"fileName\":\"文件名称\",\"fileFormat\":\"文件格式\",\"fileVersionNumber\":\"文件版本号\",\"fileSize\":\"文件大小(Byte)\",\"fileDigest\":\"文件摘要(MD5)\",\"fileLastTime\":\"文件最后更新时间\"}]}}}}','系统服务','2018-11-02 16:44:48','2018-11-02 16:44:48'),(191,'shebei005','{\"header\":{\"createTime\":\"时间戳\",\"messageType\":\"DeviceRegistrationReply\",\"wasNeedReply\":\"no\"},\"body\":{\"deviceUid\":\"shebei005\",\"returnCode\":\"-1\"}}','{\"header\":{\"createTime\":1541148286783,\"messageType\":\"Regist\",\"wasNeedReply\":\"yes \"},\"body\":{\"registMainInfo\":{\"deviceUid\":\"shebei005\",\"deviceCode\":\"shebei005\",\"stationCode\":\"0102\",\"deviceStatus\":\"INSERVICE\"},\"deviceDescription\":{\"identifier\":{\"HWID\":\"FDSFDSFDSFXDFsdrfe2432fessdfds\"},\"location\":{\"cityCode\":\"01\",\"lineCode\":\"01\",\"stationCode\":\"02\",\"localPosition\":\"西北角\",\"GPSLocation\":\"90 63 62 15\"},\"config\":{\"deviceCode\":\"设备编号\",\"deviceType\":\"设备类型\",\"deviceSubType\":\"设备子类型\",\"deviceSettings\":null},\"HWComponent\":{\"HWName\":\"英文缩写名称\",\"HWID\":\"硬件编号\",\"HWStatus\":\"是否安装，是否正常\",\"HWStatusCode\":\"预留\",\"HWSettings\":\"预留\",\"subComponentList\":null},\"SWComponent\":{\"SWName\":\"英文缩写名称\",\"SWID\":\"组件编号\",\"SWType\":\"英文缩写类型\",\"basePath\":\"组件安装路径\",\"componentFile\":{\"fileCategory\":\"文件类型\",\"filePath\":\"文件所在路径\",\"fileName\":\"文件名称\",\"fileFormat\":\"文件格式\",\"fileVersionNumber\":\"文件版本号\",\"fileSize\":\"文件大小(Byte)\",\"fileDigest\":\"文件摘要(MD5)\",\"fileLastTime\":\"文件最后更新时间\"},\"componentFileList\":[{\"fileCategory\":\"文件类型\",\"filePath\":\"文件所在路径\",\"fileName\":\"文件名称\",\"fileFormat\":\"文件格式\",\"fileVersionNumber\":\"文件版本号\",\"fileSize\":\"文件大小(Byte)\",\"fileDigest\":\"文件摘要(MD5)\",\"fileLastTime\":\"文件最后更新时间\"}]}}}}','系统服务','2018-11-02 16:44:48','2018-11-02 16:44:48'),(192,'shebei005','{\"header\":{\"createTime\":\"时间戳\",\"messageType\":\"DeviceRegistrationReply\",\"wasNeedReply\":\"no\"},\"body\":{\"deviceUid\":\"shebei005\",\"returnCode\":\"-1\"}}','{\"header\":{\"createTime\":1541148286783,\"messageType\":\"Regist\",\"wasNeedReply\":\"yes \"},\"body\":{\"registMainInfo\":{\"deviceUid\":\"shebei005\",\"deviceCode\":\"shebei005\",\"stationCode\":\"0102\",\"deviceStatus\":\"INSERVICE\"},\"deviceDescription\":{\"identifier\":{\"HWID\":\"FDSFDSFDSFXDFsdrfe2432fessdfds\"},\"location\":{\"cityCode\":\"01\",\"lineCode\":\"01\",\"stationCode\":\"02\",\"localPosition\":\"西北角\",\"GPSLocation\":\"90 63 62 15\"},\"config\":{\"deviceCode\":\"设备编号\",\"deviceType\":\"设备类型\",\"deviceSubType\":\"设备子类型\",\"deviceSettings\":null},\"HWComponent\":{\"HWName\":\"英文缩写名称\",\"HWID\":\"硬件编号\",\"HWStatus\":\"是否安装，是否正常\",\"HWStatusCode\":\"预留\",\"HWSettings\":\"预留\",\"subComponentList\":null},\"SWComponent\":{\"SWName\":\"英文缩写名称\",\"SWID\":\"组件编号\",\"SWType\":\"英文缩写类型\",\"basePath\":\"组件安装路径\",\"componentFile\":{\"fileCategory\":\"文件类型\",\"filePath\":\"文件所在路径\",\"fileName\":\"文件名称\",\"fileFormat\":\"文件格式\",\"fileVersionNumber\":\"文件版本号\",\"fileSize\":\"文件大小(Byte)\",\"fileDigest\":\"文件摘要(MD5)\",\"fileLastTime\":\"文件最后更新时间\"},\"componentFileList\":[{\"fileCategory\":\"文件类型\",\"filePath\":\"文件所在路径\",\"fileName\":\"文件名称\",\"fileFormat\":\"文件格式\",\"fileVersionNumber\":\"文件版本号\",\"fileSize\":\"文件大小(Byte)\",\"fileDigest\":\"文件摘要(MD5)\",\"fileLastTime\":\"文件最后更新时间\"}]}}}}','系统服务','2018-11-02 16:44:51','2018-11-02 16:44:51'),(193,'shebei001','{\"header\":{\"createTime\":\"时间戳\",\"messageType\":\"DeviceRegistrationReply\",\"wasNeedReply\":\"no\"},\"body\":{\"deviceUid\":\"shebei001\",\"returnCode\":\"0\",\"fileServerConfig\":{\"serverName\":\"服务器名字\",\"serverProtocol\":\"默认。其他待定\",\"serverAddress\":\"IP地址或域名\",\"serverPort\":\"端口号\",\"serverHomePath\":\"用户根目录\",\"authorization\":\"使用 username:password形式。其他待定\",\"serverSettings\":\"预留\"}}}','{\"header\":{\"createTime\":1541148829893,\"messageType\":\"Regist\",\"wasNeedReply\":\"yes \"},\"body\":{\"registMainInfo\":{\"deviceUid\":\"shebei001\",\"deviceCode\":\"shebei001\",\"stationCode\":\"0102\",\"deviceStatus\":\"INSERVICE\"},\"deviceDescription\":{\"identifier\":{\"HWID\":\"FDSFDSFDSFXDFsdrfe2432fessdfds\"},\"location\":{\"cityCode\":\"01\",\"lineCode\":\"01\",\"stationCode\":\"02\",\"localPosition\":\"西北角\",\"GPSLocation\":\"90 63 62 15\"},\"config\":{\"deviceCode\":\"设备编号\",\"deviceType\":\"设备类型\",\"deviceSubType\":\"设备子类型\",\"deviceSettings\":null},\"HWComponent\":{\"HWName\":\"英文缩写名称\",\"HWID\":\"硬件编号\",\"HWStatus\":\"是否安装，是否正常\",\"HWStatusCode\":\"预留\",\"HWSettings\":\"预留\",\"subComponentList\":null},\"SWComponent\":{\"SWName\":\"英文缩写名称\",\"SWID\":\"组件编号\",\"SWType\":\"英文缩写类型\",\"basePath\":\"组件安装路径\",\"componentFile\":{\"fileCategory\":\"文件类型\",\"filePath\":\"文件所在路径\",\"fileName\":\"文件名称\",\"fileFormat\":\"文件格式\",\"fileVersionNumber\":\"文件版本号\",\"fileSize\":\"文件大小(Byte)\",\"fileDigest\":\"文件摘要(MD5)\",\"fileLastTime\":\"文件最后更新时间\"},\"componentFileList\":[{\"fileCategory\":\"文件类型\",\"filePath\":\"文件所在路径\",\"fileName\":\"文件名称\",\"fileFormat\":\"文件格式\",\"fileVersionNumber\":\"文件版本号\",\"fileSize\":\"文件大小(Byte)\",\"fileDigest\":\"文件摘要(MD5)\",\"fileLastTime\":\"文件最后更新时间\"}]}}}}','系统服务','2018-11-02 16:53:51','2018-11-02 16:53:51'),(194,'shebei002','{\"header\":{\"createTime\":\"时间戳\",\"messageType\":\"DeviceRegistrationReply\",\"wasNeedReply\":\"no\"},\"body\":{\"deviceUid\":\"shebei002\",\"returnCode\":\"0\",\"fileServerConfig\":{\"serverName\":\"服务器名字\",\"serverProtocol\":\"默认。其他待定\",\"serverAddress\":\"IP地址或域名\",\"serverPort\":\"端口号\",\"serverHomePath\":\"用户根目录\",\"authorization\":\"使用 username:password形式。其他待定\",\"serverSettings\":\"预留\"}}}','{\"header\":{\"createTime\":1541148837879,\"messageType\":\"Regist\",\"wasNeedReply\":\"yes \"},\"body\":{\"registMainInfo\":{\"deviceUid\":\"shebei002\",\"deviceCode\":\"shebei002\",\"stationCode\":\"0102\",\"deviceStatus\":\"INSERVICE\"},\"deviceDescription\":{\"identifier\":{\"HWID\":\"FDSFDSFDSFXDFsdrfe2432fessdfds\"},\"location\":{\"cityCode\":\"01\",\"lineCode\":\"01\",\"stationCode\":\"02\",\"localPosition\":\"西北角\",\"GPSLocation\":\"90 63 62 15\"},\"config\":{\"deviceCode\":\"设备编号\",\"deviceType\":\"设备类型\",\"deviceSubType\":\"设备子类型\",\"deviceSettings\":null},\"HWComponent\":{\"HWName\":\"英文缩写名称\",\"HWID\":\"硬件编号\",\"HWStatus\":\"是否安装，是否正常\",\"HWStatusCode\":\"预留\",\"HWSettings\":\"预留\",\"subComponentList\":null},\"SWComponent\":{\"SWName\":\"英文缩写名称\",\"SWID\":\"组件编号\",\"SWType\":\"英文缩写类型\",\"basePath\":\"组件安装路径\",\"componentFile\":{\"fileCategory\":\"文件类型\",\"filePath\":\"文件所在路径\",\"fileName\":\"文件名称\",\"fileFormat\":\"文件格式\",\"fileVersionNumber\":\"文件版本号\",\"fileSize\":\"文件大小(Byte)\",\"fileDigest\":\"文件摘要(MD5)\",\"fileLastTime\":\"文件最后更新时间\"},\"componentFileList\":[{\"fileCategory\":\"文件类型\",\"filePath\":\"文件所在路径\",\"fileName\":\"文件名称\",\"fileFormat\":\"文件格式\",\"fileVersionNumber\":\"文件版本号\",\"fileSize\":\"文件大小(Byte)\",\"fileDigest\":\"文件摘要(MD5)\",\"fileLastTime\":\"文件最后更新时间\"}]}}}}','系统服务','2018-11-02 16:53:59','2018-11-02 16:53:59'),(195,'shebei003','{\"header\":{\"createTime\":\"时间戳\",\"messageType\":\"DeviceRegistrationReply\",\"wasNeedReply\":\"no\"},\"body\":{\"deviceUid\":\"shebei003\",\"returnCode\":\"0\",\"fileServerConfig\":{\"serverName\":\"服务器名字\",\"serverProtocol\":\"默认。其他待定\",\"serverAddress\":\"IP地址或域名\",\"serverPort\":\"端口号\",\"serverHomePath\":\"用户根目录\",\"authorization\":\"使用 username:password形式。其他待定\",\"serverSettings\":\"预留\"}}}','{\"header\":{\"createTime\":1541148839167,\"messageType\":\"Regist\",\"wasNeedReply\":\"yes \"},\"body\":{\"registMainInfo\":{\"deviceUid\":\"shebei003\",\"deviceCode\":\"shebei003\",\"stationCode\":\"0102\",\"deviceStatus\":\"INSERVICE\"},\"deviceDescription\":{\"identifier\":{\"HWID\":\"FDSFDSFDSFXDFsdrfe2432fessdfds\"},\"location\":{\"cityCode\":\"01\",\"lineCode\":\"01\",\"stationCode\":\"02\",\"localPosition\":\"西北角\",\"GPSLocation\":\"90 63 62 15\"},\"config\":{\"deviceCode\":\"设备编号\",\"deviceType\":\"设备类型\",\"deviceSubType\":\"设备子类型\",\"deviceSettings\":null},\"HWComponent\":{\"HWName\":\"英文缩写名称\",\"HWID\":\"硬件编号\",\"HWStatus\":\"是否安装，是否正常\",\"HWStatusCode\":\"预留\",\"HWSettings\":\"预留\",\"subComponentList\":null},\"SWComponent\":{\"SWName\":\"英文缩写名称\",\"SWID\":\"组件编号\",\"SWType\":\"英文缩写类型\",\"basePath\":\"组件安装路径\",\"componentFile\":{\"fileCategory\":\"文件类型\",\"filePath\":\"文件所在路径\",\"fileName\":\"文件名称\",\"fileFormat\":\"文件格式\",\"fileVersionNumber\":\"文件版本号\",\"fileSize\":\"文件大小(Byte)\",\"fileDigest\":\"文件摘要(MD5)\",\"fileLastTime\":\"文件最后更新时间\"},\"componentFileList\":[{\"fileCategory\":\"文件类型\",\"filePath\":\"文件所在路径\",\"fileName\":\"文件名称\",\"fileFormat\":\"文件格式\",\"fileVersionNumber\":\"文件版本号\",\"fileSize\":\"文件大小(Byte)\",\"fileDigest\":\"文件摘要(MD5)\",\"fileLastTime\":\"文件最后更新时间\"}]}}}}','系统服务','2018-11-02 16:54:03','2018-11-02 16:54:03'),(196,'shebei005','{\"header\":{\"createTime\":\"时间戳\",\"messageType\":\"DeviceRegistrationReply\",\"wasNeedReply\":\"no\"},\"body\":{\"deviceUid\":\"shebei005\",\"returnCode\":\"-1\"}}','{\"header\":{\"createTime\":1541148843845,\"messageType\":\"Regist\",\"wasNeedReply\":\"yes \"},\"body\":{\"registMainInfo\":{\"deviceUid\":\"shebei005\",\"deviceCode\":\"shebei005\",\"stationCode\":\"0102\",\"deviceStatus\":\"INSERVICE\"},\"deviceDescription\":{\"identifier\":{\"HWID\":\"FDSFDSFDSFXDFsdrfe2432fessdfds\"},\"location\":{\"cityCode\":\"01\",\"lineCode\":\"01\",\"stationCode\":\"02\",\"localPosition\":\"西北角\",\"GPSLocation\":\"90 63 62 15\"},\"config\":{\"deviceCode\":\"设备编号\",\"deviceType\":\"设备类型\",\"deviceSubType\":\"设备子类型\",\"deviceSettings\":null},\"HWComponent\":{\"HWName\":\"英文缩写名称\",\"HWID\":\"硬件编号\",\"HWStatus\":\"是否安装，是否正常\",\"HWStatusCode\":\"预留\",\"HWSettings\":\"预留\",\"subComponentList\":null},\"SWComponent\":{\"SWName\":\"英文缩写名称\",\"SWID\":\"组件编号\",\"SWType\":\"英文缩写类型\",\"basePath\":\"组件安装路径\",\"componentFile\":{\"fileCategory\":\"文件类型\",\"filePath\":\"文件所在路径\",\"fileName\":\"文件名称\",\"fileFormat\":\"文件格式\",\"fileVersionNumber\":\"文件版本号\",\"fileSize\":\"文件大小(Byte)\",\"fileDigest\":\"文件摘要(MD5)\",\"fileLastTime\":\"文件最后更新时间\"},\"componentFileList\":[{\"fileCategory\":\"文件类型\",\"filePath\":\"文件所在路径\",\"fileName\":\"文件名称\",\"fileFormat\":\"文件格式\",\"fileVersionNumber\":\"文件版本号\",\"fileSize\":\"文件大小(Byte)\",\"fileDigest\":\"文件摘要(MD5)\",\"fileLastTime\":\"文件最后更新时间\"}]}}}}','系统服务','2018-11-02 16:54:04','2018-11-02 16:54:04'),(197,'shebei001','{\"header\":{\"createTime\":\"时间戳\",\"messageType\":\"DeviceRegistrationReply\",\"wasNeedReply\":\"no\"},\"body\":{\"deviceUid\":\"shebei001\",\"returnCode\":\"0\",\"fileServerConfig\":{\"serverName\":\"服务器名字\",\"serverProtocol\":\"默认。其他待定\",\"serverAddress\":\"IP地址或域名\",\"serverPort\":\"端口号\",\"serverHomePath\":\"用户根目录\",\"authorization\":\"使用 username:password形式。其他待定\",\"serverSettings\":\"预留\"}}}','{\"header\":{\"createTime\":1541148963537,\"messageType\":\"Regist\",\"wasNeedReply\":\"yes \"},\"body\":{\"registMainInfo\":{\"deviceUid\":\"shebei001\",\"deviceCode\":\"shebei001\",\"stationCode\":\"0102\",\"deviceStatus\":\"INSERVICE\"},\"deviceDescription\":{\"identifier\":{\"HWID\":\"FDSFDSFDSFXDFsdrfe2432fessdfds\"},\"location\":{\"cityCode\":\"01\",\"lineCode\":\"01\",\"stationCode\":\"02\",\"localPosition\":\"西北角\",\"GPSLocation\":\"90 63 62 15\"},\"config\":{\"deviceCode\":\"设备编号\",\"deviceType\":\"设备类型\",\"deviceSubType\":\"设备子类型\",\"deviceSettings\":null},\"HWComponent\":{\"HWName\":\"英文缩写名称\",\"HWID\":\"硬件编号\",\"HWStatus\":\"是否安装，是否正常\",\"HWStatusCode\":\"预留\",\"HWSettings\":\"预留\",\"subComponentList\":null},\"SWComponent\":{\"SWName\":\"英文缩写名称\",\"SWID\":\"组件编号\",\"SWType\":\"英文缩写类型\",\"basePath\":\"组件安装路径\",\"componentFile\":{\"fileCategory\":\"文件类型\",\"filePath\":\"文件所在路径\",\"fileName\":\"文件名称\",\"fileFormat\":\"文件格式\",\"fileVersionNumber\":\"文件版本号\",\"fileSize\":\"文件大小(Byte)\",\"fileDigest\":\"文件摘要(MD5)\",\"fileLastTime\":\"文件最后更新时间\"},\"componentFileList\":[{\"fileCategory\":\"文件类型\",\"filePath\":\"文件所在路径\",\"fileName\":\"文件名称\",\"fileFormat\":\"文件格式\",\"fileVersionNumber\":\"文件版本号\",\"fileSize\":\"文件大小(Byte)\",\"fileDigest\":\"文件摘要(MD5)\",\"fileLastTime\":\"文件最后更新时间\"}]}}}}','系统服务','2018-11-02 16:56:07','2018-11-02 16:56:07'),(198,'shebei002','{\"header\":{\"createTime\":\"时间戳\",\"messageType\":\"DeviceRegistrationReply\",\"wasNeedReply\":\"no\"},\"body\":{\"deviceUid\":\"shebei002\",\"returnCode\":\"0\",\"fileServerConfig\":{\"serverName\":\"服务器名字\",\"serverProtocol\":\"默认。其他待定\",\"serverAddress\":\"IP地址或域名\",\"serverPort\":\"端口号\",\"serverHomePath\":\"用户根目录\",\"authorization\":\"使用 username:password形式。其他待定\",\"serverSettings\":\"预留\"}}}','{\"header\":{\"createTime\":1541148968943,\"messageType\":\"Regist\",\"wasNeedReply\":\"yes \"},\"body\":{\"registMainInfo\":{\"deviceUid\":\"shebei002\",\"deviceCode\":\"shebei002\",\"stationCode\":\"0102\",\"deviceStatus\":\"INSERVICE\"},\"deviceDescription\":{\"identifier\":{\"HWID\":\"FDSFDSFDSFXDFsdrfe2432fessdfds\"},\"location\":{\"cityCode\":\"01\",\"lineCode\":\"01\",\"stationCode\":\"02\",\"localPosition\":\"西北角\",\"GPSLocation\":\"90 63 62 15\"},\"config\":{\"deviceCode\":\"设备编号\",\"deviceType\":\"设备类型\",\"deviceSubType\":\"设备子类型\",\"deviceSettings\":null},\"HWComponent\":{\"HWName\":\"英文缩写名称\",\"HWID\":\"硬件编号\",\"HWStatus\":\"是否安装，是否正常\",\"HWStatusCode\":\"预留\",\"HWSettings\":\"预留\",\"subComponentList\":null},\"SWComponent\":{\"SWName\":\"英文缩写名称\",\"SWID\":\"组件编号\",\"SWType\":\"英文缩写类型\",\"basePath\":\"组件安装路径\",\"componentFile\":{\"fileCategory\":\"文件类型\",\"filePath\":\"文件所在路径\",\"fileName\":\"文件名称\",\"fileFormat\":\"文件格式\",\"fileVersionNumber\":\"文件版本号\",\"fileSize\":\"文件大小(Byte)\",\"fileDigest\":\"文件摘要(MD5)\",\"fileLastTime\":\"文件最后更新时间\"},\"componentFileList\":[{\"fileCategory\":\"文件类型\",\"filePath\":\"文件所在路径\",\"fileName\":\"文件名称\",\"fileFormat\":\"文件格式\",\"fileVersionNumber\":\"文件版本号\",\"fileSize\":\"文件大小(Byte)\",\"fileDigest\":\"文件摘要(MD5)\",\"fileLastTime\":\"文件最后更新时间\"}]}}}}','系统服务','2018-11-02 16:56:09','2018-11-02 16:56:09'),(199,'shebei003','{\"header\":{\"createTime\":\"时间戳\",\"messageType\":\"DeviceRegistrationReply\",\"wasNeedReply\":\"no\"},\"body\":{\"deviceUid\":\"shebei003\",\"returnCode\":\"0\",\"fileServerConfig\":{\"serverName\":\"服务器名字\",\"serverProtocol\":\"默认。其他待定\",\"serverAddress\":\"IP地址或域名\",\"serverPort\":\"端口号\",\"serverHomePath\":\"用户根目录\",\"authorization\":\"使用 username:password形式。其他待定\",\"serverSettings\":\"预留\"}}}','{\"header\":{\"createTime\":1541148969028,\"messageType\":\"Regist\",\"wasNeedReply\":\"yes \"},\"body\":{\"registMainInfo\":{\"deviceUid\":\"shebei003\",\"deviceCode\":\"shebei003\",\"stationCode\":\"0102\",\"deviceStatus\":\"INSERVICE\"},\"deviceDescription\":{\"identifier\":{\"HWID\":\"FDSFDSFDSFXDFsdrfe2432fessdfds\"},\"location\":{\"cityCode\":\"01\",\"lineCode\":\"01\",\"stationCode\":\"02\",\"localPosition\":\"西北角\",\"GPSLocation\":\"90 63 62 15\"},\"config\":{\"deviceCode\":\"设备编号\",\"deviceType\":\"设备类型\",\"deviceSubType\":\"设备子类型\",\"deviceSettings\":null},\"HWComponent\":{\"HWName\":\"英文缩写名称\",\"HWID\":\"硬件编号\",\"HWStatus\":\"是否安装，是否正常\",\"HWStatusCode\":\"预留\",\"HWSettings\":\"预留\",\"subComponentList\":null},\"SWComponent\":{\"SWName\":\"英文缩写名称\",\"SWID\":\"组件编号\",\"SWType\":\"英文缩写类型\",\"basePath\":\"组件安装路径\",\"componentFile\":{\"fileCategory\":\"文件类型\",\"filePath\":\"文件所在路径\",\"fileName\":\"文件名称\",\"fileFormat\":\"文件格式\",\"fileVersionNumber\":\"文件版本号\",\"fileSize\":\"文件大小(Byte)\",\"fileDigest\":\"文件摘要(MD5)\",\"fileLastTime\":\"文件最后更新时间\"},\"componentFileList\":[{\"fileCategory\":\"文件类型\",\"filePath\":\"文件所在路径\",\"fileName\":\"文件名称\",\"fileFormat\":\"文件格式\",\"fileVersionNumber\":\"文件版本号\",\"fileSize\":\"文件大小(Byte)\",\"fileDigest\":\"文件摘要(MD5)\",\"fileLastTime\":\"文件最后更新时间\"}]}}}}','系统服务','2018-11-02 16:56:09','2018-11-02 16:56:09'),(200,'shebei005','{\"header\":{\"createTime\":\"时间戳\",\"messageType\":\"DeviceRegistrationReply\",\"wasNeedReply\":\"no\"},\"body\":{\"deviceUid\":\"shebei005\",\"returnCode\":\"-1\"}}','{\"header\":{\"createTime\":1541148969293,\"messageType\":\"Regist\",\"wasNeedReply\":\"yes \"},\"body\":{\"registMainInfo\":{\"deviceUid\":\"shebei005\",\"deviceCode\":\"shebei005\",\"stationCode\":\"0102\",\"deviceStatus\":\"INSERVICE\"},\"deviceDescription\":{\"identifier\":{\"HWID\":\"FDSFDSFDSFXDFsdrfe2432fessdfds\"},\"location\":{\"cityCode\":\"01\",\"lineCode\":\"01\",\"stationCode\":\"02\",\"localPosition\":\"西北角\",\"GPSLocation\":\"90 63 62 15\"},\"config\":{\"deviceCode\":\"设备编号\",\"deviceType\":\"设备类型\",\"deviceSubType\":\"设备子类型\",\"deviceSettings\":null},\"HWComponent\":{\"HWName\":\"英文缩写名称\",\"HWID\":\"硬件编号\",\"HWStatus\":\"是否安装，是否正常\",\"HWStatusCode\":\"预留\",\"HWSettings\":\"预留\",\"subComponentList\":null},\"SWComponent\":{\"SWName\":\"英文缩写名称\",\"SWID\":\"组件编号\",\"SWType\":\"英文缩写类型\",\"basePath\":\"组件安装路径\",\"componentFile\":{\"fileCategory\":\"文件类型\",\"filePath\":\"文件所在路径\",\"fileName\":\"文件名称\",\"fileFormat\":\"文件格式\",\"fileVersionNumber\":\"文件版本号\",\"fileSize\":\"文件大小(Byte)\",\"fileDigest\":\"文件摘要(MD5)\",\"fileLastTime\":\"文件最后更新时间\"},\"componentFileList\":[{\"fileCategory\":\"文件类型\",\"filePath\":\"文件所在路径\",\"fileName\":\"文件名称\",\"fileFormat\":\"文件格式\",\"fileVersionNumber\":\"文件版本号\",\"fileSize\":\"文件大小(Byte)\",\"fileDigest\":\"文件摘要(MD5)\",\"fileLastTime\":\"文件最后更新时间\"}]}}}}','系统服务','2018-11-02 16:56:10','2018-11-02 16:56:10'),(201,'shebei001','{\"header\":{\"createTime\":\"时间戳\",\"messageType\":\"DeviceRegistrationReply\",\"wasNeedReply\":\"no\"},\"body\":{\"deviceUid\":\"shebei001\",\"returnCode\":\"0\",\"fileServerConfig\":{\"serverName\":\"服务器名字\",\"serverProtocol\":\"默认。其他待定\",\"serverAddress\":\"IP地址或域名\",\"serverPort\":\"端口号\",\"serverHomePath\":\"用户根目录\",\"authorization\":\"使用 username:password形式。其他待定\",\"serverSettings\":\"预留\"}}}','{\"header\":{\"createTime\":1541149068039,\"messageType\":\"Regist\",\"wasNeedReply\":\"yes \"},\"body\":{\"registMainInfo\":{\"deviceUid\":\"shebei001\",\"deviceCode\":\"shebei001\",\"stationCode\":\"0102\",\"deviceStatus\":\"INSERVICE\"},\"deviceDescription\":{\"identifier\":{\"HWID\":\"FDSFDSFDSFXDFsdrfe2432fessdfds\"},\"location\":{\"cityCode\":\"01\",\"lineCode\":\"01\",\"stationCode\":\"02\",\"localPosition\":\"西北角\",\"GPSLocation\":\"90 63 62 15\"},\"config\":{\"deviceCode\":\"设备编号\",\"deviceType\":\"设备类型\",\"deviceSubType\":\"设备子类型\",\"deviceSettings\":null},\"HWComponent\":{\"HWName\":\"英文缩写名称\",\"HWID\":\"硬件编号\",\"HWStatus\":\"是否安装，是否正常\",\"HWStatusCode\":\"预留\",\"HWSettings\":\"预留\",\"subComponentList\":null},\"SWComponent\":{\"SWName\":\"英文缩写名称\",\"SWID\":\"组件编号\",\"SWType\":\"英文缩写类型\",\"basePath\":\"组件安装路径\",\"componentFile\":{\"fileCategory\":\"文件类型\",\"filePath\":\"文件所在路径\",\"fileName\":\"文件名称\",\"fileFormat\":\"文件格式\",\"fileVersionNumber\":\"文件版本号\",\"fileSize\":\"文件大小(Byte)\",\"fileDigest\":\"文件摘要(MD5)\",\"fileLastTime\":\"文件最后更新时间\"},\"componentFileList\":[{\"fileCategory\":\"文件类型\",\"filePath\":\"文件所在路径\",\"fileName\":\"文件名称\",\"fileFormat\":\"文件格式\",\"fileVersionNumber\":\"文件版本号\",\"fileSize\":\"文件大小(Byte)\",\"fileDigest\":\"文件摘要(MD5)\",\"fileLastTime\":\"文件最后更新时间\"}]}}}}','系统服务','2018-11-02 16:57:52','2018-11-02 16:57:52'),(202,'shebei002','{\"header\":{\"createTime\":\"时间戳\",\"messageType\":\"DeviceRegistrationReply\",\"wasNeedReply\":\"no\"},\"body\":{\"deviceUid\":\"shebei002\",\"returnCode\":\"0\",\"fileServerConfig\":{\"serverName\":\"服务器名字\",\"serverProtocol\":\"默认。其他待定\",\"serverAddress\":\"IP地址或域名\",\"serverPort\":\"端口号\",\"serverHomePath\":\"用户根目录\",\"authorization\":\"使用 username:password形式。其他待定\",\"serverSettings\":\"预留\"}}}','{\"header\":{\"createTime\":1541149068117,\"messageType\":\"Regist\",\"wasNeedReply\":\"yes \"},\"body\":{\"registMainInfo\":{\"deviceUid\":\"shebei002\",\"deviceCode\":\"shebei002\",\"stationCode\":\"0102\",\"deviceStatus\":\"INSERVICE\"},\"deviceDescription\":{\"identifier\":{\"HWID\":\"FDSFDSFDSFXDFsdrfe2432fessdfds\"},\"location\":{\"cityCode\":\"01\",\"lineCode\":\"01\",\"stationCode\":\"02\",\"localPosition\":\"西北角\",\"GPSLocation\":\"90 63 62 15\"},\"config\":{\"deviceCode\":\"设备编号\",\"deviceType\":\"设备类型\",\"deviceSubType\":\"设备子类型\",\"deviceSettings\":null},\"HWComponent\":{\"HWName\":\"英文缩写名称\",\"HWID\":\"硬件编号\",\"HWStatus\":\"是否安装，是否正常\",\"HWStatusCode\":\"预留\",\"HWSettings\":\"预留\",\"subComponentList\":null},\"SWComponent\":{\"SWName\":\"英文缩写名称\",\"SWID\":\"组件编号\",\"SWType\":\"英文缩写类型\",\"basePath\":\"组件安装路径\",\"componentFile\":{\"fileCategory\":\"文件类型\",\"filePath\":\"文件所在路径\",\"fileName\":\"文件名称\",\"fileFormat\":\"文件格式\",\"fileVersionNumber\":\"文件版本号\",\"fileSize\":\"文件大小(Byte)\",\"fileDigest\":\"文件摘要(MD5)\",\"fileLastTime\":\"文件最后更新时间\"},\"componentFileList\":[{\"fileCategory\":\"文件类型\",\"filePath\":\"文件所在路径\",\"fileName\":\"文件名称\",\"fileFormat\":\"文件格式\",\"fileVersionNumber\":\"文件版本号\",\"fileSize\":\"文件大小(Byte)\",\"fileDigest\":\"文件摘要(MD5)\",\"fileLastTime\":\"文件最后更新时间\"}]}}}}','系统服务','2018-11-02 16:57:52','2018-11-02 16:57:52'),(203,'shebei003','{\"header\":{\"createTime\":\"时间戳\",\"messageType\":\"DeviceRegistrationReply\",\"wasNeedReply\":\"no\"},\"body\":{\"deviceUid\":\"shebei003\",\"returnCode\":\"0\",\"fileServerConfig\":{\"serverName\":\"服务器名字\",\"serverProtocol\":\"默认。其他待定\",\"serverAddress\":\"IP地址或域名\",\"serverPort\":\"端口号\",\"serverHomePath\":\"用户根目录\",\"authorization\":\"使用 username:password形式。其他待定\",\"serverSettings\":\"预留\"}}}','{\"header\":{\"createTime\":1541149068305,\"messageType\":\"Regist\",\"wasNeedReply\":\"yes \"},\"body\":{\"registMainInfo\":{\"deviceUid\":\"shebei003\",\"deviceCode\":\"shebei003\",\"stationCode\":\"0102\",\"deviceStatus\":\"INSERVICE\"},\"deviceDescription\":{\"identifier\":{\"HWID\":\"FDSFDSFDSFXDFsdrfe2432fessdfds\"},\"location\":{\"cityCode\":\"01\",\"lineCode\":\"01\",\"stationCode\":\"02\",\"localPosition\":\"西北角\",\"GPSLocation\":\"90 63 62 15\"},\"config\":{\"deviceCode\":\"设备编号\",\"deviceType\":\"设备类型\",\"deviceSubType\":\"设备子类型\",\"deviceSettings\":null},\"HWComponent\":{\"HWName\":\"英文缩写名称\",\"HWID\":\"硬件编号\",\"HWStatus\":\"是否安装，是否正常\",\"HWStatusCode\":\"预留\",\"HWSettings\":\"预留\",\"subComponentList\":null},\"SWComponent\":{\"SWName\":\"英文缩写名称\",\"SWID\":\"组件编号\",\"SWType\":\"英文缩写类型\",\"basePath\":\"组件安装路径\",\"componentFile\":{\"fileCategory\":\"文件类型\",\"filePath\":\"文件所在路径\",\"fileName\":\"文件名称\",\"fileFormat\":\"文件格式\",\"fileVersionNumber\":\"文件版本号\",\"fileSize\":\"文件大小(Byte)\",\"fileDigest\":\"文件摘要(MD5)\",\"fileLastTime\":\"文件最后更新时间\"},\"componentFileList\":[{\"fileCategory\":\"文件类型\",\"filePath\":\"文件所在路径\",\"fileName\":\"文件名称\",\"fileFormat\":\"文件格式\",\"fileVersionNumber\":\"文件版本号\",\"fileSize\":\"文件大小(Byte)\",\"fileDigest\":\"文件摘要(MD5)\",\"fileLastTime\":\"文件最后更新时间\"}]}}}}','系统服务','2018-11-02 16:57:52','2018-11-02 16:57:52'),(204,'shebei005','{\"header\":{\"createTime\":\"时间戳\",\"messageType\":\"DeviceRegistrationReply\",\"wasNeedReply\":\"no\"},\"body\":{\"deviceUid\":\"shebei005\",\"returnCode\":\"-1\"}}','{\"header\":{\"createTime\":1541149068430,\"messageType\":\"Regist\",\"wasNeedReply\":\"yes \"},\"body\":{\"registMainInfo\":{\"deviceUid\":\"shebei005\",\"deviceCode\":\"shebei005\",\"stationCode\":\"0102\",\"deviceStatus\":\"INSERVICE\"},\"deviceDescription\":{\"identifier\":{\"HWID\":\"FDSFDSFDSFXDFsdrfe2432fessdfds\"},\"location\":{\"cityCode\":\"01\",\"lineCode\":\"01\",\"stationCode\":\"02\",\"localPosition\":\"西北角\",\"GPSLocation\":\"90 63 62 15\"},\"config\":{\"deviceCode\":\"设备编号\",\"deviceType\":\"设备类型\",\"deviceSubType\":\"设备子类型\",\"deviceSettings\":null},\"HWComponent\":{\"HWName\":\"英文缩写名称\",\"HWID\":\"硬件编号\",\"HWStatus\":\"是否安装，是否正常\",\"HWStatusCode\":\"预留\",\"HWSettings\":\"预留\",\"subComponentList\":null},\"SWComponent\":{\"SWName\":\"英文缩写名称\",\"SWID\":\"组件编号\",\"SWType\":\"英文缩写类型\",\"basePath\":\"组件安装路径\",\"componentFile\":{\"fileCategory\":\"文件类型\",\"filePath\":\"文件所在路径\",\"fileName\":\"文件名称\",\"fileFormat\":\"文件格式\",\"fileVersionNumber\":\"文件版本号\",\"fileSize\":\"文件大小(Byte)\",\"fileDigest\":\"文件摘要(MD5)\",\"fileLastTime\":\"文件最后更新时间\"},\"componentFileList\":[{\"fileCategory\":\"文件类型\",\"filePath\":\"文件所在路径\",\"fileName\":\"文件名称\",\"fileFormat\":\"文件格式\",\"fileVersionNumber\":\"文件版本号\",\"fileSize\":\"文件大小(Byte)\",\"fileDigest\":\"文件摘要(MD5)\",\"fileLastTime\":\"文件最后更新时间\"}]}}}}','系统服务','2018-11-02 16:57:52','2018-11-02 16:57:52'),(205,'shebei001','{\"header\":{\"createTime\":\"时间戳\",\"messageType\":\"DeviceRegistrationReply\",\"wasNeedReply\":\"no\"},\"body\":{\"deviceUid\":\"shebei001\",\"returnCode\":\"0\",\"fileServerConfig\":{\"serverName\":\"服务器名字\",\"serverProtocol\":\"默认。其他待定\",\"serverAddress\":\"IP地址或域名\",\"serverPort\":\"端口号\",\"serverHomePath\":\"用户根目录\",\"authorization\":\"使用 username:password形式。其他待定\",\"serverSettings\":\"预留\"}}}','{\"header\":{\"createTime\":1541149834122,\"messageType\":\"Regist\",\"wasNeedReply\":\"yes \"},\"body\":{\"registMainInfo\":{\"deviceUid\":\"shebei001\",\"deviceCode\":\"shebei001\",\"stationCode\":\"0102\",\"deviceStatus\":\"INSERVICE\"},\"deviceDescription\":{\"identifier\":{\"HWID\":\"FDSFDSFDSFXDFsdrfe2432fessdfds\"},\"location\":{\"cityCode\":\"01\",\"lineCode\":\"01\",\"stationCode\":\"02\",\"localPosition\":\"西北角\",\"GPSLocation\":\"90 63 62 15\"},\"config\":{\"deviceCode\":\"设备编号\",\"deviceType\":\"设备类型\",\"deviceSubType\":\"设备子类型\",\"deviceSettings\":null},\"HWComponent\":{\"HWName\":\"英文缩写名称\",\"HWID\":\"硬件编号\",\"HWStatus\":\"是否安装，是否正常\",\"HWStatusCode\":\"预留\",\"HWSettings\":\"预留\",\"subComponentList\":null},\"SWComponent\":{\"SWName\":\"英文缩写名称\",\"SWID\":\"组件编号\",\"SWType\":\"英文缩写类型\",\"basePath\":\"组件安装路径\",\"componentFile\":{\"fileCategory\":\"文件类型\",\"filePath\":\"文件所在路径\",\"fileName\":\"文件名称\",\"fileFormat\":\"文件格式\",\"fileVersionNumber\":\"文件版本号\",\"fileSize\":\"文件大小(Byte)\",\"fileDigest\":\"文件摘要(MD5)\",\"fileLastTime\":\"文件最后更新时间\"},\"componentFileList\":[{\"fileCategory\":\"文件类型\",\"filePath\":\"文件所在路径\",\"fileName\":\"文件名称\",\"fileFormat\":\"文件格式\",\"fileVersionNumber\":\"文件版本号\",\"fileSize\":\"文件大小(Byte)\",\"fileDigest\":\"文件摘要(MD5)\",\"fileLastTime\":\"文件最后更新时间\"}]}}}}','系统服务','2018-11-02 17:10:38','2018-11-02 17:10:38'),(206,'shebei002','{\"header\":{\"createTime\":\"时间戳\",\"messageType\":\"DeviceRegistrationReply\",\"wasNeedReply\":\"no\"},\"body\":{\"deviceUid\":\"shebei002\",\"returnCode\":\"0\",\"fileServerConfig\":{\"serverName\":\"服务器名字\",\"serverProtocol\":\"默认。其他待定\",\"serverAddress\":\"IP地址或域名\",\"serverPort\":\"端口号\",\"serverHomePath\":\"用户根目录\",\"authorization\":\"使用 username:password形式。其他待定\",\"serverSettings\":\"预留\"}}}','{\"header\":{\"createTime\":1541149834503,\"messageType\":\"Regist\",\"wasNeedReply\":\"yes \"},\"body\":{\"registMainInfo\":{\"deviceUid\":\"shebei002\",\"deviceCode\":\"shebei002\",\"stationCode\":\"0102\",\"deviceStatus\":\"INSERVICE\"},\"deviceDescription\":{\"identifier\":{\"HWID\":\"FDSFDSFDSFXDFsdrfe2432fessdfds\"},\"location\":{\"cityCode\":\"01\",\"lineCode\":\"01\",\"stationCode\":\"02\",\"localPosition\":\"西北角\",\"GPSLocation\":\"90 63 62 15\"},\"config\":{\"deviceCode\":\"设备编号\",\"deviceType\":\"设备类型\",\"deviceSubType\":\"设备子类型\",\"deviceSettings\":null},\"HWComponent\":{\"HWName\":\"英文缩写名称\",\"HWID\":\"硬件编号\",\"HWStatus\":\"是否安装，是否正常\",\"HWStatusCode\":\"预留\",\"HWSettings\":\"预留\",\"subComponentList\":null},\"SWComponent\":{\"SWName\":\"英文缩写名称\",\"SWID\":\"组件编号\",\"SWType\":\"英文缩写类型\",\"basePath\":\"组件安装路径\",\"componentFile\":{\"fileCategory\":\"文件类型\",\"filePath\":\"文件所在路径\",\"fileName\":\"文件名称\",\"fileFormat\":\"文件格式\",\"fileVersionNumber\":\"文件版本号\",\"fileSize\":\"文件大小(Byte)\",\"fileDigest\":\"文件摘要(MD5)\",\"fileLastTime\":\"文件最后更新时间\"},\"componentFileList\":[{\"fileCategory\":\"文件类型\",\"filePath\":\"文件所在路径\",\"fileName\":\"文件名称\",\"fileFormat\":\"文件格式\",\"fileVersionNumber\":\"文件版本号\",\"fileSize\":\"文件大小(Byte)\",\"fileDigest\":\"文件摘要(MD5)\",\"fileLastTime\":\"文件最后更新时间\"}]}}}}','系统服务','2018-11-02 17:10:38','2018-11-02 17:10:38'),(207,'shebei003','{\"header\":{\"createTime\":\"时间戳\",\"messageType\":\"DeviceRegistrationReply\",\"wasNeedReply\":\"no\"},\"body\":{\"deviceUid\":\"shebei003\",\"returnCode\":\"0\",\"fileServerConfig\":{\"serverName\":\"服务器名字\",\"serverProtocol\":\"默认。其他待定\",\"serverAddress\":\"IP地址或域名\",\"serverPort\":\"端口号\",\"serverHomePath\":\"用户根目录\",\"authorization\":\"使用 username:password形式。其他待定\",\"serverSettings\":\"预留\"}}}','{\"header\":{\"createTime\":1541149834612,\"messageType\":\"Regist\",\"wasNeedReply\":\"yes \"},\"body\":{\"registMainInfo\":{\"deviceUid\":\"shebei003\",\"deviceCode\":\"shebei003\",\"stationCode\":\"0102\",\"deviceStatus\":\"INSERVICE\"},\"deviceDescription\":{\"identifier\":{\"HWID\":\"FDSFDSFDSFXDFsdrfe2432fessdfds\"},\"location\":{\"cityCode\":\"01\",\"lineCode\":\"01\",\"stationCode\":\"02\",\"localPosition\":\"西北角\",\"GPSLocation\":\"90 63 62 15\"},\"config\":{\"deviceCode\":\"设备编号\",\"deviceType\":\"设备类型\",\"deviceSubType\":\"设备子类型\",\"deviceSettings\":null},\"HWComponent\":{\"HWName\":\"英文缩写名称\",\"HWID\":\"硬件编号\",\"HWStatus\":\"是否安装，是否正常\",\"HWStatusCode\":\"预留\",\"HWSettings\":\"预留\",\"subComponentList\":null},\"SWComponent\":{\"SWName\":\"英文缩写名称\",\"SWID\":\"组件编号\",\"SWType\":\"英文缩写类型\",\"basePath\":\"组件安装路径\",\"componentFile\":{\"fileCategory\":\"文件类型\",\"filePath\":\"文件所在路径\",\"fileName\":\"文件名称\",\"fileFormat\":\"文件格式\",\"fileVersionNumber\":\"文件版本号\",\"fileSize\":\"文件大小(Byte)\",\"fileDigest\":\"文件摘要(MD5)\",\"fileLastTime\":\"文件最后更新时间\"},\"componentFileList\":[{\"fileCategory\":\"文件类型\",\"filePath\":\"文件所在路径\",\"fileName\":\"文件名称\",\"fileFormat\":\"文件格式\",\"fileVersionNumber\":\"文件版本号\",\"fileSize\":\"文件大小(Byte)\",\"fileDigest\":\"文件摘要(MD5)\",\"fileLastTime\":\"文件最后更新时间\"}]}}}}','系统服务','2018-11-02 17:10:38','2018-11-02 17:10:38'),(208,'shebei005','{\"header\":{\"createTime\":\"时间戳\",\"messageType\":\"DeviceRegistrationReply\",\"wasNeedReply\":\"no\"},\"body\":{\"deviceUid\":\"shebei005\",\"returnCode\":\"-1\"}}','{\"header\":{\"createTime\":1541149834862,\"messageType\":\"Regist\",\"wasNeedReply\":\"yes \"},\"body\":{\"registMainInfo\":{\"deviceUid\":\"shebei005\",\"deviceCode\":\"shebei005\",\"stationCode\":\"0102\",\"deviceStatus\":\"INSERVICE\"},\"deviceDescription\":{\"identifier\":{\"HWID\":\"FDSFDSFDSFXDFsdrfe2432fessdfds\"},\"location\":{\"cityCode\":\"01\",\"lineCode\":\"01\",\"stationCode\":\"02\",\"localPosition\":\"西北角\",\"GPSLocation\":\"90 63 62 15\"},\"config\":{\"deviceCode\":\"设备编号\",\"deviceType\":\"设备类型\",\"deviceSubType\":\"设备子类型\",\"deviceSettings\":null},\"HWComponent\":{\"HWName\":\"英文缩写名称\",\"HWID\":\"硬件编号\",\"HWStatus\":\"是否安装，是否正常\",\"HWStatusCode\":\"预留\",\"HWSettings\":\"预留\",\"subComponentList\":null},\"SWComponent\":{\"SWName\":\"英文缩写名称\",\"SWID\":\"组件编号\",\"SWType\":\"英文缩写类型\",\"basePath\":\"组件安装路径\",\"componentFile\":{\"fileCategory\":\"文件类型\",\"filePath\":\"文件所在路径\",\"fileName\":\"文件名称\",\"fileFormat\":\"文件格式\",\"fileVersionNumber\":\"文件版本号\",\"fileSize\":\"文件大小(Byte)\",\"fileDigest\":\"文件摘要(MD5)\",\"fileLastTime\":\"文件最后更新时间\"},\"componentFileList\":[{\"fileCategory\":\"文件类型\",\"filePath\":\"文件所在路径\",\"fileName\":\"文件名称\",\"fileFormat\":\"文件格式\",\"fileVersionNumber\":\"文件版本号\",\"fileSize\":\"文件大小(Byte)\",\"fileDigest\":\"文件摘要(MD5)\",\"fileLastTime\":\"文件最后更新时间\"}]}}}}','系统服务','2018-11-02 17:10:39','2018-11-02 17:10:39'),(209,'shebei001','{\"header\":{\"createTime\":\"时间戳\",\"messageType\":\"DeviceRegistrationReply\",\"wasNeedReply\":\"no\"},\"body\":{\"deviceUid\":\"shebei001\",\"returnCode\":\"-1\"}}','{\"header\":{\"createTime\":1541151313617,\"messageType\":\"Regist\",\"wasNeedReply\":\"yes \"},\"body\":{\"registMainInfo\":{\"deviceUid\":\"shebei001\",\"deviceCode\":\"shebei001\",\"stationCode\":\"0102\",\"deviceStatus\":\"INSERVICE\"},\"deviceDescription\":{\"identifier\":{\"HWID\":\"FDSFDSFDSFXDFsdrfe2432fessdfds\"},\"location\":{\"cityCode\":\"01\",\"lineCode\":\"01\",\"stationCode\":\"02\",\"localPosition\":\"西北角\",\"GPSLocation\":\"90 63 62 15\"},\"config\":{\"deviceCode\":\"设备编号\",\"deviceType\":\"设备类型\",\"deviceSubType\":\"设备子类型\",\"deviceSettings\":null},\"HWComponent\":{\"HWName\":\"英文缩写名称\",\"HWID\":\"硬件编号\",\"HWStatus\":\"是否安装，是否正常\",\"HWStatusCode\":\"预留\",\"HWSettings\":\"预留\",\"subComponentList\":null},\"SWComponent\":{\"SWName\":\"英文缩写名称\",\"SWID\":\"组件编号\",\"SWType\":\"英文缩写类型\",\"basePath\":\"组件安装路径\",\"componentFile\":{\"fileCategory\":\"文件类型\",\"filePath\":\"文件所在路径\",\"fileName\":\"文件名称\",\"fileFormat\":\"文件格式\",\"fileVersionNumber\":\"文件版本号\",\"fileSize\":\"文件大小(Byte)\",\"fileDigest\":\"文件摘要(MD5)\",\"fileLastTime\":\"文件最后更新时间\"},\"componentFileList\":[{\"fileCategory\":\"文件类型\",\"filePath\":\"文件所在路径\",\"fileName\":\"文件名称\",\"fileFormat\":\"文件格式\",\"fileVersionNumber\":\"文件版本号\",\"fileSize\":\"文件大小(Byte)\",\"fileDigest\":\"文件摘要(MD5)\",\"fileLastTime\":\"文件最后更新时间\"}]}}}}','系统服务','2018-11-02 17:35:15','2018-11-02 17:35:15'),(210,'shebei002','{\"header\":{\"createTime\":\"时间戳\",\"messageType\":\"DeviceRegistrationReply\",\"wasNeedReply\":\"no\"},\"body\":{\"deviceUid\":\"shebei002\",\"returnCode\":\"-1\"}}','{\"header\":{\"createTime\":1541151313781,\"messageType\":\"Regist\",\"wasNeedReply\":\"yes \"},\"body\":{\"registMainInfo\":{\"deviceUid\":\"shebei002\",\"deviceCode\":\"shebei002\",\"stationCode\":\"0102\",\"deviceStatus\":\"INSERVICE\"},\"deviceDescription\":{\"identifier\":{\"HWID\":\"FDSFDSFDSFXDFsdrfe2432fessdfds\"},\"location\":{\"cityCode\":\"01\",\"lineCode\":\"01\",\"stationCode\":\"02\",\"localPosition\":\"西北角\",\"GPSLocation\":\"90 63 62 15\"},\"config\":{\"deviceCode\":\"设备编号\",\"deviceType\":\"设备类型\",\"deviceSubType\":\"设备子类型\",\"deviceSettings\":null},\"HWComponent\":{\"HWName\":\"英文缩写名称\",\"HWID\":\"硬件编号\",\"HWStatus\":\"是否安装，是否正常\",\"HWStatusCode\":\"预留\",\"HWSettings\":\"预留\",\"subComponentList\":null},\"SWComponent\":{\"SWName\":\"英文缩写名称\",\"SWID\":\"组件编号\",\"SWType\":\"英文缩写类型\",\"basePath\":\"组件安装路径\",\"componentFile\":{\"fileCategory\":\"文件类型\",\"filePath\":\"文件所在路径\",\"fileName\":\"文件名称\",\"fileFormat\":\"文件格式\",\"fileVersionNumber\":\"文件版本号\",\"fileSize\":\"文件大小(Byte)\",\"fileDigest\":\"文件摘要(MD5)\",\"fileLastTime\":\"文件最后更新时间\"},\"componentFileList\":[{\"fileCategory\":\"文件类型\",\"filePath\":\"文件所在路径\",\"fileName\":\"文件名称\",\"fileFormat\":\"文件格式\",\"fileVersionNumber\":\"文件版本号\",\"fileSize\":\"文件大小(Byte)\",\"fileDigest\":\"文件摘要(MD5)\",\"fileLastTime\":\"文件最后更新时间\"}]}}}}','系统服务','2018-11-02 17:35:15','2018-11-02 17:35:15'),(211,'shebei003','{\"header\":{\"createTime\":\"时间戳\",\"messageType\":\"DeviceRegistrationReply\",\"wasNeedReply\":\"no\"},\"body\":{\"deviceUid\":\"shebei003\",\"returnCode\":\"-1\"}}','{\"header\":{\"createTime\":1541151313835,\"messageType\":\"Regist\",\"wasNeedReply\":\"yes \"},\"body\":{\"registMainInfo\":{\"deviceUid\":\"shebei003\",\"deviceCode\":\"shebei003\",\"stationCode\":\"0102\",\"deviceStatus\":\"INSERVICE\"},\"deviceDescription\":{\"identifier\":{\"HWID\":\"FDSFDSFDSFXDFsdrfe2432fessdfds\"},\"location\":{\"cityCode\":\"01\",\"lineCode\":\"01\",\"stationCode\":\"02\",\"localPosition\":\"西北角\",\"GPSLocation\":\"90 63 62 15\"},\"config\":{\"deviceCode\":\"设备编号\",\"deviceType\":\"设备类型\",\"deviceSubType\":\"设备子类型\",\"deviceSettings\":null},\"HWComponent\":{\"HWName\":\"英文缩写名称\",\"HWID\":\"硬件编号\",\"HWStatus\":\"是否安装，是否正常\",\"HWStatusCode\":\"预留\",\"HWSettings\":\"预留\",\"subComponentList\":null},\"SWComponent\":{\"SWName\":\"英文缩写名称\",\"SWID\":\"组件编号\",\"SWType\":\"英文缩写类型\",\"basePath\":\"组件安装路径\",\"componentFile\":{\"fileCategory\":\"文件类型\",\"filePath\":\"文件所在路径\",\"fileName\":\"文件名称\",\"fileFormat\":\"文件格式\",\"fileVersionNumber\":\"文件版本号\",\"fileSize\":\"文件大小(Byte)\",\"fileDigest\":\"文件摘要(MD5)\",\"fileLastTime\":\"文件最后更新时间\"},\"componentFileList\":[{\"fileCategory\":\"文件类型\",\"filePath\":\"文件所在路径\",\"fileName\":\"文件名称\",\"fileFormat\":\"文件格式\",\"fileVersionNumber\":\"文件版本号\",\"fileSize\":\"文件大小(Byte)\",\"fileDigest\":\"文件摘要(MD5)\",\"fileLastTime\":\"文件最后更新时间\"}]}}}}','系统服务','2018-11-02 17:35:15','2018-11-02 17:35:15'),(212,'shebei004','{\"header\":{\"createTime\":\"时间戳\",\"messageType\":\"DeviceRegistrationReply\",\"wasNeedReply\":\"no\"},\"body\":{\"deviceUid\":\"shebei004\",\"returnCode\":\"-1\"}}','{\"header\":{\"createTime\":1541151313935,\"messageType\":\"Regist\",\"wasNeedReply\":\"yes \"},\"body\":{\"registMainInfo\":{\"deviceUid\":\"shebei004\",\"deviceCode\":\"shebei004\",\"stationCode\":\"0102\",\"deviceStatus\":\"INSERVICE\"},\"deviceDescription\":{\"identifier\":{\"HWID\":\"FDSFDSFDSFXDFsdrfe2432fessdfds\"},\"location\":{\"cityCode\":\"01\",\"lineCode\":\"01\",\"stationCode\":\"02\",\"localPosition\":\"西北角\",\"GPSLocation\":\"90 63 62 15\"},\"config\":{\"deviceCode\":\"设备编号\",\"deviceType\":\"设备类型\",\"deviceSubType\":\"设备子类型\",\"deviceSettings\":null},\"HWComponent\":{\"HWName\":\"英文缩写名称\",\"HWID\":\"硬件编号\",\"HWStatus\":\"是否安装，是否正常\",\"HWStatusCode\":\"预留\",\"HWSettings\":\"预留\",\"subComponentList\":null},\"SWComponent\":{\"SWName\":\"英文缩写名称\",\"SWID\":\"组件编号\",\"SWType\":\"英文缩写类型\",\"basePath\":\"组件安装路径\",\"componentFile\":{\"fileCategory\":\"文件类型\",\"filePath\":\"文件所在路径\",\"fileName\":\"文件名称\",\"fileFormat\":\"文件格式\",\"fileVersionNumber\":\"文件版本号\",\"fileSize\":\"文件大小(Byte)\",\"fileDigest\":\"文件摘要(MD5)\",\"fileLastTime\":\"文件最后更新时间\"},\"componentFileList\":[{\"fileCategory\":\"文件类型\",\"filePath\":\"文件所在路径\",\"fileName\":\"文件名称\",\"fileFormat\":\"文件格式\",\"fileVersionNumber\":\"文件版本号\",\"fileSize\":\"文件大小(Byte)\",\"fileDigest\":\"文件摘要(MD5)\",\"fileLastTime\":\"文件最后更新时间\"}]}}}}','系统服务','2018-11-02 17:35:15','2018-11-02 17:35:15'),(213,'shebei005','{\"header\":{\"createTime\":\"时间戳\",\"messageType\":\"DeviceRegistrationReply\",\"wasNeedReply\":\"no\"},\"body\":{\"deviceUid\":\"shebei005\",\"returnCode\":\"-1\"}}','{\"header\":{\"createTime\":1541151314153,\"messageType\":\"Regist\",\"wasNeedReply\":\"yes \"},\"body\":{\"registMainInfo\":{\"deviceUid\":\"shebei005\",\"deviceCode\":\"shebei005\",\"stationCode\":\"0102\",\"deviceStatus\":\"INSERVICE\"},\"deviceDescription\":{\"identifier\":{\"HWID\":\"FDSFDSFDSFXDFsdrfe2432fessdfds\"},\"location\":{\"cityCode\":\"01\",\"lineCode\":\"01\",\"stationCode\":\"02\",\"localPosition\":\"西北角\",\"GPSLocation\":\"90 63 62 15\"},\"config\":{\"deviceCode\":\"设备编号\",\"deviceType\":\"设备类型\",\"deviceSubType\":\"设备子类型\",\"deviceSettings\":null},\"HWComponent\":{\"HWName\":\"英文缩写名称\",\"HWID\":\"硬件编号\",\"HWStatus\":\"是否安装，是否正常\",\"HWStatusCode\":\"预留\",\"HWSettings\":\"预留\",\"subComponentList\":null},\"SWComponent\":{\"SWName\":\"英文缩写名称\",\"SWID\":\"组件编号\",\"SWType\":\"英文缩写类型\",\"basePath\":\"组件安装路径\",\"componentFile\":{\"fileCategory\":\"文件类型\",\"filePath\":\"文件所在路径\",\"fileName\":\"文件名称\",\"fileFormat\":\"文件格式\",\"fileVersionNumber\":\"文件版本号\",\"fileSize\":\"文件大小(Byte)\",\"fileDigest\":\"文件摘要(MD5)\",\"fileLastTime\":\"文件最后更新时间\"},\"componentFileList\":[{\"fileCategory\":\"文件类型\",\"filePath\":\"文件所在路径\",\"fileName\":\"文件名称\",\"fileFormat\":\"文件格式\",\"fileVersionNumber\":\"文件版本号\",\"fileSize\":\"文件大小(Byte)\",\"fileDigest\":\"文件摘要(MD5)\",\"fileLastTime\":\"文件最后更新时间\"}]}}}}','系统服务','2018-11-02 17:35:15','2018-11-02 17:35:15'),(214,'shebei001','{\"header\":{\"createTime\":\"时间戳\",\"messageType\":\"DeviceRegistrationReply\",\"wasNeedReply\":\"no\"},\"body\":{\"deviceUid\":\"shebei001\",\"returnCode\":\"0\",\"fileServerConfig\":{\"serverName\":\"服务器名字\",\"serverProtocol\":\"默认。其他待定\",\"serverAddress\":\"IP地址或域名\",\"serverPort\":\"端口号\",\"serverHomePath\":\"用户根目录\",\"authorization\":\"使用 username:password形式。其他待定\",\"serverSettings\":\"预留\"}}}','{\"header\":{\"createTime\":1541152192806,\"messageType\":\"Regist\",\"wasNeedReply\":\"yes \"},\"body\":{\"registMainInfo\":{\"deviceUid\":\"shebei001\",\"deviceCode\":\"shebei001\",\"stationCode\":\"0102\",\"deviceStatus\":\"INSERVICE\"},\"deviceDescription\":{\"identifier\":{\"HWID\":\"FDSFDSFDSFXDFsdrfe2432fessdfds\"},\"location\":{\"cityCode\":\"01\",\"lineCode\":\"01\",\"stationCode\":\"02\",\"localPosition\":\"西北角\",\"GPSLocation\":\"90 63 62 15\"},\"config\":{\"deviceCode\":\"设备编号\",\"deviceType\":\"设备类型\",\"deviceSubType\":\"设备子类型\",\"deviceSettings\":null},\"HWComponent\":{\"HWName\":\"英文缩写名称\",\"HWID\":\"硬件编号\",\"HWStatus\":\"是否安装，是否正常\",\"HWStatusCode\":\"预留\",\"HWSettings\":\"预留\",\"subComponentList\":null},\"SWComponent\":{\"SWName\":\"英文缩写名称\",\"SWID\":\"组件编号\",\"SWType\":\"英文缩写类型\",\"basePath\":\"组件安装路径\",\"componentFile\":{\"fileCategory\":\"文件类型\",\"filePath\":\"文件所在路径\",\"fileName\":\"文件名称\",\"fileFormat\":\"文件格式\",\"fileVersionNumber\":\"文件版本号\",\"fileSize\":\"文件大小(Byte)\",\"fileDigest\":\"文件摘要(MD5)\",\"fileLastTime\":\"文件最后更新时间\"},\"componentFileList\":[{\"fileCategory\":\"文件类型\",\"filePath\":\"文件所在路径\",\"fileName\":\"文件名称\",\"fileFormat\":\"文件格式\",\"fileVersionNumber\":\"文件版本号\",\"fileSize\":\"文件大小(Byte)\",\"fileDigest\":\"文件摘要(MD5)\",\"fileLastTime\":\"文件最后更新时间\"}]}}}}','系统服务','2018-11-02 17:49:54','2018-11-02 17:49:54'),(215,'shebei002','{\"header\":{\"createTime\":\"时间戳\",\"messageType\":\"DeviceRegistrationReply\",\"wasNeedReply\":\"no\"},\"body\":{\"deviceUid\":\"shebei002\",\"returnCode\":\"0\",\"fileServerConfig\":{\"serverName\":\"服务器名字\",\"serverProtocol\":\"默认。其他待定\",\"serverAddress\":\"IP地址或域名\",\"serverPort\":\"端口号\",\"serverHomePath\":\"用户根目录\",\"authorization\":\"使用 username:password形式。其他待定\",\"serverSettings\":\"预留\"}}}','{\"header\":{\"createTime\":1541152192969,\"messageType\":\"Regist\",\"wasNeedReply\":\"yes \"},\"body\":{\"registMainInfo\":{\"deviceUid\":\"shebei002\",\"deviceCode\":\"shebei002\",\"stationCode\":\"0102\",\"deviceStatus\":\"INSERVICE\"},\"deviceDescription\":{\"identifier\":{\"HWID\":\"FDSFDSFDSFXDFsdrfe2432fessdfds\"},\"location\":{\"cityCode\":\"01\",\"lineCode\":\"01\",\"stationCode\":\"02\",\"localPosition\":\"西北角\",\"GPSLocation\":\"90 63 62 15\"},\"config\":{\"deviceCode\":\"设备编号\",\"deviceType\":\"设备类型\",\"deviceSubType\":\"设备子类型\",\"deviceSettings\":null},\"HWComponent\":{\"HWName\":\"英文缩写名称\",\"HWID\":\"硬件编号\",\"HWStatus\":\"是否安装，是否正常\",\"HWStatusCode\":\"预留\",\"HWSettings\":\"预留\",\"subComponentList\":null},\"SWComponent\":{\"SWName\":\"英文缩写名称\",\"SWID\":\"组件编号\",\"SWType\":\"英文缩写类型\",\"basePath\":\"组件安装路径\",\"componentFile\":{\"fileCategory\":\"文件类型\",\"filePath\":\"文件所在路径\",\"fileName\":\"文件名称\",\"fileFormat\":\"文件格式\",\"fileVersionNumber\":\"文件版本号\",\"fileSize\":\"文件大小(Byte)\",\"fileDigest\":\"文件摘要(MD5)\",\"fileLastTime\":\"文件最后更新时间\"},\"componentFileList\":[{\"fileCategory\":\"文件类型\",\"filePath\":\"文件所在路径\",\"fileName\":\"文件名称\",\"fileFormat\":\"文件格式\",\"fileVersionNumber\":\"文件版本号\",\"fileSize\":\"文件大小(Byte)\",\"fileDigest\":\"文件摘要(MD5)\",\"fileLastTime\":\"文件最后更新时间\"}]}}}}','系统服务','2018-11-02 17:49:54','2018-11-02 17:49:54'),(216,'shebei003','{\"header\":{\"createTime\":\"时间戳\",\"messageType\":\"DeviceRegistrationReply\",\"wasNeedReply\":\"no\"},\"body\":{\"deviceUid\":\"shebei003\",\"returnCode\":\"0\",\"fileServerConfig\":{\"serverName\":\"服务器名字\",\"serverProtocol\":\"默认。其他待定\",\"serverAddress\":\"IP地址或域名\",\"serverPort\":\"端口号\",\"serverHomePath\":\"用户根目录\",\"authorization\":\"使用 username:password形式。其他待定\",\"serverSettings\":\"预留\"}}}','{\"header\":{\"createTime\":1541152193320,\"messageType\":\"Regist\",\"wasNeedReply\":\"yes \"},\"body\":{\"registMainInfo\":{\"deviceUid\":\"shebei003\",\"deviceCode\":\"shebei003\",\"stationCode\":\"0102\",\"deviceStatus\":\"INSERVICE\"},\"deviceDescription\":{\"identifier\":{\"HWID\":\"FDSFDSFDSFXDFsdrfe2432fessdfds\"},\"location\":{\"cityCode\":\"01\",\"lineCode\":\"01\",\"stationCode\":\"02\",\"localPosition\":\"西北角\",\"GPSLocation\":\"90 63 62 15\"},\"config\":{\"deviceCode\":\"设备编号\",\"deviceType\":\"设备类型\",\"deviceSubType\":\"设备子类型\",\"deviceSettings\":null},\"HWComponent\":{\"HWName\":\"英文缩写名称\",\"HWID\":\"硬件编号\",\"HWStatus\":\"是否安装，是否正常\",\"HWStatusCode\":\"预留\",\"HWSettings\":\"预留\",\"subComponentList\":null},\"SWComponent\":{\"SWName\":\"英文缩写名称\",\"SWID\":\"组件编号\",\"SWType\":\"英文缩写类型\",\"basePath\":\"组件安装路径\",\"componentFile\":{\"fileCategory\":\"文件类型\",\"filePath\":\"文件所在路径\",\"fileName\":\"文件名称\",\"fileFormat\":\"文件格式\",\"fileVersionNumber\":\"文件版本号\",\"fileSize\":\"文件大小(Byte)\",\"fileDigest\":\"文件摘要(MD5)\",\"fileLastTime\":\"文件最后更新时间\"},\"componentFileList\":[{\"fileCategory\":\"文件类型\",\"filePath\":\"文件所在路径\",\"fileName\":\"文件名称\",\"fileFormat\":\"文件格式\",\"fileVersionNumber\":\"文件版本号\",\"fileSize\":\"文件大小(Byte)\",\"fileDigest\":\"文件摘要(MD5)\",\"fileLastTime\":\"文件最后更新时间\"}]}}}}','系统服务','2018-11-02 17:49:54','2018-11-02 17:49:54'),(217,'shebei004','{\"header\":{\"createTime\":\"时间戳\",\"messageType\":\"DeviceRegistrationReply\",\"wasNeedReply\":\"no\"},\"body\":{\"deviceUid\":\"shebei004\",\"returnCode\":\"0\",\"fileServerConfig\":{\"serverName\":\"服务器名字\",\"serverProtocol\":\"默认。其他待定\",\"serverAddress\":\"IP地址或域名\",\"serverPort\":\"端口号\",\"serverHomePath\":\"用户根目录\",\"authorization\":\"使用 username:password形式。其他待定\",\"serverSettings\":\"预留\"}}}','{\"header\":{\"createTime\":1541152193444,\"messageType\":\"Regist\",\"wasNeedReply\":\"yes \"},\"body\":{\"registMainInfo\":{\"deviceUid\":\"shebei004\",\"deviceCode\":\"shebei004\",\"stationCode\":\"0102\",\"deviceStatus\":\"INSERVICE\"},\"deviceDescription\":{\"identifier\":{\"HWID\":\"FDSFDSFDSFXDFsdrfe2432fessdfds\"},\"location\":{\"cityCode\":\"01\",\"lineCode\":\"01\",\"stationCode\":\"02\",\"localPosition\":\"西北角\",\"GPSLocation\":\"90 63 62 15\"},\"config\":{\"deviceCode\":\"设备编号\",\"deviceType\":\"设备类型\",\"deviceSubType\":\"设备子类型\",\"deviceSettings\":null},\"HWComponent\":{\"HWName\":\"英文缩写名称\",\"HWID\":\"硬件编号\",\"HWStatus\":\"是否安装，是否正常\",\"HWStatusCode\":\"预留\",\"HWSettings\":\"预留\",\"subComponentList\":null},\"SWComponent\":{\"SWName\":\"英文缩写名称\",\"SWID\":\"组件编号\",\"SWType\":\"英文缩写类型\",\"basePath\":\"组件安装路径\",\"componentFile\":{\"fileCategory\":\"文件类型\",\"filePath\":\"文件所在路径\",\"fileName\":\"文件名称\",\"fileFormat\":\"文件格式\",\"fileVersionNumber\":\"文件版本号\",\"fileSize\":\"文件大小(Byte)\",\"fileDigest\":\"文件摘要(MD5)\",\"fileLastTime\":\"文件最后更新时间\"},\"componentFileList\":[{\"fileCategory\":\"文件类型\",\"filePath\":\"文件所在路径\",\"fileName\":\"文件名称\",\"fileFormat\":\"文件格式\",\"fileVersionNumber\":\"文件版本号\",\"fileSize\":\"文件大小(Byte)\",\"fileDigest\":\"文件摘要(MD5)\",\"fileLastTime\":\"文件最后更新时间\"}]}}}}','系统服务','2018-11-02 17:49:54','2018-11-02 17:49:54'),(218,'shebei005','{\"header\":{\"createTime\":\"时间戳\",\"messageType\":\"DeviceRegistrationReply\",\"wasNeedReply\":\"no\"},\"body\":{\"deviceUid\":\"shebei005\",\"returnCode\":\"-1\"}}','{\"header\":{\"createTime\":1541152193600,\"messageType\":\"Regist\",\"wasNeedReply\":\"yes \"},\"body\":{\"registMainInfo\":{\"deviceUid\":\"shebei005\",\"deviceCode\":\"shebei005\",\"stationCode\":\"0102\",\"deviceStatus\":\"INSERVICE\"},\"deviceDescription\":{\"identifier\":{\"HWID\":\"FDSFDSFDSFXDFsdrfe2432fessdfds\"},\"location\":{\"cityCode\":\"01\",\"lineCode\":\"01\",\"stationCode\":\"02\",\"localPosition\":\"西北角\",\"GPSLocation\":\"90 63 62 15\"},\"config\":{\"deviceCode\":\"设备编号\",\"deviceType\":\"设备类型\",\"deviceSubType\":\"设备子类型\",\"deviceSettings\":null},\"HWComponent\":{\"HWName\":\"英文缩写名称\",\"HWID\":\"硬件编号\",\"HWStatus\":\"是否安装，是否正常\",\"HWStatusCode\":\"预留\",\"HWSettings\":\"预留\",\"subComponentList\":null},\"SWComponent\":{\"SWName\":\"英文缩写名称\",\"SWID\":\"组件编号\",\"SWType\":\"英文缩写类型\",\"basePath\":\"组件安装路径\",\"componentFile\":{\"fileCategory\":\"文件类型\",\"filePath\":\"文件所在路径\",\"fileName\":\"文件名称\",\"fileFormat\":\"文件格式\",\"fileVersionNumber\":\"文件版本号\",\"fileSize\":\"文件大小(Byte)\",\"fileDigest\":\"文件摘要(MD5)\",\"fileLastTime\":\"文件最后更新时间\"},\"componentFileList\":[{\"fileCategory\":\"文件类型\",\"filePath\":\"文件所在路径\",\"fileName\":\"文件名称\",\"fileFormat\":\"文件格式\",\"fileVersionNumber\":\"文件版本号\",\"fileSize\":\"文件大小(Byte)\",\"fileDigest\":\"文件摘要(MD5)\",\"fileLastTime\":\"文件最后更新时间\"}]}}}}','系统服务','2018-11-02 17:49:55','2018-11-02 17:49:55'),(219,'shebei006','{\"header\":{\"createTime\":\"时间戳\",\"messageType\":\"DeviceRegistrationReply\",\"wasNeedReply\":\"no\"},\"body\":{\"deviceUid\":\"shebei006\",\"returnCode\":\"-1\"}}','{\"header\":{\"createTime\":1541152193969,\"messageType\":\"Regist\",\"wasNeedReply\":\"yes \"},\"body\":{\"registMainInfo\":{\"deviceUid\":\"shebei006\",\"deviceCode\":\"shebei006\",\"stationCode\":\"0102\",\"deviceStatus\":\"INSERVICE\"},\"deviceDescription\":{\"identifier\":{\"HWID\":\"FDSFDSFDSFXDFsdrfe2432fessdfds\"},\"location\":{\"cityCode\":\"01\",\"lineCode\":\"01\",\"stationCode\":\"02\",\"localPosition\":\"西北角\",\"GPSLocation\":\"90 63 62 15\"},\"config\":{\"deviceCode\":\"设备编号\",\"deviceType\":\"设备类型\",\"deviceSubType\":\"设备子类型\",\"deviceSettings\":null},\"HWComponent\":{\"HWName\":\"英文缩写名称\",\"HWID\":\"硬件编号\",\"HWStatus\":\"是否安装，是否正常\",\"HWStatusCode\":\"预留\",\"HWSettings\":\"预留\",\"subComponentList\":null},\"SWComponent\":{\"SWName\":\"英文缩写名称\",\"SWID\":\"组件编号\",\"SWType\":\"英文缩写类型\",\"basePath\":\"组件安装路径\",\"componentFile\":{\"fileCategory\":\"文件类型\",\"filePath\":\"文件所在路径\",\"fileName\":\"文件名称\",\"fileFormat\":\"文件格式\",\"fileVersionNumber\":\"文件版本号\",\"fileSize\":\"文件大小(Byte)\",\"fileDigest\":\"文件摘要(MD5)\",\"fileLastTime\":\"文件最后更新时间\"},\"componentFileList\":[{\"fileCategory\":\"文件类型\",\"filePath\":\"文件所在路径\",\"fileName\":\"文件名称\",\"fileFormat\":\"文件格式\",\"fileVersionNumber\":\"文件版本号\",\"fileSize\":\"文件大小(Byte)\",\"fileDigest\":\"文件摘要(MD5)\",\"fileLastTime\":\"文件最后更新时间\"}]}}}}','系统服务','2018-11-02 17:49:55','2018-11-02 17:49:55');

/*Table structure for table `device_no_regist` */

DROP TABLE IF EXISTS `device_no_regist`;

CREATE TABLE `device_no_regist` (
  `deviceNoRegistId` bigint(20) NOT NULL AUTO_INCREMENT COMMENT '未注册成功的设备ID',
  `deviceuId` varchar(128) DEFAULT NULL COMMENT '设备唯一ID',
  `deviceCode` varchar(128) DEFAULT NULL COMMENT '设备编号',
  `stationCode` varchar(128) DEFAULT NULL COMMENT '设备所在车站代码',
  `createTime` datetime DEFAULT CURRENT_TIMESTAMP COMMENT '创建时间',
  PRIMARY KEY (`deviceNoRegistId`)
) ENGINE=InnoDB AUTO_INCREMENT=44 DEFAULT CHARSET=utf8;

/*Data for the table `device_no_regist` */

insert  into `device_no_regist`(`deviceNoRegistId`,`deviceuId`,`deviceCode`,`stationCode`,`createTime`) values (42,'shebei005','shebei005','0102','2018-11-02 17:35:15');

/*Table structure for table `device_preinstall_command` */

DROP TABLE IF EXISTS `device_preinstall_command`;

CREATE TABLE `device_preinstall_command` (
  `preinstallCommandId` bigint(20) NOT NULL AUTO_INCREMENT COMMENT '设备预设命令ID',
  `sort` int(11) DEFAULT NULL,
  `commandName` varchar(64) DEFAULT NULL,
  `commandContext` varchar(256) DEFAULT NULL,
  `status` varchar(32) DEFAULT NULL,
  `createTime` datetime DEFAULT CURRENT_TIMESTAMP COMMENT '创建时间',
  `createUser` varchar(32) DEFAULT NULL COMMENT '添加人',
  PRIMARY KEY (`preinstallCommandId`)
) ENGINE=InnoDB AUTO_INCREMENT=7 DEFAULT CHARSET=utf8;

/*Data for the table `device_preinstall_command` */

insert  into `device_preinstall_command`(`preinstallCommandId`,`sort`,`commandName`,`commandContext`,`status`,`createTime`,`createUser`) values (1,1,'restart','restart','start_using','2018-10-17 09:56:12',NULL),(2,2,'DeviceDescription','DeviceDescription','start_using','2018-11-02 09:53:30',NULL),(3,3,'HWComponent','HWComponent','start_using','2018-11-02 09:53:30',NULL),(4,4,'SWComponent','SWComponent','start_using','2018-11-02 09:53:30',NULL),(5,5,'FileServerConfig','FileServerConfig','start_using','2018-11-02 09:53:30',NULL),(6,6,'SystemOS','SystemOS','start_using','2018-11-02 09:53:30',NULL);

/*Table structure for table `device_status_monitor_logs` */

DROP TABLE IF EXISTS `device_status_monitor_logs`;

CREATE TABLE `device_status_monitor_logs` (
  `deviceStatusMonitorLogId` bigint(20) NOT NULL AUTO_INCREMENT COMMENT '设备状态监控日志ID',
  `equipmentId` bigint(20) DEFAULT NULL COMMENT '运营设备ID',
  `receiveJson` text COMMENT '接收json',
  `receiveTime` datetime DEFAULT CURRENT_TIMESTAMP COMMENT '创建时间',
  PRIMARY KEY (`deviceStatusMonitorLogId`)
) ENGINE=InnoDB DEFAULT CHARSET=utf8;

/*Data for the table `device_status_monitor_logs` */

/*Table structure for table `maintenance_apply` */

DROP TABLE IF EXISTS `maintenance_apply`;

CREATE TABLE `maintenance_apply` (
  `maintenanceApplyId` bigint(20) NOT NULL AUTO_INCREMENT COMMENT '维修申请单ID',
  `operationSubjectId` bigint(20) DEFAULT NULL COMMENT '运营主体ID',
  `equipmentId` bigint(20) NOT NULL COMMENT '运营设备ID',
  `applyNO` varchar(32) DEFAULT NULL COMMENT '申请单编号',
  `lineId` bigint(20) DEFAULT NULL COMMENT '线路ID',
  `stationId` bigint(20) DEFAULT NULL COMMENT '车站ID',
  `categoryName` varchar(32) DEFAULT NULL COMMENT '设备类型',
  `errorCode` varchar(32) DEFAULT NULL COMMENT '错误代码',
  `breakDescribe` varchar(512) DEFAULT NULL COMMENT '故障描述',
  `applyUser` varchar(32) DEFAULT NULL COMMENT '报修员',
  `applyDate` datetime DEFAULT NULL COMMENT '报修时间',
  `appointUser` varchar(32) DEFAULT NULL COMMENT '指派人',
  `appointUserId` bigint(20) DEFAULT NULL COMMENT '指派人ID',
  `appointDate` datetime DEFAULT NULL COMMENT '指派时间',
  `maintenanceUser` varchar(32) DEFAULT NULL COMMENT '维修人',
  `maintenanceUserID` bigint(20) DEFAULT NULL COMMENT '维修人ID',
  `arrivalTime` datetime DEFAULT NULL COMMENT '到达现场时间',
  `overTime` datetime DEFAULT NULL COMMENT '维修完成时间',
  `maintenanceDescribe` varchar(512) DEFAULT NULL COMMENT '维修描述',
  `remark` varchar(512) DEFAULT NULL COMMENT '备注',
  `applyStatus` varchar(32) DEFAULT NULL COMMENT '申请单状态',
  `speedAppraise` int(11) DEFAULT NULL COMMENT '速度评价',
  `serviceAppraise` int(11) DEFAULT NULL COMMENT '速度评价',
  `operationSpecificationAppraise` int(11) DEFAULT NULL COMMENT '操作规范评价',
  `wasFinished` varchar(32) DEFAULT NULL COMMENT '问题是否解决',
  `processDescribe` varchar(512) DEFAULT NULL COMMENT '处理描述',
  `appraiseDescribe` varchar(512) DEFAULT NULL COMMENT '评价描述',
  `noRepairReason` varchar(512) DEFAULT NULL COMMENT '未修复原因',
  `createUser` varchar(32) DEFAULT NULL COMMENT '添加人',
  `createTime` datetime DEFAULT CURRENT_TIMESTAMP COMMENT '创建时间',
  `modifyUser` varchar(32) DEFAULT NULL COMMENT '修改人',
  `modifyTime` datetime DEFAULT CURRENT_TIMESTAMP ON UPDATE CURRENT_TIMESTAMP COMMENT '修改时间',
  `createUserId` bigint(20) DEFAULT NULL COMMENT '添加人Id',
  `appraiseWasFinished` varchar(32) DEFAULT NULL,
  PRIMARY KEY (`maintenanceApplyId`)
) ENGINE=InnoDB AUTO_INCREMENT=22 DEFAULT CHARSET=utf8;

/*Data for the table `maintenance_apply` */

insert  into `maintenance_apply`(`maintenanceApplyId`,`operationSubjectId`,`equipmentId`,`applyNO`,`lineId`,`stationId`,`categoryName`,`errorCode`,`breakDescribe`,`applyUser`,`applyDate`,`appointUser`,`appointUserId`,`appointDate`,`maintenanceUser`,`maintenanceUserID`,`arrivalTime`,`overTime`,`maintenanceDescribe`,`remark`,`applyStatus`,`speedAppraise`,`serviceAppraise`,`operationSpecificationAppraise`,`wasFinished`,`processDescribe`,`appraiseDescribe`,`noRepairReason`,`createUser`,`createTime`,`modifyUser`,`modifyTime`,`createUserId`,`appraiseWasFinished`) values (1,38,13,'WX2018102458555',11,55,'ATM','','3','管理员（不要改）','2018-10-24 17:34:28','管理员（不要改）',47,'2018-10-24 17:34:28','管理员（不要改）',47,NULL,'2018-10-24 17:34:37','',NULL,'rated',5,5,5,'yes','','12','','管理员（不要改）','2018-10-24 17:34:28',NULL,'2018-10-24 20:39:35',47,'yes'),(2,38,13,'WX2018102433982',11,55,NULL,'','','报修员小李（不要改）','2018-10-24 19:11:27','管理员（不要改）',47,NULL,'维修员小李（不要改）',48,'2018-10-24 19:14:28','2018-10-24 19:14:43','',NULL,'repaired',NULL,NULL,NULL,'yes','2',NULL,NULL,'报修员小李（不要改）','2018-10-24 19:11:29',NULL,'2018-10-24 19:14:44',62,'yes'),(3,38,4,'WX2018102412363',11,55,NULL,'','','报修员小李（不要改）','2018-10-24 19:15:38','报修员小李（不要改）',62,NULL,'维修员小李（不要改）',48,'2018-10-24 19:16:35','2018-10-24 19:16:47','',NULL,'toBeRepair',NULL,NULL,NULL,'no','12',NULL,NULL,'报修员小李（不要改）','2018-10-24 19:15:40',NULL,'2018-10-24 19:24:26',62,'yes'),(4,38,14,'WX2018102417535',11,56,NULL,'','','报修员小李（不要改）','2018-10-24 19:24:08','报修员小李（不要改）',62,NULL,'管理员（不要改）',47,'2018-10-24 20:36:21','2018-10-24 20:36:43','',NULL,'repaired',NULL,NULL,NULL,'yes','',NULL,'','报修员小李（不要改）','2018-10-24 19:24:09',NULL,'2018-10-24 20:36:44',62,'yes'),(5,38,8,'WX2018102450637',11,55,NULL,'','','报修员小李（不要改）','2018-10-24 20:04:25','管理员（不要改）',47,NULL,'管理员（不要改）',47,'2018-10-25 21:19:31','2018-10-25 21:19:41','',NULL,'repaired',NULL,NULL,NULL,'yes','12',NULL,NULL,'报修员小李（不要改）','2018-10-24 20:04:27',NULL,'2018-10-25 21:19:44',62,'yes'),(6,38,22,'WX2018102430074',11,55,'ATM','32','234234234','管理员（不要改）','2018-10-24 23:07:01','管理员（不要改）',47,'2018-10-24 23:07:01','管理员（不要改）',47,NULL,'2018-10-24 23:07:11','234',NULL,'rated',1,2,4,'yes','','123','','管理员（不要改）','2018-10-24 23:06:59',NULL,'2018-10-24 23:10:54',47,'no'),(7,38,21,'WX2018102450373',11,55,'ATM','123','31231231231','管理员（不要改）','2018-10-24 23:11:26','管理员',47,'2018-10-24 23:11:26','2018cs',64,'2018-10-25 21:18:23','2018-10-25 21:18:33','',NULL,'toBeRepair',NULL,NULL,NULL,'no','12',NULL,NULL,'管理员（不要改）','2018-10-24 23:11:24',NULL,'2018-11-01 13:47:04',47,'yes'),(8,38,21,'WX2018102449660',11,55,'ATM','123234','34234234234234','管理员（不要改）','2018-10-24 23:12:09','管理员（不要改）',47,'2018-10-24 23:12:09','管理员（不要改）',47,NULL,'2018-10-24 23:12:20','',NULL,'rated',1,4,4,'yes','','234234234234','','管理员（不要改）','2018-10-24 23:12:07',NULL,'2018-10-24 23:12:31',47,'no'),(9,38,22,'WX2018102429475',11,55,'ATM','','11111111111','管理员（不要改）','2018-10-24 23:14:04','管理员（不要改）',47,'2018-10-24 23:14:04','管理员（不要改）',47,NULL,'2018-10-24 23:14:12','',NULL,'rated',1,3,4,'yes','','buxiagn','','管理员（不要改）','2018-10-24 23:14:02',NULL,'2018-10-24 23:16:05',47,'no'),(10,38,21,'WX2018102491196',11,55,'ATM','','\n\n332','管理员（不要改）','2018-10-24 23:19:53','管理员（不要改）',47,'2018-10-24 23:19:53','管理员（不要改）',47,NULL,'2018-10-24 23:20:24','',NULL,'rated',1,3,3,'yes','','','','管理员（不要改）','2018-10-24 23:19:52',NULL,'2018-10-24 23:20:45',47,'no'),(11,38,21,'WX2018102461164',11,55,'ATM','','8888888888','管理员（不要改）','2018-10-24 23:20:05','管理员（不要改）',47,'2018-10-24 23:20:05','管理员（不要改）',47,NULL,'2018-10-24 23:20:16','',NULL,'rated',1,2,4,'yes','','','','管理员（不要改）','2018-10-24 23:20:05',NULL,'2018-10-24 23:21:01',47,'no'),(12,38,22,'WX2018102579196',11,55,'ATM','','1234','管理员（不要改）','2018-10-25 18:05:05','管理员（不要改）',47,'2018-10-25 18:05:05','管理员（不要改）',47,NULL,'2018-10-25 18:05:13','',NULL,'rated',1,3,4,'yes','','','','管理员（不要改）','2018-10-25 18:05:06',NULL,'2018-10-25 18:50:56',47,'yes'),(13,38,22,'WX2018102597397',11,55,'ATM','123','132','管理员（不要改）','2018-10-25 21:35:22','管理员（不要改）',47,'2018-10-25 21:35:22','管理员（不要改）',47,NULL,'2018-10-25 21:35:33','',NULL,'repaired',NULL,NULL,NULL,'yes','',NULL,'','管理员（不要改）','2018-10-25 21:35:21',NULL,'2018-10-25 21:35:31',47,'yes'),(14,38,21,'WX2018102673965',11,55,'ATM','','123','管理员（不要改）','2018-10-26 13:43:11','管理员（不要改）',47,'2018-10-26 13:43:11','管理员（不要改）',47,NULL,'2018-10-30 18:42:33','',NULL,'rated',5,5,5,'yes','','','','管理员（不要改）','2018-10-26 13:43:12',NULL,'2018-11-01 16:06:33',47,'yes'),(15,38,21,'WX2018102649151',11,55,'ATM','','第一次测试','管理员（不要改）','2018-10-26 13:46:17','管理员（不要改）',47,'2018-10-26 13:46:17','管理员（不要改）',47,NULL,'2018-10-30 18:42:03','',NULL,'repaired',NULL,NULL,NULL,'yes','',NULL,'','管理员（不要改）','2018-10-26 13:46:18',NULL,'2018-10-30 18:42:03',47,'yes'),(16,38,4,'WX2018103166316',11,55,'电脑','','','管理员（不要改）','2018-10-31 11:14:50','管理员（不要改）',47,'2018-10-31 11:14:50','管理员（不要改）',47,NULL,'2018-11-01 13:47:50','',NULL,'rated',2,3,4,'yes','','123','','管理员（不要改）','2018-10-31 11:14:51',NULL,'2018-11-01 13:48:12',47,'yes'),(17,38,16,'WX2018110151380',12,57,'ATM','','123','管理员','2018-11-01 13:52:40','管理员',47,'2018-11-01 13:52:40','管理员',47,NULL,'2018-11-01 13:53:37','',NULL,'repaired',NULL,NULL,NULL,'yes','',NULL,'','管理员','2018-11-01 13:52:39',NULL,'2018-11-01 13:53:37',47,'yes'),(18,38,4,'WX2018110180586',11,55,NULL,'','','管理员','2018-11-01 16:02:05','管理员',47,'2018-11-01 16:02:05','维修员小李（不要改）',48,'2018-11-01 16:08:12','2018-11-01 16:09:06','',NULL,'noRepair',NULL,NULL,NULL,'no','',NULL,NULL,'管理员','2018-11-01 16:02:07',NULL,'2018-11-01 16:09:08',47,'yes'),(19,38,14,'WX2018110254017',11,56,'电脑','123456789','23123','管理员','2018-11-02 11:21:38','管理员',47,'2018-11-02 11:21:38','管理员',47,NULL,NULL,NULL,NULL,'maintenance',NULL,NULL,NULL,'none',NULL,NULL,NULL,'管理员','2018-11-02 11:21:38','管理员','2018-11-02 11:21:38',47,'yes'),(20,38,14,'WX2018110221375',11,56,'电脑','','123','管理员','2018-11-02 13:52:08','管理员',47,'2018-11-02 13:52:08','管理员',47,NULL,NULL,NULL,NULL,'maintenance',NULL,NULL,NULL,'none',NULL,NULL,NULL,'管理员','2018-11-02 13:52:09','管理员','2018-11-02 13:52:09',47,'yes'),(21,38,14,'WX2018110287798',11,56,'电脑','123','','管理员','2018-11-02 16:06:06','管理员',47,'2018-11-02 16:06:06','管理员',47,NULL,NULL,NULL,NULL,'maintenance',NULL,NULL,NULL,'none',NULL,NULL,NULL,'管理员','2018-11-02 16:06:06','管理员','2018-11-02 16:06:06',47,'yes');

/*Table structure for table `maintenance_apply_pic` */

DROP TABLE IF EXISTS `maintenance_apply_pic`;

CREATE TABLE `maintenance_apply_pic` (
  `mainApplyPicId` bigint(20) NOT NULL AUTO_INCREMENT,
  `maintenanceApplyId` bigint(20) DEFAULT NULL COMMENT '维修申请单ID',
  `picUrl` varchar(256) DEFAULT NULL COMMENT '图片路径',
  `type` char(10) DEFAULT NULL COMMENT '类型',
  `createUser` varchar(32) DEFAULT NULL COMMENT '添加人',
  `createTime` datetime DEFAULT CURRENT_TIMESTAMP COMMENT '创建时间',
  PRIMARY KEY (`mainApplyPicId`)
) ENGINE=InnoDB AUTO_INCREMENT=5 DEFAULT CHARSET=utf8;

/*Data for the table `maintenance_apply_pic` */

insert  into `maintenance_apply_pic`(`mainApplyPicId`,`maintenanceApplyId`,`picUrl`,`type`,`createUser`,`createTime`) values (1,14,'group1/M00/00/04/rAoDoVvSqXGAHR_9AAINHTwcXVo489.jpg','reported','管理员（不要改）','2018-10-26 13:43:13'),(2,15,'group1/M00/00/04/rAoDoVvSqiuAYqF7AAGYo11lydY186.jpg','reported','管理员（不要改）','2018-10-26 13:46:19'),(3,15,'group1/M00/00/04/rAoDoVvSqiuAR-WSAAEVRhyjk0E910.jpg','reported','管理员（不要改）','2018-10-26 13:46:19'),(4,15,'group1/M00/00/04/rAoDoVvSqiyANdo7AAINHTwcXVo291.jpg','reported','管理员（不要改）','2018-10-26 13:46:20');

/*Table structure for table `maintenance_change_spare_part` */

DROP TABLE IF EXISTS `maintenance_change_spare_part`;

CREATE TABLE `maintenance_change_spare_part` (
  `changeSparePartId` bigint(20) NOT NULL AUTO_INCREMENT,
  `maintenanceApplyId` bigint(20) DEFAULT NULL COMMENT '维修申请单ID',
  `newStockId` bigint(20) NOT NULL COMMENT '新件库存id',
  `oldStockId` bigint(20) DEFAULT NULL COMMENT '旧件库存id',
  `oldQrCode` varchar(32) DEFAULT NULL COMMENT '旧部件编码',
  `oldSparePartId` bigint(20) DEFAULT NULL COMMENT '旧部件备件ID',
  `newQrCode` varchar(32) DEFAULT NULL COMMENT '新部件编码',
  `newSparePartId` bigint(20) DEFAULT NULL COMMENT '新部件备件ID',
  `replaceCount` int(11) DEFAULT NULL COMMENT '数量',
  `createUser` varchar(32) DEFAULT NULL COMMENT '添加人',
  `createTime` datetime DEFAULT CURRENT_TIMESTAMP COMMENT '创建时间',
  `modifyUser` varchar(32) DEFAULT NULL COMMENT '修改人',
  `modifyTime` datetime DEFAULT CURRENT_TIMESTAMP ON UPDATE CURRENT_TIMESTAMP COMMENT '修改时间',
  PRIMARY KEY (`changeSparePartId`)
) ENGINE=InnoDB AUTO_INCREMENT=2 DEFAULT CHARSET=utf8;

/*Data for the table `maintenance_change_spare_part` */

insert  into `maintenance_change_spare_part`(`changeSparePartId`,`maintenanceApplyId`,`newStockId`,`oldStockId`,`oldQrCode`,`oldSparePartId`,`newQrCode`,`newSparePartId`,`replaceCount`,`createUser`,`createTime`,`modifyUser`,`modifyTime`) values (1,17,30,NULL,'',NULL,NULL,38,1,'','2018-11-01 13:53:37','','2018-11-01 13:53:37');

/*Table structure for table `maintenance_copy` */

DROP TABLE IF EXISTS `maintenance_copy`;

CREATE TABLE `maintenance_copy` (
  `copyId` bigint(20) NOT NULL AUTO_INCREMENT COMMENT '抄送人ID',
  `maintenanceApplyId` bigint(20) DEFAULT NULL COMMENT '维修申请单ID',
  `copyToUser` varchar(32) DEFAULT NULL COMMENT '抄送人',
  `copyToUserId` bigint(20) DEFAULT NULL COMMENT '抄送人ID',
  `content` varchar(512) DEFAULT NULL COMMENT '内容',
  PRIMARY KEY (`copyId`)
) ENGINE=InnoDB DEFAULT CHARSET=utf8;

/*Data for the table `maintenance_copy` */

/*Table structure for table `maintenance_error_fault` */

DROP TABLE IF EXISTS `maintenance_error_fault`;

CREATE TABLE `maintenance_error_fault` (
  `errorFaultId` bigint(20) NOT NULL AUTO_INCREMENT COMMENT '主键ID',
  `maintenanceApplyId` bigint(20) DEFAULT NULL COMMENT '维修申请单ID',
  `breakdownInfoId` bigint(20) NOT NULL COMMENT '备件故障ID',
  `faultType` varchar(32) DEFAULT NULL COMMENT '类型',
  PRIMARY KEY (`errorFaultId`)
) ENGINE=InnoDB AUTO_INCREMENT=92 DEFAULT CHARSET=utf8;

/*Data for the table `maintenance_error_fault` */

insert  into `maintenance_error_fault`(`errorFaultId`,`maintenanceApplyId`,`breakdownInfoId`,`faultType`) values (3,1,43,'reported'),(4,1,45,'reported'),(7,2,44,'reported'),(8,2,45,'reported'),(11,3,14,'reported'),(12,3,16,'reported'),(31,4,13,'reported'),(32,4,14,'reported'),(33,4,16,'reported'),(37,6,43,'reported'),(44,8,43,'reported'),(45,8,45,'reported'),(48,9,43,'reported'),(49,9,45,'reported'),(53,11,44,'reported'),(54,10,43,'reported'),(55,10,45,'reported'),(56,7,44,'reported'),(57,7,46,'reported'),(58,5,13,'reported'),(59,5,14,'reported'),(61,13,43,'reported'),(66,15,43,'reported'),(67,15,45,'reported'),(68,14,43,'reported'),(69,14,45,'reported'),(72,16,1,'reported'),(73,16,14,'reported'),(76,17,1,'repair'),(77,17,14,'repair'),(78,17,43,'reported'),(79,17,45,'reported'),(84,18,14,'reported'),(85,18,16,'reported'),(86,19,1,'reported'),(87,20,17,'reported'),(88,20,14,'reported'),(89,20,13,'reported'),(90,21,13,'reported'),(91,21,16,'reported');

/*Table structure for table `maintenance_logs` */

DROP TABLE IF EXISTS `maintenance_logs`;

CREATE TABLE `maintenance_logs` (
  `maintenanceLogsId` bigint(20) NOT NULL AUTO_INCREMENT COMMENT '主键',
  `maintenanceApplyId` bigint(20) DEFAULT NULL COMMENT '维修申请单ID',
  `status` varchar(32) DEFAULT NULL COMMENT '状态（已上报、已派单、已接修）',
  `initiatorId` bigint(20) DEFAULT NULL COMMENT '发起人ID',
  `initiator` varchar(32) DEFAULT NULL COMMENT '发起人',
  `targetPersonId` bigint(20) DEFAULT NULL COMMENT '目标人ID',
  `targetPerson` varchar(32) DEFAULT NULL COMMENT '目标人',
  `createUser` varchar(32) DEFAULT NULL COMMENT '添加人',
  `createTime` datetime DEFAULT CURRENT_TIMESTAMP COMMENT '创建时间',
  `modifyUser` varchar(32) DEFAULT NULL COMMENT '修改人',
  `modifyTime` datetime DEFAULT CURRENT_TIMESTAMP ON UPDATE CURRENT_TIMESTAMP COMMENT '修改时间',
  PRIMARY KEY (`maintenanceLogsId`)
) ENGINE=InnoDB AUTO_INCREMENT=100 DEFAULT CHARSET=utf8;

/*Data for the table `maintenance_logs` */

insert  into `maintenance_logs`(`maintenanceLogsId`,`maintenanceApplyId`,`status`,`initiatorId`,`initiator`,`targetPersonId`,`targetPerson`,`createUser`,`createTime`,`modifyUser`,`modifyTime`) values (1,1,'Reported',47,'管理员（不要改）',NULL,NULL,'管理员（不要改）','2018-10-24 17:34:28','管理员（不要改）','2018-10-24 17:34:28'),(2,1,'Dispatched',47,'管理员（不要改）',47,'管理员（不要改）','管理员（不要改）','2018-10-24 17:34:28','管理员（不要改）','2018-10-24 17:34:28'),(3,1,'Repaired',47,'管理员（不要改）',NULL,NULL,'管理员（不要改）','2018-10-24 17:34:36','管理员（不要改）','2018-10-24 17:34:36'),(4,2,'Reported',62,'报修员小李（不要改）',NULL,NULL,'报修员小李（不要改）','2018-10-24 19:11:29','报修员小李（不要改）','2018-10-24 19:11:29'),(5,2,'Dispatched',47,'管理员（不要改）',48,'维修员小李（不要改）','管理员（不要改）','2018-10-24 19:13:42','管理员（不要改）','2018-10-24 19:13:42'),(6,2,'Repairing',48,'维修员小李（不要改）',NULL,NULL,'维修员小李（不要改）','2018-10-24 19:14:29','维修员小李（不要改）','2018-10-24 19:14:29'),(7,2,'Repaired',48,'维修员小李（不要改）',NULL,NULL,'维修员小李（不要改）','2018-10-24 19:14:44','维修员小李（不要改）','2018-10-24 19:14:44'),(8,3,'Reported',62,'报修员小李（不要改）',NULL,NULL,'报修员小李（不要改）','2018-10-24 19:15:40','报修员小李（不要改）','2018-10-24 19:15:40'),(9,3,'Dispatched',62,'报修员小李（不要改）',48,'维修员小李（不要改）','报修员小李（不要改）','2018-10-24 19:15:49','报修员小李（不要改）','2018-10-24 19:15:49'),(10,3,'Repairing',48,'维修员小李（不要改）',NULL,NULL,'维修员小李（不要改）','2018-10-24 19:16:36','维修员小李（不要改）','2018-10-24 19:16:36'),(11,3,'Failed',48,'维修员小李（不要改）',NULL,NULL,'维修员小李（不要改）','2018-10-24 19:16:48','维修员小李（不要改）','2018-10-24 19:16:48'),(12,4,'Reported',62,'报修员小李（不要改）',NULL,NULL,'报修员小李（不要改）','2018-10-24 19:24:09','报修员小李（不要改）','2018-10-24 19:24:09'),(13,3,'Dispatched',62,'报修员小李（不要改）',48,'维修员小李（不要改）','报修员小李（不要改）','2018-10-24 19:24:26','报修员小李（不要改）','2018-10-24 19:24:26'),(14,5,'Reported',62,'报修员小李（不要改）',NULL,NULL,'报修员小李（不要改）','2018-10-24 20:04:27','报修员小李（不要改）','2018-10-24 20:04:27'),(15,4,'Dispatched',62,'报修员小李（不要改）',47,'管理员（不要改）','报修员小李（不要改）','2018-10-24 20:04:42','报修员小李（不要改）','2018-10-24 20:04:42'),(16,4,'Repairing',47,'管理员（不要改）',NULL,NULL,'管理员（不要改）','2018-10-24 20:04:53','管理员（不要改）','2018-10-24 20:04:53'),(17,4,'Failed',47,'管理员（不要改）',NULL,NULL,'管理员（不要改）','2018-10-24 20:05:19','管理员（不要改）','2018-10-24 20:05:19'),(18,5,'Dispatched',62,'报修员小李（不要改）',47,'管理员（不要改）','报修员小李（不要改）','2018-10-24 20:06:35','报修员小李（不要改）','2018-10-24 20:06:35'),(19,5,'Repairing',47,'管理员（不要改）',NULL,NULL,'管理员（不要改）','2018-10-24 20:07:02','管理员（不要改）','2018-10-24 20:07:02'),(20,5,'Failed',47,'管理员（不要改）',NULL,NULL,'管理员（不要改）','2018-10-24 20:07:36','管理员（不要改）','2018-10-24 20:07:36'),(21,4,'Dispatched',62,'报修员小李（不要改）',47,'管理员（不要改）','报修员小李（不要改）','2018-10-24 20:11:14','报修员小李（不要改）','2018-10-24 20:11:14'),(22,4,'Repairing',47,'管理员（不要改）',NULL,NULL,'管理员（不要改）','2018-10-24 20:11:28','管理员（不要改）','2018-10-24 20:11:28'),(23,4,'Failed',47,'管理员（不要改）',NULL,NULL,'管理员（不要改）','2018-10-24 20:11:45','管理员（不要改）','2018-10-24 20:11:45'),(24,5,'Dispatched',62,'报修员小李（不要改）',47,'管理员（不要改）','报修员小李（不要改）','2018-10-24 20:12:05','报修员小李（不要改）','2018-10-24 20:12:05'),(25,5,'Repairing',47,'管理员（不要改）',NULL,NULL,'管理员（不要改）','2018-10-24 20:12:15','管理员（不要改）','2018-10-24 20:12:15'),(27,4,'Dispatched',62,'报修员小李（不要改）',47,'管理员（不要改）','报修员小李（不要改）','2018-10-24 20:20:37','报修员小李（不要改）','2018-10-24 20:20:37'),(29,5,'Failed',47,'管理员（不要改）',NULL,NULL,'管理员（不要改）','2018-10-24 20:31:18','管理员（不要改）','2018-10-24 20:31:18'),(30,4,'Repairing',47,'管理员（不要改）',NULL,NULL,'管理员（不要改）','2018-10-24 20:36:22','管理员（不要改）','2018-10-24 20:36:22'),(31,4,'Repaired',47,'管理员（不要改）',NULL,NULL,'管理员（不要改）','2018-10-24 20:36:45','管理员（不要改）','2018-10-24 20:36:45'),(32,5,'Dispatched',52,'报修申请（不要改）',47,'管理员（不要改）','报修申请（不要改）','2018-10-24 20:38:18','报修申请（不要改）','2018-10-24 20:38:18'),(33,5,'Repairing',47,'管理员（不要改）',NULL,NULL,'管理员（不要改）','2018-10-24 20:38:50','管理员（不要改）','2018-10-24 20:38:50'),(34,5,'Failed',47,'管理员（不要改）',NULL,NULL,'管理员（不要改）','2018-10-24 20:39:12','管理员（不要改）','2018-10-24 20:39:12'),(35,1,'Rated',47,'管理员（不要改）',NULL,NULL,'管理员（不要改）','2018-10-24 20:39:35','管理员（不要改）','2018-10-24 20:39:35'),(36,6,'Reported',47,'管理员（不要改）',NULL,NULL,'管理员（不要改）','2018-10-24 23:06:59','管理员（不要改）','2018-10-24 23:06:59'),(37,6,'Dispatched',47,'管理员（不要改）',47,'管理员（不要改）','管理员（不要改）','2018-10-24 23:06:59','管理员（不要改）','2018-10-24 23:06:59'),(38,6,'Repaired',47,'管理员（不要改）',NULL,NULL,'管理员（不要改）','2018-10-24 23:07:09','管理员（不要改）','2018-10-24 23:07:09'),(39,6,'Rated',47,'管理员（不要改）',NULL,NULL,'管理员（不要改）','2018-10-24 23:10:54','管理员（不要改）','2018-10-24 23:10:54'),(40,6,'Rated',47,'管理员（不要改）',NULL,NULL,'管理员（不要改）','2018-10-24 23:10:54','管理员（不要改）','2018-10-24 23:10:54'),(41,7,'Reported',47,'管理员（不要改）',NULL,NULL,'管理员（不要改）','2018-10-24 23:11:24','管理员（不要改）','2018-10-24 23:11:24'),(42,7,'Dispatched',47,'管理员（不要改）',47,'管理员（不要改）','管理员（不要改）','2018-10-24 23:11:24','管理员（不要改）','2018-10-24 23:11:24'),(43,7,'Failed',47,'管理员（不要改）',NULL,NULL,'管理员（不要改）','2018-10-24 23:11:32','管理员（不要改）','2018-10-24 23:11:32'),(44,8,'Reported',47,'管理员（不要改）',NULL,NULL,'管理员（不要改）','2018-10-24 23:12:07','管理员（不要改）','2018-10-24 23:12:07'),(45,8,'Dispatched',47,'管理员（不要改）',47,'管理员（不要改）','管理员（不要改）','2018-10-24 23:12:07','管理员（不要改）','2018-10-24 23:12:07'),(46,8,'Repaired',47,'管理员（不要改）',NULL,NULL,'管理员（不要改）','2018-10-24 23:12:19','管理员（不要改）','2018-10-24 23:12:19'),(47,8,'Rated',47,'管理员（不要改）',NULL,NULL,'管理员（不要改）','2018-10-24 23:12:31','管理员（不要改）','2018-10-24 23:12:31'),(48,9,'Reported',47,'管理员（不要改）',NULL,NULL,'管理员（不要改）','2018-10-24 23:14:02','管理员（不要改）','2018-10-24 23:14:02'),(49,9,'Dispatched',47,'管理员（不要改）',47,'管理员（不要改）','管理员（不要改）','2018-10-24 23:14:02','管理员（不要改）','2018-10-24 23:14:02'),(50,9,'Repaired',47,'管理员（不要改）',NULL,NULL,'管理员（不要改）','2018-10-24 23:14:11','管理员（不要改）','2018-10-24 23:14:11'),(51,9,'Rated',47,'管理员（不要改）',NULL,NULL,'管理员（不要改）','2018-10-24 23:16:05','管理员（不要改）','2018-10-24 23:16:05'),(52,10,'Reported',47,'管理员（不要改）',NULL,NULL,'管理员（不要改）','2018-10-24 23:19:52','管理员（不要改）','2018-10-24 23:19:52'),(53,10,'Dispatched',47,'管理员（不要改）',47,'管理员（不要改）','管理员（不要改）','2018-10-24 23:19:52','管理员（不要改）','2018-10-24 23:19:52'),(54,11,'Reported',47,'管理员（不要改）',NULL,NULL,'管理员（不要改）','2018-10-24 23:20:05','管理员（不要改）','2018-10-24 23:20:05'),(55,11,'Dispatched',47,'管理员（不要改）',47,'管理员（不要改）','管理员（不要改）','2018-10-24 23:20:05','管理员（不要改）','2018-10-24 23:20:05'),(56,11,'Repaired',47,'管理员（不要改）',NULL,NULL,'管理员（不要改）','2018-10-24 23:20:15','管理员（不要改）','2018-10-24 23:20:15'),(57,10,'Repaired',47,'管理员（不要改）',NULL,NULL,'管理员（不要改）','2018-10-24 23:20:23','管理员（不要改）','2018-10-24 23:20:23'),(58,10,'Rated',47,'管理员（不要改）',NULL,NULL,'管理员（不要改）','2018-10-24 23:20:45','管理员（不要改）','2018-10-24 23:20:45'),(59,11,'Rated',47,'管理员（不要改）',NULL,NULL,'管理员（不要改）','2018-10-24 23:21:01','管理员（不要改）','2018-10-24 23:21:01'),(60,12,'Reported',47,'管理员（不要改）',NULL,NULL,'管理员（不要改）','2018-10-25 18:05:06','管理员（不要改）','2018-10-25 18:05:06'),(61,12,'Dispatched',47,'管理员（不要改）',47,'管理员（不要改）','管理员（不要改）','2018-10-25 18:05:06','管理员（不要改）','2018-10-25 18:05:06'),(62,12,'Repaired',47,'管理员（不要改）',NULL,NULL,'管理员（不要改）','2018-10-25 18:05:14','管理员（不要改）','2018-10-25 18:05:14'),(63,12,'Rated',47,'管理员（不要改）',NULL,NULL,'管理员（不要改）','2018-10-25 18:50:56','管理员（不要改）','2018-10-25 18:50:56'),(64,7,'Dispatched',47,'管理员（不要改）',47,'管理员（不要改）','管理员（不要改）','2018-10-25 21:18:11','管理员（不要改）','2018-10-25 21:18:11'),(65,7,'Repairing',47,'管理员（不要改）',NULL,NULL,'管理员（不要改）','2018-10-25 21:18:26','管理员（不要改）','2018-10-25 21:18:26'),(66,7,'Failed',47,'管理员（不要改）',NULL,NULL,'管理员（不要改）','2018-10-25 21:18:36','管理员（不要改）','2018-10-25 21:18:36'),(67,5,'Dispatched',47,'管理员（不要改）',47,'管理员（不要改）','管理员（不要改）','2018-10-25 21:19:24','管理员（不要改）','2018-10-25 21:19:24'),(68,5,'Repairing',47,'管理员（不要改）',NULL,NULL,'管理员（不要改）','2018-10-25 21:19:34','管理员（不要改）','2018-10-25 21:19:34'),(69,5,'Repaired',47,'管理员（不要改）',NULL,NULL,'管理员（不要改）','2018-10-25 21:19:44','管理员（不要改）','2018-10-25 21:19:44'),(70,13,'Reported',47,'管理员（不要改）',NULL,NULL,'管理员（不要改）','2018-10-25 21:35:21','管理员（不要改）','2018-10-25 21:35:21'),(71,13,'Dispatched',47,'管理员（不要改）',47,'管理员（不要改）','管理员（不要改）','2018-10-25 21:35:21','管理员（不要改）','2018-10-25 21:35:21'),(72,13,'Repaired',47,'管理员（不要改）',NULL,NULL,'管理员（不要改）','2018-10-25 21:35:31','管理员（不要改）','2018-10-25 21:35:31'),(73,14,'Reported',47,'管理员（不要改）',NULL,NULL,'管理员（不要改）','2018-10-26 13:43:13','管理员（不要改）','2018-10-26 13:43:13'),(74,14,'Dispatched',47,'管理员（不要改）',47,'管理员（不要改）','管理员（不要改）','2018-10-26 13:43:13','管理员（不要改）','2018-10-26 13:43:13'),(75,15,'Reported',47,'管理员（不要改）',NULL,NULL,'管理员（不要改）','2018-10-26 13:46:20','管理员（不要改）','2018-10-26 13:46:20'),(76,15,'Dispatched',47,'管理员（不要改）',47,'管理员（不要改）','管理员（不要改）','2018-10-26 13:46:20','管理员（不要改）','2018-10-26 13:46:20'),(77,15,'Repaired',47,'管理员（不要改）',NULL,NULL,'管理员（不要改）','2018-10-30 18:42:03','管理员（不要改）','2018-10-30 18:42:03'),(78,14,'Repaired',47,'管理员（不要改）',NULL,NULL,'管理员（不要改）','2018-10-30 18:42:33','管理员（不要改）','2018-10-30 18:42:33'),(79,16,'Reported',47,'管理员（不要改）',NULL,NULL,'管理员（不要改）','2018-10-31 11:14:51','管理员（不要改）','2018-10-31 11:14:51'),(80,16,'Dispatched',47,'管理员（不要改）',47,'管理员（不要改）','管理员（不要改）','2018-10-31 11:14:51','管理员（不要改）','2018-10-31 11:14:51'),(81,7,'Dispatched',47,'管理员',64,'2018cs','管理员','2018-11-01 13:47:04','管理员','2018-11-01 13:47:04'),(82,16,'Repaired',47,'管理员',NULL,NULL,'管理员','2018-11-01 13:47:49','管理员','2018-11-01 13:47:49'),(83,16,'Rated',47,'管理员',NULL,NULL,'管理员','2018-11-01 13:48:12','管理员','2018-11-01 13:48:12'),(84,17,'Reported',47,'管理员',NULL,NULL,'管理员','2018-11-01 13:52:39','管理员','2018-11-01 13:52:39'),(85,17,'Dispatched',47,'管理员',47,'管理员','管理员','2018-11-01 13:52:39','管理员','2018-11-01 13:52:39'),(86,17,'Repaired',47,'管理员',NULL,NULL,'管理员','2018-11-01 13:53:37','管理员','2018-11-01 13:53:37'),(87,18,'Reported',47,'管理员',NULL,NULL,'管理员','2018-11-01 16:02:07','管理员','2018-11-01 16:02:07'),(88,18,'Dispatched',47,'管理员',47,'管理员','管理员','2018-11-01 16:02:07','管理员','2018-11-01 16:02:07'),(89,18,'Failed',47,'管理员',NULL,NULL,'管理员','2018-11-01 16:04:08','管理员','2018-11-01 16:04:08'),(90,18,'Dispatched',47,'管理员',48,'维修员小李（不要改）','管理员','2018-11-01 16:04:27','管理员','2018-11-01 16:04:27'),(91,14,'Rated',47,'管理员',NULL,NULL,'管理员','2018-11-01 16:06:33','管理员','2018-11-01 16:06:33'),(92,18,'Repairing',48,'维修员小李（不要改）',NULL,NULL,'维修员小李（不要改）','2018-11-01 16:08:16','维修员小李（不要改）','2018-11-01 16:08:16'),(93,18,'Failed',48,'维修员小李（不要改）',NULL,NULL,'维修员小李（不要改）','2018-11-01 16:09:08','维修员小李（不要改）','2018-11-01 16:09:08'),(94,19,'Reported',47,'管理员',NULL,NULL,'管理员','2018-11-02 11:21:38','管理员','2018-11-02 11:21:38'),(95,19,'Dispatched',47,'管理员',47,'管理员','管理员','2018-11-02 11:21:38','管理员','2018-11-02 11:21:38'),(96,20,'Reported',47,'管理员',NULL,NULL,'管理员','2018-11-02 13:52:09','管理员','2018-11-02 13:52:09'),(97,20,'Dispatched',47,'管理员',47,'管理员','管理员','2018-11-02 13:52:09','管理员','2018-11-02 13:52:09'),(98,21,'Reported',47,'管理员',NULL,NULL,'管理员','2018-11-02 16:06:06','管理员','2018-11-02 16:06:06'),(99,21,'Dispatched',47,'管理员',47,'管理员','管理员','2018-11-02 16:06:06','管理员','2018-11-02 16:06:06');

/*Table structure for table `maintenance_solution` */

DROP TABLE IF EXISTS `maintenance_solution`;

CREATE TABLE `maintenance_solution` (
  `solutionId` bigint(20) NOT NULL AUTO_INCREMENT COMMENT '维修方案信息ID',
  `repairInfoId` bigint(20) NOT NULL,
  `maintenanceApplyId` bigint(20) DEFAULT NULL COMMENT '维修申请单ID',
  `processMode` varchar(512) DEFAULT NULL COMMENT '处理措施',
  PRIMARY KEY (`solutionId`)
) ENGINE=InnoDB AUTO_INCREMENT=36 DEFAULT CHARSET=utf8;

/*Data for the table `maintenance_solution` */

insert  into `maintenance_solution`(`solutionId`,`repairInfoId`,`maintenanceApplyId`,`processMode`) values (1,19,1,'ATM维修描述001——002'),(2,22,1,'ATM维修描述003——001'),(3,21,2,'ATM维修描述002——002'),(4,23,2,'2018-10-24 18:57:40 描述'),(5,0,2,'1'),(6,0,3,'12'),(13,17,4,'电脑维修措施2'),(15,19,6,'ATM维修描述001——002'),(17,19,8,'ATM维修描述001——002'),(18,22,8,'ATM维修描述003——001'),(19,18,9,'ATM维修描述001——0011'),(20,20,11,'ATM维修描述002——001'),(21,18,10,'ATM维修描述001——0011'),(22,0,12,'234'),(23,20,7,'ATM维修描述002——001'),(24,0,7,'12'),(25,17,5,'电脑维修措施2'),(26,0,5,'12'),(27,19,13,'ATM维修描述001——002'),(28,18,15,'ATM维修描述001——0011'),(29,22,14,'ATM维修描述003——001'),(30,0,16,'123'),(31,1,16,'电脑维修措施3'),(32,5,17,'电脑维修措施4'),(33,18,17,'ATM维修描述001——0011'),(35,0,18,'12');

/*Table structure for table `operations_equipment` */

DROP TABLE IF EXISTS `operations_equipment`;

CREATE TABLE `operations_equipment` (
  `equipmentId` bigint(20) NOT NULL AUTO_INCREMENT COMMENT '运营设备ID',
  `operationSubjectId` bigint(20) DEFAULT NULL COMMENT '运营主体ID',
  `workSectionId` bigint(20) DEFAULT NULL COMMENT '所属工区',
  `lineId` bigint(20) NOT NULL COMMENT '线路ID',
  `stationId` bigint(20) DEFAULT NULL COMMENT '所属站点',
  `sparePartId` bigint(20) NOT NULL COMMENT '备件ID',
  `equipmentNo` varchar(128) DEFAULT NULL COMMENT '设备编号',
  `serialNumber` varchar(128) DEFAULT NULL COMMENT '序列号',
  `uniquelyIdentifies` varchar(128) DEFAULT NULL COMMENT '唯一标识',
  `status` varchar(32) DEFAULT NULL COMMENT '设备状态',
  `location` varchar(256) DEFAULT NULL COMMENT '所在位置',
  `remark` varchar(512) DEFAULT NULL COMMENT '备注',
  `createUser` varchar(32) DEFAULT NULL COMMENT '添加人',
  `createTime` datetime DEFAULT CURRENT_TIMESTAMP COMMENT '创建时间',
  `modifyUser` varchar(32) DEFAULT NULL COMMENT '修改人',
  `modifyTime` datetime DEFAULT CURRENT_TIMESTAMP ON UPDATE CURRENT_TIMESTAMP COMMENT '修改时间',
  `qrCode` varchar(128) DEFAULT NULL COMMENT '二维码',
  `deviceuId` varchar(128) DEFAULT NULL COMMENT '设备唯一ID(注册)',
  `deviceCode` varchar(128) DEFAULT NULL COMMENT '设备编号(注册)',
  `stationCode` varchar(128) DEFAULT NULL COMMENT '设备所在车站代码(注册)',
  `fileServerIP` varchar(32) DEFAULT NULL COMMENT '文件服务器ip',
  `fileServerUserName` varchar(128) DEFAULT NULL COMMENT '文件服务器用户名',
  `fileServerPassword` varchar(128) DEFAULT NULL COMMENT '文件服务器密码',
  `token` varchar(128) DEFAULT NULL COMMENT '服务器返回的认证Token',
  `deviceStatus` varchar(64) DEFAULT NULL COMMENT '设备运行状态',
  `equipmentName` varchar(128) DEFAULT NULL COMMENT '设备名称',
  PRIMARY KEY (`equipmentId`)
) ENGINE=InnoDB AUTO_INCREMENT=25 DEFAULT CHARSET=utf8;

/*Data for the table `operations_equipment` */

insert  into `operations_equipment`(`equipmentId`,`operationSubjectId`,`workSectionId`,`lineId`,`stationId`,`sparePartId`,`equipmentNo`,`serialNumber`,`uniquelyIdentifies`,`status`,`location`,`remark`,`createUser`,`createTime`,`modifyUser`,`modifyTime`,`qrCode`,`deviceuId`,`deviceCode`,`stationCode`,`fileServerIP`,`fileServerUserName`,`fileServerPassword`,`token`,`deviceStatus`,`equipmentName`) values (1,38,21,11,55,38,'3215651210015','111',NULL,NULL,'进站口','111','admin','2018-08-08 16:58:04','维修员小李（不要改）','2018-11-02 17:21:21','','','','',NULL,NULL,NULL,NULL,'','321321'),(2,38,20,11,55,38,'002','111','111','start_using','进站口','111','admin','2018-08-08 16:58:04','admin','2018-11-02 17:21:21','1535425659899380175','','','',NULL,NULL,NULL,NULL,'',NULL),(3,38,21,11,55,38,'X001','13213345684651',NULL,'start_using','C进站口','C进站口监控电脑','管理员（不要改）','2018-08-31 15:11:32','管理员（不要改）','2018-11-02 17:42:38',NULL,'shebei004','shebei004','0102',NULL,NULL,NULL,NULL,'INSERVICE',NULL),(4,38,21,11,55,38,'004','651564651321586',NULL,'start_using','D进站口','D进站口监控电脑','管理员（不要改）','2018-08-31 15:13:13','管理员（不要改）','2018-11-02 17:49:57',NULL,'shebei003','shebei003','0102',NULL,NULL,NULL,NULL,'OUTSERVICE',NULL),(5,38,21,11,64,38,'0100101','',NULL,'start_using','','','管理员（不要改）','2018-08-31 15:30:02','管理员（不要改）','2018-11-02 17:21:21',NULL,'','','',NULL,NULL,NULL,NULL,'',NULL),(6,38,12,11,55,38,'005','3213215648',NULL,'start_using','C口','C口','管理员（不要改）','2018-08-31 15:38:37','管理员（不要改）','2018-11-02 17:21:21','1536198835301658295','','','',NULL,NULL,NULL,NULL,'',NULL),(7,38,21,11,55,38,'006','12342341234123',NULL,'start_using','C口11','C口测试机','管理员（不要改）','2018-08-31 16:02:55','管理员（不要改）','2018-11-02 17:21:21','1535425660157473685','','','',NULL,NULL,NULL,NULL,'',NULL),(8,38,21,11,55,38,'008','321215',NULL,'start_using','D口','D口售票','管理员（不要改）','2018-08-31 18:00:19','管理员（不要改）','2018-11-02 17:51:32','1535425660086451630','shebei006','shebei006','0102',NULL,NULL,NULL,NULL,'INSERVICE',NULL),(9,38,NULL,11,55,38,'008','',NULL,'start_using','','','管理员（不要改）','2018-09-03 17:51:10','管理员（不要改）','2018-11-02 17:21:21','','','','',NULL,NULL,NULL,NULL,'',NULL),(10,38,NULL,11,55,38,'12345678',NULL,NULL,'start_using','进站口',NULL,NULL,'2018-09-04 15:59:16',NULL,'2018-11-02 17:21:21',NULL,'','','',NULL,NULL,NULL,NULL,'',NULL),(11,38,NULL,11,63,64,'004','',NULL,'start_using','','','管理员（不要改）','2018-09-04 17:59:59','管理员（不要改）','2018-11-02 17:21:21','','','','',NULL,NULL,NULL,NULL,'',NULL),(12,38,NULL,11,56,64,'0089','',NULL,'start_using','','','管理员（不要改）','2018-09-04 18:15:56','管理员（不要改）','2018-11-02 17:21:21','','','','',NULL,NULL,NULL,NULL,'',NULL),(13,38,NULL,11,55,74,'101','',NULL,'start_using','','','管理员（不要改）','2018-09-07 16:00:45','管理员（不要改）','2018-11-02 17:21:21','','','','',NULL,NULL,NULL,NULL,'',NULL),(14,38,NULL,11,56,38,'TVM-01',NULL,NULL,'start_using','DL',NULL,'','2018-09-07 22:50:42','','2018-11-02 17:21:21',NULL,'','','',NULL,NULL,NULL,NULL,'',NULL),(15,38,NULL,11,56,38,'TVM-02',NULL,NULL,'start_using','DL',NULL,'','2018-09-07 22:50:42','','2018-11-02 17:21:21',NULL,'','','',NULL,NULL,NULL,NULL,'',NULL),(16,38,NULL,12,57,74,'20180910001',NULL,NULL,'start_using','上海',NULL,'','2018-09-10 17:05:48','','2018-11-02 17:21:21',NULL,'','','',NULL,NULL,NULL,NULL,'',NULL),(17,38,NULL,12,57,74,'20180910002',NULL,NULL,'start_using','上海1',NULL,'','2018-09-10 17:06:54','','2018-11-02 17:21:21',NULL,'','','',NULL,NULL,NULL,NULL,'',NULL),(18,38,NULL,12,57,74,'20180910003',NULL,NULL,'start_using','上海2',NULL,'','2018-09-10 17:06:54','','2018-11-02 17:21:21',NULL,'','','',NULL,NULL,NULL,NULL,'',NULL),(19,38,NULL,11,56,42,'11111111111111111111111111111111111111111111','',NULL,'start_using','11111111111111111111111111111111111111','','管理员（不要改）','2018-09-10 18:00:55','管理员（不要改）','2018-11-02 17:21:21','','','','',NULL,NULL,NULL,NULL,'',NULL),(20,38,NULL,12,58,38,'123213123',NULL,NULL,'start_using','',NULL,'','2018-10-12 18:56:40','','2018-11-02 17:21:21',NULL,'','','',NULL,NULL,NULL,NULL,'',NULL),(21,38,NULL,11,55,74,'00136','',NULL,'start_using','','','管理员（不要改）','2018-10-24 20:18:26','管理员（不要改）','2018-11-02 17:49:57','','shebei002','shebei002','0102',NULL,NULL,NULL,NULL,'MAINTAINCE',NULL),(22,38,NULL,11,55,74,'00137','',NULL,'start_using','','','管理员（不要改）','2018-10-24 20:19:26','管理员（不要改）','2018-11-02 17:21:21','46692485891756032','','','',NULL,NULL,NULL,NULL,'',NULL),(23,38,NULL,11,55,74,'00138','',NULL,'start_using','','','管理员（不要改）','2018-10-24 20:19:49','管理员（不要改）','2018-11-02 17:41:27','46692485967253504','shebei001','shebei001','0102',NULL,NULL,NULL,NULL,'INSERVICE',NULL);

/*Table structure for table `operations_equipment_modify_log` */

DROP TABLE IF EXISTS `operations_equipment_modify_log`;

CREATE TABLE `operations_equipment_modify_log` (
  `equipmentModifyLogId` bigint(20) NOT NULL AUTO_INCREMENT COMMENT '运营设备属性修改日志ID',
  `equipmentId` bigint(20) DEFAULT NULL COMMENT '运营设备ID',
  `modifyAttribute` varchar(256) DEFAULT NULL COMMENT '修改属性',
  `beforeValue` varchar(256) DEFAULT NULL COMMENT '修改前值',
  `afterValue` varchar(256) DEFAULT NULL COMMENT '修改后值',
  `modifyUser` varchar(32) DEFAULT NULL COMMENT '修改人',
  `modifyTime` datetime DEFAULT NULL COMMENT '修改时间',
  `remark` varchar(512) DEFAULT NULL COMMENT '备注',
  PRIMARY KEY (`equipmentModifyLogId`)
) ENGINE=InnoDB AUTO_INCREMENT=39 DEFAULT CHARSET=utf8;

/*Data for the table `operations_equipment_modify_log` */

insert  into `operations_equipment_modify_log`(`equipmentModifyLogId`,`equipmentId`,`modifyAttribute`,`beforeValue`,`afterValue`,`modifyUser`,`modifyTime`,`remark`) values (1,1,'deviceCode','deviceCode001',NULL,'设备注册自动修改','2018-10-17 13:54:52','设备自动注册，系统自动同步设备编号'),(2,1,'deviceCode','deviceCode001',NULL,'设备注册自动修改','2018-10-17 13:56:33','设备自动注册，系统自动同步设备编号'),(3,1,'stationCode','0102stationCode',NULL,'设备注册自动修改','2018-10-17 13:56:38','设备自动注册，系统自动同步设备所在车站'),(4,1,'deviceCode','deviceCode001','deviceCode001','设备注册自动修改','2018-10-17 13:56:58','设备自动注册，系统自动同步设备编号'),(5,1,'stationCode','0102stationCode','0102stationCode','设备注册自动修改','2018-10-17 13:56:58','设备自动注册，系统自动同步设备所在车站'),(6,1,'deviceCode','0102zl001','deviceCode001','设备注册自动修改','2018-11-02 14:22:29','设备自动注册，系统自动同步设备编号'),(7,1,'stationCode','0102','0102stationCode','设备注册自动修改','2018-11-02 14:22:29','设备自动注册，系统自动同步设备所在车站'),(8,8,'deviceStatus','start_using','start_using','设备注册自动修改','2018-11-02 16:07:57','设备状态变更，自动同步修改'),(9,9,'deviceStatus','start_using','start_using','设备注册自动修改','2018-11-02 16:07:55','设备状态变更，自动同步修改'),(10,9,'deviceStatus','INSERVICE','start_using','设备注册自动修改','2018-11-02 16:10:33','设备状态变更，自动同步修改'),(11,8,'deviceStatus','start_using','start_using','设备注册自动修改','2018-11-02 16:12:54','设备状态变更，自动同步修改'),(12,8,'deviceStatus','start_using','start_using','设备注册自动修改','2018-11-02 16:22:08','设备状态变更，自动同步修改'),(13,9,'deviceStatus','INSERVICE1','start_using','设备注册自动修改','2018-11-02 16:22:08','设备状态变更，自动同步修改'),(14,9,'deviceStatus','INSERVICE','start_using','设备注册自动修改','2018-11-02 16:22:24','设备状态变更，自动同步修改'),(15,9,'deviceStatus','INSERVICE2','start_using','设备注册自动修改','2018-11-02 16:22:38','设备状态变更，自动同步修改'),(16,6,'deviceStatus','start_using','start_using','设备注册自动修改','2018-11-02 16:23:19','设备状态变更，自动同步修改'),(17,8,'deviceStatus','INSERVICE','start_using','设备注册自动修改','2018-11-02 16:24:13','设备状态变更，自动同步修改'),(18,6,'deviceStatus','INSERVICE','start_using','设备注册自动修改','2018-11-02 16:25:45','设备状态变更，自动同步修改'),(19,9,'deviceStatus','INSERVICE','start_using','设备注册自动修改','2018-11-02 16:25:45','设备状态变更，自动同步修改'),(20,3,'deviceStatus','INSERVICE','start_using','设备注册自动修改','2018-11-02 16:47:29','设备状态变更，自动同步修改'),(21,4,'deviceStatus','MAINTAINCE','start_using','设备注册自动修改','2018-11-02 16:47:41','设备状态变更，自动同步修改'),(22,4,'deviceStatus','MAINTAINCE','start_using','设备注册自动修改','2018-11-02 16:54:06','设备状态变更，自动同步修改'),(23,4,'deviceStatus','MAINTAINCE','start_using','设备注册自动修改','2018-11-02 16:56:12','设备状态变更，自动同步修改'),(24,4,'deviceStatus','MAINTAINCE','start_using','设备注册自动修改','2018-11-02 16:57:54','设备状态变更，自动同步修改'),(25,4,'deviceStatus','MAINTAINCE','start_using','设备注册自动修改','2018-11-02 17:10:40','设备状态变更，自动同步修改'),(26,23,'deviceStatus','INSERVICE','start_using','设备注册自动修改','2018-11-02 17:35:46','设备状态变更，自动同步修改'),(27,4,'deviceStatus','INSERVICE','start_using','设备注册自动修改','2018-11-02 17:36:01','设备状态变更，自动同步修改'),(28,21,'deviceStatus','MAINTAINCE','start_using','设备注册自动修改','2018-11-02 17:36:05','设备状态变更，自动同步修改'),(29,4,'deviceStatus','','start_using','设备注册自动修改','2018-11-02 17:37:01','设备状态变更，自动同步修改'),(30,21,'deviceStatus','','start_using','设备注册自动修改','2018-11-02 17:37:02','设备状态变更，自动同步修改'),(31,23,'deviceStatus','','start_using','设备注册自动修改','2018-11-02 17:37:02','设备状态变更，自动同步修改'),(32,23,'deviceStatus','INSERVICE','start_using','设备注册自动修改','2018-11-02 17:41:26','设备状态变更，自动同步修改'),(33,21,'deviceStatus','MAINTAINCE','start_using','设备注册自动修改','2018-11-02 17:41:50','设备状态变更，自动同步修改'),(34,4,'deviceStatus','OUTSERVICE','start_using','设备注册自动修改','2018-11-02 17:42:07','设备状态变更，自动同步修改'),(35,3,'deviceStatus','INSERVICE','start_using','设备注册自动修改','2018-11-02 17:42:37','设备状态变更，自动同步修改'),(36,21,'deviceStatus','MAINTAINCE','start_using','设备注册自动修改','2018-11-02 17:49:57','设备状态变更，自动同步修改'),(37,4,'deviceStatus','OUTSERVICE','start_using','设备注册自动修改','2018-11-02 17:50:00','设备状态变更，自动同步修改'),(38,8,'deviceStatus','INSERVICE','start_using','设备注册自动修改','2018-11-02 17:51:31','设备状态变更，自动同步修改');

/*Table structure for table `operations_equipment_parts` */

DROP TABLE IF EXISTS `operations_equipment_parts`;

CREATE TABLE `operations_equipment_parts` (
  `equipmentPartsId` bigint(20) NOT NULL AUTO_INCREMENT COMMENT '主键',
  `equipmentId` bigint(20) DEFAULT NULL COMMENT '运营设备ID',
  `sparePartId` bigint(20) NOT NULL COMMENT '备件ID',
  `stockId` bigint(20) NOT NULL COMMENT '库存id',
  `maintenanceApplyId` bigint(20) NOT NULL COMMENT '维修申请单ID',
  `status` varchar(32) DEFAULT NULL COMMENT '状态',
  `createUser` varchar(32) DEFAULT NULL COMMENT '添加人',
  `createTime` datetime DEFAULT CURRENT_TIMESTAMP COMMENT '创建时间',
  PRIMARY KEY (`equipmentPartsId`)
) ENGINE=InnoDB AUTO_INCREMENT=56 DEFAULT CHARSET=utf8;

/*Data for the table `operations_equipment_parts` */

insert  into `operations_equipment_parts`(`equipmentPartsId`,`equipmentId`,`sparePartId`,`stockId`,`maintenanceApplyId`,`status`,`createUser`,`createTime`) values (1,1,39,196,100,'online','admin','2018-08-27 10:54:20'),(2,1,38,213,107,'online','管理员（不要改）','2018-08-27 17:01:54'),(3,2,38,314,123,'online','管理员（不要改）','2018-08-28 14:48:50'),(4,1,38,312,125,'online','管理员（不要改）','2018-08-28 15:04:39'),(5,1,38,298,128,'online','管理员（不要改）','2018-08-28 15:13:23'),(7,1,38,305,128,'offline','管理员（不要改）','2018-08-28 15:51:37'),(9,1,38,294,127,'online','管理员（不要改）','2018-08-28 15:57:24'),(10,3,38,322,215,'online','管理员（不要改）','2018-09-05 17:40:14'),(11,3,38,320,215,'online','管理员（不要改）','2018-09-05 17:40:15'),(12,NULL,38,321,219,'online','管理员（不要改）','2018-09-05 22:13:08'),(13,NULL,38,321,219,'online','管理员（不要改）','2018-09-05 22:13:19'),(14,NULL,38,351,212,'online','管理员（不要改）','2018-09-05 22:13:57'),(15,NULL,38,344,212,'online','管理员（不要改）','2018-09-05 22:13:57'),(16,NULL,38,332,220,'online','管理员（不要改）','2018-09-05 22:23:17'),(17,NULL,38,391,221,'online','管理员（不要改）','2018-09-06 10:33:23'),(18,NULL,38,408,222,'offline','管理员（不要改）','2018-09-06 11:19:06'),(19,NULL,38,424,222,'offline','管理员（不要改）','2018-09-06 11:19:06'),(20,4,38,412,223,'online','管理员（不要改）','2018-09-06 13:54:39'),(21,2,38,389,224,'online','管理员（不要改）','2018-09-06 14:31:21'),(22,NULL,38,415,239,'online','维修员小李（不要改）','2018-09-07 10:45:41'),(23,NULL,38,400,240,'online','维修员小李（不要改）','2018-09-07 10:46:17'),(24,NULL,38,388,241,'online','维修员小李（不要改）','2018-09-07 13:39:55'),(25,NULL,38,425,242,'online','维修员小李（不要改）','2018-09-07 13:44:51'),(26,NULL,38,434,243,'online','维修员小李（不要改）','2018-09-07 14:03:13'),(27,13,38,387,248,'online','维修员小李（不要改）','2018-09-07 16:59:58'),(28,4,38,402,264,'online','维修员小李（不要改）','2018-09-10 17:01:35'),(29,4,38,419,270,'online','维修员小李（不要改）','2018-09-10 17:44:17'),(30,4,38,409,285,'online','维修员小李（不要改）','2018-09-10 19:29:53'),(31,6,38,386,274,'online','维修员小李（不要改）','2018-09-10 19:44:35'),(32,2,38,396,277,'online','管理员（不要改）','2018-09-10 21:08:47'),(33,4,38,418,290,'online','维修员小李（不要改）','2018-09-10 21:45:00'),(34,6,38,399,289,'online','维修员小李（不要改）','2018-09-10 21:45:49'),(35,4,38,427,288,'online','维修员小李（不要改）','2018-09-10 21:50:19'),(36,6,38,407,286,'online','维修员小李（不要改）','2018-09-10 22:41:38'),(37,3,38,385,257,'online','维修员小李（不要改）','2018-09-10 22:42:25'),(38,3,38,414,252,'online','维修员小李（不要改）','2018-09-10 22:43:42'),(39,4,38,394,259,'online','维修员小李（不要改）','2018-09-10 22:44:33'),(40,3,38,426,242,'online','维修员小李（不要改）','2018-09-10 22:49:46'),(41,7,38,379,309,'online','管理员（不要改）','2018-09-12 16:40:15'),(42,7,38,417,308,'online','管理员（不要改）','2018-09-12 16:43:35'),(43,7,38,384,307,'online','管理员（不要改）','2018-09-12 16:44:07'),(44,4,38,401,312,'online','管理员（不要改）','2018-09-12 22:06:14'),(45,3,38,445,211,'online','管理员（不要改）','2018-09-13 09:55:30'),(46,3,38,492,202,'online','管理员（不要改）','2018-09-13 10:37:34'),(47,6,38,405,314,'online','维修员小李（不要改）','2018-09-13 15:02:05'),(48,2,38,470,315,'online','管理员（不要改）','2018-09-13 16:15:18'),(49,2,38,467,316,'online','管理员（不要改）','2018-09-13 16:22:06'),(50,2,38,491,316,'online','管理员（不要改）','2018-09-13 17:08:09'),(51,6,38,383,329,'online','维修员小李（不要改）','2018-09-20 22:40:11'),(52,2,38,496,361,'online','管理员（不要改）','2018-10-17 10:53:20'),(53,4,42,461,375,'online','维修员小李（不要改）','2018-10-17 14:18:55'),(54,12,38,497,374,'online','管理员（不要改）','2018-10-23 19:08:24'),(55,16,38,30,17,'online','管理员','2018-11-01 13:53:37');

/*Table structure for table `org_line` */

DROP TABLE IF EXISTS `org_line`;

CREATE TABLE `org_line` (
  `lineId` bigint(20) NOT NULL AUTO_INCREMENT COMMENT '线路ID',
  `operationSubjectId` bigint(20) DEFAULT NULL COMMENT '运营主体ID',
  `lineName` varchar(128) DEFAULT NULL COMMENT '线路名称',
  `lineCode` varchar(128) DEFAULT NULL COMMENT '线路编码',
  `headPerson` varchar(128) DEFAULT NULL COMMENT '负责人',
  `phone` varchar(128) DEFAULT NULL COMMENT '联系电话',
  `remark` varchar(512) DEFAULT NULL COMMENT '备注',
  `status` varchar(32) DEFAULT NULL COMMENT '状态',
  `createUser` varchar(32) DEFAULT NULL COMMENT '添加人',
  `createTime` datetime DEFAULT CURRENT_TIMESTAMP COMMENT '创建时间',
  `modifyUser` varchar(32) DEFAULT NULL COMMENT '修改人',
  `modifyTime` datetime DEFAULT CURRENT_TIMESTAMP ON UPDATE CURRENT_TIMESTAMP COMMENT '修改时间',
  PRIMARY KEY (`lineId`)
) ENGINE=InnoDB AUTO_INCREMENT=40 DEFAULT CHARSET=utf8;

/*Data for the table `org_line` */

insert  into `org_line`(`lineId`,`operationSubjectId`,`lineName`,`lineCode`,`headPerson`,`phone`,`remark`,`status`,`createUser`,`createTime`,`modifyUser`,`modifyTime`) values (11,38,'1号线','1010','','','','start_using','admin','2018-08-02 10:06:13','管理员（不要改）','2018-10-31 16:46:31'),(12,38,'第2号线','00002','','','','start_using','admin','2018-08-03 11:15:29','管理员（不要改）','2018-09-10 17:02:58'),(13,38,'3号线','003','','','','start_using','admin','2018-08-03 11:16:00','管理员','2018-08-16 11:17:33'),(14,38,'1','1231','刘继业','13545070152','啊和沙发','stop_using','管理员','2018-08-10 16:19:03','管理员（不要改）','2018-08-21 11:00:35'),(15,38,'2号线','0002','','','','start_using','管理员（不要改）','2018-08-23 14:37:12','管理员（不要改）','2018-08-23 14:37:12'),(16,38,'3号线11','123543','','','','start_using','管理员（不要改）','2018-08-23 15:06:40','管理员（不要改）','2018-08-23 15:06:40'),(17,38,'北京23号线','123','123','123','123124','start_using','管理员（不要改）','2018-09-05 10:54:24','管理员（不要改）','2018-09-28 13:52:16'),(18,38,'北京4号线','004','','','','start_using','管理员（不要改）','2018-09-11 14:03:07','管理员（不要改）','2018-09-17 15:23:26'),(25,38,'北京11号线','bj11','','','','start_using','管理员（不要改）','2018-09-17 15:43:05','管理员（不要改）','2018-09-17 15:43:05'),(26,38,'北京12号线','bj12','','','','start_using','管理员（不要改）','2018-09-17 15:52:40','管理员（不要改）','2018-09-17 15:52:40'),(27,38,'北京13号线','bj13','','','','start_using','管理员（不要改）','2018-09-17 15:57:22','管理员（不要改）','2018-09-17 15:57:22'),(28,38,'北京20号线','0031','','','','start_using','管理员（不要改）','2018-09-17 18:39:14','管理员（不要改）','2018-09-17 18:39:14'),(29,38,'北京21号线','0032','','','','start_using','管理员（不要改）','2018-09-17 18:41:11','管理员（不要改）','2018-09-17 18:41:11'),(30,38,'北京22号线','0033','','','','start_using','管理员（不要改）','2018-09-17 18:41:39','管理员（不要改）','2018-09-17 18:41:39'),(31,38,'北京24号线','0034','','','','start_using','管理员（不要改）','2018-09-17 18:46:15','管理员（不要改）','2018-09-17 18:46:15'),(32,38,'9999号线路','9999','','','','start_using','管理员（不要改）','2018-09-18 09:44:45','管理员（不要改）','2018-09-18 09:44:45'),(33,38,'8888号线路','8888','','','','start_using','管理员（不要改）','2018-09-18 10:02:48','管理员（不要改）','2018-09-18 10:02:48'),(34,38,'1号线1','011','','','','start_using','管理员（不要改）','2018-09-18 17:48:11','管理员（不要改）','2018-09-18 17:48:11'),(35,38,'2号线1','021','','','','start_using','管理员（不要改）','2018-09-18 17:48:11','管理员（不要改）','2018-09-18 17:48:11'),(36,53,'1号线1','011','','','','start_using','ttadmin','2018-09-18 18:02:38','ttadmin','2018-09-18 18:02:38'),(37,53,'2号线1','021','','','','start_using','ttadmin','2018-09-18 18:02:38','ttadmin','2018-09-18 18:02:38'),(38,55,'1号线','001','','','','start_using','dlAdmin','2018-09-27 13:56:55','dlAdmin','2018-09-27 13:56:55'),(39,38,'8号线01','801','','','','start_using','管理员（不要改）','2018-10-25 15:05:58','管理员（不要改）','2018-10-25 15:05:58');

/*Table structure for table `org_organization` */

DROP TABLE IF EXISTS `org_organization`;

CREATE TABLE `org_organization` (
  `orgId` bigint(20) NOT NULL AUTO_INCREMENT COMMENT '组织结构Id',
  `operationSubjectId` bigint(20) DEFAULT NULL COMMENT '运营主体ID',
  `parentOrgId` bigint(20) DEFAULT NULL COMMENT '父机构ID',
  `orgName` varchar(32) DEFAULT NULL COMMENT '机构名称',
  `internalNumber` varchar(128) DEFAULT NULL COMMENT '内部编号',
  `headPerson` varchar(128) DEFAULT NULL COMMENT '负责人',
  `contactNumber` varchar(128) DEFAULT NULL COMMENT '联系电话',
  `description` varchar(512) DEFAULT NULL COMMENT '机构描述',
  `wasCanDelete` bit(1) DEFAULT NULL COMMENT '是否可以删除',
  `createUser` varchar(32) DEFAULT NULL COMMENT '添加人',
  `createTime` datetime DEFAULT CURRENT_TIMESTAMP COMMENT '创建时间',
  `modifyUser` varchar(32) DEFAULT NULL COMMENT '修改人',
  `modifyTime` datetime DEFAULT CURRENT_TIMESTAMP ON UPDATE CURRENT_TIMESTAMP COMMENT '修改时间',
  `status` varchar(32) DEFAULT NULL COMMENT '状态',
  PRIMARY KEY (`orgId`)
) ENGINE=InnoDB AUTO_INCREMENT=95 DEFAULT CHARSET=utf8;

/*Data for the table `org_organization` */

insert  into `org_organization`(`orgId`,`operationSubjectId`,`parentOrgId`,`orgName`,`internalNumber`,`headPerson`,`contactNumber`,`description`,`wasCanDelete`,`createUser`,`createTime`,`modifyUser`,`modifyTime`,`status`) values (73,38,-1,'广州地铁运营','001','小李','13306337800','广州地铁运营总部','\0',NULL,'2018-08-02 10:03:31','admin','2018-09-07 14:12:40','start_using'),(74,38,73,'运营部','001001','','','','','admin','2018-08-02 10:04:46','admin','2018-09-05 09:51:57','start_using'),(75,39,-1,'广州地铁运营1','001',NULL,NULL,NULL,'\0',NULL,'2018-08-14 18:00:45',NULL,'2018-08-14 18:00:45','start_using'),(76,40,-1,'广州地铁运营','001',NULL,NULL,NULL,'\0',NULL,'2018-08-14 18:03:09',NULL,'2018-08-14 18:03:09','start_using'),(77,41,-1,'南昌地铁','001',NULL,NULL,NULL,'\0',NULL,'2018-08-15 14:13:55',NULL,'2018-08-15 14:13:55','start_using'),(78,38,73,'质检部','001002','','16111111113','','','admin','2018-08-17 09:23:46','admin','2018-10-24 14:47:12','start_using'),(79,42,-1,'主题名称','001',NULL,NULL,NULL,'\0',NULL,'2018-08-21 20:25:45',NULL,'2018-08-21 20:25:45','start_using'),(80,43,-1,'主题公园','001',NULL,NULL,NULL,'\0',NULL,'2018-08-21 20:27:54',NULL,'2018-08-21 20:27:54','start_using'),(81,44,-1,'主题公园','001',NULL,NULL,NULL,'\0',NULL,'2018-08-21 20:27:54',NULL,'2018-08-21 20:27:54','start_using'),(82,45,-1,'12313','001',NULL,NULL,NULL,'\0',NULL,'2018-08-21 20:31:12',NULL,'2018-08-21 20:31:12','start_using'),(83,46,-1,'1231','001',NULL,NULL,NULL,'\0',NULL,'2018-08-21 20:37:28',NULL,'2018-08-21 20:37:28','start_using'),(84,47,-1,'12313','001',NULL,NULL,NULL,'\0',NULL,'2018-08-21 20:42:06',NULL,'2018-08-21 20:42:06','start_using'),(85,48,-1,'13123123','001',NULL,NULL,NULL,'\0',NULL,'2018-08-21 20:47:04',NULL,'2018-08-21 20:47:04','start_using'),(86,49,-1,'124125125','001',NULL,NULL,NULL,'\0',NULL,'2018-08-21 20:57:57',NULL,'2018-08-21 20:57:57','start_using'),(87,50,-1,'青岛海尔','001',NULL,NULL,NULL,'\0',NULL,'2018-09-13 11:08:07',NULL,'2018-09-13 11:08:07','start_using'),(88,51,-1,'南昌起义','001',NULL,NULL,NULL,'\0',NULL,'2018-09-13 11:11:27',NULL,'2018-09-13 11:11:27','start_using'),(89,52,-1,'郑州运营','001',NULL,NULL,NULL,'\0',NULL,'2018-09-13 11:13:46',NULL,'2018-09-13 11:13:46','start_using'),(90,53,-1,'天津','001',NULL,NULL,NULL,'\0',NULL,'2018-09-18 17:53:16',NULL,'2018-09-18 17:53:16','start_using'),(91,54,-1,'哈尔滨','001',NULL,NULL,NULL,'\0',NULL,'2018-09-20 19:35:19',NULL,'2018-09-20 19:35:19','start_using'),(92,55,-1,'大连地铁运营','001',NULL,NULL,NULL,'\0',NULL,'2018-09-27 13:56:05',NULL,'2018-09-27 13:56:05','start_using'),(93,56,-1,'哈尔滨运营主体','001',NULL,NULL,NULL,'\0',NULL,'2018-10-25 14:05:14',NULL,'2018-10-25 14:05:14','start_using'),(94,57,-1,'西安运营主体','001',NULL,NULL,NULL,'\0',NULL,'2018-10-25 14:08:09',NULL,'2018-10-25 14:08:09','start_using');

/*Table structure for table `org_station` */

DROP TABLE IF EXISTS `org_station`;

CREATE TABLE `org_station` (
  `stationId` bigint(20) NOT NULL AUTO_INCREMENT COMMENT '车站Id',
  `lineId` bigint(20) DEFAULT NULL COMMENT '线路ID',
  `stationCode` varchar(128) DEFAULT NULL COMMENT '站点编码',
  `stationName` varchar(128) DEFAULT NULL COMMENT '站点名称',
  `headPerson` varchar(128) DEFAULT NULL COMMENT '负责人',
  `phone` varchar(128) DEFAULT NULL COMMENT '联系电话',
  `remark` varchar(512) DEFAULT NULL COMMENT '备注',
  `status` varchar(32) DEFAULT NULL COMMENT '状态',
  `createUser` varchar(32) DEFAULT NULL COMMENT '添加人',
  `createTime` datetime DEFAULT CURRENT_TIMESTAMP COMMENT '创建时间',
  `modifyUser` varchar(32) DEFAULT NULL COMMENT '修改人',
  `modifyTime` datetime DEFAULT CURRENT_TIMESTAMP ON UPDATE CURRENT_TIMESTAMP COMMENT '修改时间',
  `pinyin` varchar(32) DEFAULT NULL COMMENT '站点拼音缩写',
  `wasBegin` tinyint(1) DEFAULT NULL COMMENT '是否起始站',
  `wasEnd` tinyint(1) DEFAULT NULL COMMENT '是否终点站',
  PRIMARY KEY (`stationId`)
) ENGINE=InnoDB AUTO_INCREMENT=156 DEFAULT CHARSET=utf8;

/*Data for the table `org_station` */

insert  into `org_station`(`stationId`,`lineId`,`stationCode`,`stationName`,`headPerson`,`phone`,`remark`,`status`,`createUser`,`createTime`,`modifyUser`,`modifyTime`,`pinyin`,`wasBegin`,`wasEnd`) values (55,11,'0102','北京站','郝','','','start_using','admin','2018-08-02 10:06:46','管理员（不要改）','2018-10-31 16:47:37','bjz',NULL,1),(56,11,'002','北京南站','','','','start_using','admin','2018-08-02 10:06:46','管理员（不要改）','2018-10-31 16:47:30','bjnz',NULL,NULL),(57,12,'002001','永泰庄','','','','start_using','admin','2018-08-03 11:20:27','管理员（不要改）','2018-10-12 17:18:51','ytz',NULL,NULL),(58,12,'002002','北土城','','','','start_using','admin','2018-08-03 11:20:27','admin','2018-08-03 11:20:27','btc',0,0),(59,12,'002003','大钟寺','','','','start_using','admin','2018-08-03 11:20:27','admin','2018-08-03 11:20:27','dzs',0,0),(60,12,'002004','西石口','','','','start_using','admin','2018-08-03 11:20:27','admin','2018-08-03 11:20:27','xsk',0,0),(61,12,'1231232 ','12222 ','123','15527308373','','stop_using','管理员','2018-08-10 16:16:40','管理员（不要改）','2018-09-10 17:45:38','12222',1,1),(62,18,'123123','123123','123123','13545070151',NULL,'start_using','管理员','2018-08-10 16:19:45','','2018-09-17 15:31:25','123123',1,1),(63,11,'003','安华桥','小李','12313215','','start_using','管理员（不要改）','2018-08-21 11:15:42','管理员（不要改）','2018-08-21 11:16:43','ahq',NULL,NULL),(64,11,'004','永定门','','','','start_using','管理员（不要改）','2018-08-21 11:15:42','管理员（不要改）','2018-08-21 11:15:42','ydm',0,0),(65,11,'005','朱辛庄','','','','start_using','管理员（不要改）','2018-08-27 11:43:55','管理员（不要改）','2018-08-27 11:43:55','zxz',1,0),(66,11,'001','2222','','','','start_using','管理员（不要改）','2018-08-30 17:19:52','管理员（不要改）','2018-08-30 17:19:52','2222',0,0),(67,11,'lsm','1221','李世民','15210230998','','start_using','','2018-08-30 19:16:11','管理员（不要改）','2018-09-05 14:14:55','1221',NULL,NULL),(68,11,'lsm','1221','李世民','15210230998','','stop_using','','2018-08-30 19:32:39','管理员（不要改）','2018-09-04 20:28:09','1221',NULL,NULL),(69,11,'lsm22','1221222','李世民','15210230998','','start_using','','2018-08-30 19:32:52','管理员（不要改）','2018-09-05 15:07:10','1221222',NULL,NULL),(70,11,'1','1221','李世民','15210230998','','start_using','','2018-08-30 19:35:21','管理员（不要改）','2018-09-05 14:15:14','1221',NULL,NULL),(71,11,'222','122111','李世民','15210230998','','start_using','','2018-08-30 19:42:20','管理员（不要改）','2018-09-07 18:49:14','122111',NULL,NULL),(72,11,'lsm','1221','李世民','15210230998',NULL,'start_using','','2018-08-30 19:43:40','','2018-08-30 19:56:14','1221',0,0),(73,11,'lsm','1221','李世民','15210230998',NULL,'start_using','','2018-08-30 19:44:19','','2018-08-30 19:56:14','1221',0,0),(74,11,'lsm','1221','李世民','15210230998',NULL,'start_using','','2018-08-30 19:49:19','','2018-08-30 19:56:14','1221',0,0),(75,15,'','四惠','张三','','','start_using','','2018-08-31 09:42:52','管理员（不要改）','2018-09-03 18:30:38','sh',1,NULL),(76,15,'002001','永泰庄','','',NULL,'start_using','','2018-09-03 18:40:28','','2018-09-03 18:40:28','ytz',0,0),(77,15,'0103','北土城','','','','start_using','','2018-09-03 18:40:28','管理员（不要改）','2018-10-31 16:24:29','btc',NULL,NULL),(78,15,'002003','大钟寺','','',NULL,'start_using','','2018-09-03 18:40:28','','2018-09-03 18:40:28','dzs',0,0),(79,15,'002004','西石口','','',NULL,'start_using','','2018-09-03 18:40:28','','2018-09-03 18:40:28','xsk',0,0),(80,15,'123123','1','123','15527308373',NULL,'start_using','','2018-09-03 18:40:28','','2018-09-03 18:40:28','1',1,1),(81,11,'2','1','','','','start_using','管理员（不要改）','2018-09-05 14:17:20','管理员（不要改）','2018-09-05 14:54:41','1',NULL,NULL),(82,11,'1','1','','','','start_using','管理员（不要改）','2018-09-05 14:17:20','管理员（不要改）','2018-09-05 14:17:20','1',0,0),(83,11,'cs1','c测试1','','','','start_using','管理员（不要改）','2018-09-05 15:08:03','管理员（不要改）','2018-09-05 15:08:03','ccs1',0,0),(84,11,'cs2','测试2','','','','start_using','管理员（不要改）','2018-09-05 15:08:04','管理员（不要改）','2018-09-05 15:08:04','cs2',0,0),(85,11,'lsm22','1221222','李世民','15210230998',NULL,'start_using','','2018-09-05 15:08:50','','2018-09-05 15:08:50','1221222',0,0),(86,11,'lsm221','12212221','李世民','15210230998',NULL,'start_using','','2018-09-05 15:27:46','','2018-09-05 15:27:46','12212221',0,0),(87,11,'lsm222','12212222','李世民','15210230998',NULL,'start_using','','2018-09-05 15:27:46','','2018-09-05 15:27:46','12212222',0,0),(88,25,'0301','站点1','站员1','16210928990',NULL,'start_using','','2018-09-07 17:41:34','','2018-09-17 15:46:48','zd1',1,0),(89,25,'0302','站点2','站员2','16210928990',NULL,'start_using','','2018-09-07 17:41:34','','2018-09-17 15:46:51','zd2',0,1),(90,14,'0303','站点3','站员3','16210928990',NULL,'start_using','','2018-09-07 17:41:34','','2018-09-07 17:41:34','zd3',1,0),(91,14,'0304','站点4','站员4','16210928990',NULL,'start_using','','2018-09-07 17:41:34','','2018-09-07 17:41:34','zd4',0,1),(92,18,'0305','站点5','站员5','16210928990',NULL,'start_using','','2018-09-07 17:41:34','','2018-09-17 15:38:35','zd5',0,0),(93,12,'005','信阳东','小号','15210230557',NULL,'start_using','','2018-09-10 16:56:39','','2018-09-10 16:56:39','xyd',1,1),(126,26,'3012','站点12','站员1','16210928990',NULL,'start_using','','2018-09-17 15:52:43','','2018-09-17 16:00:10','zd12',1,0),(127,26,'3022','站点22','站员2','16210928990',NULL,'start_using','','2018-09-17 15:52:43','','2018-09-17 16:00:10','zd22',0,1),(128,27,'3012','站点12','站员1','16210928990',NULL,'start_using','','2018-09-17 15:57:23','','2018-09-17 15:57:23','zd12',1,0),(129,27,'3022','站点22','站员2','16210928990',NULL,'start_using','','2018-09-17 15:57:23','','2018-09-17 15:57:23','zd22',0,1),(130,28,'北京站','0001','','',NULL,'start_using','','2018-09-17 18:39:14','','2018-09-17 18:39:14','0001',0,0),(131,29,'北京站','0001','','',NULL,'start_using','','2018-09-17 18:41:11','','2018-09-17 18:41:11','0001',0,0),(132,30,'北京站','0001','','',NULL,'start_using','','2018-09-17 18:41:39','','2018-09-17 18:41:39','0001',0,0),(133,31,'北京站','0001','','',NULL,'start_using','','2018-09-17 18:46:15','','2018-09-17 18:46:15','0001',0,0),(134,32,'001','第一车站','','',NULL,'start_using','','2018-09-18 09:44:45','','2018-09-18 09:44:45','dycz',0,0),(135,33,'001','第一车站','','',NULL,'start_using','','2018-09-18 10:02:48','','2018-09-18 10:02:48','dycz',0,0),(136,34,'0116','广州东站','','',NULL,'start_using','','2018-09-18 17:48:12','','2018-09-18 17:48:12','gzdz',0,0),(137,34,'0115','体育中心','','',NULL,'start_using','','2018-09-18 17:48:12','','2018-09-18 17:48:12','tyzx',0,0),(138,34,'0113','体育西路','','',NULL,'start_using','','2018-09-18 17:48:12','','2018-09-18 17:48:12','tyxl',0,0),(139,35,'0223','嘉禾望岗','','',NULL,'start_using','','2018-09-18 17:48:12','','2018-09-18 17:48:12','jhwg',0,0),(140,35,'0222','黄边','','',NULL,'start_using','','2018-09-18 17:48:12','','2018-09-18 17:48:12','hb',0,0),(141,35,'0221','江夏','','',NULL,'start_using','','2018-09-18 17:48:12','','2018-09-18 17:48:12','jx',0,0),(142,36,'0116','广州东站','','',NULL,'start_using','','2018-09-18 18:02:38','','2018-09-18 18:02:38','gzdz',0,0),(143,36,'0115','体育中心','','',NULL,'start_using','','2018-09-18 18:02:38','','2018-09-18 18:02:38','tyzx',0,0),(144,36,'0113','体育西路','','',NULL,'start_using','','2018-09-18 18:02:38','','2018-09-18 18:02:38','tyxl',0,0),(145,37,'0223','嘉禾望岗','','',NULL,'start_using','','2018-09-18 18:02:38','','2018-09-18 18:02:38','jhwg',0,0),(146,37,'0222','黄边','','',NULL,'start_using','','2018-09-18 18:02:38','','2018-09-18 18:02:38','hb',0,0),(147,37,'0221','江夏','','',NULL,'start_using','','2018-09-18 18:02:38','','2018-09-18 18:02:38','jx',0,0),(148,38,'001','南锣鼓巷','','','','start_using','dlAdmin','2018-09-27 13:58:10','dlAdmin','2018-09-27 13:58:10','nlgx',0,0),(149,38,'002','湾子','','','','start_using','dlAdmin','2018-09-27 13:58:10','dlAdmin','2018-09-27 13:58:10','wz',0,0),(150,38,'003','永泰庄','','','','start_using','dlAdmin','2018-09-27 13:58:10','dlAdmin','2018-09-27 13:58:10','ytz',0,0),(151,38,'004','沙子营','','','','start_using','dlAdmin','2018-09-27 13:58:10','dlAdmin','2018-09-27 13:58:10','szy',0,0),(152,12,'11111','11111','','','','start_using','管理员（不要改）','2018-10-25 15:33:11','管理员（不要改）','2018-10-25 15:33:11','11111',0,0),(153,12,'22222','22222','','','','start_using','管理员（不要改）','2018-10-25 15:33:13','管理员（不要改）','2018-10-25 15:33:13','22222',0,0),(154,12,'1321515','时间','','','','start_using','管理员（不要改）','2018-10-25 15:33:59','管理员（不要改）','2018-10-25 15:33:59','sj',0,0),(155,12,'003004','永泰庄2','','','','start_using','','2018-10-25 15:42:02','管理员（不要改）','2018-10-31 16:35:15','ytz2',NULL,NULL);

/*Table structure for table `org_work_section` */

DROP TABLE IF EXISTS `org_work_section`;

CREATE TABLE `org_work_section` (
  `workSectionId` bigint(20) NOT NULL AUTO_INCREMENT COMMENT '工区ID',
  `operationSubjectId` bigint(20) DEFAULT NULL COMMENT '运营主体ID',
  `sectionCode` varchar(128) DEFAULT NULL COMMENT '工区编码',
  `sectionName` varchar(128) DEFAULT NULL COMMENT '工区名称',
  `headPerson` varchar(128) DEFAULT NULL COMMENT '负责人',
  `phone` varchar(128) DEFAULT NULL COMMENT '联系电话',
  `remark` varchar(512) DEFAULT NULL COMMENT '备注',
  `status` varchar(32) DEFAULT NULL COMMENT '状态',
  `createUser` varchar(32) DEFAULT NULL COMMENT '添加人',
  `createTime` datetime DEFAULT CURRENT_TIMESTAMP COMMENT '创建时间',
  `modifyUser` varchar(32) DEFAULT NULL COMMENT '修改人',
  `modifyTime` datetime DEFAULT CURRENT_TIMESTAMP ON UPDATE CURRENT_TIMESTAMP COMMENT '修改时间',
  PRIMARY KEY (`workSectionId`)
) ENGINE=InnoDB AUTO_INCREMENT=30 DEFAULT CHARSET=utf8;

/*Data for the table `org_work_section` */

insert  into `org_work_section`(`workSectionId`,`operationSubjectId`,`sectionCode`,`sectionName`,`headPerson`,`phone`,`remark`,`status`,`createUser`,`createTime`,`modifyUser`,`modifyTime`) values (20,38,'ass','1号工区','','','','start_using','admin','2018-08-02 10:07:11','管理员（不要改）','2018-10-24 11:39:02'),(21,38,'1','1','','','','start_using','admin','2018-08-02 19:14:15','管理员（不要改）','2018-10-23 18:48:40'),(22,38,'0021','2号工区','','','','start_using','admin','2018-08-03 11:20:59','管理员（不要改）','2018-10-31 16:35:26'),(23,38,'003','3号工区','','','','start_using','管理员','2018-08-15 10:00:32','管理员','2018-08-15 11:25:25'),(24,38,'005','005','','','','start_using','管理员','2018-08-15 15:35:10','管理员','2018-08-15 15:35:10'),(25,38,'008','赵亮测试111','','','','start_using','管理员1','2018-08-16 17:17:50','管理员（不要改）','2018-09-11 10:56:12'),(26,53,'0001','天津和平工区','','','','start_using','ttadmin','2018-09-19 09:46:47','ttadmin','2018-09-19 09:46:47'),(27,53,'0002','和平工区0002','','','','start_using','ttadmin','2018-09-19 10:28:40','ttadmin','2018-09-19 10:28:40'),(28,55,'001','1号线一级工区','','','','start_using','dlAdmin','2018-09-27 13:58:45','dlAdmin','2018-09-27 13:58:45'),(29,2,'01','1haoxian','e3','123542232','','start_using','gzAdmin','2018-09-27 13:28:02',NULL,'2018-10-25 11:34:22');

/*Table structure for table `org_work_section_station` */

DROP TABLE IF EXISTS `org_work_section_station`;

CREATE TABLE `org_work_section_station` (
  `workSectionStationId` bigint(20) NOT NULL AUTO_INCREMENT COMMENT '工区站点ID',
  `stationId` bigint(20) DEFAULT NULL COMMENT '车站Id',
  `workSectionId` bigint(20) DEFAULT NULL COMMENT '工区ID',
  PRIMARY KEY (`workSectionStationId`)
) ENGINE=InnoDB AUTO_INCREMENT=165 DEFAULT CHARSET=utf8;

/*Data for the table `org_work_section_station` */

insert  into `org_work_section_station`(`workSectionStationId`,`stationId`,`workSectionId`) values (116,56,23),(141,56,25),(142,144,26),(143,143,26),(144,147,27),(145,146,27),(146,145,27),(147,148,28),(148,149,28),(149,150,28),(150,151,28),(151,138,21),(152,137,21),(153,55,21),(154,56,21),(155,78,21),(156,55,20),(157,56,20),(158,63,20),(159,64,20),(160,58,20),(161,59,20),(162,57,22),(163,58,22),(164,59,22);

/*Table structure for table `part_breakdown_info` */

DROP TABLE IF EXISTS `part_breakdown_info`;

CREATE TABLE `part_breakdown_info` (
  `breakdownInfoId` bigint(20) NOT NULL AUTO_INCREMENT COMMENT '备件故障ID',
  `sparePartId` bigint(20) DEFAULT NULL COMMENT '备件ID',
  `breakdownKey` varchar(32) DEFAULT NULL COMMENT '故障ID',
  `breakAbbreviated` varchar(128) DEFAULT NULL COMMENT '故障简称',
  `breakDescription` varchar(512) DEFAULT NULL COMMENT '故障描述',
  `status` varchar(32) DEFAULT NULL COMMENT '状态',
  `createUser` varchar(32) DEFAULT NULL COMMENT '添加人',
  `createTime` datetime DEFAULT CURRENT_TIMESTAMP COMMENT '创建时间',
  `modifyUser` varchar(32) DEFAULT NULL COMMENT '修改人',
  `modifyTime` datetime DEFAULT CURRENT_TIMESTAMP ON UPDATE CURRENT_TIMESTAMP COMMENT '修改时间',
  PRIMARY KEY (`breakdownInfoId`)
) ENGINE=InnoDB AUTO_INCREMENT=58 DEFAULT CHARSET=utf8;

/*Data for the table `part_breakdown_info` */

insert  into `part_breakdown_info`(`breakdownInfoId`,`sparePartId`,`breakdownKey`,`breakAbbreviated`,`breakDescription`,`status`,`createUser`,`createTime`,`modifyUser`,`modifyTime`) values (1,38,'故障ID1','故障简称005','故障描述005描述','start_using','','2018-08-02 10:42:02','管理员（不要改）','2018-09-11 16:44:24'),(13,38,'故障ID','故障简称003','故障描述003描述','start_using','','2018-08-06 14:52:54','管理员（不要改）','2018-09-11 16:44:24'),(14,38,'故障ID','故障简称002','故障描述002描述','start_using','','2018-08-06 14:52:55','管理员（不要改）','2018-09-11 16:44:24'),(15,39,'故障ID3','故障简称2','故障描述23','start_using','','2018-08-06 14:53:07','管理员','2018-08-06 16:43:15'),(16,38,'故障ID','故障简称004','故障描述004','start_using','','2018-08-06 14:53:08','管理员（不要改）','2018-09-07 15:46:37'),(17,38,'故障ID','故障简称001','故障描述001','start_using','','2018-08-06 14:53:09','管理员（不要改）','2018-09-07 15:46:11'),(29,39,'ad','12','啊算法','start_using','admin','2018-08-06 16:15:31','admin','2018-08-06 16:15:31'),(30,39,'请问','阿三','阿三','start_using','admin','2018-08-06 16:16:00','admin','2018-08-06 16:16:00'),(31,NULL,'123','123','啊飒飒的','start_using','管理员（不要改）','2018-08-21 13:10:41','管理员（不要改）','2018-08-21 13:10:41'),(32,39,'123','123123','123123','start_using','管理员（不要改）','2018-08-21 13:40:03','管理员（不要改）','2018-08-21 13:40:03'),(33,NULL,'12','113','123123','start_using','管理员（不要改）','2018-08-21 14:49:56','管理员（不要改）','2018-08-21 14:49:56'),(34,NULL,'231','12312','123123','start_using','管理员（不要改）','2018-08-21 14:50:35','管理员（不要改）','2018-08-21 14:50:35'),(35,NULL,'324','324','324','start_using','管理员（不要改）','2018-08-21 14:50:55','管理员（不要改）','2018-08-21 14:50:55'),(36,NULL,'1232','12213','123123123','start_using','管理员（不要改）','2018-08-21 14:53:46','管理员（不要改）','2018-08-21 14:53:46'),(37,NULL,'1231235','1234561','123123','start_using','管理员（不要改）','2018-08-21 14:54:16','管理员（不要改）','2018-08-21 14:54:16'),(38,41,'1312','123123','4540450','start_using','管理员（不要改）','2018-08-21 14:55:42','管理员（不要改）','2018-08-23 14:25:53'),(39,39,'123','123','123','start_using','管理员（不要改）','2018-08-21 15:03:38','管理员（不要改）','2018-08-21 15:03:38'),(40,53,'ATM001','0001','47375343','start_using','管理员（不要改）','2018-08-23 14:26:25','管理员（不要改）','2018-08-23 14:26:45'),(41,69,'001','小米电脑001简称','小米电脑屏幕坏了','start_using','管理员（不要改）','2018-09-07 15:41:35','管理员（不要改）','2018-09-07 15:41:35'),(42,69,'002','小米电脑002故障','小米电脑CPU坏了','start_using','管理员（不要改）','2018-09-07 15:42:21','管理员（不要改）','2018-09-07 15:42:21'),(43,74,'001','ATM故障简称0011','ATM故障描述001','start_using','管理员（不要改）','2018-09-07 16:01:24','管理员（不要改）','2018-09-11 16:54:10'),(44,74,'002','ATM故障简称002','ATM故障描述002','start_using','管理员（不要改）','2018-09-07 16:01:54','管理员（不要改）','2018-09-07 16:01:54'),(45,74,'003','ATM故障简称003','ATM故障描述003','start_using','管理员（不要改）','2018-09-07 16:02:16','管理员（不要改）','2018-09-07 16:02:16'),(46,74,'','0010001','213','start_using','管理员（不要改）','2018-10-24 17:28:00','管理员（不要改）','2018-10-24 17:28:00'),(47,89,NULL,'22222222','','start_using','管理员（不要改）','2018-10-26 17:04:38','管理员（不要改）','2018-10-26 17:04:38'),(48,89,NULL,'33333333','','start_using','管理员（不要改）','2018-10-26 17:06:42','管理员（不要改）','2018-10-26 17:06:42'),(49,89,NULL,'3333333344','','start_using','管理员（不要改）','2018-10-26 17:08:37','管理员（不要改）','2018-10-26 17:08:37'),(50,102,NULL,'22222222','','start_using','管理员（不要改）','2018-10-26 17:29:16','管理员（不要改）','2018-10-26 17:29:16'),(51,102,NULL,'22222222','','start_using','管理员（不要改）','2018-10-26 17:29:16','管理员（不要改）','2018-10-26 17:29:16'),(52,102,NULL,'3333333344','','start_using','管理员（不要改）','2018-10-26 17:29:16','管理员（不要改）','2018-10-26 17:29:16'),(53,89,NULL,'CE001001','CE001002','start_using','管理员（不要改）','2018-10-31 16:36:49','管理员（不要改）','2018-10-31 16:36:49'),(54,89,NULL,'CE001002','CE001002','start_using','管理员（不要改）','2018-10-31 16:36:49','管理员（不要改）','2018-10-31 16:36:49'),(55,89,NULL,'CE001001','CE001002','start_using','管理员（不要改）','2018-10-31 16:46:46','管理员（不要改）','2018-10-31 16:46:46'),(56,89,NULL,'CE001002','CE001002','start_using','管理员（不要改）','2018-10-31 16:46:54','管理员（不要改）','2018-10-31 16:46:54'),(57,89,NULL,'CE001003','CE001002','start_using','管理员（不要改）','2018-10-31 16:46:54','管理员（不要改）','2018-10-31 16:46:54');

/*Table structure for table `part_breakdown_repair_info` */

DROP TABLE IF EXISTS `part_breakdown_repair_info`;

CREATE TABLE `part_breakdown_repair_info` (
  `repairInfoId` bigint(20) NOT NULL AUTO_INCREMENT,
  `breakdownInfoId` bigint(20) DEFAULT NULL COMMENT '备件故障ID',
  `cueCode` varchar(32) DEFAULT NULL,
  `reason` varchar(512) DEFAULT NULL,
  `repairDescription` varchar(512) DEFAULT NULL,
  `status` varchar(32) DEFAULT NULL COMMENT '状态',
  `createUser` varchar(32) DEFAULT NULL COMMENT '添加人',
  `createTime` datetime DEFAULT CURRENT_TIMESTAMP COMMENT '创建时间',
  `modifyUser` varchar(32) DEFAULT NULL COMMENT '修改人',
  `modifyTime` datetime DEFAULT CURRENT_TIMESTAMP ON UPDATE CURRENT_TIMESTAMP COMMENT '修改时间',
  PRIMARY KEY (`repairInfoId`)
) ENGINE=InnoDB AUTO_INCREMENT=44 DEFAULT CHARSET=utf8;

/*Data for the table `part_breakdown_repair_info` */

insert  into `part_breakdown_repair_info`(`repairInfoId`,`breakdownInfoId`,`cueCode`,`reason`,`repairDescription`,`status`,`createUser`,`createTime`,`modifyUser`,`modifyTime`) values (1,1,'002','原因2','电脑维修措施3','start_using','','2018-08-02 15:25:18','管理员（不要改）','2018-09-07 16:14:32'),(2,2,'123','1412','14124','start_using','管理员','2018-08-06 18:24:21','管理员','2018-08-06 18:24:21'),(3,123123,'234234','124124','为3423','start_using','管理员','2018-08-06 18:25:32','管理员','2018-08-06 18:25:32'),(4,39,'23123','12312','1212412','start_using','管理员','2018-08-06 18:42:50','管理员','2018-08-06 18:42:50'),(5,1,'123','阿斯顿','电脑维修措施4','start_using','管理员','2018-08-07 11:45:15','管理员（不要改）','2018-09-07 16:14:37'),(6,39,'123','123123','24234','start_using','管理员','2018-08-07 11:49:18','管理员','2018-08-07 11:49:18'),(7,15,'23','123','12312','start_using','管理员','2018-08-07 13:54:02','管理员（不要改）','2018-10-26 11:05:45'),(8,30,'12312','原因不详','啊实打实的','stop_using','管理员','2018-08-07 14:19:21','管理员','2018-08-07 14:19:21'),(9,13,'1231','阿斯顿','电脑维修措施1','start_using','管理员','2018-08-07 14:19:52','管理员（不要改）','2018-10-24 17:25:44'),(10,30,'232','阿萨斯','阿三 啊实打实的','stop_using','管理员','2018-08-07 14:20:11','管理员','2018-08-07 14:20:11'),(11,29,'003','我评价啊','哦价钱','start_using','管理员（不要改）','2018-08-20 14:22:20','管理员（不要改）','2018-08-20 14:22:20'),(12,29,'005','我啊是大','我啊飒飒','start_using','管理员（不要改）','2018-08-20 14:23:56','管理员（不要改）','2018-08-20 14:23:56'),(13,44,'006','我啊平时就打','我啊平时就打','start_using','管理员（不要改）','2018-08-20 14:25:34','管理员（不要改）','2018-08-20 14:25:34'),(14,15,'123','123','12312','start_using','管理员（不要改）','2018-08-21 16:12:31','管理员（不要改）','2018-08-21 16:12:31'),(15,15,'123','1213','13123','start_using','管理员（不要改）','2018-08-21 17:44:17','管理员（不要改）','2018-08-21 17:44:17'),(16,38,'123','我是维修信息','我','start_using','管理员（不要改）','2018-08-21 17:45:21','管理员（不要改）','2018-08-23 15:11:37'),(17,13,'3212','测试','电脑维修措施2','start_using','管理员（不要改）','2018-08-23 14:42:01','管理员（不要改）','2018-09-07 16:14:26'),(18,43,'0010','ATM故障原因001——001','ATM维修描述001——0011','start_using','管理员（不要改）','2018-09-07 16:06:06','管理员（不要改）','2018-09-11 17:13:05'),(19,43,'0011','ATM故障原因001——002','ATM维修描述001——002','start_using','管理员（不要改）','2018-09-07 16:07:14','管理员（不要改）','2018-09-07 16:07:14'),(20,44,'0021','ATM故障原因002——001','ATM维修描述002——001','start_using','管理员（不要改）','2018-09-07 16:07:49','管理员（不要改）','2018-09-07 16:08:37'),(21,44,'0021','ATM故障原因002——002','ATM维修描述002——002','start_using','管理员（不要改）','2018-09-07 16:08:23','管理员（不要改）','2018-09-07 16:08:23'),(22,45,'0031','ATM故障原因003——001','ATM维修描述003——001','start_using','管理员（不要改）','2018-09-07 16:09:09','管理员（不要改）','2018-09-07 16:09:09'),(23,44,'','2018-10-24 18:57:40 原因','2018-10-24 18:57:40 描述','start_using','管理员（不要改）','2018-10-24 18:57:49','管理员（不要改）','2018-10-24 18:57:49'),(24,53,NULL,'CE001003','CE001004','start_using','管理员（不要改）','2018-10-31 16:36:49','管理员（不要改）','2018-10-31 16:36:49'),(25,54,NULL,'CE001003','CE001004','start_using','管理员（不要改）','2018-10-31 16:36:49','管理员（不要改）','2018-10-31 16:36:49'),(26,55,NULL,'CE001003','CE001004','start_using','管理员（不要改）','2018-10-31 16:46:53','管理员（不要改）','2018-10-31 16:46:53'),(27,56,NULL,'CE001003','CE001004','start_using','管理员（不要改）','2018-10-31 16:46:54','管理员（不要改）','2018-10-31 16:46:54'),(28,57,NULL,'CE001003','CE001004','start_using','管理员（不要改）','2018-10-31 16:46:54','管理员（不要改）','2018-10-31 16:46:54'),(29,55,NULL,'CE001003','CE001004','start_using','管理员','2018-10-31 16:53:47','管理员','2018-10-31 16:53:47'),(30,54,NULL,'CE001003','CE001004','start_using','管理员','2018-10-31 16:53:47','管理员','2018-10-31 16:53:47'),(31,57,NULL,'CE001003','CE001004','start_using','管理员','2018-10-31 16:53:47','管理员','2018-10-31 16:53:47'),(32,55,NULL,'CE001003','CE001004','start_using','管理员','2018-10-31 16:54:04','管理员','2018-10-31 16:54:04'),(33,54,NULL,'CE001003','CE001004','start_using','管理员','2018-10-31 16:54:04','管理员','2018-10-31 16:54:04'),(34,57,NULL,'CE001003','CE001004','start_using','管理员','2018-10-31 16:54:04','管理员','2018-10-31 16:54:04'),(35,55,NULL,'CE001003','CE001004','start_using','管理员','2018-10-31 16:54:23','管理员','2018-10-31 16:54:23'),(36,54,NULL,'CE001003','CE001004','start_using','管理员','2018-10-31 16:54:23','管理员','2018-10-31 16:54:23'),(37,57,NULL,'CE001003','CE001004','start_using','管理员','2018-10-31 16:54:23','管理员','2018-10-31 16:54:23'),(38,55,NULL,'CE001003','CE001004','start_using','管理员','2018-10-31 16:59:19','管理员','2018-10-31 16:59:19'),(39,54,NULL,'CE001003','CE001004','start_using','管理员','2018-10-31 16:59:19','管理员','2018-10-31 16:59:19'),(40,57,NULL,'CE001003','CE001004','start_using','管理员','2018-10-31 16:59:19','管理员','2018-10-31 16:59:19'),(41,55,NULL,'CE001003','CE001004','start_using','管理员','2018-10-31 17:00:49','管理员','2018-10-31 17:00:49'),(42,54,NULL,'CE001003','CE001004','start_using','管理员','2018-10-31 17:00:49','管理员','2018-10-31 17:00:49'),(43,57,NULL,'CE001003','CE001004','start_using','管理员','2018-10-31 17:00:49','管理员','2018-10-31 17:00:49');

/*Table structure for table `part_default_spare_part_type` */

DROP TABLE IF EXISTS `part_default_spare_part_type`;

CREATE TABLE `part_default_spare_part_type` (
  `defaultSparePartTypeId` bigint(20) NOT NULL AUTO_INCREMENT COMMENT '默认备件类型ID',
  `partTypeName` varchar(128) DEFAULT NULL COMMENT '分类名称',
  `parentPartId` bigint(20) DEFAULT NULL COMMENT '父级ID',
  `remark` varchar(512) DEFAULT NULL COMMENT '备注',
  `status` varchar(16) DEFAULT NULL COMMENT '状态',
  `createUser` varchar(32) DEFAULT NULL COMMENT '添加人',
  `createTime` datetime DEFAULT CURRENT_TIMESTAMP COMMENT '创建时间',
  `modifyUser` varchar(32) DEFAULT NULL COMMENT '修改人',
  `modifyTime` datetime DEFAULT CURRENT_TIMESTAMP ON UPDATE CURRENT_TIMESTAMP COMMENT '修改时间',
  PRIMARY KEY (`defaultSparePartTypeId`)
) ENGINE=InnoDB AUTO_INCREMENT=53 DEFAULT CHARSET=utf8;

/*Data for the table `part_default_spare_part_type` */

insert  into `part_default_spare_part_type`(`defaultSparePartTypeId`,`partTypeName`,`parentPartId`,`remark`,`status`,`createUser`,`createTime`,`modifyUser`,`modifyTime`) values (1,'TVM',-1,NULL,'start_using',NULL,'2018-09-17 14:16:35',NULL,'2018-09-17 14:18:24'),(2,'硬币模块',1,NULL,'start_using',NULL,'2018-09-17 14:16:55',NULL,'2018-09-17 14:18:38'),(3,'单程票模块',1,NULL,'start_using',NULL,'2018-09-17 14:16:55',NULL,'2018-09-17 14:18:38'),(4,'读写器模块',1,NULL,'start_using',NULL,'2018-09-17 14:16:55',NULL,'2018-09-17 14:18:38'),(5,'AGM',-1,NULL,'start_using',NULL,'2018-09-17 14:17:09',NULL,'2018-09-17 14:18:53'),(6,'单程票回收模块',5,NULL,'start_using',NULL,'2018-09-17 14:17:28',NULL,'2018-09-17 14:18:53'),(7,'机芯模块',5,NULL,'start_using',NULL,'2018-09-17 14:17:28',NULL,'2018-09-17 14:18:53'),(8,'BOM',-1,NULL,'start_using',NULL,'2018-09-17 14:18:13',NULL,'2018-09-17 14:19:22'),(9,'SEMS',-1,NULL,'start_using',NULL,'2018-09-17 14:18:13',NULL,'2018-09-17 14:19:22'),(10,'SER',-1,NULL,'start_using',NULL,'2018-09-17 14:18:13',NULL,'2018-09-17 14:19:22'),(11,'STMS',-1,NULL,'start_using',NULL,'2018-09-17 14:18:13',NULL,'2018-09-17 14:19:22'),(12,'WS',-1,NULL,'start_using',NULL,'2018-09-17 14:18:13',NULL,'2018-09-17 14:19:22'),(13,'BCM',-1,NULL,'start_using',NULL,'2018-09-17 14:18:13',NULL,'2018-09-17 14:19:22'),(14,'EB',-1,NULL,'start_using',NULL,'2018-09-17 14:18:13',NULL,'2018-09-17 14:19:22'),(15,'SC',-1,NULL,'start_using',NULL,'2018-09-17 14:18:13',NULL,'2018-09-17 14:19:22'),(16,'SW',-1,NULL,'start_using',NULL,'2018-09-17 14:18:13',NULL,'2018-09-17 14:19:22'),(25,'工控机模块',5,NULL,'start_using',NULL,'2018-09-17 14:20:57',NULL,'2018-09-17 14:20:57'),(26,'电源模块',5,NULL,'start_using',NULL,'2018-09-17 14:21:43',NULL,'2018-09-17 14:21:43'),(27,'乘客显示模块',5,NULL,'start_using',NULL,'2018-09-17 14:21:43',NULL,'2018-09-17 14:21:43'),(28,'维护控制模块',5,NULL,'start_using',NULL,'2018-09-17 14:21:43',NULL,'2018-09-17 14:21:43'),(29,'顶棚导向模块',5,NULL,'start_using',NULL,'2018-09-17 14:21:43',NULL,'2018-09-17 14:21:43'),(30,'其他',5,NULL,'start_using',NULL,'2018-09-17 14:21:43',NULL,'2018-09-17 14:21:43'),(31,'显示器',8,NULL,'start_using',NULL,'2018-09-17 14:25:23',NULL,'2018-09-17 14:25:23'),(32,'读写器模块',8,NULL,'start_using',NULL,'2018-09-17 14:25:24',NULL,'2018-09-17 14:25:24'),(33,'工控机模块',8,NULL,'start_using',NULL,'2018-09-17 14:25:24',NULL,'2018-09-17 14:25:24'),(34,'窗口对讲机',8,NULL,'start_using',NULL,'2018-09-17 14:25:24',NULL,'2018-09-17 14:25:24'),(35,'打印机',8,NULL,'start_using',NULL,'2018-09-17 14:25:24',NULL,'2018-09-17 14:25:24'),(36,'其他',8,NULL,'start_using',NULL,'2018-09-17 14:25:24',NULL,'2018-09-17 14:25:24'),(37,'服务器',15,NULL,'start_using',NULL,'2018-09-17 14:26:33',NULL,'2018-09-17 14:26:33'),(38,'监控工作站',15,NULL,'start_using',NULL,'2018-09-17 14:26:33',NULL,'2018-09-17 14:26:33'),(39,'显示单元',15,NULL,'start_using',NULL,'2018-09-17 14:26:33',NULL,'2018-09-17 14:26:33'),(40,'打印机',15,NULL,'start_using',NULL,'2018-09-17 14:26:33',NULL,'2018-09-17 14:26:33'),(41,'票务工作站',15,NULL,'start_using',NULL,'2018-09-17 14:26:33',NULL,'2018-09-17 14:26:33'),(42,'运营辅助设备',-1,NULL,'start_using',NULL,'2018-09-17 14:26:52',NULL,'2018-09-17 14:26:52'),(43,'点币机',42,NULL,'start_using',NULL,'2018-09-17 14:27:13',NULL,'2018-09-17 14:27:13'),(44,'点钞机',42,NULL,'start_using',NULL,'2018-09-17 14:27:13',NULL,'2018-09-17 14:27:13'),(45,'点票机',42,NULL,'start_using',NULL,'2018-09-17 14:27:13',NULL,'2018-09-17 14:27:13'),(46,'打印机模块',1,NULL,'start_using',NULL,'2018-09-17 14:28:23',NULL,'2018-09-17 14:28:23'),(47,'储值票模块',1,NULL,'start_using',NULL,'2018-09-17 14:28:23',NULL,'2018-09-17 14:28:23'),(48,'电源模块',1,NULL,'start_using',NULL,'2018-09-17 14:28:23',NULL,'2018-09-17 14:28:23'),(49,'乘客显示器',1,NULL,'start_using',NULL,'2018-09-17 14:28:23',NULL,'2018-09-17 14:28:23'),(50,'维护控制模块',1,NULL,'start_using',NULL,'2018-09-17 14:28:24',NULL,'2018-09-17 14:28:24'),(51,'运营状态显示模块',1,NULL,'start_using',NULL,'2018-09-17 14:28:25',NULL,'2018-09-17 14:28:25'),(52,'其他',1,NULL,'start_using',NULL,'2018-09-17 14:28:25',NULL,'2018-09-17 14:28:25');

/*Table structure for table `part_spare_part` */

DROP TABLE IF EXISTS `part_spare_part`;

CREATE TABLE `part_spare_part` (
  `sparePartId` bigint(20) NOT NULL AUTO_INCREMENT COMMENT '备件ID',
  `sparePartTypeId` bigint(20) DEFAULT NULL COMMENT '备件类型ID',
  `partName` varchar(128) DEFAULT NULL COMMENT '备件名称',
  `brand` varchar(128) DEFAULT NULL COMMENT '品牌',
  `materiaCoding` varchar(128) DEFAULT NULL COMMENT '物资编码',
  `specificationModel` varchar(128) DEFAULT NULL COMMENT '规格型号',
  `size` varchar(128) DEFAULT NULL COMMENT '尺寸',
  `material` varchar(128) DEFAULT NULL COMMENT '材质',
  `units` varchar(128) DEFAULT NULL COMMENT '单位',
  `upperLimit` int(11) DEFAULT NULL COMMENT '库存上限',
  `lowerLimit` int(11) DEFAULT NULL COMMENT '库存下限',
  `remark` varchar(512) DEFAULT NULL COMMENT '备       注',
  `status` varchar(16) DEFAULT NULL COMMENT '状态',
  `createUser` varchar(32) DEFAULT NULL COMMENT '添加人',
  `createTime` datetime DEFAULT CURRENT_TIMESTAMP COMMENT '创建时间',
  `modifyUser` varchar(32) DEFAULT NULL COMMENT '修改人',
  `modifyTime` datetime DEFAULT CURRENT_TIMESTAMP ON UPDATE CURRENT_TIMESTAMP COMMENT '修改时间',
  `partPinYin` varchar(100) DEFAULT NULL COMMENT '拼音缩写',
  PRIMARY KEY (`sparePartId`)
) ENGINE=InnoDB AUTO_INCREMENT=112 DEFAULT CHARSET=utf8;

/*Data for the table `part_spare_part` */

insert  into `part_spare_part`(`sparePartId`,`sparePartTypeId`,`partName`,`brand`,`materiaCoding`,`specificationModel`,`size`,`material`,`units`,`upperLimit`,`lowerLimit`,`remark`,`status`,`createUser`,`createTime`,`modifyUser`,`modifyTime`,`partPinYin`) values (38,63,'三星电脑','三星','001','XD001','200*200*200','硬塑H1220','个',50,5,'','start_using','','2018-08-02 10:10:39','管理员（不要改）','2018-10-17 10:05:48','sxdn'),(39,65,'读卡器（64G）',NULL,'',NULL,'','','',0,0,'','start_using','','2018-08-02 10:11:09','','2018-08-16 17:12:31','dkq64g'),(40,65,'读卡器（128G）','','','','','','',0,0,'','start_using','','2018-08-02 14:52:27','','2018-08-10 13:46:48','dkq(128G)'),(41,66,'回收单元A','123','','123','','','',0,0,'','start_using','','2018-08-02 16:23:39','','2018-08-10 13:46:48','hsdyA'),(42,63,'小米电脑','小米','','','','','',0,0,'','start_using','','2018-08-09 21:09:59','','2018-08-10 19:09:20','xmdn'),(43,64,'cpu','123','','qwqwe','','','',0,0,'','start_using','','2018-08-09 21:10:27','','2018-09-03 18:44:08','cpu'),(44,64,'cup','amd','','123','','','',0,0,'','stop_using','','2018-08-09 21:10:37','管理员（不要改）','2018-09-14 16:50:29','cup'),(45,64,'呃呃呃','','','','','','',0,0,'','start_using','','2018-08-10 18:30:02','','2018-08-10 18:30:02','eee'),(46,63,'cpu','三星CPU','','','','','',0,0,'','start_using','','2018-08-10 19:04:52','','2018-08-10 19:11:48','cpu'),(47,63,'主板','三星','','','','','',0,0,'','start_using','','2018-08-10 19:05:42','','2018-08-10 19:08:57','zb'),(48,63,'cpu','小米cpu','','','','','',0,0,'','start_using','','2018-08-10 19:09:33','','2018-08-10 19:12:00','cpu'),(49,67,'三星L1','','','','','','',0,0,'','start_using','','2018-08-14 19:22:03','','2018-08-14 19:22:03','sxl1'),(50,67,'三星l2','','','','','','',0,0,'','start_using','','2018-08-14 19:22:11','','2018-08-14 19:22:11','sxl2'),(51,63,'1','2','','','','','',0,0,'','start_using','','2018-08-15 13:33:31','','2018-08-15 13:33:31','1'),(52,63,'2','3333','4444','5','6','7','8',9,0,'66','start_using','','2018-08-15 13:34:25','','2018-08-15 13:38:07','2'),(53,84,'youz','','','','','','',0,0,'','start_using','','2018-08-15 15:08:02','','2018-08-15 15:08:02','youz'),(54,64,'CPU（4G不要改）','三星','X0032','','','','',0,0,'','start_using','','2018-08-20 11:03:36','','2018-08-20 11:03:36','cpu4gbyg'),(55,64,'CPU（不要删）','','','','','','',0,0,'','start_using','','2018-08-20 11:08:05','','2018-08-20 11:08:05','cpubys'),(56,64,'CPU测试','','','','','','',0,0,'','start_using','','2018-08-20 11:21:15','','2018-08-20 11:21:15','cpucs'),(57,64,'CPU测试0','','','','','','',0,0,'','start_using','','2018-08-20 11:24:28','','2018-08-20 11:24:28','cpucs0'),(58,68,'测试1','','','','','','',0,0,'','start_using','','2018-08-20 11:45:52','','2018-08-20 11:45:52','cs1'),(59,68,'测试2','','1','','2','4','3',0,0,'','start_using','','2018-08-20 11:46:09','','2018-08-20 11:49:17','cs2'),(60,64,'三星CPU','三星','','i7800U','','','',0,0,'','start_using','','2018-08-21 13:42:03','','2018-08-21 13:42:03','sxcpu'),(61,64,'三星CPU','三星','','i7700U','','','',0,0,'','start_using','','2018-08-21 14:28:08','','2018-08-21 14:28:08','sxcpu'),(62,64,'备件12','极爱但','123','123','','','',0,0,'','start_using','','2018-08-21 18:23:51','','2018-08-21 18:23:51','bj12'),(63,151,'VCD','vcd','','vcd','','','',0,0,'','start_using','','2018-08-23 19:56:30','','2018-08-23 19:56:30','vcd'),(64,151,'222222','222222','','2222222222','','','',0,0,'','start_using','','2018-08-27 17:54:51','','2018-08-27 17:54:51','222222'),(65,151,'222222','222222','','222222','','','',0,0,'','start_using','','2018-08-30 20:08:03','','2018-08-30 20:08:03','222222'),(66,156,'lsm','1221','1521023','李世民','','','',0,0,'','start_using','','2018-08-30 21:16:49','','2018-09-03 10:32:57','lsm'),(67,156,'lsm','1221','1521023','李世民','','','',0,0,'','start_using','','2018-09-03 18:41:34','','2018-09-05 18:57:11','lsm'),(68,156,'12','12','','12','','','',0,0,'','start_using','','2018-09-05 18:57:22','','2018-09-05 18:57:22','12'),(69,70,'小米电脑','小米','','300.580.200','','','',0,0,'','start_using','','2018-09-07 13:37:11','','2018-09-07 13:37:11','xmdn'),(70,156,'ces','123','','321321','','','',0,0,'','start_using','','2018-09-07 15:35:18','','2018-09-07 15:35:18','ces'),(71,156,'sdfds','sdfds','','fsdfds','','','',0,0,'','start_using','','2018-09-07 15:36:28','','2018-09-07 15:36:28','sdfds'),(72,156,'FDSF','DSFDS','','fdsfds','','','',0,0,'','start_using','','2018-09-07 15:41:02','','2018-09-07 15:41:02','fdsf'),(73,156,'fds','fdsfds','','fdsfsd','','','',0,0,'','start_using','','2018-09-07 15:53:00','','2018-09-07 15:53:00','fds'),(74,84,'ATM-A','moto','','200*300*500','','','',0,0,'','start_using','','2018-09-07 15:59:58','管理员（不要改）','2018-10-17 11:28:15','atma'),(75,156,'sdfds','sdfds','','fdsfds','','','',0,0,'','start_using','','2018-09-07 16:23:05','','2018-09-07 16:23:05','sdfds'),(76,153,'sdfds','dsfds','123123123123243214123412341234','dsfds2232432432432432','','','',0,0,'','start_using','','2018-09-07 16:24:57','管理员（不要改）','2018-09-20 20:49:57','sdfds'),(77,156,'AG电源','TVM','TVM-001','T-001','钢','20x20','大连轨道交通集团',999,99,NULL,'start_using','','2018-09-07 21:23:37','','2018-09-07 21:23:37','agdy'),(78,156,'AG电源','TVM','TVM-002','T-002','钢','30x30','大连轨道交通集团',999,100,NULL,'start_using','','2018-09-07 21:23:37','','2018-09-07 21:23:37','agdy'),(79,156,'AG电源','TVM','TVM-003','T-003','钢','40x40','大连轨道交通集团',999,101,NULL,'start_using','','2018-09-07 21:23:37','','2018-09-07 21:23:37','agdy'),(80,64,'cpu1','123','1','123','','','',0,0,'','start_using','','2018-09-14 16:10:17','','2018-09-14 16:10:17','cpu1'),(81,63,'1111111111','111111','','111111','','','',0,0,'','start_using','管理员（不要改）','2018-09-14 16:32:04','管理员（不要改）','2018-09-14 16:32:04','1111111111'),(82,63,'三星电脑1','三星','001','XD001','200*200*200','硬塑H1220','个',50,5,NULL,'start_using','','2018-09-14 16:35:20','','2018-09-14 16:35:20','sxdn1'),(83,65,'读卡器（64G）1','12','','-2','','','',0,0,NULL,'start_using','','2018-09-14 16:35:20','','2018-09-14 16:35:20','dkq64g1'),(84,65,'读卡器（128G）1','2','','23','','','',0,0,NULL,'start_using','','2018-09-14 16:35:20','','2018-09-14 16:35:20','dkq128g1'),(85,66,'回收单元A11','123','','123','','','',0,0,NULL,'start_using','','2018-09-14 16:35:20','','2018-09-14 16:35:20','hsdya11'),(86,63,'小米电脑1','小米','','32','','','',0,0,NULL,'start_using','','2018-09-14 16:35:20','','2018-09-14 16:35:20','xmdn1'),(87,63,'三星电脑001','三星','XD001','001','硬塑H1220','200*200*200','个',50,5,NULL,'start_using','','2018-09-17 16:15:04','','2018-09-17 16:15:04','sxdn001'),(88,65,'读卡器（64G）001','三星','-','001','','','',0,0,NULL,'start_using','','2018-09-17 16:15:04','','2018-09-17 16:15:04','dkq64g001'),(89,94,'B诶Jian1','pinpai','','guige','','','',0,0,NULL,'start_using','','2018-09-27 13:35:26','','2018-09-27 13:35:26','bejian1'),(90,93,'B诶Jian1','pinpai','','guige','','','',0,0,NULL,'start_using','','2018-09-27 13:37:05','','2018-09-27 13:37:05','bejian1'),(91,93,'测试备件1','pinpai','','guige','','','',0,0,NULL,'start_using','','2018-09-27 13:38:28','','2018-09-27 13:38:28','csbj1'),(92,93,'测试备件2','pinpai','','guige','','','',0,0,NULL,'start_using','','2018-09-27 13:42:19','','2018-09-27 13:42:19','csbj2'),(93,93,'测试备件3','pinpai','','guige','','','',0,0,NULL,'start_using','','2018-09-27 13:46:34','','2018-09-27 13:46:34','csbj3'),(94,93,'测试备件4','pinpai','','guige','','','',0,0,NULL,'start_using','','2018-09-27 13:56:16','','2018-09-27 13:56:16','csbj4'),(95,93,'测试备件5','pinpai','','guige','','','',0,0,NULL,'start_using','','2018-09-27 13:56:44','','2018-09-27 13:56:44','csbj5'),(96,68,'测试备件7','1','','2','','','',0,0,NULL,'start_using','','2018-09-29 09:22:33','','2018-09-29 09:22:33','csbj7'),(97,68,'测试备件10','1','','2','','','',0,0,NULL,'start_using','','2018-09-29 09:23:05','','2018-09-29 09:23:05','csbj10'),(98,68,'测试备件11','1','','2','','','',0,0,NULL,'start_using','','2018-09-29 09:24:30','','2018-09-29 09:24:30','csbj11'),(99,68,'测试备件12','1','','2','','','',0,0,NULL,'start_using','','2018-09-29 09:25:17','','2018-09-29 09:25:17','csbj12'),(100,68,'测试备件123','1','','2','','','',0,0,NULL,'start_using','','2018-09-29 09:45:57','','2018-09-29 09:45:57','csbj123'),(101,84,'ATM-Z','','','','','','',0,0,'','start_using','管理员（不要改）','2018-10-24 11:24:00','管理员（不要改）','2018-10-24 11:24:00','atmz'),(102,84,'hwz备件','','','','','','',0,0,'','start_using','管理员（不要改）','2018-10-25 17:55:23','管理员（不要改）','2018-10-25 17:55:23','hwzbj'),(103,84,'SC1','','','','','','',0,0,NULL,'start_using','','2018-10-25 20:09:44','','2018-10-25 20:09:44','sc1'),(104,84,'SC2','','','','','','',0,0,NULL,'start_using','','2018-10-25 20:09:44','','2018-10-25 20:09:44','sc2'),(111,97,'银币','','123','','','','',0,0,'','start_using','管理员','2018-11-02 10:59:13','管理员','2018-11-02 10:59:13','yb');

/*Table structure for table `part_spare_part_image` */

DROP TABLE IF EXISTS `part_spare_part_image`;

CREATE TABLE `part_spare_part_image` (
  `sparePartImageId` bigint(20) NOT NULL AUTO_INCREMENT COMMENT '备件图片ID',
  `sparePartId` bigint(20) DEFAULT NULL COMMENT '备件ID',
  `imageUrl` varchar(256) DEFAULT NULL COMMENT '图片路径',
  `createUser` varchar(32) DEFAULT NULL COMMENT '添加人',
  `createTime` datetime DEFAULT CURRENT_TIMESTAMP COMMENT '创建时间',
  PRIMARY KEY (`sparePartImageId`)
) ENGINE=InnoDB AUTO_INCREMENT=205 DEFAULT CHARSET=utf8;

/*Data for the table `part_spare_part_image` */

insert  into `part_spare_part_image`(`sparePartImageId`,`sparePartId`,`imageUrl`,`createUser`,`createTime`) values (134,54,'400ff75b953a47979696deb098622033.png','','2018-08-20 11:03:36'),(135,54,'535262222d56404e996ff14a55c8099e.png','','2018-08-20 11:03:36'),(136,54,'e4ca6a5aba53429db359b5ded5a0437c.png','','2018-08-20 11:03:36'),(137,54,'e2997380db41435e906982ff7d488ee6.png','','2018-08-20 11:03:36'),(138,55,'5135eec535bb4d92ac79e0f6fe47767f.png','','2018-08-20 11:08:05'),(139,55,'d07fb25c898145088cb71b785a9840f6.png','','2018-08-20 11:08:05'),(140,55,'1e6d650d65974493871d6beadfeb3ee2.png','','2018-08-20 11:08:05'),(141,56,'6c20e88f9ff14e419885bb1a51674578.png','','2018-08-20 11:21:24'),(142,56,'3cfcf069948e44b6905aea59fdd95326.png','','2018-08-20 11:21:29'),(143,56,'c643ca001f3b40d7b6f6e84f256a5aeb.png','','2018-08-20 11:21:36'),(144,56,'9e1d2eeb9c014d20803ffdc5d5719165.png','','2018-08-20 11:21:42'),(145,57,'d9bc90bfb7bb49828d4235bf3b0632d6.png','','2018-08-20 11:24:28'),(146,57,'48a3e7cffa644549b2af481ce48224ae.png','','2018-08-20 11:24:29'),(147,57,'ea957b5c8a904ed4b01cdbe9601d2017.png','','2018-08-20 11:24:29'),(151,59,'9d90842e8ea64aaf9c0f26bd066aa4a8.png','','2018-08-20 11:51:39'),(152,59,'61cc51329f2848a4be8688d90cec4bd9.png','','2018-08-20 11:51:39'),(153,59,'d79f7023eb7842cc9a6c9c266381bb50.png','','2018-08-20 11:51:39'),(154,63,'group1/M00/00/00/rAoDoVt-oO6AP-iTAAkVVEYvYwM995.jpg','','2018-08-23 19:56:30'),(155,60,'group1/M00/00/00/rAoDo1t-rNeAelqiAAkVVEYvYwM770.jpg','','2018-08-23 20:47:19'),(156,64,'group1/M00/00/00/rAoDo1uDymuADkX3AB2qoGNkNas240.jpg','','2018-08-27 17:54:51'),(164,62,'group1/M00/00/00/rAoDo1uD3BaAW0CSAAAzCAxw2FI199.jpg','','2018-08-27 19:10:14'),(170,66,'group1/M00/00/00/rAoDo1uM0n6ASg6rAABWWTZAXQA938.jpg','','2018-09-03 14:19:42'),(171,66,'group1/M00/00/00/rAoDo1uM0n6Ae868AAC8XocTqts822.png','','2018-09-03 14:19:42'),(172,43,'group1/M00/00/00/rAoDo1uNEIeAL3x6AABWWTZAXQA587.jpg','','2018-09-03 18:44:24'),(173,43,'group1/M00/00/00/rAoDo1uNEIiAHzoNAAC8XocTqts004.png','','2018-09-03 18:44:24'),(174,68,'group1/M00/00/00/rAoDoVuPtp-ABrA5AAC8XocTqts034.png','','2018-09-05 18:57:36'),(178,72,'group1/M00/00/01/rAoDo1uSLCOAK6cKAASOz62OM9o346.jpg','','2018-09-07 15:43:37'),(179,72,'group1/M00/00/01/rAoDo1uSLCmAE3HUAAGbYIhzlcg637.jpg','','2018-09-07 15:43:37'),(180,73,'group1/M00/00/01/rAoDo1uSLlyAUdHBAAGbYIhzlcg104.jpg','','2018-09-07 15:53:00'),(181,73,'group1/M00/00/01/rAoDo1uSLlyASgSZAAAbMLHxQa4007.png','','2018-09-07 15:53:00'),(182,75,'group1/M00/00/00/rAoDoVuSNWmAafTVAASOz62OM9o982.jpg','','2018-09-07 16:23:06'),(183,75,'group1/M00/00/00/rAoDoVuSNWmAFpULAAGbYIhzlcg447.jpg','','2018-09-07 16:23:06'),(184,76,'group1/M00/00/01/rAoDo1uSNdiAYR6yAASOz62OM9o541.jpg','','2018-09-07 16:24:57'),(185,76,'group1/M00/00/01/rAoDo1uSNdmAOb9YAAGbYIhzlcg732.jpg','','2018-09-07 16:24:57'),(191,38,'group1/M00/00/03/rAoDo1vGpImAcfCFAAOX7iZsbI8895.jpg','','2018-10-17 10:55:06'),(192,38,'group1/M00/00/03/rAoDo1vGpImAaI3IAAMH26qI7c4741.jpg','','2018-10-17 10:55:06'),(193,38,'group1/M00/00/03/rAoDo1vGpIqALoikAAPqSyO8XrU098.jpg','','2018-10-17 10:55:06'),(197,74,'group1/M00/00/03/rAoDoVvGzPmAMU8lAAKfSvlROJE892.jpg','','2018-10-17 13:47:43'),(198,74,'group1/M00/00/03/rAoDoVvGzPqABixoAAOX7iZsbI8071.jpg','','2018-10-17 13:47:43'),(199,74,'group1/M00/00/03/rAoDoVvGzPqAZbHiAAMH26qI7c4684.jpg','','2018-10-17 13:47:43'),(200,74,'group1/M00/00/03/rAoDoVvGzPuAR138AAPqSyO8XrU516.jpg','','2018-10-17 13:47:43'),(201,74,'group1/M00/00/03/rAoDoVvGzPyAKlbbAAOu4lF5_RA711.jpg','','2018-10-17 13:47:43'),(202,74,'group1/M00/00/03/rAoDoVvGzPyAViB1AAPRg91GyZ4567.jpg','','2018-10-17 13:47:43'),(203,74,'group1/M00/00/03/rAoDoVvGzP6AUqNJAAbLUYdRP30188.jpg','','2018-10-17 13:47:43'),(204,74,'group1/M00/00/03/rAoDoVvGzP-AFlQAAAMowF1Gr0Q813.jpg','','2018-10-17 13:47:43');

/*Table structure for table `part_spare_part_type` */

DROP TABLE IF EXISTS `part_spare_part_type`;

CREATE TABLE `part_spare_part_type` (
  `sparePartTypeId` bigint(20) NOT NULL AUTO_INCREMENT COMMENT '备件类型ID',
  `operationSubjectId` bigint(20) DEFAULT NULL COMMENT '运营主体ID',
  `categoryName` varchar(128) DEFAULT NULL COMMENT '分类名称',
  `parentPartId` bigint(20) DEFAULT NULL COMMENT '父级ID',
  `sort` int(11) DEFAULT NULL COMMENT '排序位置',
  `remark` varchar(512) DEFAULT NULL COMMENT '备注',
  `status` varchar(16) DEFAULT NULL COMMENT '状态',
  `createUser` varchar(32) DEFAULT NULL COMMENT '添加人',
  `createTime` datetime DEFAULT CURRENT_TIMESTAMP COMMENT '创建时间',
  `modifyUser` varchar(32) DEFAULT NULL COMMENT '修改人',
  `modifyTime` datetime DEFAULT CURRENT_TIMESTAMP ON UPDATE CURRENT_TIMESTAMP COMMENT '修改时间',
  `partTypePinYin` varchar(100) DEFAULT NULL COMMENT '拼音缩写',
  `sparePartTypeIds` text,
  PRIMARY KEY (`sparePartTypeId`)
) ENGINE=InnoDB AUTO_INCREMENT=412 DEFAULT CHARSET=utf8;

/*Data for the table `part_spare_part_type` */

insert  into `part_spare_part_type`(`sparePartTypeId`,`operationSubjectId`,`categoryName`,`parentPartId`,`sort`,`remark`,`status`,`createUser`,`createTime`,`modifyUser`,`modifyTime`,`partTypePinYin`,`sparePartTypeIds`) values (63,38,'电脑',-1,NULL,'','start_using','sysAdmin','2018-08-02 10:03:30','管理员','2018-09-20 22:27:58',NULL,'63@'),(64,38,'CPU',63,1,'','start_using','sysAdmin','2018-08-02 10:03:31','管理员（不要改）','2018-08-21 13:36:55',NULL,'63@64@'),(65,38,'内存',63,1,'','start_using','sysAdmin','2018-08-02 10:03:31','管理员（不要改）','2018-09-20 22:17:43',NULL,'63@65@'),(66,38,'主板',63,2,'','start_using','sysAdmin','2018-08-02 10:03:31','管理员1','2018-08-21 13:36:55',NULL,'63@66@'),(67,38,'三星电脑',-1,NULL,'','start_using','管理员','2018-08-08 13:50:49','管理员','2018-09-20 22:27:58',NULL,'67@'),(68,38,'CPU',67,1,'','start_using','管理员','2018-08-08 13:51:30','管理员','2018-08-21 13:36:55',NULL,'67@68@'),(69,38,'内存',67,2,'','start_using','管理员','2018-08-08 13:51:45','管理员','2018-08-21 13:36:55',NULL,'67@69@'),(70,38,'小米电脑',-1,NULL,'1','start_using','管理员','2018-08-08 15:35:16','管理员','2018-09-20 22:27:58',NULL,'70@'),(73,39,'TVM',-1,0,'','start_using','sysAdmin','2018-08-14 18:00:44','sysAdmin','2018-08-14 18:00:44',NULL,NULL),(74,39,'AG电源模块',73,0,'','start_using','sysAdmin','2018-08-14 18:00:44','sysAdmin','2018-08-14 18:00:44',NULL,NULL),(75,39,'读卡器',73,0,'','start_using','sysAdmin','2018-08-14 18:00:44','sysAdmin','2018-08-14 18:00:44',NULL,NULL),(76,39,'纸币回收单元',73,0,'','start_using','sysAdmin','2018-08-14 18:00:44','sysAdmin','2018-08-14 18:00:44',NULL,NULL),(77,40,'TVM',-1,0,'','start_using','sysAdmin','2018-08-14 18:03:08','sysAdmin','2018-08-14 18:03:08',NULL,NULL),(78,40,'AG电源模块',77,0,'','start_using','sysAdmin','2018-08-14 18:03:08','sysAdmin','2018-08-14 18:03:08',NULL,NULL),(79,40,'读卡器',77,0,'','start_using','sysAdmin','2018-08-14 18:03:08','sysAdmin','2018-08-14 18:03:08',NULL,NULL),(80,40,'纸币回收单元',77,0,'','start_using','sysAdmin','2018-08-14 18:03:08','sysAdmin','2018-08-14 18:03:08',NULL,NULL),(84,38,'ATM',-1,NULL,'3','start_using','管理员','2018-08-15 09:50:12','管理员','2018-09-20 22:27:58','atm','84@'),(93,38,'进口',84,6,'1','start_using','管理员','2018-08-15 10:02:48','管理员1','2018-08-21 13:36:55','jk','84@93@'),(94,38,'出口',84,2,'2','start_using','管理员','2018-08-15 10:03:12','管理员（不要改）','2018-10-31 16:44:42','ck','84@94@'),(96,38,'放钱',84,1,'3','start_using','管理员','2018-08-15 10:05:40','管理员1','2018-08-21 13:36:55','fq','84@96@'),(97,38,'硬币',96,1,'','start_using','管理员','2018-08-15 10:05:59','管理员1','2018-08-21 13:36:55','yb','84@96@97@'),(98,41,'TVM',-1,0,'','start_using','sysAdmin','2018-08-15 14:13:51','sysAdmin','2018-08-15 14:13:51','tvm',NULL),(99,41,'AG电源模块',98,0,'','start_using','sysAdmin','2018-08-15 14:13:51','sysAdmin','2018-08-15 14:13:51','agdymk',NULL),(100,41,'读卡器',98,0,'','start_using','sysAdmin','2018-08-15 14:13:51','sysAdmin','2018-08-15 14:13:51','dkq',NULL),(101,41,'纸币回收单元',98,0,'','start_using','sysAdmin','2018-08-15 14:13:52','sysAdmin','2018-08-15 14:13:52','zbhsdy',NULL),(114,38,'添加同进',-1,NULL,'123','start_using','管理员（不要改）','2018-08-21 13:38:42','管理员（不要改）','2018-09-20 22:27:58','tjtj','114@'),(115,38,'天机',-1,NULL,'天爱上','start_using','管理员（不要改）','2018-08-21 13:38:58','管理员（不要改）','2018-09-20 22:27:58','tj','114@115'),(116,38,'天啊设计费',-1,NULL,'是的','start_using','管理员（不要改）','2018-08-21 13:39:15','管理员（不要改）','2018-09-20 22:27:58','tasjf','114@116'),(117,38,'CDK',-1,NULL,'','stop_using','管理员（不要改）','2018-08-21 15:39:26','管理员（不要改）','2018-09-20 22:27:58','cdk','117'),(118,38,'CDK—min',117,NULL,'','start_using','管理员（不要改）','2018-08-21 19:51:08','管理员（不要改）','2018-08-21 19:51:08','cdkmin','117118@'),(119,42,'TVM',-1,0,'','start_using','sysAdmin','2018-08-21 20:25:44','sysAdmin','2018-08-21 20:25:44','tvm',NULL),(120,42,'AG电源模块',119,0,'','start_using','sysAdmin','2018-08-21 20:25:44','sysAdmin','2018-08-21 20:25:44','agdymk',NULL),(121,42,'读卡器',119,0,'','start_using','sysAdmin','2018-08-21 20:25:44','sysAdmin','2018-08-21 20:25:44','dkq',NULL),(122,42,'纸币回收单元',119,0,'','start_using','sysAdmin','2018-08-21 20:25:44','sysAdmin','2018-08-21 20:25:44','zbhsdy',NULL),(123,43,'TVM',-1,0,'','start_using','sysAdmin','2018-08-21 20:27:53','sysAdmin','2018-08-21 20:27:53','tvm',NULL),(124,43,'AG电源模块',123,0,'','start_using','sysAdmin','2018-08-21 20:27:53','sysAdmin','2018-08-21 20:27:53','agdymk',NULL),(125,43,'读卡器',123,0,'','start_using','sysAdmin','2018-08-21 20:27:53','sysAdmin','2018-08-21 20:27:53','dkq',NULL),(126,43,'纸币回收单元',123,0,'','start_using','sysAdmin','2018-08-21 20:27:53','sysAdmin','2018-08-21 20:27:53','zbhsdy',NULL),(127,44,'TVM',-1,0,'','start_using','sysAdmin','2018-08-21 20:27:53','sysAdmin','2018-08-21 20:27:53','tvm',NULL),(128,44,'AG电源模块',127,0,'','start_using','sysAdmin','2018-08-21 20:27:53','sysAdmin','2018-08-21 20:27:53','agdymk',NULL),(129,44,'读卡器',127,0,'','start_using','sysAdmin','2018-08-21 20:27:53','sysAdmin','2018-08-21 20:27:53','dkq',NULL),(130,44,'纸币回收单元',127,0,'','start_using','sysAdmin','2018-08-21 20:27:54','sysAdmin','2018-08-21 20:27:54','zbhsdy',NULL),(131,45,'TVM',-1,0,'','start_using','sysAdmin','2018-08-21 20:31:11','sysAdmin','2018-08-21 20:31:11','tvm',NULL),(132,45,'AG电源模块',131,0,'','start_using','sysAdmin','2018-08-21 20:31:11','sysAdmin','2018-08-21 20:31:11','agdymk',NULL),(133,45,'读卡器',131,0,'','start_using','sysAdmin','2018-08-21 20:31:11','sysAdmin','2018-08-21 20:31:11','dkq',NULL),(134,45,'纸币回收单元',131,0,'','start_using','sysAdmin','2018-08-21 20:31:11','sysAdmin','2018-08-21 20:31:11','zbhsdy',NULL),(135,46,'TVM',-1,0,'','start_using','sysAdmin','2018-08-21 20:37:28','sysAdmin','2018-08-21 20:37:28','tvm',NULL),(136,46,'AG电源模块',135,0,'','start_using','sysAdmin','2018-08-21 20:37:28','sysAdmin','2018-08-21 20:37:28','agdymk',NULL),(137,46,'读卡器',135,0,'','start_using','sysAdmin','2018-08-21 20:37:28','sysAdmin','2018-08-21 20:37:28','dkq',NULL),(138,46,'纸币回收单元',135,0,'','start_using','sysAdmin','2018-08-21 20:37:28','sysAdmin','2018-08-21 20:37:28','zbhsdy',NULL),(139,47,'TVM',-1,0,'','start_using','sysAdmin','2018-08-21 20:42:06','sysAdmin','2018-08-21 20:42:06','tvm',NULL),(140,47,'AG电源模块',139,0,'','start_using','sysAdmin','2018-08-21 20:42:06','sysAdmin','2018-08-21 20:42:06','agdymk',NULL),(141,47,'读卡器',139,0,'','start_using','sysAdmin','2018-08-21 20:42:06','sysAdmin','2018-08-21 20:42:06','dkq',NULL),(142,47,'纸币回收单元',139,0,'','start_using','sysAdmin','2018-08-21 20:42:06','sysAdmin','2018-08-21 20:42:06','zbhsdy',NULL),(143,48,'TVM',-1,0,'','start_using','sysAdmin','2018-08-21 20:47:04','sysAdmin','2018-08-21 20:47:04','tvm',NULL),(144,48,'AG电源模块',143,0,'','start_using','sysAdmin','2018-08-21 20:47:04','sysAdmin','2018-08-21 20:47:04','agdymk',NULL),(145,48,'读卡器',143,0,'','start_using','sysAdmin','2018-08-21 20:47:04','sysAdmin','2018-08-21 20:47:04','dkq',NULL),(146,48,'纸币回收单元',143,0,'','start_using','sysAdmin','2018-08-21 20:47:04','sysAdmin','2018-08-21 20:47:04','zbhsdy',NULL),(147,49,'TVM',-1,0,'','start_using','sysAdmin','2018-08-21 20:57:56','sysAdmin','2018-08-21 20:57:56','tvm',NULL),(148,49,'AG电源模块',147,0,'','start_using','sysAdmin','2018-08-21 20:57:56','sysAdmin','2018-08-21 20:57:56','agdymk',NULL),(149,49,'读卡器',147,0,'','start_using','sysAdmin','2018-08-21 20:57:56','sysAdmin','2018-08-21 20:57:56','dkq',NULL),(150,49,'纸币回收单元',147,0,'','start_using','sysAdmin','2018-08-21 20:57:56','sysAdmin','2018-08-21 20:57:56','zbhsdy',NULL),(151,38,'CDM',-1,NULL,'','start_using','管理员（不要改）','2018-08-23 10:36:06','管理员（不要改）','2018-09-20 22:27:58','cdm','151@'),(152,38,'CDM_1',151,NULL,'','stop_using','管理员（不要改）','2018-08-23 10:36:16','管理员（不要改）','2018-08-23 19:55:23','cdm_1','151@152@'),(153,38,'CDM_2',151,NULL,'','start_using','管理员（不要改）','2018-08-23 10:36:29','管理员（不要改）','2018-08-23 10:36:29','cdm_2','151@152@153'),(154,38,'CDM_3',151,NULL,'','start_using','管理员（不要改）','2018-08-23 10:36:46','管理员（不要改）','2018-08-23 10:36:46','cdm_3','151@152@154'),(155,38,'CDM_4',151,NULL,'','start_using','管理员（不要改）','2018-08-23 10:36:58','管理员（不要改）','2018-08-23 10:36:58','cdm_4','151@152@155'),(156,38,'CDM_1_1',152,NULL,'','start_using','管理员（不要改）','2018-08-23 10:37:59','管理员（不要改）','2018-08-23 20:13:29','cdm_1_1','151@152@156@'),(157,38,'CMD_5',151,NULL,'','start_using','管理员（不要改）','2018-08-23 10:44:14','管理员（不要改）','2018-08-23 10:44:14','cmd_5','151@157'),(158,38,'CMD_6',151,NULL,'','start_using','管理员（不要改）','2018-08-23 10:46:26','管理员（不要改）','2018-08-23 10:46:26','cmd_6','151@158@'),(159,38,'CDM_7',151,NULL,'','start_using','管理员（不要改）','2018-09-13 10:50:56','管理员（不要改）','2018-09-13 10:50:56','cdm_7','151@152@159@'),(160,50,'TVM',-1,0,'','start_using','sysAdmin','2018-09-13 11:08:06','sysAdmin','2018-09-13 11:08:06','tvm',NULL),(161,50,'AG电源模块',160,0,'','start_using','sysAdmin','2018-09-13 11:08:06','sysAdmin','2018-09-13 11:08:06','agdymk',NULL),(162,50,'读卡器',160,0,'','start_using','sysAdmin','2018-09-13 11:08:06','sysAdmin','2018-09-13 11:08:06','dkq',NULL),(163,50,'纸币回收单元',160,0,'','start_using','sysAdmin','2018-09-13 11:08:06','sysAdmin','2018-09-13 11:08:06','zbhsdy',NULL),(164,51,'TVM',-1,0,'','start_using','sysAdmin','2018-09-13 11:11:25','sysAdmin','2018-09-13 11:11:25','tvm','164'),(165,51,'AG电源模块',164,0,'','start_using','sysAdmin','2018-09-13 11:11:26','sysAdmin','2018-09-13 11:11:26','agdymk','164@165'),(166,51,'读卡器',164,0,'','start_using','sysAdmin','2018-09-13 11:11:26','sysAdmin','2018-09-13 11:11:26','dkq','164@166'),(167,51,'纸币回收单元',164,0,'','start_using','sysAdmin','2018-09-13 11:11:26','sysAdmin','2018-09-13 11:11:26','zbhsdy','164@167'),(168,51,'AVM',-1,2,'','start_using','ncqy','2018-09-13 11:12:05','ncqy','2018-09-13 11:12:05','avm','168@'),(169,51,'纸币单元',168,NULL,'','start_using','ncqy','2018-09-13 11:12:16','ncqy','2018-09-13 11:12:16','zbdy','168@169@'),(170,52,'TVM',-1,0,'','start_using','sysAdmin','2018-09-13 11:13:45','sysAdmin','2018-09-13 11:13:45','tvm','170@'),(171,52,'AG电源模块',170,0,'','start_using','sysAdmin','2018-09-13 11:13:45','sysAdmin','2018-09-13 11:13:45','agdymk','170@171@'),(172,52,'读卡器',170,0,'','start_using','sysAdmin','2018-09-13 11:13:45','sysAdmin','2018-09-13 11:13:45','dkq','170@172@'),(173,52,'纸币回收单元',170,0,'','start_using','sysAdmin','2018-09-13 11:13:45','sysAdmin','2018-09-13 11:13:45','zbhsdy','170@173@'),(174,53,'TVM',-1,0,'','start_using','sysAdmin','2018-09-18 17:53:11','sysAdmin','2018-09-18 17:53:12','tvm','174@'),(175,53,'硬币模块',174,0,'','start_using','sysAdmin','2018-09-18 17:53:12','sysAdmin','2018-09-18 17:53:12','ybmk','174@175@'),(176,53,'单程票模块',174,0,'','start_using','sysAdmin','2018-09-18 17:53:12','sysAdmin','2018-09-18 17:53:12','dcpmk','174@176@'),(177,53,'读写器模块',174,0,'','start_using','sysAdmin','2018-09-18 17:53:12','sysAdmin','2018-09-18 17:53:12','dxqmk','174@177@'),(178,53,'打印机模块',174,0,'','start_using','sysAdmin','2018-09-18 17:53:12','sysAdmin','2018-09-18 17:53:12','dyjmk','174@178@'),(179,53,'储值票模块',174,0,'','start_using','sysAdmin','2018-09-18 17:53:12','sysAdmin','2018-09-18 17:53:12','czpmk','174@179@'),(180,53,'电源模块',174,0,'','start_using','sysAdmin','2018-09-18 17:53:12','sysAdmin','2018-09-18 17:53:12','dymk','174@180@'),(181,53,'乘客显示器',174,0,'','start_using','sysAdmin','2018-09-18 17:53:12','sysAdmin','2018-09-18 17:53:12','ckxsq','174@181@'),(182,53,'维护控制模块',174,0,'','start_using','sysAdmin','2018-09-18 17:53:12','sysAdmin','2018-09-18 17:53:12','whkzmk','174@182@'),(183,53,'运营状态显示模块',174,0,'','start_using','sysAdmin','2018-09-18 17:53:12','sysAdmin','2018-09-18 17:53:12','yyztxsmk','174@183@'),(184,53,'其他',174,0,'','start_using','sysAdmin','2018-09-18 17:53:12','sysAdmin','2018-09-18 17:53:12','qt','174@184@'),(185,53,'AGM',-1,0,'','start_using','sysAdmin','2018-09-18 17:53:12','sysAdmin','2018-09-18 17:53:12','agm','185@'),(186,53,'单程票回收模块',185,0,'','start_using','sysAdmin','2018-09-18 17:53:12','sysAdmin','2018-09-18 17:53:12','dcphsmk','185@186@'),(187,53,'机芯模块',185,0,'','start_using','sysAdmin','2018-09-18 17:53:12','sysAdmin','2018-09-18 17:53:12','jxmk','185@187@'),(188,53,'工控机模块',185,0,'','start_using','sysAdmin','2018-09-18 17:53:12','sysAdmin','2018-09-18 17:53:12','gkjmk','185@188@'),(189,53,'电源模块',185,0,'','start_using','sysAdmin','2018-09-18 17:53:12','sysAdmin','2018-09-18 17:53:12','dymk','185@189@'),(190,53,'乘客显示模块',185,0,'','start_using','sysAdmin','2018-09-18 17:53:12','sysAdmin','2018-09-18 17:53:13','ckxsmk','185@190@'),(191,53,'维护控制模块',185,0,'','start_using','sysAdmin','2018-09-18 17:53:13','sysAdmin','2018-09-18 17:53:13','whkzmk','185@191@'),(192,53,'顶棚导向模块',185,0,'','start_using','sysAdmin','2018-09-18 17:53:13','sysAdmin','2018-09-18 17:53:13','dpdxmk','185@192@'),(193,53,'其他',185,0,'','start_using','sysAdmin','2018-09-18 17:53:13','sysAdmin','2018-09-18 17:53:13','qt','185@193@'),(194,53,'BOM',-1,0,'','start_using','sysAdmin','2018-09-18 17:53:13','sysAdmin','2018-09-18 17:53:13','bom','194@'),(195,53,'显示器',194,0,'','start_using','sysAdmin','2018-09-18 17:53:13','sysAdmin','2018-09-18 17:53:13','xsq','194@195@'),(196,53,'读写器模块',194,0,'','start_using','sysAdmin','2018-09-18 17:53:13','sysAdmin','2018-09-18 17:53:13','dxqmk','194@196@'),(197,53,'工控机模块',194,0,'','start_using','sysAdmin','2018-09-18 17:53:13','sysAdmin','2018-09-18 17:53:13','gkjmk','194@197@'),(198,53,'窗口对讲机',194,0,'','start_using','sysAdmin','2018-09-18 17:53:13','sysAdmin','2018-09-18 17:53:13','ckdjj','194@198@'),(199,53,'打印机',194,0,'','start_using','sysAdmin','2018-09-18 17:53:13','sysAdmin','2018-09-18 17:53:13','dyj','194@199@'),(200,53,'其他',194,0,'','start_using','sysAdmin','2018-09-18 17:53:13','sysAdmin','2018-09-18 17:53:13','qt','194@200@'),(201,53,'SEMS',-1,0,'','start_using','sysAdmin','2018-09-18 17:53:13','sysAdmin','2018-09-18 17:53:13','sems','201@'),(202,53,'SER',-1,0,'','start_using','sysAdmin','2018-09-18 17:53:13','sysAdmin','2018-09-18 17:53:13','ser','202@'),(203,53,'STMS',-1,0,'','start_using','sysAdmin','2018-09-18 17:53:13','sysAdmin','2018-09-18 17:53:13','stms','203@'),(204,53,'WS',-1,0,'','start_using','sysAdmin','2018-09-18 17:53:13','sysAdmin','2018-09-18 17:53:14','ws','204@'),(205,53,'BCM',-1,0,'','start_using','sysAdmin','2018-09-18 17:53:14','sysAdmin','2018-09-18 17:53:14','bcm','205@'),(206,53,'EB',-1,0,'','start_using','sysAdmin','2018-09-18 17:53:14','sysAdmin','2018-09-18 17:53:14','eb','206@'),(207,53,'SC',-1,0,'','start_using','sysAdmin','2018-09-18 17:53:14','sysAdmin','2018-09-18 17:53:14','sc','207@'),(208,53,'服务器',207,0,'','start_using','sysAdmin','2018-09-18 17:53:14','sysAdmin','2018-09-18 17:53:14','fwq','207@208@'),(209,53,'监控工作站',207,0,'','start_using','sysAdmin','2018-09-18 17:53:14','sysAdmin','2018-09-18 17:53:14','jkgzz','207@209@'),(210,53,'显示单元',207,0,'','start_using','sysAdmin','2018-09-18 17:53:14','sysAdmin','2018-09-18 17:53:14','xsdy','207@210@'),(211,53,'打印机',207,0,'','start_using','sysAdmin','2018-09-18 17:53:14','sysAdmin','2018-09-18 17:53:14','dyj','207@211@'),(212,53,'票务工作站',207,0,'','start_using','sysAdmin','2018-09-18 17:53:14','sysAdmin','2018-09-18 17:53:14','pwgzz','207@212@'),(213,53,'SW',-1,0,'','start_using','sysAdmin','2018-09-18 17:53:14','sysAdmin','2018-09-18 17:53:14','sw','213@'),(214,53,'运营辅助设备',-1,0,'','start_using','sysAdmin','2018-09-18 17:53:14','sysAdmin','2018-09-18 17:53:14','yyfzsb','214@'),(215,53,'点币机',214,0,'','start_using','sysAdmin','2018-09-18 17:53:14','sysAdmin','2018-09-18 17:53:14','dbj','214@215@'),(216,53,'点钞机',214,0,'','start_using','sysAdmin','2018-09-18 17:53:14','sysAdmin','2018-09-18 17:53:14','dcj','214@216@'),(217,53,'点票机',214,0,'','start_using','sysAdmin','2018-09-18 17:53:14','sysAdmin','2018-09-18 17:53:14','dpj','214@217@'),(218,54,'TVM',-1,0,'','start_using','sysAdmin','2018-09-20 19:35:14','sysAdmin','2018-09-20 19:35:14','tvm','218@'),(219,54,'硬币模块',218,0,'','start_using','sysAdmin','2018-09-20 19:35:15','sysAdmin','2018-09-20 19:35:15','ybmk','218@219@'),(220,54,'单程票模块',218,0,'','start_using','sysAdmin','2018-09-20 19:35:15','sysAdmin','2018-09-20 19:35:15','dcpmk','218@220@'),(221,54,'读写器模块',218,0,'','start_using','sysAdmin','2018-09-20 19:35:15','sysAdmin','2018-09-20 19:35:15','dxqmk','218@221@'),(222,54,'打印机模块',218,0,'','start_using','sysAdmin','2018-09-20 19:35:15','sysAdmin','2018-09-20 19:35:15','dyjmk','218@222@'),(223,54,'储值票模块',218,0,'','start_using','sysAdmin','2018-09-20 19:35:15','sysAdmin','2018-09-20 19:35:15','czpmk','218@223@'),(224,54,'电源模块',218,0,'','start_using','sysAdmin','2018-09-20 19:35:15','sysAdmin','2018-09-20 19:35:15','dymk','218@224@'),(225,54,'乘客显示器',218,0,'','start_using','sysAdmin','2018-09-20 19:35:15','sysAdmin','2018-09-20 19:35:15','ckxsq','218@225@'),(226,54,'维护控制模块',218,0,'','start_using','sysAdmin','2018-09-20 19:35:15','sysAdmin','2018-09-20 19:35:15','whkzmk','218@226@'),(227,54,'运营状态显示模块',218,0,'','start_using','sysAdmin','2018-09-20 19:35:15','sysAdmin','2018-09-20 19:35:15','yyztxsmk','218@227@'),(228,54,'其他',218,0,'','start_using','sysAdmin','2018-09-20 19:35:15','sysAdmin','2018-09-20 19:35:15','qt','218@228@'),(229,54,'AGM',-1,0,'','start_using','sysAdmin','2018-09-20 19:35:15','sysAdmin','2018-09-20 19:35:15','agm','229@'),(230,54,'单程票回收模块',229,0,'','start_using','sysAdmin','2018-09-20 19:35:15','sysAdmin','2018-09-20 19:35:16','dcphsmk','229@230@'),(231,54,'机芯模块',229,0,'','start_using','sysAdmin','2018-09-20 19:35:16','sysAdmin','2018-09-20 19:35:16','jxmk','229@231@'),(232,54,'工控机模块',229,0,'','start_using','sysAdmin','2018-09-20 19:35:16','sysAdmin','2018-09-20 19:35:16','gkjmk','229@232@'),(233,54,'电源模块',229,0,'','start_using','sysAdmin','2018-09-20 19:35:16','sysAdmin','2018-09-20 19:35:16','dymk','229@233@'),(234,54,'乘客显示模块',229,0,'','start_using','sysAdmin','2018-09-20 19:35:16','sysAdmin','2018-09-20 19:35:16','ckxsmk','229@234@'),(235,54,'维护控制模块',229,0,'','start_using','sysAdmin','2018-09-20 19:35:16','sysAdmin','2018-09-20 19:35:16','whkzmk','229@235@'),(236,54,'顶棚导向模块',229,0,'','start_using','sysAdmin','2018-09-20 19:35:16','sysAdmin','2018-09-20 19:35:16','dpdxmk','229@236@'),(237,54,'其他',229,0,'','start_using','sysAdmin','2018-09-20 19:35:16','sysAdmin','2018-09-20 19:35:16','qt','229@237@'),(238,54,'BOM',-1,0,'','start_using','sysAdmin','2018-09-20 19:35:16','sysAdmin','2018-09-20 19:35:16','bom','238@'),(239,54,'显示器',238,0,'','start_using','sysAdmin','2018-09-20 19:35:16','sysAdmin','2018-09-20 19:35:16','xsq','238@239@'),(240,54,'读写器模块',238,0,'','start_using','sysAdmin','2018-09-20 19:35:16','sysAdmin','2018-09-20 19:35:16','dxqmk','238@240@'),(241,54,'工控机模块',238,0,'','start_using','sysAdmin','2018-09-20 19:35:16','sysAdmin','2018-09-20 19:35:16','gkjmk','238@241@'),(242,54,'窗口对讲机',238,0,'','start_using','sysAdmin','2018-09-20 19:35:16','sysAdmin','2018-09-20 19:35:16','ckdjj','238@242@'),(243,54,'打印机',238,0,'','start_using','sysAdmin','2018-09-20 19:35:16','sysAdmin','2018-09-20 19:35:16','dyj','238@243@'),(244,54,'其他',238,0,'','start_using','sysAdmin','2018-09-20 19:35:16','sysAdmin','2018-09-20 19:35:16','qt','238@244@'),(245,54,'SEMS',-1,0,'','start_using','sysAdmin','2018-09-20 19:35:16','sysAdmin','2018-09-20 19:35:16','sems','245@'),(246,54,'SER',-1,0,'','start_using','sysAdmin','2018-09-20 19:35:16','sysAdmin','2018-09-20 19:35:16','ser','246@'),(247,54,'STMS',-1,0,'','start_using','sysAdmin','2018-09-20 19:35:16','sysAdmin','2018-09-20 19:35:16','stms','247@'),(248,54,'WS',-1,0,'','start_using','sysAdmin','2018-09-20 19:35:17','sysAdmin','2018-09-20 19:35:17','ws','248@'),(249,54,'BCM',-1,0,'','start_using','sysAdmin','2018-09-20 19:35:17','sysAdmin','2018-09-20 19:35:17','bcm','249@'),(250,54,'EB',-1,0,'','start_using','sysAdmin','2018-09-20 19:35:17','sysAdmin','2018-09-20 19:35:17','eb','250@'),(251,54,'SC',-1,0,'','start_using','sysAdmin','2018-09-20 19:35:17','sysAdmin','2018-09-20 19:35:17','sc','251@'),(252,54,'服务器',251,0,'','start_using','sysAdmin','2018-09-20 19:35:17','sysAdmin','2018-09-20 19:35:17','fwq','251@252@'),(253,54,'监控工作站',251,0,'','start_using','sysAdmin','2018-09-20 19:35:17','sysAdmin','2018-09-20 19:35:17','jkgzz','251@253@'),(254,54,'显示单元',251,0,'','start_using','sysAdmin','2018-09-20 19:35:17','sysAdmin','2018-09-20 19:35:17','xsdy','251@254@'),(255,54,'打印机',251,0,'','start_using','sysAdmin','2018-09-20 19:35:17','sysAdmin','2018-09-20 19:35:17','dyj','251@255@'),(256,54,'票务工作站',251,0,'','start_using','sysAdmin','2018-09-20 19:35:17','sysAdmin','2018-09-20 19:35:17','pwgzz','251@256@'),(257,54,'SW',-1,0,'','start_using','sysAdmin','2018-09-20 19:35:17','sysAdmin','2018-09-20 19:35:17','sw','257@'),(258,54,'运营辅助设备',-1,0,'','start_using','sysAdmin','2018-09-20 19:35:17','sysAdmin','2018-09-20 19:35:17','yyfzsb','258@'),(259,54,'点币机',258,0,'','start_using','sysAdmin','2018-09-20 19:35:17','sysAdmin','2018-09-20 19:35:17','dbj','258@259@'),(260,54,'点钞机',258,0,'','start_using','sysAdmin','2018-09-20 19:35:17','sysAdmin','2018-09-20 19:35:17','dcj','258@260@'),(261,54,'点票机',258,0,'','start_using','sysAdmin','2018-09-20 19:35:17','sysAdmin','2018-09-20 19:35:17','dpj','258@261@'),(262,55,'TVM',-1,1,'','start_using','sysAdmin','2018-09-27 13:56:03','sysAdmin','2018-09-27 13:56:03','tvm','262@'),(263,55,'硬币模块',262,1,'','start_using','sysAdmin','2018-09-27 13:56:03','sysAdmin','2018-09-27 13:56:03','ybmk','262@263@'),(264,55,'单程票模块',262,2,'','start_using','sysAdmin','2018-09-27 13:56:03','sysAdmin','2018-09-27 13:56:03','dcpmk','262@264@'),(265,55,'读写器模块',262,3,'','start_using','sysAdmin','2018-09-27 13:56:03','sysAdmin','2018-09-27 13:56:03','dxqmk','262@265@'),(266,55,'打印机模块',262,4,'','start_using','sysAdmin','2018-09-27 13:56:03','sysAdmin','2018-09-27 13:56:03','dyjmk','262@266@'),(267,55,'储值票模块',262,5,'','start_using','sysAdmin','2018-09-27 13:56:03','sysAdmin','2018-09-27 13:56:03','czpmk','262@267@'),(268,55,'电源模块',262,6,'','start_using','sysAdmin','2018-09-27 13:56:03','sysAdmin','2018-09-27 13:56:03','dymk','262@268@'),(269,55,'乘客显示器',262,7,'','start_using','sysAdmin','2018-09-27 13:56:03','sysAdmin','2018-09-27 13:56:03','ckxsq','262@269@'),(270,55,'维护控制模块',262,8,'','start_using','sysAdmin','2018-09-27 13:56:03','sysAdmin','2018-09-27 13:56:03','whkzmk','262@270@'),(271,55,'运营状态显示模块',262,9,'','start_using','sysAdmin','2018-09-27 13:56:03','sysAdmin','2018-09-27 13:56:03','yyztxsmk','262@271@'),(272,55,'其他',262,10,'','start_using','sysAdmin','2018-09-27 13:56:03','sysAdmin','2018-09-27 13:56:03','qt','262@272@'),(273,55,'AGM',-1,2,'','start_using','sysAdmin','2018-09-27 13:56:03','sysAdmin','2018-09-27 13:56:03','agm','273@'),(274,55,'单程票回收模块',273,1,'','start_using','sysAdmin','2018-09-27 13:56:03','sysAdmin','2018-09-27 13:56:03','dcphsmk','273@274@'),(275,55,'机芯模块',273,2,'','start_using','sysAdmin','2018-09-27 13:56:03','sysAdmin','2018-09-27 13:56:03','jxmk','273@275@'),(276,55,'工控机模块',273,3,'','start_using','sysAdmin','2018-09-27 13:56:03','sysAdmin','2018-09-27 13:56:03','gkjmk','273@276@'),(277,55,'电源模块',273,4,'','start_using','sysAdmin','2018-09-27 13:56:03','sysAdmin','2018-09-27 13:56:03','dymk','273@277@'),(278,55,'乘客显示模块',273,5,'','start_using','sysAdmin','2018-09-27 13:56:03','sysAdmin','2018-09-27 13:56:03','ckxsmk','273@278@'),(279,55,'维护控制模块',273,6,'','start_using','sysAdmin','2018-09-27 13:56:03','sysAdmin','2018-09-27 13:56:03','whkzmk','273@279@'),(280,55,'顶棚导向模块',273,7,'','start_using','sysAdmin','2018-09-27 13:56:03','sysAdmin','2018-09-27 13:56:03','dpdxmk','273@280@'),(281,55,'其他',273,8,'','start_using','sysAdmin','2018-09-27 13:56:03','sysAdmin','2018-09-27 13:56:03','qt','273@281@'),(282,55,'BOM',-1,3,'','start_using','sysAdmin','2018-09-27 13:56:03','sysAdmin','2018-09-27 13:56:03','bom','282@'),(283,55,'显示器',282,1,'','start_using','sysAdmin','2018-09-27 13:56:03','sysAdmin','2018-09-27 13:56:03','xsq','282@283@'),(284,55,'读写器模块',282,2,'','start_using','sysAdmin','2018-09-27 13:56:03','sysAdmin','2018-09-27 13:56:03','dxqmk','282@284@'),(285,55,'工控机模块',282,3,'','start_using','sysAdmin','2018-09-27 13:56:03','sysAdmin','2018-09-27 13:56:04','gkjmk','282@285@'),(286,55,'窗口对讲机',282,4,'','start_using','sysAdmin','2018-09-27 13:56:04','sysAdmin','2018-09-27 13:56:04','ckdjj','282@286@'),(287,55,'打印机',282,5,'','start_using','sysAdmin','2018-09-27 13:56:04','sysAdmin','2018-09-27 13:56:04','dyj','282@287@'),(288,55,'其他',282,6,'','start_using','sysAdmin','2018-09-27 13:56:04','sysAdmin','2018-09-27 13:56:04','qt','282@288@'),(289,55,'SEMS',-1,4,'','start_using','sysAdmin','2018-09-27 13:56:04','sysAdmin','2018-09-27 13:56:04','sems','289@'),(290,55,'SER',-1,5,'','start_using','sysAdmin','2018-09-27 13:56:04','sysAdmin','2018-09-27 13:56:04','ser','290@'),(291,55,'STMS',-1,6,'','start_using','sysAdmin','2018-09-27 13:56:04','sysAdmin','2018-09-27 13:56:04','stms','291@'),(292,55,'WS',-1,7,'','start_using','sysAdmin','2018-09-27 13:56:04','sysAdmin','2018-09-27 13:56:04','ws','292@'),(293,55,'BCM',-1,8,'','start_using','sysAdmin','2018-09-27 13:56:04','sysAdmin','2018-09-27 13:56:04','bcm','293@'),(294,55,'EB',-1,9,'','start_using','sysAdmin','2018-09-27 13:56:04','sysAdmin','2018-09-27 13:56:04','eb','294@'),(295,55,'SC',-1,10,'','start_using','sysAdmin','2018-09-27 13:56:04','sysAdmin','2018-09-27 13:56:04','sc','295@'),(296,55,'服务器',295,1,'','start_using','sysAdmin','2018-09-27 13:56:04','sysAdmin','2018-09-27 13:56:04','fwq','295@296@'),(297,55,'监控工作站',295,2,'','start_using','sysAdmin','2018-09-27 13:56:04','sysAdmin','2018-09-27 13:56:04','jkgzz','295@297@'),(298,55,'显示单元',295,3,'','start_using','sysAdmin','2018-09-27 13:56:04','sysAdmin','2018-09-27 13:56:04','xsdy','295@298@'),(299,55,'打印机',295,4,'','start_using','sysAdmin','2018-09-27 13:56:04','sysAdmin','2018-09-27 13:56:04','dyj','295@299@'),(300,55,'票务工作站',295,5,'','start_using','sysAdmin','2018-09-27 13:56:04','sysAdmin','2018-09-27 13:56:04','pwgzz','295@300@'),(301,55,'SW',-1,11,'','start_using','sysAdmin','2018-09-27 13:56:04','sysAdmin','2018-09-27 13:56:04','sw','301@'),(302,55,'运营辅助设备',-1,12,'','start_using','sysAdmin','2018-09-27 13:56:04','sysAdmin','2018-09-27 13:56:04','yyfzsb','302@'),(303,55,'点币机',302,1,'','start_using','sysAdmin','2018-09-27 13:56:04','sysAdmin','2018-09-27 13:56:04','dbj','302@303@'),(304,55,'点钞机',302,2,'','start_using','sysAdmin','2018-09-27 13:56:04','sysAdmin','2018-09-27 13:56:04','dcj','302@304@'),(305,55,'点票机',302,3,'','start_using','sysAdmin','2018-09-27 13:56:04','sysAdmin','2018-09-27 13:56:04','dpj','302@305@'),(306,56,'TVM',-1,1,'','start_using','zzAdmin','2018-10-25 14:05:09','zzAdmin','2018-10-25 14:05:09','tvm','306@'),(307,56,'硬币模块',306,1,'','start_using','zzAdmin','2018-10-25 14:05:09','zzAdmin','2018-10-25 14:05:09','ybmk','306@307@'),(308,56,'单程票模块',306,2,'','start_using','zzAdmin','2018-10-25 14:05:09','zzAdmin','2018-10-25 14:05:09','dcpmk','306@308@'),(309,56,'读写器模块',306,3,'','start_using','zzAdmin','2018-10-25 14:05:09','zzAdmin','2018-10-25 14:05:09','dxqmk','306@309@'),(310,56,'打印机模块',306,4,'','start_using','zzAdmin','2018-10-25 14:05:09','zzAdmin','2018-10-25 14:05:09','dyjmk','306@310@'),(311,56,'储值票模块',306,5,'','start_using','zzAdmin','2018-10-25 14:05:09','zzAdmin','2018-10-25 14:05:09','czpmk','306@311@'),(312,56,'电源模块',306,6,'','start_using','zzAdmin','2018-10-25 14:05:09','zzAdmin','2018-10-25 14:05:09','dymk','306@312@'),(313,56,'乘客显示器',306,7,'','start_using','zzAdmin','2018-10-25 14:05:09','zzAdmin','2018-10-25 14:05:09','ckxsq','306@313@'),(314,56,'维护控制模块',306,8,'','start_using','zzAdmin','2018-10-25 14:05:10','zzAdmin','2018-10-25 14:05:10','whkzmk','306@314@'),(315,56,'运营状态显示模块',306,9,'','start_using','zzAdmin','2018-10-25 14:05:10','zzAdmin','2018-10-25 14:05:10','yyztxsmk','306@315@'),(316,56,'其他',306,10,'','start_using','zzAdmin','2018-10-25 14:05:10','zzAdmin','2018-10-25 14:05:10','qt','306@316@'),(317,56,'AGM',-1,2,'','start_using','zzAdmin','2018-10-25 14:05:10','zzAdmin','2018-10-25 14:05:10','agm','317@'),(318,56,'单程票回收模块',317,1,'','start_using','zzAdmin','2018-10-25 14:05:10','zzAdmin','2018-10-25 14:05:10','dcphsmk','317@318@'),(319,56,'机芯模块',317,2,'','start_using','zzAdmin','2018-10-25 14:05:10','zzAdmin','2018-10-25 14:05:10','jxmk','317@319@'),(320,56,'工控机模块',317,3,'','start_using','zzAdmin','2018-10-25 14:05:10','zzAdmin','2018-10-25 14:05:10','gkjmk','317@320@'),(321,56,'电源模块',317,4,'','start_using','zzAdmin','2018-10-25 14:05:10','zzAdmin','2018-10-25 14:05:10','dymk','317@321@'),(322,56,'乘客显示模块',317,5,'','start_using','zzAdmin','2018-10-25 14:05:10','zzAdmin','2018-10-25 14:05:10','ckxsmk','317@322@'),(323,56,'维护控制模块',317,6,'','start_using','zzAdmin','2018-10-25 14:05:10','zzAdmin','2018-10-25 14:05:10','whkzmk','317@323@'),(324,56,'顶棚导向模块',317,7,'','start_using','zzAdmin','2018-10-25 14:05:10','zzAdmin','2018-10-25 14:05:10','dpdxmk','317@324@'),(325,56,'其他',317,8,'','start_using','zzAdmin','2018-10-25 14:05:10','zzAdmin','2018-10-25 14:05:10','qt','317@325@'),(326,56,'BOM',-1,3,'','start_using','zzAdmin','2018-10-25 14:05:10','zzAdmin','2018-10-25 14:05:10','bom','326@'),(327,56,'显示器',326,1,'','start_using','zzAdmin','2018-10-25 14:05:10','zzAdmin','2018-10-25 14:05:10','xsq','326@327@'),(328,56,'读写器模块',326,2,'','start_using','zzAdmin','2018-10-25 14:05:10','zzAdmin','2018-10-25 14:05:10','dxqmk','326@328@'),(329,56,'工控机模块',326,3,'','start_using','zzAdmin','2018-10-25 14:05:10','zzAdmin','2018-10-25 14:05:10','gkjmk','326@329@'),(330,56,'窗口对讲机',326,4,'','start_using','zzAdmin','2018-10-25 14:05:10','zzAdmin','2018-10-25 14:05:10','ckdjj','326@330@'),(331,56,'打印机',326,5,'','start_using','zzAdmin','2018-10-25 14:05:11','zzAdmin','2018-10-25 14:05:11','dyj','326@331@'),(332,56,'其他',326,6,'','start_using','zzAdmin','2018-10-25 14:05:11','zzAdmin','2018-10-25 14:05:11','qt','326@332@'),(333,56,'SEMS',-1,4,'','start_using','zzAdmin','2018-10-25 14:05:11','zzAdmin','2018-10-25 14:05:11','sems','333@'),(334,56,'SER',-1,5,'','start_using','zzAdmin','2018-10-25 14:05:11','zzAdmin','2018-10-25 14:05:11','ser','334@'),(335,56,'STMS',-1,6,'','start_using','zzAdmin','2018-10-25 14:05:11','zzAdmin','2018-10-25 14:05:11','stms','335@'),(336,56,'WS',-1,7,'','start_using','zzAdmin','2018-10-25 14:05:11','zzAdmin','2018-10-25 14:05:11','ws','336@'),(337,56,'BCM',-1,8,'','start_using','zzAdmin','2018-10-25 14:05:11','zzAdmin','2018-10-25 14:05:11','bcm','337@'),(338,56,'EB',-1,9,'','start_using','zzAdmin','2018-10-25 14:05:11','zzAdmin','2018-10-25 14:05:11','eb','338@'),(339,56,'SC',-1,10,'','start_using','zzAdmin','2018-10-25 14:05:11','zzAdmin','2018-10-25 14:05:11','sc','339@'),(340,56,'服务器',339,1,'','start_using','zzAdmin','2018-10-25 14:05:11','zzAdmin','2018-10-25 14:05:11','fwq','339@340@'),(341,56,'监控工作站',339,2,'','start_using','zzAdmin','2018-10-25 14:05:11','zzAdmin','2018-10-25 14:05:11','jkgzz','339@341@'),(342,56,'显示单元',339,3,'','start_using','zzAdmin','2018-10-25 14:05:11','zzAdmin','2018-10-25 14:05:11','xsdy','339@342@'),(343,56,'打印机',339,4,'','start_using','zzAdmin','2018-10-25 14:05:11','zzAdmin','2018-10-25 14:05:11','dyj','339@343@'),(344,56,'票务工作站',339,5,'','start_using','zzAdmin','2018-10-25 14:05:11','zzAdmin','2018-10-25 14:05:11','pwgzz','339@344@'),(345,56,'SW',-1,11,'','start_using','zzAdmin','2018-10-25 14:05:12','zzAdmin','2018-10-25 14:05:12','sw','345@'),(346,56,'运营辅助设备',-1,12,'','start_using','zzAdmin','2018-10-25 14:05:12','zzAdmin','2018-10-25 14:05:12','yyfzsb','346@'),(347,56,'点币机',346,1,'','start_using','zzAdmin','2018-10-25 14:05:12','zzAdmin','2018-10-25 14:05:12','dbj','346@347@'),(348,56,'点钞机',346,2,'','start_using','zzAdmin','2018-10-25 14:05:12','zzAdmin','2018-10-25 14:05:12','dcj','346@348@'),(349,56,'点票机',346,3,'','start_using','zzAdmin','2018-10-25 14:05:12','zzAdmin','2018-10-25 14:05:12','dpj','346@349@'),(350,57,'TVM',-1,1,'','start_using','sysAdmin','2018-10-25 14:08:05','sysAdmin','2018-10-25 14:08:05','tvm','350@'),(351,57,'硬币模块',350,1,'','start_using','sysAdmin','2018-10-25 14:08:05','sysAdmin','2018-10-25 14:08:05','ybmk','350@351@'),(352,57,'单程票模块',350,2,'','start_using','sysAdmin','2018-10-25 14:08:05','sysAdmin','2018-10-25 14:08:05','dcpmk','350@352@'),(353,57,'读写器模块',350,3,'','start_using','sysAdmin','2018-10-25 14:08:05','sysAdmin','2018-10-25 14:08:05','dxqmk','350@353@'),(354,57,'打印机模块',350,4,'','start_using','sysAdmin','2018-10-25 14:08:05','sysAdmin','2018-10-25 14:08:05','dyjmk','350@354@'),(355,57,'储值票模块',350,5,'','start_using','sysAdmin','2018-10-25 14:08:05','sysAdmin','2018-10-25 14:08:05','czpmk','350@355@'),(356,57,'电源模块',350,6,'','start_using','sysAdmin','2018-10-25 14:08:05','sysAdmin','2018-10-25 14:08:05','dymk','350@356@'),(357,57,'乘客显示器',350,7,'','start_using','sysAdmin','2018-10-25 14:08:05','sysAdmin','2018-10-25 14:08:05','ckxsq','350@357@'),(358,57,'维护控制模块',350,8,'','start_using','sysAdmin','2018-10-25 14:08:05','sysAdmin','2018-10-25 14:08:05','whkzmk','350@358@'),(359,57,'运营状态显示模块',350,9,'','start_using','sysAdmin','2018-10-25 14:08:05','sysAdmin','2018-10-25 14:08:05','yyztxsmk','350@359@'),(360,57,'其他',350,10,'','start_using','sysAdmin','2018-10-25 14:08:05','sysAdmin','2018-10-25 14:08:05','qt','350@360@'),(361,57,'AGM',-1,2,'','start_using','sysAdmin','2018-10-25 14:08:05','sysAdmin','2018-10-25 14:08:05','agm','361@'),(362,57,'单程票回收模块',361,1,'','start_using','sysAdmin','2018-10-25 14:08:05','sysAdmin','2018-10-25 14:08:05','dcphsmk','361@362@'),(363,57,'机芯模块',361,2,'','start_using','sysAdmin','2018-10-25 14:08:05','sysAdmin','2018-10-25 14:08:05','jxmk','361@363@'),(364,57,'工控机模块',361,3,'','start_using','sysAdmin','2018-10-25 14:08:05','sysAdmin','2018-10-25 14:08:05','gkjmk','361@364@'),(365,57,'电源模块',361,4,'','start_using','sysAdmin','2018-10-25 14:08:05','sysAdmin','2018-10-25 14:08:05','dymk','361@365@'),(366,57,'乘客显示模块',361,5,'','start_using','sysAdmin','2018-10-25 14:08:06','sysAdmin','2018-10-25 14:08:06','ckxsmk','361@366@'),(367,57,'维护控制模块',361,6,'','start_using','sysAdmin','2018-10-25 14:08:06','sysAdmin','2018-10-25 14:08:06','whkzmk','361@367@'),(368,57,'顶棚导向模块',361,7,'','start_using','sysAdmin','2018-10-25 14:08:06','sysAdmin','2018-10-25 14:08:06','dpdxmk','361@368@'),(369,57,'其他',361,8,'','start_using','sysAdmin','2018-10-25 14:08:06','sysAdmin','2018-10-25 14:08:06','qt','361@369@'),(370,57,'BOM',-1,3,'','start_using','sysAdmin','2018-10-25 14:08:06','sysAdmin','2018-10-25 14:08:06','bom','370@'),(371,57,'显示器',370,1,'','start_using','sysAdmin','2018-10-25 14:08:06','sysAdmin','2018-10-25 14:08:06','xsq','370@371@'),(372,57,'读写器模块',370,2,'','start_using','sysAdmin','2018-10-25 14:08:06','sysAdmin','2018-10-25 14:08:06','dxqmk','370@372@'),(373,57,'工控机模块',370,3,'','start_using','sysAdmin','2018-10-25 14:08:06','sysAdmin','2018-10-25 14:08:06','gkjmk','370@373@'),(374,57,'窗口对讲机',370,4,'','start_using','sysAdmin','2018-10-25 14:08:06','sysAdmin','2018-10-25 14:08:06','ckdjj','370@374@'),(375,57,'打印机',370,5,'','start_using','sysAdmin','2018-10-25 14:08:06','sysAdmin','2018-10-25 14:08:06','dyj','370@375@'),(376,57,'其他',370,6,'','start_using','sysAdmin','2018-10-25 14:08:06','sysAdmin','2018-10-25 14:08:06','qt','370@376@'),(377,57,'SEMS',-1,4,'','start_using','sysAdmin','2018-10-25 14:08:06','sysAdmin','2018-10-25 14:08:06','sems','377@'),(378,57,'SER',-1,5,'','start_using','sysAdmin','2018-10-25 14:08:06','sysAdmin','2018-10-25 14:08:06','ser','378@'),(379,57,'STMS',-1,6,'','start_using','sysAdmin','2018-10-25 14:08:06','sysAdmin','2018-10-25 14:08:06','stms','379@'),(380,57,'WS',-1,7,'','start_using','sysAdmin','2018-10-25 14:08:06','sysAdmin','2018-10-25 14:08:06','ws','380@'),(381,57,'BCM',-1,8,'','start_using','sysAdmin','2018-10-25 14:08:06','sysAdmin','2018-10-25 14:08:06','bcm','381@'),(382,57,'EB',-1,9,'','start_using','sysAdmin','2018-10-25 14:08:06','sysAdmin','2018-10-25 14:08:06','eb','382@'),(383,57,'SC',-1,10,'','start_using','sysAdmin','2018-10-25 14:08:07','sysAdmin','2018-10-25 14:08:07','sc','383@'),(384,57,'服务器',383,1,'','start_using','sysAdmin','2018-10-25 14:08:07','sysAdmin','2018-10-25 14:08:07','fwq','383@384@'),(385,57,'监控工作站',383,2,'','start_using','sysAdmin','2018-10-25 14:08:07','sysAdmin','2018-10-25 14:08:07','jkgzz','383@385@'),(386,57,'显示单元',383,3,'','start_using','sysAdmin','2018-10-25 14:08:07','sysAdmin','2018-10-25 14:08:07','xsdy','383@386@'),(387,57,'打印机',383,4,'','start_using','sysAdmin','2018-10-25 14:08:07','sysAdmin','2018-10-25 14:08:07','dyj','383@387@'),(388,57,'票务工作站',383,5,'','start_using','sysAdmin','2018-10-25 14:08:07','sysAdmin','2018-10-25 14:08:07','pwgzz','383@388@'),(389,57,'SW',-1,11,'','start_using','sysAdmin','2018-10-25 14:08:07','sysAdmin','2018-10-25 14:08:07','sw','389@'),(390,57,'运营辅助设备',-1,12,'','start_using','sysAdmin','2018-10-25 14:08:07','sysAdmin','2018-10-25 14:08:07','yyfzsb','390@'),(391,57,'点币机',390,1,'','start_using','sysAdmin','2018-10-25 14:08:07','sysAdmin','2018-10-25 14:08:07','dbj','390@391@'),(392,57,'点钞机',390,2,'','start_using','sysAdmin','2018-10-25 14:08:07','sysAdmin','2018-10-25 14:08:07','dcj','390@392@'),(393,57,'点票机',390,3,'','start_using','sysAdmin','2018-10-25 14:08:07','sysAdmin','2018-10-25 14:08:07','dpj','390@393@'),(394,57,'自动检票机',-1,13,'','start_using','whAdmin','2018-10-25 17:37:30','whAdmin','2018-10-25 19:05:47','zdjpj','179@'),(395,57,'自动售票机',-1,14,'','start_using','whAdmin','2018-10-25 17:37:47','whAdmin','2018-10-25 19:05:52','zdspj','180@'),(396,57,'票房售票机',-1,16,'','start_using','whAdmin','2018-10-25 17:38:11','whAdmin','2018-10-25 19:06:05','pfspj','181@'),(397,57,'服务器',-1,19,'','start_using','whAdmin','2018-10-25 17:39:42','whAdmin','2018-10-25 19:06:23','fwq','182@'),(398,57,'监控工作站',-1,18,'','start_using','whAdmin','2018-10-25 17:40:06','whAdmin','2018-10-25 19:06:16','jkgzz','183@'),(399,57,'票务工作站',-1,17,'','start_using','whAdmin','2018-10-25 17:40:22','whAdmin','2018-10-25 19:06:10','pwgzz','184@'),(400,57,'交换机',-1,21,'','start_using','whAdmin','2018-10-25 17:40:39','whAdmin','2018-10-25 19:06:35','jhj','185@'),(401,57,'工作站',-1,20,'','start_using','whAdmin','2018-10-25 17:40:49','whAdmin','2018-10-25 19:06:29','gzz','186@'),(402,57,'自动检票机',-1,13,'','start_using','whAdmin','2018-10-25 17:37:30','whAdmin','2018-10-25 19:05:47','zdjpj','179@'),(403,57,'自动售票机',-1,14,'','start_using','whAdmin','2018-10-25 17:37:47','whAdmin','2018-10-25 19:05:52','zdspj','180@'),(404,57,'票房售票机',-1,16,'','start_using','whAdmin','2018-10-25 17:38:11','whAdmin','2018-10-25 19:06:05','pfspj','181@'),(405,57,'服务器',-1,19,'','start_using','whAdmin','2018-10-25 17:39:42','whAdmin','2018-10-25 19:06:23','fwq','182@'),(406,57,'监控工作站',-1,18,'','start_using','whAdmin','2018-10-25 17:40:06','whAdmin','2018-10-25 19:06:16','jkgzz','183@'),(407,57,'票务工作站',-1,17,'','start_using','whAdmin','2018-10-25 17:40:22','whAdmin','2018-10-25 19:06:10','pwgzz','184@'),(408,57,'交换机',-1,21,'','start_using','whAdmin','2018-10-25 17:40:39','whAdmin','2018-10-25 19:06:35','jhj','185@'),(409,57,'工作站',-1,20,'','start_using','whAdmin','2018-10-25 17:40:49','whAdmin','2018-10-25 19:06:29','gzz','186@'),(410,57,'紧急按钮控制盒',-1,15,'','start_using','whAdmin','2018-10-25 17:41:03','whAdmin','2018-10-25 19:05:58','jjankzh','187@'),(411,38,'SC',-1,NULL,'','start_using','管理员（不要改）','2018-10-25 20:09:27','管理员（不要改）','2018-10-25 20:09:27','sc','411@');

/*Table structure for table `stock_and_stock` */

DROP TABLE IF EXISTS `stock_and_stock`;

CREATE TABLE `stock_and_stock` (
  `stockAndStockId` bigint(20) NOT NULL AUTO_INCREMENT,
  `inStockDetailId` bigint(20) DEFAULT NULL COMMENT '入库详单ID',
  `stockId` bigint(20) DEFAULT NULL COMMENT '库存ID',
  PRIMARY KEY (`stockAndStockId`)
) ENGINE=InnoDB AUTO_INCREMENT=43 DEFAULT CHARSET=utf8;

/*Data for the table `stock_and_stock` */

insert  into `stock_and_stock`(`stockAndStockId`,`inStockDetailId`,`stockId`) values (1,1,1),(2,1,2),(3,1,3),(4,1,4),(5,1,5),(6,1,6),(7,1,7),(8,1,8),(9,1,9),(10,1,10),(11,2,11),(12,3,12),(13,3,13),(14,3,14),(15,3,15),(16,3,16),(17,3,17),(18,3,18),(19,3,19),(20,3,20),(21,3,21),(22,4,22),(23,5,23),(24,6,24),(25,9,25),(26,10,11),(27,11,23),(28,12,25),(29,13,11),(30,14,23),(31,15,26),(32,16,27),(33,17,28),(34,18,29),(35,19,30),(36,7,31),(37,8,32),(38,21,33),(39,22,11),(40,23,23),(41,28,25),(42,20,34);

/*Table structure for table `stock_business_apply` */

DROP TABLE IF EXISTS `stock_business_apply`;

CREATE TABLE `stock_business_apply` (
  `applyId` bigint(20) NOT NULL AUTO_INCREMENT,
  `outWarehouseId` bigint(20) DEFAULT NULL COMMENT '要出库仓库ID',
  `inWarehouseId` bigint(20) DEFAULT NULL COMMENT '申请仓库ID（调拨、返回）',
  `applyUser` varchar(32) DEFAULT NULL COMMENT '申请人',
  `applyUserId` bigint(20) DEFAULT NULL COMMENT '申请人ID',
  `applyTime` datetime DEFAULT NULL COMMENT '申请时间',
  `applyStatus` varchar(32) DEFAULT NULL COMMENT '申请单状态',
  `applyType` varchar(32) DEFAULT NULL COMMENT '申请类型',
  `auditUser` varchar(32) DEFAULT NULL COMMENT '审核人',
  `auditUserId` bigint(20) DEFAULT NULL COMMENT '审核人ID',
  `auditTime` datetime DEFAULT NULL COMMENT '审核时间',
  `auditRemark` varchar(512) DEFAULT NULL COMMENT '审核意见',
  `applyRemark` varchar(512) DEFAULT NULL COMMENT '订单备注',
  `applyNo` varchar(32) DEFAULT NULL COMMENT '申请单号',
  PRIMARY KEY (`applyId`)
) ENGINE=InnoDB AUTO_INCREMENT=10 DEFAULT CHARSET=utf8;

/*Data for the table `stock_business_apply` */

insert  into `stock_business_apply`(`applyId`,`outWarehouseId`,`inWarehouseId`,`applyUser`,`applyUserId`,`applyTime`,`applyStatus`,`applyType`,`auditUser`,`auditUserId`,`auditTime`,`auditRemark`,`applyRemark`,`applyNo`) values (1,59,NULL,'管理员（不要改）',47,'2018-10-24 17:55:22','toBeReview','use',NULL,NULL,NULL,NULL,'','LQ2018102413306'),(2,59,NULL,'管理员（不要改）',47,'2018-10-24 18:59:13','toBeIn','use','管理员（不要改）',47,'2018-10-29 16:48:06',NULL,'','LQ2018102423862'),(3,59,NULL,'管理员（不要改）',47,'2018-10-24 20:34:54','over','use','管理员（不要改）',47,'2018-10-24 20:35:02',NULL,'','LQ2018102419271'),(4,59,NULL,'管理员（不要改）',47,'2018-10-25 17:59:01','over','use','管理员（不要改）',47,'2018-10-25 17:59:12',NULL,'','LQ2018102530233'),(5,59,NULL,'管理员（不要改）',47,'2018-10-25 18:00:29','over','use','管理员（不要改）',47,'2018-10-25 18:00:40',NULL,'','LQ2018102558018'),(6,59,64,'管理员（不要改）',47,'2018-10-29 16:47:51','toBeIn','transfer','管理员',47,'2018-11-01 13:35:00',NULL,'','DB2018102995623'),(7,59,NULL,'管理员（不要改）',47,'2018-10-31 11:28:48','toBeIn','use','管理员（不要改）',47,'2018-10-31 11:28:58',NULL,'1','LQ2018103139238'),(8,59,NULL,'管理员',47,'2018-11-01 15:49:06','toBeIn','use','管理员',47,'2018-11-01 15:49:24',NULL,'','LQ2018110175110'),(9,59,NULL,'管理员',47,'2018-11-01 15:56:31','toBeReview','use',NULL,NULL,NULL,NULL,'','LQ2018110172526');

/*Table structure for table `stock_business_apply_detail` */

DROP TABLE IF EXISTS `stock_business_apply_detail`;

CREATE TABLE `stock_business_apply_detail` (
  `applyDetailId` bigint(20) NOT NULL AUTO_INCREMENT COMMENT '业务申请详单ID',
  `applyId` bigint(20) DEFAULT NULL COMMENT '业务申请ID',
  `sparePartId` bigint(20) NOT NULL COMMENT '备件ID',
  `applyCount` int(11) DEFAULT NULL COMMENT '申请数量',
  `stockId` bigint(20) DEFAULT NULL COMMENT '库存ID（返还申请用）',
  `stockStatus` varchar(32) DEFAULT NULL,
  PRIMARY KEY (`applyDetailId`)
) ENGINE=InnoDB AUTO_INCREMENT=13 DEFAULT CHARSET=utf8;

/*Data for the table `stock_business_apply_detail` */

insert  into `stock_business_apply_detail`(`applyDetailId`,`applyId`,`sparePartId`,`applyCount`,`stockId`,`stockStatus`) values (1,1,38,1,NULL,'normal'),(2,1,39,1,NULL,'normal'),(3,2,39,1,NULL,'normal'),(4,3,38,2,NULL,'normal'),(5,4,38,5,NULL,'normal'),(6,5,38,1,NULL,'bad'),(7,6,38,1,NULL,'normal'),(8,7,38,1,NULL,'normal'),(9,7,39,1,NULL,'normal'),(10,7,42,1,NULL,'normal'),(11,8,38,1,NULL,'normal'),(12,9,39,1,NULL,'normal');

/*Table structure for table `stock_flow_log` */

DROP TABLE IF EXISTS `stock_flow_log`;

CREATE TABLE `stock_flow_log` (
  `flowId` bigint(20) NOT NULL AUTO_INCREMENT COMMENT '库存流水表ID',
  `stockId` bigint(20) DEFAULT NULL COMMENT '库存ID',
  `type` varchar(32) DEFAULT NULL COMMENT '类型',
  `count` int(11) DEFAULT NULL COMMENT '数量',
  `flowDescribe` text COMMENT '描述',
  `createUser` varchar(32) DEFAULT NULL COMMENT '添加人',
  `createTime` datetime DEFAULT CURRENT_TIMESTAMP COMMENT '创建时间',
  `modifyUser` varchar(32) DEFAULT NULL COMMENT '修改人',
  `modifyTime` datetime DEFAULT CURRENT_TIMESTAMP ON UPDATE CURRENT_TIMESTAMP COMMENT '修改时间',
  `warehouseId` bigint(20) DEFAULT NULL COMMENT '仓库ID',
  `sparePartId` bigint(20) DEFAULT NULL,
  `sourceId` bigint(20) DEFAULT NULL COMMENT '来源表ID',
  PRIMARY KEY (`flowId`)
) ENGINE=InnoDB AUTO_INCREMENT=57 DEFAULT CHARSET=utf8;

/*Data for the table `stock_flow_log` */

insert  into `stock_flow_log`(`flowId`,`stockId`,`type`,`count`,`flowDescribe`,`createUser`,`createTime`,`modifyUser`,`modifyTime`,`warehouseId`,`sparePartId`,`sourceId`) values (1,1,'newIn',1,NULL,'','2018-10-24 17:55:08','','2018-10-24 17:55:08',59,38,1),(2,2,'newIn',1,NULL,'','2018-10-24 17:55:08','','2018-10-24 17:55:08',59,38,1),(3,3,'newIn',1,NULL,'','2018-10-24 17:55:08','','2018-10-24 17:55:08',59,38,1),(4,4,'newIn',1,NULL,'','2018-10-24 17:55:08','','2018-10-24 17:55:08',59,38,1),(5,5,'newIn',1,NULL,'','2018-10-24 17:55:08','','2018-10-24 17:55:08',59,38,1),(6,6,'newIn',1,NULL,'','2018-10-24 17:55:08','','2018-10-24 17:55:08',59,38,1),(7,7,'newIn',1,NULL,'','2018-10-24 17:55:08','','2018-10-24 17:55:08',59,38,1),(8,8,'newIn',1,NULL,'','2018-10-24 17:55:08','','2018-10-24 17:55:08',59,38,1),(9,9,'newIn',1,NULL,'','2018-10-24 17:55:08','','2018-10-24 17:55:08',59,38,1),(10,10,'newIn',1,NULL,'','2018-10-24 17:55:08','','2018-10-24 17:55:08',59,38,1),(11,11,'newIn',10,NULL,'','2018-10-24 17:55:08','','2018-10-24 17:55:08',59,39,2),(12,12,'newIn',1,NULL,'','2018-10-24 17:55:08','','2018-10-24 17:55:08',59,42,3),(13,13,'newIn',1,NULL,'','2018-10-24 17:55:08','','2018-10-24 17:55:08',59,42,3),(14,14,'newIn',1,NULL,'','2018-10-24 17:55:08','','2018-10-24 17:55:08',59,42,3),(15,15,'newIn',1,NULL,'','2018-10-24 17:55:08','','2018-10-24 17:55:08',59,42,3),(16,16,'newIn',1,NULL,'','2018-10-24 17:55:08','','2018-10-24 17:55:08',59,42,3),(17,17,'newIn',1,NULL,'','2018-10-24 17:55:08','','2018-10-24 17:55:08',59,42,3),(18,18,'newIn',1,NULL,'','2018-10-24 17:55:08','','2018-10-24 17:55:08',59,42,3),(19,19,'newIn',1,NULL,'','2018-10-24 17:55:08','','2018-10-24 17:55:08',59,42,3),(20,20,'newIn',1,NULL,'','2018-10-24 17:55:08','','2018-10-24 17:55:08',59,42,3),(21,21,'newIn',1,NULL,'','2018-10-24 17:55:08','','2018-10-24 17:55:08',59,42,3),(22,22,'newIn',10,NULL,'','2018-10-24 17:55:09','','2018-10-24 17:55:09',59,41,4),(23,23,'newIn',10,NULL,'','2018-10-24 17:55:09','','2018-10-24 17:55:09',59,40,5),(24,24,'newIn',10,NULL,'','2018-10-24 17:55:09','','2018-10-24 17:55:09',59,39,6),(25,4,'useOut',1,'useOut','','2018-10-24 20:35:23','','2018-10-24 20:35:23',59,38,1),(26,10,'useOut',1,'useOut','','2018-10-24 20:35:24','','2018-10-24 20:35:24',59,38,1),(27,25,'newIn',1,NULL,'','2018-10-24 21:34:10','','2018-10-24 21:34:10',59,38,9),(28,11,'newIn',1,NULL,'','2018-10-24 21:34:10','','2018-10-24 21:34:10',59,39,10),(29,23,'newIn',1,NULL,'','2018-10-24 21:34:10','','2018-10-24 21:34:10',59,40,11),(30,25,'newIn',1,NULL,'','2018-10-24 21:38:52','','2018-10-24 21:38:52',59,38,12),(31,11,'newIn',1,NULL,'','2018-10-24 21:38:52','','2018-10-24 21:38:52',59,39,13),(32,23,'newIn',1,NULL,'','2018-10-24 21:38:52','','2018-10-24 21:38:52',59,40,14),(33,7,'useOut',1,'useOut','','2018-10-25 17:59:50','','2018-10-25 17:59:50',59,38,2),(34,6,'useOut',1,'useOut','','2018-10-25 17:59:50','','2018-10-25 17:59:50',59,38,2),(35,5,'useOut',1,'useOut','','2018-10-25 17:59:50','','2018-10-25 17:59:50',59,38,2),(36,3,'useOut',1,'useOut','','2018-10-25 17:59:50','','2018-10-25 17:59:50',59,38,2),(37,2,'useOut',1,'useOut','','2018-10-25 17:59:50','','2018-10-25 17:59:50',59,38,2),(38,26,'useIn',1,NULL,'','2018-10-25 18:00:15','','2018-10-25 18:00:15',59,38,15),(39,27,'useIn',1,NULL,'','2018-10-25 18:00:15','','2018-10-25 18:00:15',59,38,16),(40,28,'useIn',1,NULL,'','2018-10-25 18:00:15','','2018-10-25 18:00:15',59,38,17),(41,29,'useIn',1,NULL,'','2018-10-25 18:00:15','','2018-10-25 18:00:15',59,38,18),(42,30,'useIn',1,NULL,'','2018-10-25 18:00:15','','2018-10-25 18:00:15',59,38,19),(43,31,'useIn',1,NULL,'','2018-10-25 19:54:59','','2018-10-25 19:54:59',59,38,7),(44,32,'useIn',1,NULL,'','2018-10-25 19:54:59','','2018-10-25 19:54:59',59,38,8),(45,30,'useOut',1,'useOut','','2018-10-26 11:36:44','','2018-10-26 11:36:44',59,38,3),(46,33,'newIn',1,NULL,'','2018-10-29 16:41:52','','2018-10-29 16:41:52',59,38,21),(47,11,'newIn',1,NULL,'','2018-10-29 16:41:53','','2018-10-29 16:41:53',59,39,22),(48,23,'newIn',1,NULL,'','2018-10-29 16:41:53','','2018-10-29 16:41:53',59,40,23),(49,24,'useOut',1,'useOut','','2018-10-29 17:30:48','','2018-10-29 17:30:48',59,39,4),(50,24,'useOut',1,'useOut','','2018-10-31 11:29:46','','2018-10-31 11:29:46',59,39,5),(51,15,'useOut',1,'useOut','','2018-10-31 11:29:46','','2018-10-31 11:29:46',59,42,5),(52,1,'transferOut',1,'transferOut','','2018-11-01 13:48:39','','2018-11-01 13:48:39',59,38,6),(53,25,'newIn',1,NULL,'','2018-11-01 15:38:26','','2018-11-01 15:38:26',59,38,28),(54,34,'useIn',1,NULL,'','2018-11-01 15:43:46','','2018-11-01 15:43:46',59,38,20),(55,8,'useOut',1,'useOut','','2018-11-01 15:51:52','','2018-11-01 15:51:52',59,38,7),(56,9,'borrowOut',1,'borrowOut','','2018-11-01 15:54:40','','2018-11-01 15:54:40',59,NULL,0);

/*Table structure for table `stock_goods_shelves` */

DROP TABLE IF EXISTS `stock_goods_shelves`;

CREATE TABLE `stock_goods_shelves` (
  `goodsShelvesId` bigint(20) NOT NULL AUTO_INCREMENT COMMENT '货架ID',
  `warehouseId` bigint(20) DEFAULT NULL COMMENT '仓库ID',
  `houseNo` varchar(64) DEFAULT NULL COMMENT '房间号',
  `containerType` varchar(64) DEFAULT NULL COMMENT '货柜类型',
  `shelfNumber` varchar(64) DEFAULT NULL COMMENT '货架编号',
  `remark` varchar(512) DEFAULT NULL COMMENT '备注',
  `status` varchar(32) DEFAULT NULL COMMENT '状态',
  `createUser` varchar(32) DEFAULT NULL COMMENT '添加人',
  `createTime` datetime DEFAULT CURRENT_TIMESTAMP COMMENT '创建时间',
  `modifyUser` varchar(32) DEFAULT NULL COMMENT '修改人',
  `modifyTime` datetime DEFAULT CURRENT_TIMESTAMP ON UPDATE CURRENT_TIMESTAMP COMMENT '修改时间',
  PRIMARY KEY (`goodsShelvesId`)
) ENGINE=InnoDB AUTO_INCREMENT=184680 DEFAULT CHARSET=utf8;

/*Data for the table `stock_goods_shelves` */

insert  into `stock_goods_shelves`(`goodsShelvesId`,`warehouseId`,`houseNo`,`containerType`,`shelfNumber`,`remark`,`status`,`createUser`,`createTime`,`modifyUser`,`modifyTime`) values (98,59,'001','Container','1_1','01010101','start_using','admin','2018-08-02 10:13:12','管理员（不要改）','2018-08-31 09:27:28'),(99,59,'001','Shelf','1_2','','stop_using','admin','2018-08-02 10:13:12','admin','2018-08-24 15:57:30'),(100,59,'001','Shelf','1_3','','start_using','admin','2018-08-02 10:13:12','admin','2018-08-02 10:13:12'),(101,59,'001','Shelf','1_4','','start_using','admin','2018-08-02 10:13:12','admin','2018-08-02 10:13:12'),(102,59,'001','Shelf','1_5','','start_using','admin','2018-08-02 10:13:12','admin','2018-08-02 10:13:12'),(103,59,'001','Shelf','2_1','','start_using','admin','2018-08-02 10:13:12','admin','2018-08-02 10:13:12'),(104,59,'001','Shelf','2_2','','start_using','admin','2018-08-02 10:13:12','admin','2018-08-02 10:13:12'),(105,59,'001','Shelf','2_3','','start_using','admin','2018-08-02 10:13:12','admin','2018-08-02 10:13:12'),(106,59,'001','Shelf','2_4','','start_using','admin','2018-08-02 10:13:12','admin','2018-08-02 10:13:12'),(107,59,'001','Shelf','2_5','','start_using','admin','2018-08-02 10:13:12','admin','2018-08-02 10:13:12'),(108,59,'22','Shelf','1_1','123123','start_using','管理员','2018-08-08 15:34:42','管理员（不要改）','2018-08-31 09:27:41'),(109,59,'22','Shelf','1_2','123123','stop_using','管理员','2018-08-08 15:34:42','管理员','2018-08-24 14:18:00'),(110,59,'22','Shelf','2_1','123123','start_using','管理员','2018-08-08 15:34:42','管理员','2018-08-08 15:34:42'),(111,59,'22','Shelf','2_2','123123','start_using','管理员','2018-08-08 15:34:42','管理员','2018-08-08 15:34:42'),(9947,61,'123123','Shelf','1_1','飒飒是发','start_using','管理员','2018-08-08 15:50:10','管理员','2018-08-08 15:50:10'),(9956,61,'123123','Shelf','1_2','飒飒是发','start_using','管理员','2018-08-08 15:50:10','管理员','2018-08-08 15:50:10'),(9957,61,'123123','Shelf','1_3','飒飒是发','start_using','管理员','2018-08-08 15:50:10','管理员','2018-08-08 15:50:10'),(9964,61,'123123','Shelf','1_4','飒飒是发','start_using','管理员','2018-08-08 15:50:10','管理员','2018-08-08 15:50:10'),(9972,61,'123123','Shelf','1_5','飒飒是发','start_using','管理员','2018-08-08 15:50:10','管理员','2018-08-08 15:50:10'),(9980,61,'123123','Shelf','1_6','飒飒是发','start_using','管理员','2018-08-08 15:50:10','管理员','2018-08-08 15:50:10'),(9986,61,'123123','Shelf','1_7','飒飒是发','start_using','管理员','2018-08-08 15:50:10','管理员','2018-08-08 15:50:10'),(9991,61,'123123','Shelf','1_8','飒飒是发','start_using','管理员','2018-08-08 15:50:11','管理员','2018-08-08 15:50:11'),(9995,61,'123123','Shelf','1_9','飒飒是发','start_using','管理员','2018-08-08 15:50:11','管理员','2018-08-08 15:50:11'),(10001,61,'123123','Shelf','1_10','飒飒是发','start_using','管理员','2018-08-08 15:50:11','管理员','2018-08-08 15:50:11'),(10006,61,'123123','Shelf','1_11','飒飒是发','start_using','管理员','2018-08-08 15:50:11','管理员','2018-08-08 15:50:11'),(10013,61,'123123','Shelf','1_12','飒飒是发','start_using','管理员','2018-08-08 15:50:11','管理员','2018-08-08 15:50:11'),(10018,61,'123123','Shelf','1_13','飒飒是发','start_using','管理员','2018-08-08 15:50:11','管理员','2018-08-08 15:50:11'),(10028,61,'123123','Shelf','1_14','飒飒是发','start_using','管理员','2018-08-08 15:50:11','管理员','2018-08-08 15:50:11'),(10033,61,'123123','Shelf','1_15','飒飒是发','start_using','管理员','2018-08-08 15:50:11','管理员','2018-08-08 15:50:11'),(10040,61,'123123','Shelf','1_16','飒飒是发','start_using','管理员','2018-08-08 15:50:11','管理员','2018-08-08 15:50:11'),(10046,61,'123123','Shelf','1_17','飒飒是发','start_using','管理员','2018-08-08 15:50:11','管理员','2018-08-08 15:50:11'),(10052,61,'123123','Shelf','1_18','飒飒是发','start_using','管理员','2018-08-08 15:50:11','管理员','2018-08-08 15:50:11'),(10056,61,'123123','Shelf','1_19','飒飒是发','start_using','管理员','2018-08-08 15:50:11','管理员','2018-08-08 15:50:11'),(10061,61,'123123','Shelf','1_20','飒飒是发','start_using','管理员','2018-08-08 15:50:11','管理员','2018-08-08 15:50:11'),(10070,61,'123123','Shelf','1_21','飒飒是发','start_using','管理员','2018-08-08 15:50:11','管理员','2018-08-08 15:50:11'),(10077,61,'123123','Shelf','2_1','飒飒是发','start_using','管理员','2018-08-08 15:50:11','管理员','2018-08-08 15:50:11'),(10083,61,'123123','Shelf','2_2','飒飒是发','start_using','管理员','2018-08-08 15:50:11','管理员','2018-08-08 15:50:11'),(10089,61,'123123','Shelf','2_3','飒飒是发','start_using','管理员','2018-08-08 15:50:11','管理员','2018-08-08 15:50:11'),(10095,61,'123123','Shelf','2_4','飒飒是发','start_using','管理员','2018-08-08 15:50:11','管理员','2018-08-08 15:50:11'),(10100,61,'123123','Shelf','2_5','飒飒是发','start_using','管理员','2018-08-08 15:50:11','管理员','2018-08-08 15:50:11'),(10104,61,'123123','Shelf','2_6','飒飒是发','start_using','管理员','2018-08-08 15:50:11','管理员','2018-08-08 15:50:11'),(10112,61,'123123','Shelf','2_7','飒飒是发','start_using','管理员','2018-08-08 15:50:11','管理员','2018-08-08 15:50:11'),(10117,61,'123123','Shelf','2_8','飒飒是发','start_using','管理员','2018-08-08 15:50:11','管理员','2018-08-08 15:50:11'),(10123,61,'123123','Shelf','2_9','飒飒是发','start_using','管理员','2018-08-08 15:50:11','管理员','2018-08-08 15:50:11'),(10129,61,'123123','Shelf','2_10','飒飒是发','start_using','管理员','2018-08-08 15:50:11','管理员','2018-08-08 15:50:11'),(10134,61,'123123','Shelf','2_11','飒飒是发','start_using','管理员','2018-08-08 15:50:11','管理员','2018-08-08 15:50:11'),(10140,61,'123123','Shelf','2_12','飒飒是发','start_using','管理员','2018-08-08 15:50:11','管理员','2018-08-08 15:50:11'),(10147,61,'123123','Shelf','2_13','飒飒是发','start_using','管理员','2018-08-08 15:50:11','管理员','2018-08-08 15:50:11'),(10152,61,'123123','Shelf','2_14','飒飒是发','start_using','管理员','2018-08-08 15:50:11','管理员','2018-08-08 15:50:11'),(10159,61,'123123','Shelf','2_15','飒飒是发','start_using','管理员','2018-08-08 15:50:11','管理员','2018-08-08 15:50:11'),(10164,61,'123123','Shelf','2_16','飒飒是发','start_using','管理员','2018-08-08 15:50:11','管理员','2018-08-08 15:50:11'),(10169,61,'123123','Shelf','2_17','飒飒是发','start_using','管理员','2018-08-08 15:50:11','管理员','2018-08-08 15:50:11'),(10178,61,'123123','Shelf','2_18','飒飒是发','start_using','管理员','2018-08-08 15:50:11','管理员','2018-08-08 15:50:11'),(10182,61,'123123','Shelf','2_19','飒飒是发','start_using','管理员','2018-08-08 15:50:11','管理员','2018-08-08 15:50:11'),(10187,61,'123123','Shelf','2_20','飒飒是发','start_using','管理员','2018-08-08 15:50:11','管理员','2018-08-08 15:50:11'),(10195,61,'123123','Shelf','2_21','飒飒是发','start_using','管理员','2018-08-08 15:50:11','管理员','2018-08-08 15:50:11'),(10204,61,'123123','Shelf','3_1','飒飒是发','start_using','管理员','2018-08-08 15:50:11','管理员','2018-08-08 15:50:11'),(10208,61,'123123','Shelf','3_2','飒飒是发','start_using','管理员','2018-08-08 15:50:11','管理员','2018-08-08 15:50:11'),(10209,61,'123123','Shelf','1_1','飒飒是发','start_using','管理员','2018-08-08 15:50:11','管理员','2018-08-08 15:50:11'),(10216,61,'123123','Shelf','3_3','飒飒是发','start_using','管理员','2018-08-08 15:50:11','管理员','2018-08-08 15:50:11'),(10218,61,'123123','Shelf','1_2','飒飒是发','start_using','管理员','2018-08-08 15:50:11','管理员','2018-08-08 15:50:11'),(10223,61,'123123','Shelf','3_4','飒飒是发','start_using','管理员','2018-08-08 15:50:11','管理员','2018-08-08 15:50:11'),(10225,61,'123123','Shelf','1_3','飒飒是发','start_using','管理员','2018-08-08 15:50:11','管理员','2018-08-08 15:50:11'),(10229,61,'123123','Shelf','3_5','飒飒是发','start_using','管理员','2018-08-08 15:50:11','管理员','2018-08-08 15:50:11'),(10232,61,'123123','Shelf','1_4','飒飒是发','start_using','管理员','2018-08-08 15:50:11','管理员','2018-08-08 15:50:11'),(10237,61,'123123','Shelf','3_6','飒飒是发','start_using','管理员','2018-08-08 15:50:11','管理员','2018-08-08 15:50:11'),(10238,61,'123123','Shelf','1_5','飒飒是发','start_using','管理员','2018-08-08 15:50:11','管理员','2018-08-08 15:50:11'),(10244,61,'123123','Shelf','3_7','飒飒是发','start_using','管理员','2018-08-08 15:50:11','管理员','2018-08-08 15:50:11'),(10246,61,'123123','Shelf','1_6','飒飒是发','start_using','管理员','2018-08-08 15:50:11','管理员','2018-08-08 15:50:11'),(10249,61,'123123','Shelf','1_7','飒飒是发','start_using','管理员','2018-08-08 15:50:11','管理员','2018-08-08 15:50:11'),(10252,61,'123123','Shelf','3_8','飒飒是发','start_using','管理员','2018-08-08 15:50:11','管理员','2018-08-08 15:50:11'),(10254,61,'123123','Shelf','1_8','飒飒是发','start_using','管理员','2018-08-08 15:50:12','管理员','2018-08-08 15:50:12'),(10259,61,'123123','Shelf','3_9','飒飒是发','start_using','管理员','2018-08-08 15:50:12','管理员','2018-08-08 15:50:12'),(10263,61,'123123','Shelf','1_9','飒飒是发','start_using','管理员','2018-08-08 15:50:12','管理员','2018-08-08 15:50:12'),(10267,61,'123123','Shelf','3_10','飒飒是发','start_using','管理员','2018-08-08 15:50:12','管理员','2018-08-08 15:50:12'),(10269,61,'123123','Shelf','1_10','飒飒是发','start_using','管理员','2018-08-08 15:50:12','管理员','2018-08-08 15:50:12'),(10274,61,'123123','Shelf','3_11','飒飒是发','start_using','管理员','2018-08-08 15:50:12','管理员','2018-08-08 15:50:12'),(10275,61,'123123','Shelf','1_11','飒飒是发','start_using','管理员','2018-08-08 15:50:12','管理员','2018-08-08 15:50:12'),(10281,61,'123123','Shelf','3_12','飒飒是发','start_using','管理员','2018-08-08 15:50:12','管理员','2018-08-08 15:50:12'),(10285,61,'123123','Shelf','1_12','飒飒是发','start_using','管理员','2018-08-08 15:50:12','管理员','2018-08-08 15:50:12'),(10286,61,'123123','Shelf','3_13','飒飒是发','start_using','管理员','2018-08-08 15:50:12','管理员','2018-08-08 15:50:12'),(10291,61,'123123','Shelf','1_13','飒飒是发','start_using','管理员','2018-08-08 15:50:12','管理员','2018-08-08 15:50:12'),(10294,61,'123123','Shelf','3_14','飒飒是发','start_using','管理员','2018-08-08 15:50:12','管理员','2018-08-08 15:50:12'),(10298,61,'123123','Shelf','1_14','飒飒是发','start_using','管理员','2018-08-08 15:50:12','管理员','2018-08-08 15:50:12'),(10301,61,'123123','Shelf','3_15','飒飒是发','start_using','管理员','2018-08-08 15:50:12','管理员','2018-08-08 15:50:12'),(10305,61,'123123','Shelf','1_15','飒飒是发','start_using','管理员','2018-08-08 15:50:12','管理员','2018-08-08 15:50:12'),(10308,61,'123123','Shelf','3_16','飒飒是发','start_using','管理员','2018-08-08 15:50:12','管理员','2018-08-08 15:50:12'),(10312,61,'123123','Shelf','1_16','飒飒是发','start_using','管理员','2018-08-08 15:50:12','管理员','2018-08-08 15:50:12'),(10315,61,'123123','Shelf','3_17','飒飒是发','start_using','管理员','2018-08-08 15:50:12','管理员','2018-08-08 15:50:12'),(10320,61,'123123','Shelf','1_17','飒飒是发','start_using','管理员','2018-08-08 15:50:12','管理员','2018-08-08 15:50:12'),(10322,61,'123123','Shelf','3_18','飒飒是发','start_using','管理员','2018-08-08 15:50:12','管理员','2018-08-08 15:50:12'),(10326,61,'123123','Shelf','1_18','飒飒是发','start_using','管理员','2018-08-08 15:50:12','管理员','2018-08-08 15:50:12'),(10330,61,'123123','Shelf','3_19','飒飒是发','start_using','管理员','2018-08-08 15:50:12','管理员','2018-08-08 15:50:12'),(10331,61,'123123','Shelf','1_1','飒飒是发','start_using','管理员','2018-08-08 15:50:12','管理员','2018-08-08 15:50:12'),(10334,61,'123123','Shelf','1_19','飒飒是发','start_using','管理员','2018-08-08 15:50:12','管理员','2018-08-08 15:50:12'),(10338,61,'123123','Shelf','3_20','飒飒是发','start_using','管理员','2018-08-08 15:50:12','管理员','2018-08-08 15:50:12'),(10339,61,'123123','Shelf','1_2','飒飒是发','start_using','管理员','2018-08-08 15:50:12','管理员','2018-08-08 15:50:12'),(10344,61,'123123','Shelf','1_20','飒飒是发','start_using','管理员','2018-08-08 15:50:12','管理员','2018-08-08 15:50:12'),(10345,61,'123123','Shelf','1_3','飒飒是发','start_using','管理员','2018-08-08 15:50:12','管理员','2018-08-08 15:50:12'),(10346,61,'123123','Shelf','3_21','飒飒是发','start_using','管理员','2018-08-08 15:50:12','管理员','2018-08-08 15:50:12'),(10351,61,'123123','Shelf','1_21','飒飒是发','start_using','管理员','2018-08-08 15:50:12','管理员','2018-08-08 15:50:12'),(10354,61,'123123','Shelf','1_4','飒飒是发','start_using','管理员','2018-08-08 15:50:12','管理员','2018-08-08 15:50:12'),(10355,61,'123123','Shelf','4_1','飒飒是发','start_using','管理员','2018-08-08 15:50:12','管理员','2018-08-08 15:50:12'),(10358,61,'123123','Shelf','2_1','飒飒是发','start_using','管理员','2018-08-08 15:50:12','管理员','2018-08-08 15:50:12'),(10363,61,'123123','Shelf','4_2','飒飒是发','start_using','管理员','2018-08-08 15:50:12','管理员','2018-08-08 15:50:12'),(10364,61,'123123','Shelf','1_5','飒飒是发','start_using','管理员','2018-08-08 15:50:12','管理员','2018-08-08 15:50:12'),(10366,61,'123123','Shelf','2_2','飒飒是发','start_using','管理员','2018-08-08 15:50:12','管理员','2018-08-08 15:50:12'),(10370,61,'123123','Shelf','1_6','飒飒是发','start_using','管理员','2018-08-08 15:50:12','管理员','2018-08-08 15:50:12'),(10371,61,'123123','Shelf','4_3','飒飒是发','start_using','管理员','2018-08-08 15:50:12','管理员','2018-08-08 15:50:12'),(10374,61,'123123','Shelf','2_3','飒飒是发','start_using','管理员','2018-08-08 15:50:12','管理员','2018-08-08 15:50:12'),(10379,61,'123123','Shelf','4_4','飒飒是发','start_using','管理员','2018-08-08 15:50:12','管理员','2018-08-08 15:50:12'),(10381,61,'123123','Shelf','1_7','飒飒是发','start_using','管理员','2018-08-08 15:50:12','管理员','2018-08-08 15:50:12'),(10382,61,'123123','Shelf','2_4','飒飒是发','start_using','管理员','2018-08-08 15:50:12','管理员','2018-08-08 15:50:12'),(10387,61,'123123','Shelf','4_5','飒飒是发','start_using','管理员','2018-08-08 15:50:12','管理员','2018-08-08 15:50:12'),(10389,61,'123123','Shelf','1_8','飒飒是发','start_using','管理员','2018-08-08 15:50:12','管理员','2018-08-08 15:50:12'),(10392,61,'123123','Shelf','2_5','飒飒是发','start_using','管理员','2018-08-08 15:50:12','管理员','2018-08-08 15:50:12'),(10395,61,'123123','Shelf','4_6','飒飒是发','start_using','管理员','2018-08-08 15:50:12','管理员','2018-08-08 15:50:12'),(10397,61,'123123','Shelf','1_9','飒飒是发','start_using','管理员','2018-08-08 15:50:12','管理员','2018-08-08 15:50:12'),(10401,61,'123123','Shelf','2_6','飒飒是发','start_using','管理员','2018-08-08 15:50:12','管理员','2018-08-08 15:50:12'),(10404,61,'123123','Shelf','1_10','飒飒是发','start_using','管理员','2018-08-08 15:50:12','管理员','2018-08-08 15:50:12'),(10405,61,'123123','Shelf','4_7','飒飒是发','start_using','管理员','2018-08-08 15:50:12','管理员','2018-08-08 15:50:12'),(10409,61,'123123','Shelf','2_7','飒飒是发','start_using','管理员','2018-08-08 15:50:12','管理员','2018-08-08 15:50:12'),(10411,61,'123123','Shelf','4_8','飒飒是发','start_using','管理员','2018-08-08 15:50:12','管理员','2018-08-08 15:50:12'),(10413,61,'123123','Shelf','1_11','飒飒是发','start_using','管理员','2018-08-08 15:50:12','管理员','2018-08-08 15:50:12'),(10416,61,'123123','Shelf','2_8','飒飒是发','start_using','管理员','2018-08-08 15:50:12','管理员','2018-08-08 15:50:12'),(10419,61,'123123','Shelf','4_9','飒飒是发','start_using','管理员','2018-08-08 15:50:12','管理员','2018-08-08 15:50:12'),(10420,61,'123123','Shelf','1_12','飒飒是发','start_using','管理员','2018-08-08 15:50:12','管理员','2018-08-08 15:50:12'),(10422,61,'123123','Shelf','2_9','飒飒是发','start_using','管理员','2018-08-08 15:50:12','管理员','2018-08-08 15:50:12'),(10427,61,'123123','Shelf','1_13','飒飒是发','start_using','管理员','2018-08-08 15:50:12','管理员','2018-08-08 15:50:12'),(10428,61,'123123','Shelf','4_10','飒飒是发','start_using','管理员','2018-08-08 15:50:12','管理员','2018-08-08 15:50:12'),(10430,61,'123123','Shelf','1_14','飒飒是发','start_using','管理员','2018-08-08 15:50:12','管理员','2018-08-08 15:50:12'),(10431,61,'123123','Shelf','2_10','飒飒是发','start_using','管理员','2018-08-08 15:50:12','管理员','2018-08-08 15:50:12'),(10437,61,'123123','Shelf','4_11','飒飒是发','start_using','管理员','2018-08-08 15:50:12','管理员','2018-08-08 15:50:12'),(10438,61,'123123','Shelf','1_1','飒飒是发','start_using','管理员','2018-08-08 15:50:12','管理员','2018-08-08 15:50:12'),(10439,61,'123123','Shelf','4_12','飒飒是发','start_using','管理员','2018-08-08 15:50:12','管理员','2018-08-08 15:50:12'),(10440,61,'123123','Shelf','2_11','飒飒是发','start_using','管理员','2018-08-08 15:50:12','管理员','2018-08-08 15:50:12'),(10445,61,'123123','Shelf','1_15','飒飒是发','start_using','管理员','2018-08-08 15:50:12','管理员','2018-08-08 15:50:12'),(10449,61,'123123','Shelf','1_2','飒飒是发','start_using','管理员','2018-08-08 15:50:12','管理员','2018-08-08 15:50:12'),(10450,61,'123123','Shelf','4_13','飒飒是发','start_using','管理员','2018-08-08 15:50:12','管理员','2018-08-08 15:50:12'),(10451,61,'123123','Shelf','1_16','飒飒是发','start_using','管理员','2018-08-08 15:50:12','管理员','2018-08-08 15:50:12'),(10453,61,'123123','Shelf','2_12','飒飒是发','start_using','管理员','2018-08-08 15:50:12','管理员','2018-08-08 15:50:12'),(10458,61,'123123','Shelf','1_3','飒飒是发','start_using','管理员','2018-08-08 15:50:12','管理员','2018-08-08 15:50:12'),(10459,61,'123123','Shelf','1_17','飒飒是发','start_using','管理员','2018-08-08 15:50:12','管理员','2018-08-08 15:50:12'),(10460,61,'123123','Shelf','4_14','飒飒是发','start_using','管理员','2018-08-08 15:50:12','管理员','2018-08-08 15:50:12'),(10461,61,'123123','Shelf','2_13','飒飒是发','start_using','管理员','2018-08-08 15:50:12','管理员','2018-08-08 15:50:12'),(10466,61,'123123','Shelf','1_18','飒飒是发','start_using','管理员','2018-08-08 15:50:12','管理员','2018-08-08 15:50:12'),(10469,61,'123123','Shelf','1_4','飒飒是发','start_using','管理员','2018-08-08 15:50:12','管理员','2018-08-08 15:50:12'),(10470,61,'123123','Shelf','2_14','飒飒是发','start_using','管理员','2018-08-08 15:50:12','管理员','2018-08-08 15:50:12'),(10471,61,'123123','Shelf','4_15','飒飒是发','start_using','管理员','2018-08-08 15:50:12','管理员','2018-08-08 15:50:12'),(10475,61,'123123','Shelf','2_15','飒飒是发','start_using','管理员','2018-08-08 15:50:12','管理员','2018-08-08 15:50:12'),(10476,61,'123123','Shelf','4_16','飒飒是发','start_using','管理员','2018-08-08 15:50:12','管理员','2018-08-08 15:50:12'),(10477,61,'123123','Shelf','1_19','飒飒是发','start_using','管理员','2018-08-08 15:50:12','管理员','2018-08-08 15:50:12'),(10478,61,'123123','Shelf','1_5','飒飒是发','start_using','管理员','2018-08-08 15:50:12','管理员','2018-08-08 15:50:12'),(10484,61,'123123','Shelf','2_16','飒飒是发','start_using','管理员','2018-08-08 15:50:12','管理员','2018-08-08 15:50:12'),(10486,61,'123123','Shelf','4_17','飒飒是发','start_using','管理员','2018-08-08 15:50:12','管理员','2018-08-08 15:50:12'),(10487,61,'123123','Shelf','1_6','飒飒是发','start_using','管理员','2018-08-08 15:50:12','管理员','2018-08-08 15:50:12'),(10489,61,'123123','Shelf','1_20','飒飒是发','start_using','管理员','2018-08-08 15:50:12','管理员','2018-08-08 15:50:12'),(10493,61,'123123','Shelf','4_18','飒飒是发','start_using','管理员','2018-08-08 15:50:12','管理员','2018-08-08 15:50:12'),(10494,61,'123123','Shelf','2_17','飒飒是发','start_using','管理员','2018-08-08 15:50:12','管理员','2018-08-08 15:50:12'),(10497,61,'123123','Shelf','1_21','飒飒是发','start_using','管理员','2018-08-08 15:50:12','管理员','2018-08-08 15:50:12'),(10498,61,'123123','Shelf','1_7','飒飒是发','start_using','管理员','2018-08-08 15:50:12','管理员','2018-08-08 15:50:12'),(10502,61,'123123','Shelf','2_18','飒飒是发','start_using','管理员','2018-08-08 15:50:12','管理员','2018-08-08 15:50:12'),(10503,61,'123123','Shelf','4_19','飒飒是发','start_using','管理员','2018-08-08 15:50:12','管理员','2018-08-08 15:50:12'),(10506,61,'123123','Shelf','2_1','飒飒是发','start_using','管理员','2018-08-08 15:50:12','管理员','2018-08-08 15:50:12'),(10507,61,'123123','Shelf','1_8','飒飒是发','start_using','管理员','2018-08-08 15:50:12','管理员','2018-08-08 15:50:12'),(10511,61,'123123','Shelf','2_19','飒飒是发','start_using','管理员','2018-08-08 15:50:12','管理员','2018-08-08 15:50:12'),(10512,61,'123123','Shelf','4_20','飒飒是发','start_using','管理员','2018-08-08 15:50:12','管理员','2018-08-08 15:50:12'),(10514,61,'123123','Shelf','2_2','飒飒是发','start_using','管理员','2018-08-08 15:50:12','管理员','2018-08-08 15:50:12'),(10516,61,'123123','Shelf','1_9','飒飒是发','start_using','管理员','2018-08-08 15:50:12','管理员','2018-08-08 15:50:12'),(10517,61,'123123','Shelf','2_20','飒飒是发','start_using','管理员','2018-08-08 15:50:12','管理员','2018-08-08 15:50:12'),(10521,61,'123123','Shelf','4_21','飒飒是发','start_using','管理员','2018-08-08 15:50:12','管理员','2018-08-08 15:50:12'),(10523,61,'123123','Shelf','2_3','飒飒是发','start_using','管理员','2018-08-08 15:50:12','管理员','2018-08-08 15:50:12'),(10524,61,'123123','Shelf','1_10','飒飒是发','start_using','管理员','2018-08-08 15:50:12','管理员','2018-08-08 15:50:12'),(10527,61,'123123','Shelf','2_21','飒飒是发','start_using','管理员','2018-08-08 15:50:12','管理员','2018-08-08 15:50:12'),(10530,61,'123123','Shelf','5_1','飒飒是发','start_using','管理员','2018-08-08 15:50:12','管理员','2018-08-08 15:50:12'),(10532,61,'123123','Shelf','2_4','飒飒是发','start_using','管理员','2018-08-08 15:50:12','管理员','2018-08-08 15:50:12'),(10533,61,'123123','Shelf','1_11','飒飒是发','start_using','管理员','2018-08-08 15:50:12','管理员','2018-08-08 15:50:12'),(10536,61,'123123','Shelf','3_1','飒飒是发','start_using','管理员','2018-08-08 15:50:12','管理员','2018-08-08 15:50:12'),(10539,61,'123123','Shelf','5_2','飒飒是发','start_using','管理员','2018-08-08 15:50:12','管理员','2018-08-08 15:50:12'),(10541,61,'123123','Shelf','2_5','飒飒是发','start_using','管理员','2018-08-08 15:50:12','管理员','2018-08-08 15:50:12'),(10544,61,'123123','Shelf','3_2','飒飒是发','start_using','管理员','2018-08-08 15:50:12','管理员','2018-08-08 15:50:12'),(10545,61,'123123','Shelf','1_12','飒飒是发','start_using','管理员','2018-08-08 15:50:12','管理员','2018-08-08 15:50:12'),(10547,61,'123123','Shelf','5_3','飒飒是发','start_using','管理员','2018-08-08 15:50:12','管理员','2018-08-08 15:50:12'),(10550,61,'123123','Shelf','2_6','飒飒是发','start_using','管理员','2018-08-08 15:50:12','管理员','2018-08-08 15:50:12'),(10551,61,'123123','Shelf','3_3','飒飒是发','start_using','管理员','2018-08-08 15:50:12','管理员','2018-08-08 15:50:12'),(10554,61,'123123','Shelf','1_13','飒飒是发','start_using','管理员','2018-08-08 15:50:12','管理员','2018-08-08 15:50:12'),(10556,61,'123123','Shelf','5_4','飒飒是发','start_using','管理员','2018-08-08 15:50:12','管理员','2018-08-08 15:50:12'),(10559,61,'123123','Shelf','1_1','飒飒是发','start_using','管理员','2018-08-08 15:50:12','管理员','2018-08-08 15:50:12'),(10560,61,'123123','Shelf','2_7','飒飒是发','start_using','管理员','2018-08-08 15:50:12','管理员','2018-08-08 15:50:12'),(10564,61,'123123','Shelf','1_14','飒飒是发','start_using','管理员','2018-08-08 15:50:12','管理员','2018-08-08 15:50:12'),(10565,61,'123123','Shelf','3_4','飒飒是发','start_using','管理员','2018-08-08 15:50:12','管理员','2018-08-08 15:50:12'),(10567,61,'123123','Shelf','5_5','飒飒是发','start_using','管理员','2018-08-08 15:50:12','管理员','2018-08-08 15:50:12'),(10568,61,'123123','Shelf','1_2','飒飒是发','start_using','管理员','2018-08-08 15:50:12','管理员','2018-08-08 15:50:12'),(10570,61,'123123','Shelf','2_8','飒飒是发','start_using','管理员','2018-08-08 15:50:12','管理员','2018-08-08 15:50:12'),(10573,61,'123123','Shelf','1_15','飒飒是发','start_using','管理员','2018-08-08 15:50:12','管理员','2018-08-08 15:50:12'),(10575,61,'123123','Shelf','3_5','飒飒是发','start_using','管理员','2018-08-08 15:50:12','管理员','2018-08-08 15:50:12'),(10577,61,'123123','Shelf','1_3','飒飒是发','start_using','管理员','2018-08-08 15:50:12','管理员','2018-08-08 15:50:12'),(10578,61,'123123','Shelf','5_6','飒飒是发','start_using','管理员','2018-08-08 15:50:12','管理员','2018-08-08 15:50:12'),(10579,61,'123123','Shelf','2_9','飒飒是发','start_using','管理员','2018-08-08 15:50:12','管理员','2018-08-08 15:50:12'),(10583,61,'123123','Shelf','1_16','飒飒是发','start_using','管理员','2018-08-08 15:50:12','管理员','2018-08-08 15:50:12'),(10584,61,'123123','Shelf','3_6','飒飒是发','start_using','管理员','2018-08-08 15:50:12','管理员','2018-08-08 15:50:12'),(10587,61,'123123','Shelf','5_7','飒飒是发','start_using','管理员','2018-08-08 15:50:12','管理员','2018-08-08 15:50:12'),(10588,61,'123123','Shelf','1_4','飒飒是发','start_using','管理员','2018-08-08 15:50:12','管理员','2018-08-08 15:50:12'),(10591,61,'123123','Shelf','2_10','飒飒是发','start_using','管理员','2018-08-08 15:50:12','管理员','2018-08-08 15:50:12'),(10593,61,'123123','Shelf','3_7','飒飒是发','start_using','管理员','2018-08-08 15:50:12','管理员','2018-08-08 15:50:12'),(10595,61,'123123','Shelf','1_17','飒飒是发','start_using','管理员','2018-08-08 15:50:12','管理员','2018-08-08 15:50:12'),(10596,61,'123123','Shelf','5_8','飒飒是发','start_using','管理员','2018-08-08 15:50:12','管理员','2018-08-08 15:50:12'),(10599,61,'123123','Shelf','1_5','飒飒是发','start_using','管理员','2018-08-08 15:50:12','管理员','2018-08-08 15:50:12'),(10601,61,'123123','Shelf','3_8','飒飒是发','start_using','管理员','2018-08-08 15:50:12','管理员','2018-08-08 15:50:12'),(10604,61,'123123','Shelf','2_11','飒飒是发','start_using','管理员','2018-08-08 15:50:12','管理员','2018-08-08 15:50:12'),(10607,61,'123123','Shelf','1_18','飒飒是发','start_using','管理员','2018-08-08 15:50:12','管理员','2018-08-08 15:50:12'),(10608,61,'123123','Shelf','5_9','飒飒是发','start_using','管理员','2018-08-08 15:50:12','管理员','2018-08-08 15:50:12'),(10609,61,'123123','Shelf','1_6','飒飒是发','start_using','管理员','2018-08-08 15:50:12','管理员','2018-08-08 15:50:12'),(10610,61,'123123','Shelf','3_9','飒飒是发','start_using','管理员','2018-08-08 15:50:12','管理员','2018-08-08 15:50:12'),(10612,61,'123123','Shelf','2_12','飒飒是发','start_using','管理员','2018-08-08 15:50:12','管理员','2018-08-08 15:50:12'),(10617,61,'123123','Shelf','1_7','飒飒是发','start_using','管理员','2018-08-08 15:50:12','管理员','2018-08-08 15:50:12'),(10618,61,'123123','Shelf','5_10','飒飒是发','start_using','管理员','2018-08-08 15:50:12','管理员','2018-08-08 15:50:12'),(10619,61,'123123','Shelf','1_19','飒飒是发','start_using','管理员','2018-08-08 15:50:12','管理员','2018-08-08 15:50:12'),(10620,61,'123123','Shelf','3_10','飒飒是发','start_using','管理员','2018-08-08 15:50:12','管理员','2018-08-08 15:50:12'),(10621,61,'123123','Shelf','2_13','飒飒是发','start_using','管理员','2018-08-08 15:50:12','管理员','2018-08-08 15:50:12'),(10624,61,'123123','Shelf','3_11','飒飒是发','start_using','管理员','2018-08-08 15:50:12','管理员','2018-08-08 15:50:12'),(10626,61,'123123','Shelf','5_11','飒飒是发','start_using','管理员','2018-08-08 15:50:12','管理员','2018-08-08 15:50:12'),(10627,61,'123123','Shelf','1_8','飒飒是发','start_using','管理员','2018-08-08 15:50:12','管理员','2018-08-08 15:50:12'),(10628,61,'123123','Shelf','1_20','飒飒是发','start_using','管理员','2018-08-08 15:50:12','管理员','2018-08-08 15:50:12'),(10632,61,'123123','Shelf','2_14','飒飒是发','start_using','管理员','2018-08-08 15:50:12','管理员','2018-08-08 15:50:12'),(10635,61,'123123','Shelf','3_12','飒飒是发','start_using','管理员','2018-08-08 15:50:12','管理员','2018-08-08 15:50:12'),(10637,61,'123123','Shelf','1_21','飒飒是发','start_using','管理员','2018-08-08 15:50:12','管理员','2018-08-08 15:50:12'),(10638,61,'123123','Shelf','1_9','飒飒是发','start_using','管理员','2018-08-08 15:50:12','管理员','2018-08-08 15:50:12'),(10639,61,'123123','Shelf','5_12','飒飒是发','start_using','管理员','2018-08-08 15:50:12','管理员','2018-08-08 15:50:12'),(10642,61,'123123','Shelf','2_15','飒飒是发','start_using','管理员','2018-08-08 15:50:12','管理员','2018-08-08 15:50:12'),(10645,61,'123123','Shelf','2_1','飒飒是发','start_using','管理员','2018-08-08 15:50:12','管理员','2018-08-08 15:50:12'),(10647,61,'123123','Shelf','3_13','飒飒是发','start_using','管理员','2018-08-08 15:50:12','管理员','2018-08-08 15:50:12'),(10648,61,'123123','Shelf','1_10','飒飒是发','start_using','管理员','2018-08-08 15:50:12','管理员','2018-08-08 15:50:12'),(10650,61,'123123','Shelf','5_13','飒飒是发','start_using','管理员','2018-08-08 15:50:12','管理员','2018-08-08 15:50:12'),(10652,61,'123123','Shelf','2_16','飒飒是发','start_using','管理员','2018-08-08 15:50:12','管理员','2018-08-08 15:50:12'),(10657,61,'123123','Shelf','3_14','飒飒是发','start_using','管理员','2018-08-08 15:50:13','管理员','2018-08-08 15:50:13'),(10658,61,'123123','Shelf','2_2','飒飒是发','start_using','管理员','2018-08-08 15:50:13','管理员','2018-08-08 15:50:13'),(10659,61,'123123','Shelf','1_11','飒飒是发','start_using','管理员','2018-08-08 15:50:13','管理员','2018-08-08 15:50:13'),(10661,61,'123123','Shelf','5_14','飒飒是发','start_using','管理员','2018-08-08 15:50:13','管理员','2018-08-08 15:50:13'),(10662,61,'123123','Shelf','2_17','飒飒是发','start_using','管理员','2018-08-08 15:50:13','管理员','2018-08-08 15:50:13'),(10665,61,'123123','Shelf','3_15','飒飒是发','start_using','管理员','2018-08-08 15:50:13','管理员','2018-08-08 15:50:13'),(10668,61,'123123','Shelf','2_3','飒飒是发','start_using','管理员','2018-08-08 15:50:13','管理员','2018-08-08 15:50:13'),(10669,61,'123123','Shelf','1_12','飒飒是发','start_using','管理员','2018-08-08 15:50:13','管理员','2018-08-08 15:50:13'),(10670,61,'123123','Shelf','5_15','飒飒是发','start_using','管理员','2018-08-08 15:50:13','管理员','2018-08-08 15:50:13'),(10673,61,'123123','Shelf','2_18','飒飒是发','start_using','管理员','2018-08-08 15:50:13','管理员','2018-08-08 15:50:13'),(10675,61,'123123','Shelf','5_16','飒飒是发','start_using','管理员','2018-08-08 15:50:13','管理员','2018-08-08 15:50:13'),(10676,61,'123123','Shelf','2_4','飒飒是发','start_using','管理员','2018-08-08 15:50:13','管理员','2018-08-08 15:50:13'),(10678,61,'123123','Shelf','1_13','飒飒是发','start_using','管理员','2018-08-08 15:50:13','管理员','2018-08-08 15:50:13'),(10680,61,'123123','Shelf','1_1','飒飒是发','start_using','管理员','2018-08-08 15:50:13','管理员','2018-08-08 15:50:13'),(10681,61,'123123','Shelf','3_16','飒飒是发','start_using','管理员','2018-08-08 15:50:13','管理员','2018-08-08 15:50:13'),(10683,61,'123123','Shelf','2_19','飒飒是发','start_using','管理员','2018-08-08 15:50:13','管理员','2018-08-08 15:50:13'),(10686,61,'123123','Shelf','5_17','飒飒是发','start_using','管理员','2018-08-08 15:50:13','管理员','2018-08-08 15:50:13'),(10689,61,'123123','Shelf','2_5','飒飒是发','start_using','管理员','2018-08-08 15:50:13','管理员','2018-08-08 15:50:13'),(10690,61,'123123','Shelf','1_14','飒飒是发','start_using','管理员','2018-08-08 15:50:13','管理员','2018-08-08 15:50:13'),(10691,61,'123123','Shelf','1_2','飒飒是发','start_using','管理员','2018-08-08 15:50:13','管理员','2018-08-08 15:50:13'),(10692,61,'123123','Shelf','3_17','飒飒是发','start_using','管理员','2018-08-08 15:50:13','管理员','2018-08-08 15:50:13'),(10695,61,'123123','Shelf','5_18','飒飒是发','start_using','管理员','2018-08-08 15:50:13','管理员','2018-08-08 15:50:13'),(10696,61,'123123','Shelf','2_20','飒飒是发','start_using','管理员','2018-08-08 15:50:13','管理员','2018-08-08 15:50:13'),(10699,61,'123123','Shelf','2_6','飒飒是发','start_using','管理员','2018-08-08 15:50:13','管理员','2018-08-08 15:50:13'),(10700,61,'123123','Shelf','1_3','飒飒是发','start_using','管理员','2018-08-08 15:50:13','管理员','2018-08-08 15:50:13'),(10701,61,'123123','Shelf','3_18','飒飒是发','start_using','管理员','2018-08-08 15:50:13','管理员','2018-08-08 15:50:13'),(10702,61,'123123','Shelf','1_15','飒飒是发','start_using','管理员','2018-08-08 15:50:13','管理员','2018-08-08 15:50:13'),(10705,61,'123123','Shelf','5_19','飒飒是发','start_using','管理员','2018-08-08 15:50:13','管理员','2018-08-08 15:50:13'),(10706,61,'123123','Shelf','2_21','飒飒是发','start_using','管理员','2018-08-08 15:50:13','管理员','2018-08-08 15:50:13'),(10710,61,'123123','Shelf','1_4','飒飒是发','start_using','管理员','2018-08-08 15:50:13','管理员','2018-08-08 15:50:13'),(10712,61,'123123','Shelf','2_7','飒飒是发','start_using','管理员','2018-08-08 15:50:13','管理员','2018-08-08 15:50:13'),(10713,61,'123123','Shelf','3_19','飒飒是发','start_using','管理员','2018-08-08 15:50:13','管理员','2018-08-08 15:50:13'),(10714,61,'123123','Shelf','1_16','飒飒是发','start_using','管理员','2018-08-08 15:50:13','管理员','2018-08-08 15:50:13'),(10716,61,'123123','Shelf','5_20','飒飒是发','start_using','管理员','2018-08-08 15:50:13','管理员','2018-08-08 15:50:13'),(10717,61,'123123','Shelf','3_1','飒飒是发','start_using','管理员','2018-08-08 15:50:13','管理员','2018-08-08 15:50:13'),(10721,61,'123123','Shelf','3_20','飒飒是发','start_using','管理员','2018-08-08 15:50:13','管理员','2018-08-08 15:50:13'),(10722,61,'123123','Shelf','5_21','飒飒是发','start_using','管理员','2018-08-08 15:50:13','管理员','2018-08-08 15:50:13'),(10724,61,'123123','Shelf','1_5','飒飒是发','start_using','管理员','2018-08-08 15:50:13','管理员','2018-08-08 15:50:13'),(10725,61,'123123','Shelf','1_17','飒飒是发','start_using','管理员','2018-08-08 15:50:13','管理员','2018-08-08 15:50:13'),(10727,61,'123123','Shelf','2_8','飒飒是发','start_using','管理员','2018-08-08 15:50:13','管理员','2018-08-08 15:50:13'),(10728,61,'123123','Shelf','3_2','飒飒是发','start_using','管理员','2018-08-08 15:50:13','管理员','2018-08-08 15:50:13'),(10732,61,'123123','Shelf','3_21','飒飒是发','start_using','管理员','2018-08-08 15:50:13','管理员','2018-08-08 15:50:13'),(10734,61,'123123','Shelf','6_1','飒飒是发','start_using','管理员','2018-08-08 15:50:13','管理员','2018-08-08 15:50:13'),(10735,61,'123123','Shelf','1_18','飒飒是发','start_using','管理员','2018-08-08 15:50:13','管理员','2018-08-08 15:50:13'),(10737,61,'123123','Shelf','1_6','飒飒是发','start_using','管理员','2018-08-08 15:50:13','管理员','2018-08-08 15:50:13'),(10739,61,'123123','Shelf','2_9','飒飒是发','start_using','管理员','2018-08-08 15:50:13','管理员','2018-08-08 15:50:13'),(10740,61,'123123','Shelf','3_3','飒飒是发','start_using','管理员','2018-08-08 15:50:13','管理员','2018-08-08 15:50:13'),(10743,61,'123123','Shelf','4_1','飒飒是发','start_using','管理员','2018-08-08 15:50:13','管理员','2018-08-08 15:50:13'),(10744,61,'123123','Shelf','6_2','飒飒是发','start_using','管理员','2018-08-08 15:50:13','管理员','2018-08-08 15:50:13'),(10746,61,'123123','Shelf','1_7','飒飒是发','start_using','管理员','2018-08-08 15:50:13','管理员','2018-08-08 15:50:13'),(10748,61,'123123','Shelf','3_4','飒飒是发','start_using','管理员','2018-08-08 15:50:13','管理员','2018-08-08 15:50:13'),(10749,61,'123123','Shelf','2_10','飒飒是发','start_using','管理员','2018-08-08 15:50:13','管理员','2018-08-08 15:50:13'),(10750,61,'123123','Shelf','1_19','飒飒是发','start_using','管理员','2018-08-08 15:50:13','管理员','2018-08-08 15:50:13'),(10754,61,'123123','Shelf','4_2','飒飒是发','start_using','管理员','2018-08-08 15:50:13','管理员','2018-08-08 15:50:13'),(10756,61,'123123','Shelf','6_3','飒飒是发','start_using','管理员','2018-08-08 15:50:13','管理员','2018-08-08 15:50:13'),(10758,61,'123123','Shelf','1_8','飒飒是发','start_using','管理员','2018-08-08 15:50:13','管理员','2018-08-08 15:50:13'),(10759,61,'123123','Shelf','1_20','飒飒是发','start_using','管理员','2018-08-08 15:50:13','管理员','2018-08-08 15:50:13'),(10761,61,'123123','Shelf','2_11','飒飒是发','start_using','管理员','2018-08-08 15:50:13','管理员','2018-08-08 15:50:13'),(10762,61,'123123','Shelf','3_5','飒飒是发','start_using','管理员','2018-08-08 15:50:13','管理员','2018-08-08 15:50:13'),(10765,61,'123123','Shelf','4_3','飒飒是发','start_using','管理员','2018-08-08 15:50:13','管理员','2018-08-08 15:50:13'),(10768,61,'123123','Shelf','6_4','飒飒是发','start_using','管理员','2018-08-08 15:50:13','管理员','2018-08-08 15:50:13'),(10769,61,'123123','Shelf','1_9','飒飒是发','start_using','管理员','2018-08-08 15:50:13','管理员','2018-08-08 15:50:13'),(10770,61,'123123','Shelf','1_21','飒飒是发','start_using','管理员','2018-08-08 15:50:13','管理员','2018-08-08 15:50:13'),(10771,61,'123123','Shelf','2_12','飒飒是发','start_using','管理员','2018-08-08 15:50:13','管理员','2018-08-08 15:50:13'),(10772,61,'123123','Shelf','3_6','飒飒是发','start_using','管理员','2018-08-08 15:50:13','管理员','2018-08-08 15:50:13'),(10775,61,'123123','Shelf','4_4','飒飒是发','start_using','管理员','2018-08-08 15:50:13','管理员','2018-08-08 15:50:13'),(10778,61,'123123','Shelf','6_5','飒飒是发','start_using','管理员','2018-08-08 15:50:13','管理员','2018-08-08 15:50:13'),(10779,61,'123123','Shelf','1_10','飒飒是发','start_using','管理员','2018-08-08 15:50:13','管理员','2018-08-08 15:50:13'),(10781,61,'123123','Shelf','2_1','飒飒是发','start_using','管理员','2018-08-08 15:50:13','管理员','2018-08-08 15:50:13'),(10782,61,'123123','Shelf','2_13','飒飒是发','start_using','管理员','2018-08-08 15:50:13','管理员','2018-08-08 15:50:13'),(10783,61,'123123','Shelf','3_7','飒飒是发','start_using','管理员','2018-08-08 15:50:13','管理员','2018-08-08 15:50:13'),(10785,61,'123123','Shelf','4_5','飒飒是发','start_using','管理员','2018-08-08 15:50:13','管理员','2018-08-08 15:50:13'),(10787,61,'123123','Shelf','6_6','飒飒是发','start_using','管理员','2018-08-08 15:50:13','管理员','2018-08-08 15:50:13'),(10788,61,'123123','Shelf','2_2','飒飒是发','start_using','管理员','2018-08-08 15:50:13','管理员','2018-08-08 15:50:13'),(10790,61,'123123','Shelf','1_11','飒飒是发','start_using','管理员','2018-08-08 15:50:13','管理员','2018-08-08 15:50:13'),(10794,61,'123123','Shelf','4_6','飒飒是发','start_using','管理员','2018-08-08 15:50:13','管理员','2018-08-08 15:50:13'),(10796,61,'123123','Shelf','6_7','飒飒是发','start_using','管理员','2018-08-08 15:50:13','管理员','2018-08-08 15:50:13'),(10798,61,'123123','Shelf','2_14','飒飒是发','start_using','管理员','2018-08-08 15:50:13','管理员','2018-08-08 15:50:13'),(10800,61,'123123','Shelf','2_3','飒飒是发','start_using','管理员','2018-08-08 15:50:13','管理员','2018-08-08 15:50:13'),(10801,61,'123123','Shelf','3_8','飒飒是发','start_using','管理员','2018-08-08 15:50:13','管理员','2018-08-08 15:50:13'),(10802,61,'123123','Shelf','1_12','飒飒是发','start_using','管理员','2018-08-08 15:50:13','管理员','2018-08-08 15:50:13'),(10803,61,'123123','Shelf','4_7','飒飒是发','start_using','管理员','2018-08-08 15:50:13','管理员','2018-08-08 15:50:13'),(10806,61,'123123','Shelf','6_8','飒飒是发','start_using','管理员','2018-08-08 15:50:13','管理员','2018-08-08 15:50:13'),(10809,61,'123123','Shelf','2_15','飒飒是发','start_using','管理员','2018-08-08 15:50:13','管理员','2018-08-08 15:50:13'),(10810,61,'123123','Shelf','3_9','飒飒是发','start_using','管理员','2018-08-08 15:50:13','管理员','2018-08-08 15:50:13'),(10811,61,'123123','Shelf','2_4','飒飒是发','start_using','管理员','2018-08-08 15:50:13','管理员','2018-08-08 15:50:13'),(10812,61,'123123','Shelf','1_13','飒飒是发','start_using','管理员','2018-08-08 15:50:13','管理员','2018-08-08 15:50:13'),(10814,61,'123123','Shelf','4_8','飒飒是发','start_using','管理员','2018-08-08 15:50:13','管理员','2018-08-08 15:50:13'),(10815,61,'123123','Shelf','6_9','飒飒是发','start_using','管理员','2018-08-08 15:50:13','管理员','2018-08-08 15:50:13'),(10817,61,'123123','Shelf','2_5','飒飒是发','start_using','管理员','2018-08-08 15:50:13','管理员','2018-08-08 15:50:13'),(10818,61,'123123','Shelf','2_16','飒飒是发','start_using','管理员','2018-08-08 15:50:13','管理员','2018-08-08 15:50:13'),(10819,61,'123123','Shelf','1_14','飒飒是发','start_using','管理员','2018-08-08 15:50:13','管理员','2018-08-08 15:50:13'),(10822,61,'123123','Shelf','3_10','飒飒是发','start_using','管理员','2018-08-08 15:50:13','管理员','2018-08-08 15:50:13'),(10825,61,'123123','Shelf','4_9','飒飒是发','start_using','管理员','2018-08-08 15:50:13','管理员','2018-08-08 15:50:13'),(10827,61,'123123','Shelf','6_10','飒飒是发','start_using','管理员','2018-08-08 15:50:13','管理员','2018-08-08 15:50:13'),(10828,61,'123123','Shelf','1_15','飒飒是发','start_using','管理员','2018-08-08 15:50:13','管理员','2018-08-08 15:50:13'),(10829,61,'123123','Shelf','2_6','飒飒是发','start_using','管理员','2018-08-08 15:50:13','管理员','2018-08-08 15:50:13'),(10831,61,'123123','Shelf','3_11','飒飒是发','start_using','管理员','2018-08-08 15:50:13','管理员','2018-08-08 15:50:13'),(10832,61,'123123','Shelf','2_17','飒飒是发','start_using','管理员','2018-08-08 15:50:13','管理员','2018-08-08 15:50:13'),(10836,61,'123123','Shelf','4_10','飒飒是发','start_using','管理员','2018-08-08 15:50:13','管理员','2018-08-08 15:50:13'),(10838,61,'123123','Shelf','1_16','飒飒是发','start_using','管理员','2018-08-08 15:50:13','管理员','2018-08-08 15:50:13'),(10839,61,'123123','Shelf','6_11','飒飒是发','start_using','管理员','2018-08-08 15:50:13','管理员','2018-08-08 15:50:13'),(10842,61,'123123','Shelf','2_7','飒飒是发','start_using','管理员','2018-08-08 15:50:13','管理员','2018-08-08 15:50:13'),(10845,61,'123123','Shelf','3_12','飒飒是发','start_using','管理员','2018-08-08 15:50:13','管理员','2018-08-08 15:50:13'),(10846,61,'123123','Shelf','2_18','飒飒是发','start_using','管理员','2018-08-08 15:50:13','管理员','2018-08-08 15:50:13'),(10847,61,'123123','Shelf','4_11','飒飒是发','start_using','管理员','2018-08-08 15:50:13','管理员','2018-08-08 15:50:13'),(10849,61,'123123','Shelf','1_17','飒飒是发','start_using','管理员','2018-08-08 15:50:13','管理员','2018-08-08 15:50:13'),(10851,61,'123123','Shelf','2_8','飒飒是发','start_using','管理员','2018-08-08 15:50:13','管理员','2018-08-08 15:50:13'),(10852,61,'123123','Shelf','6_12','飒飒是发','start_using','管理员','2018-08-08 15:50:13','管理员','2018-08-08 15:50:13'),(10855,61,'123123','Shelf','3_13','飒飒是发','start_using','管理员','2018-08-08 15:50:13','管理员','2018-08-08 15:50:13'),(10857,61,'123123','Shelf','2_19','飒飒是发','start_using','管理员','2018-08-08 15:50:13','管理员','2018-08-08 15:50:13'),(10858,61,'123123','Shelf','4_12','飒飒是发','start_using','管理员','2018-08-08 15:50:13','管理员','2018-08-08 15:50:13'),(10860,61,'123123','Shelf','1_18','飒飒是发','start_using','管理员','2018-08-08 15:50:13','管理员','2018-08-08 15:50:13'),(10862,61,'123123','Shelf','2_20','飒飒是发','start_using','管理员','2018-08-08 15:50:13','管理员','2018-08-08 15:50:13'),(10863,61,'123123','Shelf','6_13','飒飒是发','start_using','管理员','2018-08-08 15:50:13','管理员','2018-08-08 15:50:13'),(10864,61,'123123','Shelf','3_14','飒飒是发','start_using','管理员','2018-08-08 15:50:13','管理员','2018-08-08 15:50:13'),(10866,61,'123123','Shelf','4_13','飒飒是发','start_using','管理员','2018-08-08 15:50:13','管理员','2018-08-08 15:50:13'),(10869,61,'123123','Shelf','2_9','飒飒是发','start_using','管理员','2018-08-08 15:50:13','管理员','2018-08-08 15:50:13'),(10871,61,'123123','Shelf','1_19','飒飒是发','start_using','管理员','2018-08-08 15:50:13','管理员','2018-08-08 15:50:13'),(10874,61,'123123','Shelf','3_15','飒飒是发','start_using','管理员','2018-08-08 15:50:13','管理员','2018-08-08 15:50:13'),(10875,61,'123123','Shelf','4_14','飒飒是发','start_using','管理员','2018-08-08 15:50:13','管理员','2018-08-08 15:50:13'),(10877,61,'123123','Shelf','2_21','飒飒是发','start_using','管理员','2018-08-08 15:50:13','管理员','2018-08-08 15:50:13'),(10880,61,'123123','Shelf','2_10','飒飒是发','start_using','管理员','2018-08-08 15:50:13','管理员','2018-08-08 15:50:13'),(10881,61,'123123','Shelf','6_14','飒飒是发','start_using','管理员','2018-08-08 15:50:13','管理员','2018-08-08 15:50:13'),(10882,61,'123123','Shelf','1_20','飒飒是发','start_using','管理员','2018-08-08 15:50:13','管理员','2018-08-08 15:50:13'),(10884,61,'123123','Shelf','3_16','飒飒是发','start_using','管理员','2018-08-08 15:50:13','管理员','2018-08-08 15:50:13'),(10886,61,'123123','Shelf','4_15','飒飒是发','start_using','管理员','2018-08-08 15:50:13','管理员','2018-08-08 15:50:13'),(10888,61,'123123','Shelf','3_1','飒飒是发','start_using','管理员','2018-08-08 15:50:13','管理员','2018-08-08 15:50:13'),(10889,61,'123123','Shelf','6_15','飒飒是发','start_using','管理员','2018-08-08 15:50:13','管理员','2018-08-08 15:50:13'),(10891,61,'123123','Shelf','2_11','飒飒是发','start_using','管理员','2018-08-08 15:50:13','管理员','2018-08-08 15:50:13'),(10894,61,'123123','Shelf','3_17','飒飒是发','start_using','管理员','2018-08-08 15:50:13','管理员','2018-08-08 15:50:13'),(10895,61,'123123','Shelf','1_21','飒飒是发','start_using','管理员','2018-08-08 15:50:13','管理员','2018-08-08 15:50:13'),(10897,61,'123123','Shelf','4_16','飒飒是发','start_using','管理员','2018-08-08 15:50:13','管理员','2018-08-08 15:50:13'),(10900,61,'123123','Shelf','3_2','飒飒是发','start_using','管理员','2018-08-08 15:50:13','管理员','2018-08-08 15:50:13'),(10901,61,'123123','Shelf','2_12','飒飒是发','start_using','管理员','2018-08-08 15:50:13','管理员','2018-08-08 15:50:13'),(10903,61,'123123','Shelf','6_16','飒飒是发','start_using','管理员','2018-08-08 15:50:13','管理员','2018-08-08 15:50:13'),(10905,61,'123123','Shelf','3_18','飒飒是发','start_using','管理员','2018-08-08 15:50:13','管理员','2018-08-08 15:50:13'),(10906,61,'123123','Shelf','2_1','飒飒是发','start_using','管理员','2018-08-08 15:50:13','管理员','2018-08-08 15:50:13'),(10907,61,'123123','Shelf','4_17','飒飒是发','start_using','管理员','2018-08-08 15:50:13','管理员','2018-08-08 15:50:13'),(10912,61,'123123','Shelf','6_17','飒飒是发','start_using','管理员','2018-08-08 15:50:13','管理员','2018-08-08 15:50:13'),(10913,61,'123123','Shelf','3_3','飒飒是发','start_using','管理员','2018-08-08 15:50:13','管理员','2018-08-08 15:50:13'),(10914,61,'123123','Shelf','2_13','飒飒是发','start_using','管理员','2018-08-08 15:50:13','管理员','2018-08-08 15:50:13'),(10915,61,'123123','Shelf','4_18','飒飒是发','start_using','管理员','2018-08-08 15:50:13','管理员','2018-08-08 15:50:13'),(10917,61,'123123','Shelf','3_19','飒飒是发','start_using','管理员','2018-08-08 15:50:13','管理员','2018-08-08 15:50:13'),(10918,61,'123123','Shelf','2_2','飒飒是发','start_using','管理员','2018-08-08 15:50:13','管理员','2018-08-08 15:50:13'),(10922,61,'123123','Shelf','3_4','飒飒是发','start_using','管理员','2018-08-08 15:50:13','管理员','2018-08-08 15:50:13'),(10923,61,'123123','Shelf','6_18','飒飒是发','start_using','管理员','2018-08-08 15:50:13','管理员','2018-08-08 15:50:13'),(10924,61,'123123','Shelf','2_14','飒飒是发','start_using','管理员','2018-08-08 15:50:13','管理员','2018-08-08 15:50:13'),(10926,61,'123123','Shelf','4_19','飒飒是发','start_using','管理员','2018-08-08 15:50:13','管理员','2018-08-08 15:50:13'),(10927,61,'123123','Shelf','3_20','飒飒是发','start_using','管理员','2018-08-08 15:50:13','管理员','2018-08-08 15:50:13'),(10928,61,'123123','Shelf','2_3','飒飒是发','start_using','管理员','2018-08-08 15:50:13','管理员','2018-08-08 15:50:13'),(10932,61,'123123','Shelf','3_5','飒飒是发','start_using','管理员','2018-08-08 15:50:13','管理员','2018-08-08 15:50:13'),(10935,61,'123123','Shelf','2_15','飒飒是发','start_using','管理员','2018-08-08 15:50:13','管理员','2018-08-08 15:50:13'),(10936,61,'123123','Shelf','6_19','飒飒是发','start_using','管理员','2018-08-08 15:50:13','管理员','2018-08-08 15:50:13'),(10937,61,'123123','Shelf','4_20','飒飒是发','start_using','管理员','2018-08-08 15:50:13','管理员','2018-08-08 15:50:13'),(10941,61,'123123','Shelf','3_21','飒飒是发','start_using','管理员','2018-08-08 15:50:13','管理员','2018-08-08 15:50:13'),(10942,61,'123123','Shelf','2_4','飒飒是发','start_using','管理员','2018-08-08 15:50:13','管理员','2018-08-08 15:50:13'),(10944,61,'123123','Shelf','3_6','飒飒是发','start_using','管理员','2018-08-08 15:50:13','管理员','2018-08-08 15:50:13'),(10948,61,'123123','Shelf','2_16','飒飒是发','start_using','管理员','2018-08-08 15:50:13','管理员','2018-08-08 15:50:13'),(10949,61,'123123','Shelf','6_20','飒飒是发','start_using','管理员','2018-08-08 15:50:13','管理员','2018-08-08 15:50:13'),(10950,61,'123123','Shelf','4_21','飒飒是发','start_using','管理员','2018-08-08 15:50:13','管理员','2018-08-08 15:50:13'),(10951,61,'123123','Shelf','2_5','飒飒是发','start_using','管理员','2018-08-08 15:50:13','管理员','2018-08-08 15:50:13'),(10953,61,'123123','Shelf','4_1','飒飒是发','start_using','管理员','2018-08-08 15:50:13','管理员','2018-08-08 15:50:13'),(10954,61,'123123','Shelf','3_7','飒飒是发','start_using','管理员','2018-08-08 15:50:13','管理员','2018-08-08 15:50:13'),(10957,61,'123123','Shelf','2_17','飒飒是发','start_using','管理员','2018-08-08 15:50:13','管理员','2018-08-08 15:50:13'),(10958,61,'123123','Shelf','6_21','飒飒是发','start_using','管理员','2018-08-08 15:50:13','管理员','2018-08-08 15:50:13'),(10960,61,'123123','Shelf','5_1','飒飒是发','start_using','管理员','2018-08-08 15:50:13','管理员','2018-08-08 15:50:13'),(10962,61,'123123','Shelf','4_2','飒飒是发','start_using','管理员','2018-08-08 15:50:13','管理员','2018-08-08 15:50:13'),(10963,61,'123123','Shelf','2_6','飒飒是发','start_using','管理员','2018-08-08 15:50:13','管理员','2018-08-08 15:50:13'),(10967,61,'123123','Shelf','3_8','飒飒是发','start_using','管理员','2018-08-08 15:50:13','管理员','2018-08-08 15:50:13'),(10968,61,'123123','Shelf','2_18','飒飒是发','start_using','管理员','2018-08-08 15:50:13','管理员','2018-08-08 15:50:13'),(10971,61,'123123','Shelf','7_1','飒飒是发','start_using','管理员','2018-08-08 15:50:13','管理员','2018-08-08 15:50:13'),(10972,61,'123123','Shelf','2_7','飒飒是发','start_using','管理员','2018-08-08 15:50:13','管理员','2018-08-08 15:50:13'),(10973,61,'123123','Shelf','5_2','飒飒是发','start_using','管理员','2018-08-08 15:50:13','管理员','2018-08-08 15:50:13'),(10974,61,'123123','Shelf','4_3','飒飒是发','start_using','管理员','2018-08-08 15:50:13','管理员','2018-08-08 15:50:13'),(10979,61,'123123','Shelf','2_19','飒飒是发','start_using','管理员','2018-08-08 15:50:13','管理员','2018-08-08 15:50:13'),(10980,61,'123123','Shelf','3_9','飒飒是发','start_using','管理员','2018-08-08 15:50:13','管理员','2018-08-08 15:50:13'),(10982,61,'123123','Shelf','5_3','飒飒是发','start_using','管理员','2018-08-08 15:50:13','管理员','2018-08-08 15:50:13'),(10983,61,'123123','Shelf','4_4','飒飒是发','start_using','管理员','2018-08-08 15:50:13','管理员','2018-08-08 15:50:13'),(10984,61,'123123','Shelf','7_2','飒飒是发','start_using','管理员','2018-08-08 15:50:13','管理员','2018-08-08 15:50:13'),(10985,61,'123123','Shelf','2_8','飒飒是发','start_using','管理员','2018-08-08 15:50:13','管理员','2018-08-08 15:50:13'),(10991,61,'123123','Shelf','7_3','飒飒是发','start_using','管理员','2018-08-08 15:50:13','管理员','2018-08-08 15:50:13'),(10992,61,'123123','Shelf','2_20','飒飒是发','start_using','管理员','2018-08-08 15:50:13','管理员','2018-08-08 15:50:13'),(10993,61,'123123','Shelf','3_10','飒飒是发','start_using','管理员','2018-08-08 15:50:13','管理员','2018-08-08 15:50:13'),(10994,61,'123123','Shelf','4_5','飒飒是发','start_using','管理员','2018-08-08 15:50:13','管理员','2018-08-08 15:50:13'),(10996,61,'123123','Shelf','2_9','飒飒是发','start_using','管理员','2018-08-08 15:50:13','管理员','2018-08-08 15:50:13'),(10997,61,'123123','Shelf','5_4','飒飒是发','start_using','管理员','2018-08-08 15:50:13','管理员','2018-08-08 15:50:13'),(11002,61,'123123','Shelf','7_4','飒飒是发','start_using','管理员','2018-08-08 15:50:13','管理员','2018-08-08 15:50:13'),(11003,61,'123123','Shelf','2_10','飒飒是发','start_using','管理员','2018-08-08 15:50:13','管理员','2018-08-08 15:50:13'),(11004,61,'123123','Shelf','4_6','飒飒是发','start_using','管理员','2018-08-08 15:50:13','管理员','2018-08-08 15:50:13'),(11005,61,'123123','Shelf','5_5','飒飒是发','start_using','管理员','2018-08-08 15:50:13','管理员','2018-08-08 15:50:13'),(11007,61,'123123','Shelf','3_11','飒飒是发','start_using','管理员','2018-08-08 15:50:13','管理员','2018-08-08 15:50:13'),(11008,61,'123123','Shelf','2_21','飒飒是发','start_using','管理员','2018-08-08 15:50:13','管理员','2018-08-08 15:50:13'),(11013,61,'123123','Shelf','5_6','飒飒是发','start_using','管理员','2018-08-08 15:50:13','管理员','2018-08-08 15:50:13'),(11014,61,'123123','Shelf','2_11','飒飒是发','start_using','管理员','2018-08-08 15:50:13','管理员','2018-08-08 15:50:13'),(11015,61,'123123','Shelf','7_5','飒飒是发','start_using','管理员','2018-08-08 15:50:13','管理员','2018-08-08 15:50:13'),(11018,61,'123123','Shelf','4_7','飒飒是发','start_using','管理员','2018-08-08 15:50:13','管理员','2018-08-08 15:50:13'),(11020,61,'123123','Shelf','3_12','飒飒是发','start_using','管理员','2018-08-08 15:50:13','管理员','2018-08-08 15:50:13'),(11021,61,'123123','Shelf','3_1','飒飒是发','start_using','管理员','2018-08-08 15:50:13','管理员','2018-08-08 15:50:13'),(11024,61,'123123','Shelf','7_6','飒飒是发','start_using','管理员','2018-08-08 15:50:13','管理员','2018-08-08 15:50:13'),(11026,61,'123123','Shelf','5_7','飒飒是发','start_using','管理员','2018-08-08 15:50:13','管理员','2018-08-08 15:50:13'),(11027,61,'123123','Shelf','4_8','飒飒是发','start_using','管理员','2018-08-08 15:50:13','管理员','2018-08-08 15:50:13'),(11029,61,'123123','Shelf','2_12','飒飒是发','start_using','管理员','2018-08-08 15:50:13','管理员','2018-08-08 15:50:13'),(11030,61,'123123','Shelf','3_13','飒飒是发','start_using','管理员','2018-08-08 15:50:13','管理员','2018-08-08 15:50:13'),(11032,61,'123123','Shelf','3_2','飒飒是发','start_using','管理员','2018-08-08 15:50:13','管理员','2018-08-08 15:50:13'),(11036,61,'123123','Shelf','7_7','飒飒是发','start_using','管理员','2018-08-08 15:50:13','管理员','2018-08-08 15:50:13'),(11038,61,'123123','Shelf','5_8','飒飒是发','start_using','管理员','2018-08-08 15:50:13','管理员','2018-08-08 15:50:13'),(11039,61,'123123','Shelf','4_9','飒飒是发','start_using','管理员','2018-08-08 15:50:13','管理员','2018-08-08 15:50:13'),(11040,61,'123123','Shelf','2_13','飒飒是发','start_using','管理员','2018-08-08 15:50:13','管理员','2018-08-08 15:50:13'),(11042,61,'123123','Shelf','3_3','飒飒是发','start_using','管理员','2018-08-08 15:50:13','管理员','2018-08-08 15:50:13'),(11043,61,'123123','Shelf','3_14','飒飒是发','start_using','管理员','2018-08-08 15:50:13','管理员','2018-08-08 15:50:13'),(11046,61,'123123','Shelf','7_8','飒飒是发','start_using','管理员','2018-08-08 15:50:13','管理员','2018-08-08 15:50:13'),(11049,61,'123123','Shelf','5_9','飒飒是发','start_using','管理员','2018-08-08 15:50:13','管理员','2018-08-08 15:50:13'),(11050,61,'123123','Shelf','4_10','飒飒是发','start_using','管理员','2018-08-08 15:50:13','管理员','2018-08-08 15:50:13'),(11051,61,'123123','Shelf','2_14','飒飒是发','start_using','管理员','2018-08-08 15:50:13','管理员','2018-08-08 15:50:13'),(11052,61,'123123','Shelf','3_4','飒飒是发','start_using','管理员','2018-08-08 15:50:13','管理员','2018-08-08 15:50:13'),(11054,61,'123123','Shelf','3_15','飒飒是发','start_using','管理员','2018-08-08 15:50:13','管理员','2018-08-08 15:50:13'),(11057,61,'123123','Shelf','7_9','飒飒是发','start_using','管理员','2018-08-08 15:50:13','管理员','2018-08-08 15:50:13'),(11060,61,'123123','Shelf','5_10','飒飒是发','start_using','管理员','2018-08-08 15:50:13','管理员','2018-08-08 15:50:13'),(11061,61,'123123','Shelf','4_11','飒飒是发','start_using','管理员','2018-08-08 15:50:13','管理员','2018-08-08 15:50:13'),(11062,61,'123123','Shelf','2_15','飒飒是发','start_using','管理员','2018-08-08 15:50:13','管理员','2018-08-08 15:50:13'),(11063,61,'123123','Shelf','3_16','飒飒是发','start_using','管理员','2018-08-08 15:50:13','管理员','2018-08-08 15:50:13'),(11065,61,'123123','Shelf','3_5','飒飒是发','start_using','管理员','2018-08-08 15:50:13','管理员','2018-08-08 15:50:13'),(11066,61,'123123','Shelf','7_10','飒飒是发','start_using','管理员','2018-08-08 15:50:13','管理员','2018-08-08 15:50:13'),(11068,61,'123123','Shelf','2_16','飒飒是发','start_using','管理员','2018-08-08 15:50:13','管理员','2018-08-08 15:50:13'),(11070,61,'123123','Shelf','4_12','飒飒是发','start_using','管理员','2018-08-08 15:50:13','管理员','2018-08-08 15:50:13'),(11072,61,'123123','Shelf','5_11','飒飒是发','start_using','管理员','2018-08-08 15:50:13','管理员','2018-08-08 15:50:13'),(11074,61,'123123','Shelf','3_6','飒飒是发','start_using','管理员','2018-08-08 15:50:13','管理员','2018-08-08 15:50:13'),(11075,61,'123123','Shelf','2_17','飒飒是发','start_using','管理员','2018-08-08 15:50:14','管理员','2018-08-08 15:50:14'),(11076,61,'123123','Shelf','5_12','飒飒是发','start_using','管理员','2018-08-08 15:50:14','管理员','2018-08-08 15:50:14'),(11077,61,'123123','Shelf','3_17','飒飒是发','start_using','管理员','2018-08-08 15:50:14','管理员','2018-08-08 15:50:14'),(11079,61,'123123','Shelf','7_11','飒飒是发','start_using','管理员','2018-08-08 15:50:14','管理员','2018-08-08 15:50:14'),(11081,61,'123123','Shelf','4_13','飒飒是发','start_using','管理员','2018-08-08 15:50:14','管理员','2018-08-08 15:50:14'),(11085,61,'123123','Shelf','2_18','飒飒是发','start_using','管理员','2018-08-08 15:50:14','管理员','2018-08-08 15:50:14'),(11086,61,'123123','Shelf','3_7','飒飒是发','start_using','管理员','2018-08-08 15:50:14','管理员','2018-08-08 15:50:14'),(11087,61,'123123','Shelf','3_18','飒飒是发','start_using','管理员','2018-08-08 15:50:14','管理员','2018-08-08 15:50:14'),(11088,61,'123123','Shelf','5_13','飒飒是发','start_using','管理员','2018-08-08 15:50:14','管理员','2018-08-08 15:50:14'),(11091,61,'123123','Shelf','7_12','飒飒是发','start_using','管理员','2018-08-08 15:50:14','管理员','2018-08-08 15:50:14'),(11095,61,'123123','Shelf','4_14','飒飒是发','start_using','管理员','2018-08-08 15:50:14','管理员','2018-08-08 15:50:14'),(11096,61,'123123','Shelf','2_19','飒飒是发','start_using','管理员','2018-08-08 15:50:14','管理员','2018-08-08 15:50:14'),(11097,61,'123123','Shelf','5_14','飒飒是发','start_using','管理员','2018-08-08 15:50:14','管理员','2018-08-08 15:50:14'),(11098,61,'123123','Shelf','3_19','飒飒是发','start_using','管理员','2018-08-08 15:50:14','管理员','2018-08-08 15:50:14'),(11099,61,'123123','Shelf','3_8','飒飒是发','start_using','管理员','2018-08-08 15:50:14','管理员','2018-08-08 15:50:14'),(11104,61,'123123','Shelf','7_13','飒飒是发','start_using','管理员','2018-08-08 15:50:14','管理员','2018-08-08 15:50:14'),(11106,61,'123123','Shelf','4_15','飒飒是发','start_using','管理员','2018-08-08 15:50:14','管理员','2018-08-08 15:50:14'),(11107,61,'123123','Shelf','2_20','飒飒是发','start_using','管理员','2018-08-08 15:50:14','管理员','2018-08-08 15:50:14'),(11108,61,'123123','Shelf','3_20','飒飒是发','start_using','管理员','2018-08-08 15:50:14','管理员','2018-08-08 15:50:14'),(11109,61,'123123','Shelf','3_9','飒飒是发','start_using','管理员','2018-08-08 15:50:14','管理员','2018-08-08 15:50:14'),(11110,61,'123123','Shelf','5_15','飒飒是发','start_using','管理员','2018-08-08 15:50:14','管理员','2018-08-08 15:50:14'),(11114,61,'123123','Shelf','7_14','飒飒是发','start_using','管理员','2018-08-08 15:50:14','管理员','2018-08-08 15:50:14'),(11117,61,'123123','Shelf','4_16','飒飒是发','start_using','管理员','2018-08-08 15:50:14','管理员','2018-08-08 15:50:14'),(11118,61,'123123','Shelf','2_21','飒飒是发','start_using','管理员','2018-08-08 15:50:14','管理员','2018-08-08 15:50:14'),(11119,61,'123123','Shelf','3_21','飒飒是发','start_using','管理员','2018-08-08 15:50:14','管理员','2018-08-08 15:50:14'),(11120,61,'123123','Shelf','5_16','飒飒是发','start_using','管理员','2018-08-08 15:50:14','管理员','2018-08-08 15:50:14'),(11122,61,'123123','Shelf','3_10','飒飒是发','start_using','管理员','2018-08-08 15:50:14','管理员','2018-08-08 15:50:14'),(11124,61,'123123','Shelf','7_15','飒飒是发','start_using','管理员','2018-08-08 15:50:14','管理员','2018-08-08 15:50:14'),(11127,61,'123123','Shelf','4_17','飒飒是发','start_using','管理员','2018-08-08 15:50:14','管理员','2018-08-08 15:50:14'),(11129,61,'123123','Shelf','4_1','飒飒是发','start_using','管理员','2018-08-08 15:50:14','管理员','2018-08-08 15:50:14'),(11131,61,'123123','Shelf','5_17','飒飒是发','start_using','管理员','2018-08-08 15:50:14','管理员','2018-08-08 15:50:14'),(11133,61,'123123','Shelf','3_1','飒飒是发','start_using','管理员','2018-08-08 15:50:14','管理员','2018-08-08 15:50:14'),(11134,61,'123123','Shelf','3_11','飒飒是发','start_using','管理员','2018-08-08 15:50:14','管理员','2018-08-08 15:50:14'),(11135,61,'123123','Shelf','7_16','飒飒是发','start_using','管理员','2018-08-08 15:50:14','管理员','2018-08-08 15:50:14'),(11136,61,'123123','Shelf','4_18','飒飒是发','start_using','管理员','2018-08-08 15:50:14','管理员','2018-08-08 15:50:14'),(11140,61,'123123','Shelf','4_2','飒飒是发','start_using','管理员','2018-08-08 15:50:14','管理员','2018-08-08 15:50:14'),(11141,61,'123123','Shelf','3_2','飒飒是发','start_using','管理员','2018-08-08 15:50:14','管理员','2018-08-08 15:50:14'),(11143,61,'123123','Shelf','5_18','飒飒是发','start_using','管理员','2018-08-08 15:50:14','管理员','2018-08-08 15:50:14'),(11144,61,'123123','Shelf','7_17','飒飒是发','start_using','管理员','2018-08-08 15:50:14','管理员','2018-08-08 15:50:14'),(11146,61,'123123','Shelf','3_12','飒飒是发','start_using','管理员','2018-08-08 15:50:14','管理员','2018-08-08 15:50:14'),(11149,61,'123123','Shelf','4_19','飒飒是发','start_using','管理员','2018-08-08 15:50:14','管理员','2018-08-08 15:50:14'),(11151,61,'123123','Shelf','4_3','飒飒是发','start_using','管理员','2018-08-08 15:50:14','管理员','2018-08-08 15:50:14'),(11152,61,'123123','Shelf','3_3','飒飒是发','start_using','管理员','2018-08-08 15:50:14','管理员','2018-08-08 15:50:14'),(11154,61,'123123','Shelf','5_19','飒飒是发','start_using','管理员','2018-08-08 15:50:14','管理员','2018-08-08 15:50:14'),(11155,61,'123123','Shelf','3_13','飒飒是发','start_using','管理员','2018-08-08 15:50:14','管理员','2018-08-08 15:50:14'),(11157,61,'123123','Shelf','7_18','飒飒是发','start_using','管理员','2018-08-08 15:50:14','管理员','2018-08-08 15:50:14'),(11159,61,'123123','Shelf','4_20','飒飒是发','start_using','管理员','2018-08-08 15:50:14','管理员','2018-08-08 15:50:14'),(11163,61,'123123','Shelf','5_20','飒飒是发','start_using','管理员','2018-08-08 15:50:14','管理员','2018-08-08 15:50:14'),(11164,61,'123123','Shelf','4_4','飒飒是发','start_using','管理员','2018-08-08 15:50:14','管理员','2018-08-08 15:50:14'),(11165,61,'123123','Shelf','3_4','飒飒是发','start_using','管理员','2018-08-08 15:50:14','管理员','2018-08-08 15:50:14'),(11166,61,'123123','Shelf','7_19','飒飒是发','start_using','管理员','2018-08-08 15:50:14','管理员','2018-08-08 15:50:14'),(11167,61,'123123','Shelf','3_14','飒飒是发','start_using','管理员','2018-08-08 15:50:14','管理员','2018-08-08 15:50:14'),(11168,61,'123123','Shelf','4_21','飒飒是发','start_using','管理员','2018-08-08 15:50:14','管理员','2018-08-08 15:50:14'),(11173,61,'123123','Shelf','5_21','飒飒是发','start_using','管理员','2018-08-08 15:50:14','管理员','2018-08-08 15:50:14'),(11175,61,'123123','Shelf','3_5','飒飒是发','start_using','管理员','2018-08-08 15:50:14','管理员','2018-08-08 15:50:14'),(11176,61,'123123','Shelf','4_5','飒飒是发','start_using','管理员','2018-08-08 15:50:14','管理员','2018-08-08 15:50:14'),(11177,61,'123123','Shelf','7_20','飒飒是发','start_using','管理员','2018-08-08 15:50:14','管理员','2018-08-08 15:50:14'),(11178,61,'123123','Shelf','5_1','飒飒是发','start_using','管理员','2018-08-08 15:50:14','管理员','2018-08-08 15:50:14'),(11181,61,'123123','Shelf','3_15','飒飒是发','start_using','管理员','2018-08-08 15:50:14','管理员','2018-08-08 15:50:14'),(11184,61,'123123','Shelf','6_1','飒飒是发','start_using','管理员','2018-08-08 15:50:14','管理员','2018-08-08 15:50:14'),(11186,61,'123123','Shelf','7_21','飒飒是发','start_using','管理员','2018-08-08 15:50:14','管理员','2018-08-08 15:50:14'),(11187,61,'123123','Shelf','5_2','飒飒是发','start_using','管理员','2018-08-08 15:50:14','管理员','2018-08-08 15:50:14'),(11188,61,'123123','Shelf','3_6','飒飒是发','start_using','管理员','2018-08-08 15:50:14','管理员','2018-08-08 15:50:14'),(11190,61,'123123','Shelf','4_6','飒飒是发','start_using','管理员','2018-08-08 15:50:14','管理员','2018-08-08 15:50:14'),(11193,61,'123123','Shelf','3_16','飒飒是发','start_using','管理员','2018-08-08 15:50:14','管理员','2018-08-08 15:50:14'),(11195,61,'123123','Shelf','6_2','飒飒是发','start_using','管理员','2018-08-08 15:50:14','管理员','2018-08-08 15:50:14'),(11197,61,'123123','Shelf','8_1','飒飒是发','start_using','管理员','2018-08-08 15:50:14','管理员','2018-08-08 15:50:14'),(11198,61,'123123','Shelf','5_3','飒飒是发','start_using','管理员','2018-08-08 15:50:14','管理员','2018-08-08 15:50:14'),(11199,61,'123123','Shelf','3_7','飒飒是发','start_using','管理员','2018-08-08 15:50:14','管理员','2018-08-08 15:50:14'),(11201,61,'123123','Shelf','4_7','飒飒是发','start_using','管理员','2018-08-08 15:50:14','管理员','2018-08-08 15:50:14'),(11203,61,'123123','Shelf','3_17','飒飒是发','start_using','管理员','2018-08-08 15:50:14','管理员','2018-08-08 15:50:14'),(11205,61,'123123','Shelf','6_3','飒飒是发','start_using','管理员','2018-08-08 15:50:14','管理员','2018-08-08 15:50:14'),(11208,61,'123123','Shelf','8_2','飒飒是发','start_using','管理员','2018-08-08 15:50:14','管理员','2018-08-08 15:50:14'),(11209,61,'123123','Shelf','5_4','飒飒是发','start_using','管理员','2018-08-08 15:50:14','管理员','2018-08-08 15:50:14'),(11211,61,'123123','Shelf','3_18','飒飒是发','start_using','管理员','2018-08-08 15:50:14','管理员','2018-08-08 15:50:14'),(11212,61,'123123','Shelf','3_8','飒飒是发','start_using','管理员','2018-08-08 15:50:14','管理员','2018-08-08 15:50:14'),(11213,61,'123123','Shelf','6_4','飒飒是发','start_using','管理员','2018-08-08 15:50:14','管理员','2018-08-08 15:50:14'),(11218,61,'123123','Shelf','4_8','飒飒是发','start_using','管理员','2018-08-08 15:50:14','管理员','2018-08-08 15:50:14'),(11219,61,'123123','Shelf','8_3','飒飒是发','start_using','管理员','2018-08-08 15:50:14','管理员','2018-08-08 15:50:14'),(11220,61,'123123','Shelf','5_5','飒飒是发','start_using','管理员','2018-08-08 15:50:14','管理员','2018-08-08 15:50:14'),(11222,61,'123123','Shelf','6_5','飒飒是发','start_using','管理员','2018-08-08 15:50:14','管理员','2018-08-08 15:50:14'),(11223,61,'123123','Shelf','3_19','飒飒是发','start_using','管理员','2018-08-08 15:50:14','管理员','2018-08-08 15:50:14'),(11224,61,'123123','Shelf','3_9','飒飒是发','start_using','管理员','2018-08-08 15:50:14','管理员','2018-08-08 15:50:14'),(11226,61,'123123','Shelf','5_6','飒飒是发','start_using','管理员','2018-08-08 15:50:14','管理员','2018-08-08 15:50:14'),(11228,61,'123123','Shelf','4_9','飒飒是发','start_using','管理员','2018-08-08 15:50:14','管理员','2018-08-08 15:50:14'),(11231,61,'123123','Shelf','8_4','飒飒是发','start_using','管理员','2018-08-08 15:50:14','管理员','2018-08-08 15:50:14'),(11233,61,'123123','Shelf','3_10','飒飒是发','start_using','管理员','2018-08-08 15:50:14','管理员','2018-08-08 15:50:14'),(11234,61,'123123','Shelf','6_6','飒飒是发','start_using','管理员','2018-08-08 15:50:14','管理员','2018-08-08 15:50:14'),(11235,61,'123123','Shelf','3_20','飒飒是发','start_using','管理员','2018-08-08 15:50:14','管理员','2018-08-08 15:50:14'),(11236,61,'123123','Shelf','5_7','飒飒是发','start_using','管理员','2018-08-08 15:50:14','管理员','2018-08-08 15:50:14'),(11240,61,'123123','Shelf','4_10','飒飒是发','start_using','管理员','2018-08-08 15:50:14','管理员','2018-08-08 15:50:14'),(11243,61,'123123','Shelf','3_11','飒飒是发','start_using','管理员','2018-08-08 15:50:14','管理员','2018-08-08 15:50:14'),(11244,61,'123123','Shelf','8_5','飒飒是发','start_using','管理员','2018-08-08 15:50:14','管理员','2018-08-08 15:50:14'),(11245,61,'123123','Shelf','6_7','飒飒是发','start_using','管理员','2018-08-08 15:50:14','管理员','2018-08-08 15:50:14'),(11246,61,'123123','Shelf','3_21','飒飒是发','start_using','管理员','2018-08-08 15:50:14','管理员','2018-08-08 15:50:14'),(11247,61,'123123','Shelf','5_8','飒飒是发','start_using','管理员','2018-08-08 15:50:14','管理员','2018-08-08 15:50:14'),(11251,61,'123123','Shelf','6_8','飒飒是发','start_using','管理员','2018-08-08 15:50:14','管理员','2018-08-08 15:50:14'),(11252,61,'123123','Shelf','8_6','飒飒是发','start_using','管理员','2018-08-08 15:50:14','管理员','2018-08-08 15:50:14'),(11253,61,'123123','Shelf','3_12','飒飒是发','start_using','管理员','2018-08-08 15:50:14','管理员','2018-08-08 15:50:14'),(11255,61,'123123','Shelf','4_11','飒飒是发','start_using','管理员','2018-08-08 15:50:14','管理员','2018-08-08 15:50:14'),(11258,61,'123123','Shelf','6_9','飒飒是发','start_using','管理员','2018-08-08 15:50:14','管理员','2018-08-08 15:50:14'),(11259,61,'123123','Shelf','8_7','飒飒是发','start_using','管理员','2018-08-08 15:50:14','管理员','2018-08-08 15:50:14'),(11262,61,'123123','Shelf','4_1','飒飒是发','start_using','管理员','2018-08-08 15:50:14','管理员','2018-08-08 15:50:14'),(11264,61,'123123','Shelf','5_9','飒飒是发','start_using','管理员','2018-08-08 15:50:14','管理员','2018-08-08 15:50:14'),(11265,61,'123123','Shelf','4_12','飒飒是发','start_using','管理员','2018-08-08 15:50:14','管理员','2018-08-08 15:50:14'),(11267,61,'123123','Shelf','3_13','飒飒是发','start_using','管理员','2018-08-08 15:50:14','管理员','2018-08-08 15:50:14'),(11268,61,'123123','Shelf','6_10','飒飒是发','start_using','管理员','2018-08-08 15:50:14','管理员','2018-08-08 15:50:14'),(11269,61,'123123','Shelf','5_10','飒飒是发','start_using','管理员','2018-08-08 15:50:14','管理员','2018-08-08 15:50:14'),(11271,61,'123123','Shelf','8_8','飒飒是发','start_using','管理员','2018-08-08 15:50:14','管理员','2018-08-08 15:50:14'),(11272,61,'123123','Shelf','4_2','飒飒是发','start_using','管理员','2018-08-08 15:50:14','管理员','2018-08-08 15:50:14'),(11277,61,'123123','Shelf','4_13','飒飒是发','start_using','管理员','2018-08-08 15:50:14','管理员','2018-08-08 15:50:14'),(11278,61,'123123','Shelf','3_14','飒飒是发','start_using','管理员','2018-08-08 15:50:14','管理员','2018-08-08 15:50:14'),(11279,61,'123123','Shelf','5_11','飒飒是发','start_using','管理员','2018-08-08 15:50:14','管理员','2018-08-08 15:50:14'),(11280,61,'123123','Shelf','6_11','飒飒是发','start_using','管理员','2018-08-08 15:50:14','管理员','2018-08-08 15:50:14'),(11281,61,'123123','Shelf','8_9','飒飒是发','start_using','管理员','2018-08-08 15:50:14','管理员','2018-08-08 15:50:14'),(11284,61,'123123','Shelf','4_3','飒飒是发','start_using','管理员','2018-08-08 15:50:14','管理员','2018-08-08 15:50:14'),(11287,61,'123123','Shelf','3_15','飒飒是发','start_using','管理员','2018-08-08 15:50:14','管理员','2018-08-08 15:50:14'),(11289,61,'123123','Shelf','4_14','飒飒是发','start_using','管理员','2018-08-08 15:50:14','管理员','2018-08-08 15:50:14'),(11290,61,'123123','Shelf','5_12','飒飒是发','start_using','管理员','2018-08-08 15:50:14','管理员','2018-08-08 15:50:14'),(11291,61,'123123','Shelf','6_12','飒飒是发','start_using','管理员','2018-08-08 15:50:14','管理员','2018-08-08 15:50:14'),(11293,61,'123123','Shelf','8_10','飒飒是发','start_using','管理员','2018-08-08 15:50:14','管理员','2018-08-08 15:50:14'),(11296,61,'123123','Shelf','4_4','飒飒是发','start_using','管理员','2018-08-08 15:50:14','管理员','2018-08-08 15:50:14'),(11298,61,'123123','Shelf','3_16','飒飒是发','start_using','管理员','2018-08-08 15:50:14','管理员','2018-08-08 15:50:14'),(11300,61,'123123','Shelf','4_15','飒飒是发','start_using','管理员','2018-08-08 15:50:14','管理员','2018-08-08 15:50:14'),(11301,61,'123123','Shelf','5_13','飒飒是发','start_using','管理员','2018-08-08 15:50:14','管理员','2018-08-08 15:50:14'),(11302,61,'123123','Shelf','6_13','飒飒是发','start_using','管理员','2018-08-08 15:50:14','管理员','2018-08-08 15:50:14'),(11304,61,'123123','Shelf','8_11','飒飒是发','start_using','管理员','2018-08-08 15:50:14','管理员','2018-08-08 15:50:14'),(11307,61,'123123','Shelf','3_17','飒飒是发','start_using','管理员','2018-08-08 15:50:14','管理员','2018-08-08 15:50:14'),(11308,61,'123123','Shelf','4_5','飒飒是发','start_using','管理员','2018-08-08 15:50:14','管理员','2018-08-08 15:50:14'),(11311,61,'123123','Shelf','4_16','飒飒是发','start_using','管理员','2018-08-08 15:50:14','管理员','2018-08-08 15:50:14'),(11312,61,'123123','Shelf','6_14','飒飒是发','start_using','管理员','2018-08-08 15:50:14','管理员','2018-08-08 15:50:14'),(11313,61,'123123','Shelf','5_14','飒飒是发','start_using','管理员','2018-08-08 15:50:14','管理员','2018-08-08 15:50:14'),(11315,61,'123123','Shelf','8_12','飒飒是发','start_using','管理员','2018-08-08 15:50:14','管理员','2018-08-08 15:50:14'),(11318,61,'123123','Shelf','6_15','飒飒是发','start_using','管理员','2018-08-08 15:50:14','管理员','2018-08-08 15:50:14'),(11320,61,'123123','Shelf','4_6','飒飒是发','start_using','管理员','2018-08-08 15:50:14','管理员','2018-08-08 15:50:14'),(11321,61,'123123','Shelf','5_15','飒飒是发','start_using','管理员','2018-08-08 15:50:14','管理员','2018-08-08 15:50:14'),(11322,61,'123123','Shelf','3_18','飒飒是发','start_using','管理员','2018-08-08 15:50:14','管理员','2018-08-08 15:50:14'),(11324,61,'123123','Shelf','4_17','飒飒是发','start_using','管理员','2018-08-08 15:50:14','管理员','2018-08-08 15:50:14'),(11326,61,'123123','Shelf','8_13','飒飒是发','start_using','管理员','2018-08-08 15:50:14','管理员','2018-08-08 15:50:14'),(11328,61,'123123','Shelf','4_7','飒飒是发','start_using','管理员','2018-08-08 15:50:14','管理员','2018-08-08 15:50:14'),(11329,61,'123123','Shelf','5_16','飒飒是发','start_using','管理员','2018-08-08 15:50:14','管理员','2018-08-08 15:50:14'),(11330,61,'123123','Shelf','6_16','飒飒是发','start_using','管理员','2018-08-08 15:50:14','管理员','2018-08-08 15:50:14'),(11332,61,'123123','Shelf','3_19','飒飒是发','start_using','管理员','2018-08-08 15:50:14','管理员','2018-08-08 15:50:14'),(11335,61,'123123','Shelf','4_18','飒飒是发','start_using','管理员','2018-08-08 15:50:14','管理员','2018-08-08 15:50:14'),(11336,61,'123123','Shelf','5_17','飒飒是发','start_using','管理员','2018-08-08 15:50:14','管理员','2018-08-08 15:50:14'),(11338,61,'123123','Shelf','8_14','飒飒是发','start_using','管理员','2018-08-08 15:50:14','管理员','2018-08-08 15:50:14'),(11340,61,'123123','Shelf','4_8','飒飒是发','start_using','管理员','2018-08-08 15:50:14','管理员','2018-08-08 15:50:14'),(11342,61,'123123','Shelf','3_20','飒飒是发','start_using','管理员','2018-08-08 15:50:14','管理员','2018-08-08 15:50:14'),(11343,61,'123123','Shelf','4_19','飒飒是发','start_using','管理员','2018-08-08 15:50:14','管理员','2018-08-08 15:50:14'),(11346,61,'123123','Shelf','6_17','飒飒是发','start_using','管理员','2018-08-08 15:50:14','管理员','2018-08-08 15:50:14'),(11348,61,'123123','Shelf','8_15','飒飒是发','start_using','管理员','2018-08-08 15:50:14','管理员','2018-08-08 15:50:14'),(11349,61,'123123','Shelf','5_18','飒飒是发','start_using','管理员','2018-08-08 15:50:14','管理员','2018-08-08 15:50:14'),(11350,61,'123123','Shelf','4_9','飒飒是发','start_using','管理员','2018-08-08 15:50:14','管理员','2018-08-08 15:50:14'),(11353,61,'123123','Shelf','6_18','飒飒是发','start_using','管理员','2018-08-08 15:50:14','管理员','2018-08-08 15:50:14'),(11354,61,'123123','Shelf','3_21','飒飒是发','start_using','管理员','2018-08-08 15:50:14','管理员','2018-08-08 15:50:14'),(11355,61,'123123','Shelf','4_20','飒飒是发','start_using','管理员','2018-08-08 15:50:14','管理员','2018-08-08 15:50:14'),(11358,61,'123123','Shelf','5_19','飒飒是发','start_using','管理员','2018-08-08 15:50:14','管理员','2018-08-08 15:50:14'),(11359,61,'123123','Shelf','8_16','飒飒是发','start_using','管理员','2018-08-08 15:50:14','管理员','2018-08-08 15:50:14'),(11361,61,'123123','Shelf','4_10','飒飒是发','start_using','管理员','2018-08-08 15:50:14','管理员','2018-08-08 15:50:14'),(11364,61,'123123','Shelf','6_19','飒飒是发','start_using','管理员','2018-08-08 15:50:14','管理员','2018-08-08 15:50:14'),(11365,61,'123123','Shelf','4_1','飒飒是发','start_using','管理员','2018-08-08 15:50:14','管理员','2018-08-08 15:50:14'),(11366,61,'123123','Shelf','4_21','飒飒是发','start_using','管理员','2018-08-08 15:50:14','管理员','2018-08-08 15:50:14'),(11367,61,'123123','Shelf','8_17','飒飒是发','start_using','管理员','2018-08-08 15:50:14','管理员','2018-08-08 15:50:14'),(11369,61,'123123','Shelf','5_20','飒飒是发','start_using','管理员','2018-08-08 15:50:14','管理员','2018-08-08 15:50:14'),(11372,61,'123123','Shelf','4_11','飒飒是发','start_using','管理员','2018-08-08 15:50:14','管理员','2018-08-08 15:50:14'),(11374,61,'123123','Shelf','5_1','飒飒是发','start_using','管理员','2018-08-08 15:50:14','管理员','2018-08-08 15:50:14'),(11376,61,'123123','Shelf','4_2','飒飒是发','start_using','管理员','2018-08-08 15:50:14','管理员','2018-08-08 15:50:14'),(11377,61,'123123','Shelf','6_20','飒飒是发','start_using','管理员','2018-08-08 15:50:14','管理员','2018-08-08 15:50:14'),(11379,61,'123123','Shelf','5_21','飒飒是发','start_using','管理员','2018-08-08 15:50:14','管理员','2018-08-08 15:50:14'),(11380,61,'123123','Shelf','8_18','飒飒是发','start_using','管理员','2018-08-08 15:50:14','管理员','2018-08-08 15:50:14'),(11383,61,'123123','Shelf','4_12','飒飒是发','start_using','管理员','2018-08-08 15:50:14','管理员','2018-08-08 15:50:14'),(11385,61,'123123','Shelf','8_19','飒飒是发','start_using','管理员','2018-08-08 15:50:14','管理员','2018-08-08 15:50:14'),(11386,61,'123123','Shelf','6_21','飒飒是发','start_using','管理员','2018-08-08 15:50:14','管理员','2018-08-08 15:50:14'),(11389,61,'123123','Shelf','5_2','飒飒是发','start_using','管理员','2018-08-08 15:50:14','管理员','2018-08-08 15:50:14'),(11390,61,'123123','Shelf','6_1','飒飒是发','start_using','管理员','2018-08-08 15:50:14','管理员','2018-08-08 15:50:14'),(11392,61,'123123','Shelf','4_3','飒飒是发','start_using','管理员','2018-08-08 15:50:14','管理员','2018-08-08 15:50:14'),(11394,61,'123123','Shelf','4_13','飒飒是发','start_using','管理员','2018-08-08 15:50:14','管理员','2018-08-08 15:50:14'),(11396,61,'123123','Shelf','7_1','飒飒是发','start_using','管理员','2018-08-08 15:50:14','管理员','2018-08-08 15:50:14'),(11398,61,'123123','Shelf','8_20','飒飒是发','start_using','管理员','2018-08-08 15:50:14','管理员','2018-08-08 15:50:14'),(11401,61,'123123','Shelf','6_2','飒飒是发','start_using','管理员','2018-08-08 15:50:14','管理员','2018-08-08 15:50:14'),(11402,61,'123123','Shelf','5_3','飒飒是发','start_using','管理员','2018-08-08 15:50:14','管理员','2018-08-08 15:50:14'),(11404,61,'123123','Shelf','4_4','飒飒是发','start_using','管理员','2018-08-08 15:50:14','管理员','2018-08-08 15:50:14'),(11405,61,'123123','Shelf','6_3','飒飒是发','start_using','管理员','2018-08-08 15:50:14','管理员','2018-08-08 15:50:14'),(11408,61,'123123','Shelf','8_21','飒飒是发','start_using','管理员','2018-08-08 15:50:14','管理员','2018-08-08 15:50:14'),(11409,61,'123123','Shelf','7_2','飒飒是发','start_using','管理员','2018-08-08 15:50:14','管理员','2018-08-08 15:50:14'),(11411,61,'123123','Shelf','4_14','飒飒是发','start_using','管理员','2018-08-08 15:50:14','管理员','2018-08-08 15:50:14'),(11412,61,'123123','Shelf','5_4','飒飒是发','start_using','管理员','2018-08-08 15:50:14','管理员','2018-08-08 15:50:14'),(11415,61,'123123','Shelf','4_5','飒飒是发','start_using','管理员','2018-08-08 15:50:14','管理员','2018-08-08 15:50:14'),(11417,61,'123123','Shelf','7_3','飒飒是发','start_using','管理员','2018-08-08 15:50:14','管理员','2018-08-08 15:50:14'),(11418,61,'123123','Shelf','6_4','飒飒是发','start_using','管理员','2018-08-08 15:50:14','管理员','2018-08-08 15:50:14'),(11421,61,'123123','Shelf','5_5','飒飒是发','start_using','管理员','2018-08-08 15:50:14','管理员','2018-08-08 15:50:14'),(11423,61,'123123','Shelf','4_15','飒飒是发','start_using','管理员','2018-08-08 15:50:14','管理员','2018-08-08 15:50:14'),(11424,61,'123123','Shelf','9_1','飒飒是发','start_using','管理员','2018-08-08 15:50:14','管理员','2018-08-08 15:50:14'),(11426,61,'123123','Shelf','4_6','飒飒是发','start_using','管理员','2018-08-08 15:50:14','管理员','2018-08-08 15:50:14'),(11427,61,'123123','Shelf','7_4','飒飒是发','start_using','管理员','2018-08-08 15:50:14','管理员','2018-08-08 15:50:14'),(11429,61,'123123','Shelf','5_6','飒飒是发','start_using','管理员','2018-08-08 15:50:14','管理员','2018-08-08 15:50:14'),(11431,61,'123123','Shelf','6_5','飒飒是发','start_using','管理员','2018-08-08 15:50:14','管理员','2018-08-08 15:50:14'),(11433,61,'123123','Shelf','4_16','飒飒是发','start_using','管理员','2018-08-08 15:50:14','管理员','2018-08-08 15:50:14'),(11434,61,'123123','Shelf','9_2','飒飒是发','start_using','管理员','2018-08-08 15:50:14','管理员','2018-08-08 15:50:14'),(11437,61,'123123','Shelf','4_7','飒飒是发','start_using','管理员','2018-08-08 15:50:14','管理员','2018-08-08 15:50:14'),(11438,61,'123123','Shelf','7_5','飒飒是发','start_using','管理员','2018-08-08 15:50:14','管理员','2018-08-08 15:50:14'),(11441,61,'123123','Shelf','6_6','飒飒是发','start_using','管理员','2018-08-08 15:50:14','管理员','2018-08-08 15:50:14'),(11442,61,'123123','Shelf','5_7','飒飒是发','start_using','管理员','2018-08-08 15:50:14','管理员','2018-08-08 15:50:14'),(11444,61,'123123','Shelf','4_17','飒飒是发','start_using','管理员','2018-08-08 15:50:14','管理员','2018-08-08 15:50:14'),(11446,61,'123123','Shelf','9_3','飒飒是发','start_using','管理员','2018-08-08 15:50:14','管理员','2018-08-08 15:50:14'),(11447,61,'123123','Shelf','4_8','飒飒是发','start_using','管理员','2018-08-08 15:50:14','管理员','2018-08-08 15:50:14'),(11449,61,'123123','Shelf','7_6','飒飒是发','start_using','管理员','2018-08-08 15:50:14','管理员','2018-08-08 15:50:14'),(11453,61,'123123','Shelf','6_7','飒飒是发','start_using','管理员','2018-08-08 15:50:14','管理员','2018-08-08 15:50:14'),(11454,61,'123123','Shelf','5_8','飒飒是发','start_using','管理员','2018-08-08 15:50:14','管理员','2018-08-08 15:50:14'),(11456,61,'123123','Shelf','4_18','飒飒是发','start_using','管理员','2018-08-08 15:50:14','管理员','2018-08-08 15:50:14'),(11457,61,'123123','Shelf','9_4','飒飒是发','start_using','管理员','2018-08-08 15:50:14','管理员','2018-08-08 15:50:14'),(11459,61,'123123','Shelf','7_7','飒飒是发','start_using','管理员','2018-08-08 15:50:14','管理员','2018-08-08 15:50:14'),(11460,61,'123123','Shelf','6_8','飒飒是发','start_using','管理员','2018-08-08 15:50:14','管理员','2018-08-08 15:50:14'),(11464,61,'123123','Shelf','4_9','飒飒是发','start_using','管理员','2018-08-08 15:50:14','管理员','2018-08-08 15:50:14'),(11465,61,'123123','Shelf','5_9','飒飒是发','start_using','管理员','2018-08-08 15:50:14','管理员','2018-08-08 15:50:14'),(11466,61,'123123','Shelf','4_19','飒飒是发','start_using','管理员','2018-08-08 15:50:14','管理员','2018-08-08 15:50:14'),(11468,61,'123123','Shelf','9_5','飒飒是发','start_using','管理员','2018-08-08 15:50:14','管理员','2018-08-08 15:50:14'),(11470,61,'123123','Shelf','7_8','飒飒是发','start_using','管理员','2018-08-08 15:50:14','管理员','2018-08-08 15:50:14'),(11471,61,'123123','Shelf','6_9','飒飒是发','start_using','管理员','2018-08-08 15:50:14','管理员','2018-08-08 15:50:14'),(11473,61,'123123','Shelf','4_10','飒飒是发','start_using','管理员','2018-08-08 15:50:14','管理员','2018-08-08 15:50:14'),(11476,61,'123123','Shelf','5_10','飒飒是发','start_using','管理员','2018-08-08 15:50:14','管理员','2018-08-08 15:50:14'),(11477,61,'123123','Shelf','4_20','飒飒是发','start_using','管理员','2018-08-08 15:50:14','管理员','2018-08-08 15:50:14'),(11478,61,'123123','Shelf','9_6','飒飒是发','start_using','管理员','2018-08-08 15:50:14','管理员','2018-08-08 15:50:14'),(11481,61,'123123','Shelf','7_9','飒飒是发','start_using','管理员','2018-08-08 15:50:14','管理员','2018-08-08 15:50:14'),(11483,61,'123123','Shelf','6_10','飒飒是发','start_using','管理员','2018-08-08 15:50:14','管理员','2018-08-08 15:50:14'),(11486,61,'123123','Shelf','5_11','飒飒是发','start_using','管理员','2018-08-08 15:50:14','管理员','2018-08-08 15:50:14'),(11487,61,'123123','Shelf','4_11','飒飒是发','start_using','管理员','2018-08-08 15:50:14','管理员','2018-08-08 15:50:14'),(11488,61,'123123','Shelf','7_10','飒飒是发','start_using','管理员','2018-08-08 15:50:14','管理员','2018-08-08 15:50:14'),(11490,61,'123123','Shelf','4_21','飒飒是发','start_using','管理员','2018-08-08 15:50:14','管理员','2018-08-08 15:50:14'),(11491,61,'123123','Shelf','9_7','飒飒是发','start_using','管理员','2018-08-08 15:50:14','管理员','2018-08-08 15:50:14'),(11496,61,'123123','Shelf','6_11','飒飒是发','start_using','管理员','2018-08-08 15:50:14','管理员','2018-08-08 15:50:14'),(11497,61,'123123','Shelf','4_12','飒飒是发','start_using','管理员','2018-08-08 15:50:14','管理员','2018-08-08 15:50:14'),(11498,61,'123123','Shelf','5_12','飒飒是发','start_using','管理员','2018-08-08 15:50:14','管理员','2018-08-08 15:50:14'),(11500,61,'123123','Shelf','7_11','飒飒是发','start_using','管理员','2018-08-08 15:50:15','管理员','2018-08-08 15:50:15'),(11501,61,'123123','Shelf','5_1','飒飒是发','start_using','管理员','2018-08-08 15:50:15','管理员','2018-08-08 15:50:15'),(11503,61,'123123','Shelf','9_8','飒飒是发','start_using','管理员','2018-08-08 15:50:15','管理员','2018-08-08 15:50:15'),(11507,61,'123123','Shelf','6_12','飒飒是发','start_using','管理员','2018-08-08 15:50:15','管理员','2018-08-08 15:50:15'),(11508,61,'123123','Shelf','5_13','飒飒是发','start_using','管理员','2018-08-08 15:50:15','管理员','2018-08-08 15:50:15'),(11509,61,'123123','Shelf','4_13','飒飒是发','start_using','管理员','2018-08-08 15:50:15','管理员','2018-08-08 15:50:15'),(11512,61,'123123','Shelf','7_12','飒飒是发','start_using','管理员','2018-08-08 15:50:15','管理员','2018-08-08 15:50:15'),(11513,61,'123123','Shelf','9_9','飒飒是发','start_using','管理员','2018-08-08 15:50:15','管理员','2018-08-08 15:50:15'),(11514,61,'123123','Shelf','5_2','飒飒是发','start_using','管理员','2018-08-08 15:50:15','管理员','2018-08-08 15:50:15'),(11518,61,'123123','Shelf','6_13','飒飒是发','start_using','管理员','2018-08-08 15:50:15','管理员','2018-08-08 15:50:15'),(11520,61,'123123','Shelf','7_13','飒飒是发','start_using','管理员','2018-08-08 15:50:15','管理员','2018-08-08 15:50:15'),(11521,61,'123123','Shelf','4_14','飒飒是发','start_using','管理员','2018-08-08 15:50:15','管理员','2018-08-08 15:50:15'),(11524,61,'123123','Shelf','9_10','飒飒是发','start_using','管理员','2018-08-08 15:50:15','管理员','2018-08-08 15:50:15'),(11525,61,'123123','Shelf','5_3','飒飒是发','start_using','管理员','2018-08-08 15:50:15','管理员','2018-08-08 15:50:15'),(11527,61,'123123','Shelf','5_14','飒飒是发','start_using','管理员','2018-08-08 15:50:15','管理员','2018-08-08 15:50:15'),(11529,61,'123123','Shelf','6_14','飒飒是发','start_using','管理员','2018-08-08 15:50:15','管理员','2018-08-08 15:50:15'),(11531,61,'123123','Shelf','7_14','飒飒是发','start_using','管理员','2018-08-08 15:50:15','管理员','2018-08-08 15:50:15'),(11532,61,'123123','Shelf','9_11','飒飒是发','start_using','管理员','2018-08-08 15:50:15','管理员','2018-08-08 15:50:15'),(11533,61,'123123','Shelf','4_15','飒飒是发','start_using','管理员','2018-08-08 15:50:15','管理员','2018-08-08 15:50:15'),(11537,61,'123123','Shelf','5_15','飒飒是发','start_using','管理员','2018-08-08 15:50:15','管理员','2018-08-08 15:50:15'),(11538,61,'123123','Shelf','5_4','飒飒是发','start_using','管理员','2018-08-08 15:50:15','管理员','2018-08-08 15:50:15'),(11540,61,'123123','Shelf','6_15','飒飒是发','start_using','管理员','2018-08-08 15:50:15','管理员','2018-08-08 15:50:15'),(11542,61,'123123','Shelf','4_16','飒飒是发','start_using','管理员','2018-08-08 15:50:15','管理员','2018-08-08 15:50:15'),(11543,61,'123123','Shelf','9_12','飒飒是发','start_using','管理员','2018-08-08 15:50:15','管理员','2018-08-08 15:50:15'),(11544,61,'123123','Shelf','7_15','飒飒是发','start_using','管理员','2018-08-08 15:50:15','管理员','2018-08-08 15:50:15'),(11548,61,'123123','Shelf','5_16','飒飒是发','start_using','管理员','2018-08-08 15:50:15','管理员','2018-08-08 15:50:15'),(11549,61,'123123','Shelf','5_5','飒飒是发','start_using','管理员','2018-08-08 15:50:15','管理员','2018-08-08 15:50:15'),(11551,61,'123123','Shelf','6_16','飒飒是发','start_using','管理员','2018-08-08 15:50:15','管理员','2018-08-08 15:50:15'),(11553,61,'123123','Shelf','4_17','飒飒是发','start_using','管理员','2018-08-08 15:50:15','管理员','2018-08-08 15:50:15'),(11554,61,'123123','Shelf','9_13','飒飒是发','start_using','管理员','2018-08-08 15:50:15','管理员','2018-08-08 15:50:15'),(11555,61,'123123','Shelf','7_16','飒飒是发','start_using','管理员','2018-08-08 15:50:15','管理员','2018-08-08 15:50:15'),(11558,61,'123123','Shelf','5_17','飒飒是发','start_using','管理员','2018-08-08 15:50:15','管理员','2018-08-08 15:50:15'),(11559,61,'123123','Shelf','5_6','飒飒是发','start_using','管理员','2018-08-08 15:50:15','管理员','2018-08-08 15:50:15'),(11562,61,'123123','Shelf','6_17','飒飒是发','start_using','管理员','2018-08-08 15:50:15','管理员','2018-08-08 15:50:15'),(11564,61,'123123','Shelf','4_18','飒飒是发','start_using','管理员','2018-08-08 15:50:15','管理员','2018-08-08 15:50:15'),(11566,61,'123123','Shelf','7_17','飒飒是发','start_using','管理员','2018-08-08 15:50:15','管理员','2018-08-08 15:50:15'),(11567,61,'123123','Shelf','9_14','飒飒是发','start_using','管理员','2018-08-08 15:50:15','管理员','2018-08-08 15:50:15'),(11570,61,'123123','Shelf','5_18','飒飒是发','start_using','管理员','2018-08-08 15:50:15','管理员','2018-08-08 15:50:15'),(11572,61,'123123','Shelf','5_7','飒飒是发','start_using','管理员','2018-08-08 15:50:15','管理员','2018-08-08 15:50:15'),(11573,61,'123123','Shelf','6_18','飒飒是发','start_using','管理员','2018-08-08 15:50:15','管理员','2018-08-08 15:50:15'),(11576,61,'123123','Shelf','9_15','飒飒是发','start_using','管理员','2018-08-08 15:50:15','管理员','2018-08-08 15:50:15'),(11578,61,'123123','Shelf','7_18','飒飒是发','start_using','管理员','2018-08-08 15:50:15','管理员','2018-08-08 15:50:15'),(11579,61,'123123','Shelf','4_19','飒飒是发','start_using','管理员','2018-08-08 15:50:15','管理员','2018-08-08 15:50:15'),(11580,61,'123123','Shelf','5_19','飒飒是发','start_using','管理员','2018-08-08 15:50:15','管理员','2018-08-08 15:50:15'),(11583,61,'123123','Shelf','6_19','飒飒是发','start_using','管理员','2018-08-08 15:50:15','管理员','2018-08-08 15:50:15'),(11584,61,'123123','Shelf','5_8','飒飒是发','start_using','管理员','2018-08-08 15:50:15','管理员','2018-08-08 15:50:15'),(11587,61,'123123','Shelf','7_19','飒飒是发','start_using','管理员','2018-08-08 15:50:15','管理员','2018-08-08 15:50:15'),(11588,61,'123123','Shelf','9_16','飒飒是发','start_using','管理员','2018-08-08 15:50:15','管理员','2018-08-08 15:50:15'),(11590,61,'123123','Shelf','4_20','飒飒是发','start_using','管理员','2018-08-08 15:50:15','管理员','2018-08-08 15:50:15'),(11591,61,'123123','Shelf','5_20','飒飒是发','start_using','管理员','2018-08-08 15:50:15','管理员','2018-08-08 15:50:15'),(11593,61,'123123','Shelf','5_9','飒飒是发','start_using','管理员','2018-08-08 15:50:15','管理员','2018-08-08 15:50:15'),(11595,61,'123123','Shelf','6_20','飒飒是发','start_using','管理员','2018-08-08 15:50:15','管理员','2018-08-08 15:50:15'),(11597,61,'123123','Shelf','4_21','飒飒是发','start_using','管理员','2018-08-08 15:50:15','管理员','2018-08-08 15:50:15'),(11599,61,'123123','Shelf','9_17','飒飒是发','start_using','管理员','2018-08-08 15:50:15','管理员','2018-08-08 15:50:15'),(11601,61,'123123','Shelf','7_20','飒飒是发','start_using','管理员','2018-08-08 15:50:15','管理员','2018-08-08 15:50:15'),(11602,61,'123123','Shelf','5_21','飒飒是发','start_using','管理员','2018-08-08 15:50:15','管理员','2018-08-08 15:50:15'),(11603,61,'123123','Shelf','5_10','飒飒是发','start_using','管理员','2018-08-08 15:50:15','管理员','2018-08-08 15:50:15'),(11605,61,'123123','Shelf','6_21','飒飒是发','start_using','管理员','2018-08-08 15:50:15','管理员','2018-08-08 15:50:15'),(11608,61,'123123','Shelf','5_1','飒飒是发','start_using','管理员','2018-08-08 15:50:15','管理员','2018-08-08 15:50:15'),(11611,61,'123123','Shelf','6_1','飒飒是发','start_using','管理员','2018-08-08 15:50:15','管理员','2018-08-08 15:50:15'),(11612,61,'123123','Shelf','7_21','飒飒是发','start_using','管理员','2018-08-08 15:50:15','管理员','2018-08-08 15:50:15'),(11613,61,'123123','Shelf','9_18','飒飒是发','start_using','管理员','2018-08-08 15:50:15','管理员','2018-08-08 15:50:15'),(11615,61,'123123','Shelf','5_11','飒飒是发','start_using','管理员','2018-08-08 15:50:15','管理员','2018-08-08 15:50:15'),(11616,61,'123123','Shelf','7_1','飒飒是发','start_using','管理员','2018-08-08 15:50:15','管理员','2018-08-08 15:50:15'),(11618,61,'123123','Shelf','9_19','飒飒是发','start_using','管理员','2018-08-08 15:50:15','管理员','2018-08-08 15:50:15'),(11621,61,'123123','Shelf','8_1','飒飒是发','start_using','管理员','2018-08-08 15:50:15','管理员','2018-08-08 15:50:15'),(11624,61,'123123','Shelf','5_2','飒飒是发','start_using','管理员','2018-08-08 15:50:15','管理员','2018-08-08 15:50:15'),(11625,61,'123123','Shelf','6_2','飒飒是发','start_using','管理员','2018-08-08 15:50:15','管理员','2018-08-08 15:50:15'),(11626,61,'123123','Shelf','5_12','飒飒是发','start_using','管理员','2018-08-08 15:50:15','管理员','2018-08-08 15:50:15'),(11627,61,'123123','Shelf','7_2','飒飒是发','start_using','管理员','2018-08-08 15:50:15','管理员','2018-08-08 15:50:15'),(11629,61,'123123','Shelf','9_20','飒飒是发','start_using','管理员','2018-08-08 15:50:15','管理员','2018-08-08 15:50:15'),(11633,61,'123123','Shelf','8_2','飒飒是发','start_using','管理员','2018-08-08 15:50:15','管理员','2018-08-08 15:50:15'),(11635,61,'123123','Shelf','5_3','飒飒是发','start_using','管理员','2018-08-08 15:50:15','管理员','2018-08-08 15:50:15'),(11636,61,'123123','Shelf','6_3','飒飒是发','start_using','管理员','2018-08-08 15:50:15','管理员','2018-08-08 15:50:15'),(11637,61,'123123','Shelf','7_3','飒飒是发','start_using','管理员','2018-08-08 15:50:15','管理员','2018-08-08 15:50:15'),(11638,61,'123123','Shelf','5_13','飒飒是发','start_using','管理员','2018-08-08 15:50:15','管理员','2018-08-08 15:50:15'),(11643,61,'123123','Shelf','9_21','飒飒是发','start_using','管理员','2018-08-08 15:50:15','管理员','2018-08-08 15:50:15'),(11645,61,'123123','Shelf','8_3','飒飒是发','start_using','管理员','2018-08-08 15:50:15','管理员','2018-08-08 15:50:15'),(11646,61,'123123','Shelf','5_4','飒飒是发','start_using','管理员','2018-08-08 15:50:15','管理员','2018-08-08 15:50:15'),(11647,61,'123123','Shelf','6_4','飒飒是发','start_using','管理员','2018-08-08 15:50:15','管理员','2018-08-08 15:50:15'),(11648,61,'123123','Shelf','5_14','飒飒是发','start_using','管理员','2018-08-08 15:50:15','管理员','2018-08-08 15:50:15'),(11650,61,'123123','Shelf','7_4','飒飒是发','start_using','管理员','2018-08-08 15:50:15','管理员','2018-08-08 15:50:15'),(11653,61,'123123','Shelf','8_4','飒飒是发','start_using','管理员','2018-08-08 15:50:15','管理员','2018-08-08 15:50:15'),(11654,61,'123123','Shelf','10_1','飒飒是发','start_using','管理员','2018-08-08 15:50:15','管理员','2018-08-08 15:50:15'),(11656,61,'123123','Shelf','5_5','飒飒是发','start_using','管理员','2018-08-08 15:50:15','管理员','2018-08-08 15:50:15'),(11658,61,'123123','Shelf','6_5','飒飒是发','start_using','管理员','2018-08-08 15:50:15','管理员','2018-08-08 15:50:15'),(11659,61,'123123','Shelf','7_5','飒飒是发','start_using','管理员','2018-08-08 15:50:15','管理员','2018-08-08 15:50:15'),(11660,61,'123123','Shelf','5_15','飒飒是发','start_using','管理员','2018-08-08 15:50:15','管理员','2018-08-08 15:50:15'),(11664,61,'123123','Shelf','10_2','飒飒是发','start_using','管理员','2018-08-08 15:50:15','管理员','2018-08-08 15:50:15'),(11666,61,'123123','Shelf','8_5','飒飒是发','start_using','管理员','2018-08-08 15:50:15','管理员','2018-08-08 15:50:15'),(11668,61,'123123','Shelf','5_6','飒飒是发','start_using','管理员','2018-08-08 15:50:15','管理员','2018-08-08 15:50:15'),(11669,61,'123123','Shelf','6_6','飒飒是发','start_using','管理员','2018-08-08 15:50:15','管理员','2018-08-08 15:50:15'),(11670,61,'123123','Shelf','7_6','飒飒是发','start_using','管理员','2018-08-08 15:50:15','管理员','2018-08-08 15:50:15'),(11671,61,'123123','Shelf','5_16','飒飒是发','start_using','管理员','2018-08-08 15:50:15','管理员','2018-08-08 15:50:15'),(11675,61,'123123','Shelf','10_3','飒飒是发','start_using','管理员','2018-08-08 15:50:15','管理员','2018-08-08 15:50:15'),(11677,61,'123123','Shelf','8_6','飒飒是发','start_using','管理员','2018-08-08 15:50:15','管理员','2018-08-08 15:50:15'),(11678,61,'123123','Shelf','5_17','飒飒是发','start_using','管理员','2018-08-08 15:50:15','管理员','2018-08-08 15:50:15'),(11680,61,'123123','Shelf','7_7','飒飒是发','start_using','管理员','2018-08-08 15:50:15','管理员','2018-08-08 15:50:15'),(11681,61,'123123','Shelf','5_7','飒飒是发','start_using','管理员','2018-08-08 15:50:15','管理员','2018-08-08 15:50:15'),(11682,61,'123123','Shelf','6_7','飒飒是发','start_using','管理员','2018-08-08 15:50:15','管理员','2018-08-08 15:50:15'),(11686,61,'123123','Shelf','10_4','飒飒是发','start_using','管理员','2018-08-08 15:50:15','管理员','2018-08-08 15:50:15'),(11689,61,'123123','Shelf','8_7','飒飒是发','start_using','管理员','2018-08-08 15:50:15','管理员','2018-08-08 15:50:15'),(11691,61,'123123','Shelf','5_8','飒飒是发','start_using','管理员','2018-08-08 15:50:15','管理员','2018-08-08 15:50:15'),(11692,61,'123123','Shelf','5_18','飒飒是发','start_using','管理员','2018-08-08 15:50:15','管理员','2018-08-08 15:50:15'),(11693,61,'123123','Shelf','6_8','飒飒是发','start_using','管理员','2018-08-08 15:50:15','管理员','2018-08-08 15:50:15'),(11694,61,'123123','Shelf','7_8','飒飒是发','start_using','管理员','2018-08-08 15:50:15','管理员','2018-08-08 15:50:15'),(11696,61,'123123','Shelf','10_5','飒飒是发','start_using','管理员','2018-08-08 15:50:15','管理员','2018-08-08 15:50:15'),(11700,61,'123123','Shelf','6_9','飒飒是发','start_using','管理员','2018-08-08 15:50:15','管理员','2018-08-08 15:50:15'),(11701,61,'123123','Shelf','5_9','飒飒是发','start_using','管理员','2018-08-08 15:50:15','管理员','2018-08-08 15:50:15'),(11703,61,'123123','Shelf','5_19','飒飒是发','start_using','管理员','2018-08-08 15:50:15','管理员','2018-08-08 15:50:15'),(11704,61,'123123','Shelf','8_8','飒飒是发','start_using','管理员','2018-08-08 15:50:15','管理员','2018-08-08 15:50:15'),(11705,61,'123123','Shelf','7_9','飒飒是发','start_using','管理员','2018-08-08 15:50:15','管理员','2018-08-08 15:50:15'),(11706,61,'123123','Shelf','10_6','飒飒是发','start_using','管理员','2018-08-08 15:50:15','管理员','2018-08-08 15:50:15'),(11712,61,'123123','Shelf','8_9','飒飒是发','start_using','管理员','2018-08-08 15:50:15','管理员','2018-08-08 15:50:15'),(11713,61,'123123','Shelf','6_10','飒飒是发','start_using','管理员','2018-08-08 15:50:15','管理员','2018-08-08 15:50:15'),(11714,61,'123123','Shelf','5_20','飒飒是发','start_using','管理员','2018-08-08 15:50:15','管理员','2018-08-08 15:50:15'),(11715,61,'123123','Shelf','10_7','飒飒是发','start_using','管理员','2018-08-08 15:50:15','管理员','2018-08-08 15:50:15'),(11716,61,'123123','Shelf','7_10','飒飒是发','start_using','管理员','2018-08-08 15:50:15','管理员','2018-08-08 15:50:15'),(11717,61,'123123','Shelf','5_10','飒飒是发','start_using','管理员','2018-08-08 15:50:15','管理员','2018-08-08 15:50:15'),(11721,61,'123123','Shelf','8_10','飒飒是发','start_using','管理员','2018-08-08 15:50:15','管理员','2018-08-08 15:50:15'),(11722,61,'123123','Shelf','7_11','飒飒是发','start_using','管理员','2018-08-08 15:50:15','管理员','2018-08-08 15:50:15'),(11723,61,'123123','Shelf','10_8','飒飒是发','start_using','管理员','2018-08-08 15:50:15','管理员','2018-08-08 15:50:15'),(11727,61,'123123','Shelf','5_21','飒飒是发','start_using','管理员','2018-08-08 15:50:15','管理员','2018-08-08 15:50:15'),(11728,61,'123123','Shelf','5_11','飒飒是发','start_using','管理员','2018-08-08 15:50:15','管理员','2018-08-08 15:50:15'),(11729,61,'123123','Shelf','6_11','飒飒是发','start_using','管理员','2018-08-08 15:50:15','管理员','2018-08-08 15:50:15'),(11733,61,'123123','Shelf','8_11','飒飒是发','start_using','管理员','2018-08-08 15:50:15','管理员','2018-08-08 15:50:15'),(11734,61,'123123','Shelf','10_9','飒飒是发','start_using','管理员','2018-08-08 15:50:15','管理员','2018-08-08 15:50:15'),(11735,61,'123123','Shelf','6_12','飒飒是发','start_using','管理员','2018-08-08 15:50:15','管理员','2018-08-08 15:50:15'),(11736,61,'123123','Shelf','5_12','飒飒是发','start_using','管理员','2018-08-08 15:50:15','管理员','2018-08-08 15:50:15'),(11739,61,'123123','Shelf','6_1','飒飒是发','start_using','管理员','2018-08-08 15:50:15','管理员','2018-08-08 15:50:15'),(11740,61,'123123','Shelf','7_12','飒飒是发','start_using','管理员','2018-08-08 15:50:15','管理员','2018-08-08 15:50:15'),(11744,61,'123123','Shelf','6_13','飒飒是发','start_using','管理员','2018-08-08 15:50:15','管理员','2018-08-08 15:50:15'),(11745,61,'123123','Shelf','8_12','飒飒是发','start_using','管理员','2018-08-08 15:50:15','管理员','2018-08-08 15:50:15'),(11746,61,'123123','Shelf','10_10','飒飒是发','start_using','管理员','2018-08-08 15:50:15','管理员','2018-08-08 15:50:15'),(11748,61,'123123','Shelf','5_13','飒飒是发','start_using','管理员','2018-08-08 15:50:15','管理员','2018-08-08 15:50:15'),(11750,61,'123123','Shelf','6_2','飒飒是发','start_using','管理员','2018-08-08 15:50:15','管理员','2018-08-08 15:50:15'),(11751,61,'123123','Shelf','7_13','飒飒是发','start_using','管理员','2018-08-08 15:50:15','管理员','2018-08-08 15:50:15'),(11754,61,'123123','Shelf','10_11','飒飒是发','start_using','管理员','2018-08-08 15:50:15','管理员','2018-08-08 15:50:15'),(11755,61,'123123','Shelf','8_13','飒飒是发','start_using','管理员','2018-08-08 15:50:15','管理员','2018-08-08 15:50:15'),(11757,61,'123123','Shelf','5_14','飒飒是发','start_using','管理员','2018-08-08 15:50:15','管理员','2018-08-08 15:50:15'),(11760,61,'123123','Shelf','6_14','飒飒是发','start_using','管理员','2018-08-08 15:50:15','管理员','2018-08-08 15:50:15'),(11761,61,'123123','Shelf','6_3','飒飒是发','start_using','管理员','2018-08-08 15:50:15','管理员','2018-08-08 15:50:15'),(11762,61,'123123','Shelf','7_14','飒飒是发','start_using','管理员','2018-08-08 15:50:15','管理员','2018-08-08 15:50:15'),(11765,61,'123123','Shelf','8_14','飒飒是发','start_using','管理员','2018-08-08 15:50:15','管理员','2018-08-08 15:50:15'),(11767,61,'123123','Shelf','5_15','飒飒是发','start_using','管理员','2018-08-08 15:50:15','管理员','2018-08-08 15:50:15'),(11768,61,'123123','Shelf','10_12','飒飒是发','start_using','管理员','2018-08-08 15:50:15','管理员','2018-08-08 15:50:15'),(11770,61,'123123','Shelf','6_15','飒飒是发','start_using','管理员','2018-08-08 15:50:15','管理员','2018-08-08 15:50:15'),(11772,61,'123123','Shelf','6_4','飒飒是发','start_using','管理员','2018-08-08 15:50:15','管理员','2018-08-08 15:50:15'),(11773,61,'123123','Shelf','7_15','飒飒是发','start_using','管理员','2018-08-08 15:50:15','管理员','2018-08-08 15:50:15'),(11777,61,'123123','Shelf','8_15','飒飒是发','start_using','管理员','2018-08-08 15:50:15','管理员','2018-08-08 15:50:15'),(11779,61,'123123','Shelf','10_13','飒飒是发','start_using','管理员','2018-08-08 15:50:15','管理员','2018-08-08 15:50:15'),(11780,61,'123123','Shelf','5_16','飒飒是发','start_using','管理员','2018-08-08 15:50:15','管理员','2018-08-08 15:50:15'),(11781,61,'123123','Shelf','6_16','飒飒是发','start_using','管理员','2018-08-08 15:50:15','管理员','2018-08-08 15:50:15'),(11783,61,'123123','Shelf','7_16','飒飒是发','start_using','管理员','2018-08-08 15:50:15','管理员','2018-08-08 15:50:15'),(11784,61,'123123','Shelf','6_5','飒飒是发','start_using','管理员','2018-08-08 15:50:15','管理员','2018-08-08 15:50:15'),(11787,61,'123123','Shelf','8_16','飒飒是发','start_using','管理员','2018-08-08 15:50:15','管理员','2018-08-08 15:50:15'),(11788,61,'123123','Shelf','10_14','飒飒是发','start_using','管理员','2018-08-08 15:50:15','管理员','2018-08-08 15:50:15'),(11789,61,'123123','Shelf','5_17','飒飒是发','start_using','管理员','2018-08-08 15:50:15','管理员','2018-08-08 15:50:15'),(11792,61,'123123','Shelf','7_17','飒飒是发','start_using','管理员','2018-08-08 15:50:15','管理员','2018-08-08 15:50:15'),(11793,61,'123123','Shelf','6_17','飒飒是发','start_using','管理员','2018-08-08 15:50:15','管理员','2018-08-08 15:50:15'),(11794,61,'123123','Shelf','6_6','飒飒是发','start_using','管理员','2018-08-08 15:50:15','管理员','2018-08-08 15:50:15'),(11796,61,'123123','Shelf','8_17','飒飒是发','start_using','管理员','2018-08-08 15:50:15','管理员','2018-08-08 15:50:15'),(11798,61,'123123','Shelf','10_15','飒飒是发','start_using','管理员','2018-08-08 15:50:15','管理员','2018-08-08 15:50:15'),(11799,61,'123123','Shelf','5_18','飒飒是发','start_using','管理员','2018-08-08 15:50:15','管理员','2018-08-08 15:50:15'),(11803,61,'123123','Shelf','8_18','飒飒是发','start_using','管理员','2018-08-08 15:50:15','管理员','2018-08-08 15:50:15'),(11805,61,'123123','Shelf','7_18','飒飒是发','start_using','管理员','2018-08-08 15:50:15','管理员','2018-08-08 15:50:15'),(11806,61,'123123','Shelf','6_18','飒飒是发','start_using','管理员','2018-08-08 15:50:15','管理员','2018-08-08 15:50:15'),(11807,61,'123123','Shelf','5_19','飒飒是发','start_using','管理员','2018-08-08 15:50:15','管理员','2018-08-08 15:50:15'),(11808,61,'123123','Shelf','6_7','飒飒是发','start_using','管理员','2018-08-08 15:50:15','管理员','2018-08-08 15:50:15'),(11811,61,'123123','Shelf','10_16','飒飒是发','start_using','管理员','2018-08-08 15:50:15','管理员','2018-08-08 15:50:15'),(11815,61,'123123','Shelf','6_8','飒飒是发','start_using','管理员','2018-08-08 15:50:15','管理员','2018-08-08 15:50:15'),(11817,61,'123123','Shelf','5_20','飒飒是发','start_using','管理员','2018-08-08 15:50:15','管理员','2018-08-08 15:50:15'),(11819,61,'123123','Shelf','8_19','飒飒是发','start_using','管理员','2018-08-08 15:50:15','管理员','2018-08-08 15:50:15'),(11820,61,'123123','Shelf','7_19','飒飒是发','start_using','管理员','2018-08-08 15:50:15','管理员','2018-08-08 15:50:15'),(11821,61,'123123','Shelf','6_19','飒飒是发','start_using','管理员','2018-08-08 15:50:15','管理员','2018-08-08 15:50:15'),(11822,61,'123123','Shelf','10_17','飒飒是发','start_using','管理员','2018-08-08 15:50:15','管理员','2018-08-08 15:50:15'),(11826,61,'123123','Shelf','8_20','飒飒是发','start_using','管理员','2018-08-08 15:50:15','管理员','2018-08-08 15:50:15'),(11827,61,'123123','Shelf','10_18','飒飒是发','start_using','管理员','2018-08-08 15:50:15','管理员','2018-08-08 15:50:15'),(11830,61,'123123','Shelf','7_20','飒飒是发','start_using','管理员','2018-08-08 15:50:15','管理员','2018-08-08 15:50:15'),(11832,61,'123123','Shelf','5_21','飒飒是发','start_using','管理员','2018-08-08 15:50:15','管理员','2018-08-08 15:50:15'),(11833,61,'123123','Shelf','6_9','飒飒是发','start_using','管理员','2018-08-08 15:50:15','管理员','2018-08-08 15:50:15'),(11834,61,'123123','Shelf','6_20','飒飒是发','start_using','管理员','2018-08-08 15:50:15','管理员','2018-08-08 15:50:15'),(11838,61,'123123','Shelf','8_21','飒飒是发','start_using','管理员','2018-08-08 15:50:15','管理员','2018-08-08 15:50:15'),(11839,61,'123123','Shelf','10_19','飒飒是发','start_using','管理员','2018-08-08 15:50:15','管理员','2018-08-08 15:50:15'),(11842,61,'123123','Shelf','7_21','飒飒是发','start_using','管理员','2018-08-08 15:50:15','管理员','2018-08-08 15:50:15'),(11843,61,'123123','Shelf','6_21','飒飒是发','start_using','管理员','2018-08-08 15:50:15','管理员','2018-08-08 15:50:15'),(11844,61,'123123','Shelf','6_1','飒飒是发','start_using','管理员','2018-08-08 15:50:15','管理员','2018-08-08 15:50:15'),(11845,61,'123123','Shelf','6_10','飒飒是发','start_using','管理员','2018-08-08 15:50:15','管理员','2018-08-08 15:50:15'),(11849,61,'123123','Shelf','9_1','飒飒是发','start_using','管理员','2018-08-08 15:50:15','管理员','2018-08-08 15:50:15'),(11850,61,'123123','Shelf','10_20','飒飒是发','start_using','管理员','2018-08-08 15:50:15','管理员','2018-08-08 15:50:15'),(11852,61,'123123','Shelf','6_2','飒飒是发','start_using','管理员','2018-08-08 15:50:15','管理员','2018-08-08 15:50:15'),(11853,61,'123123','Shelf','8_1','飒飒是发','start_using','管理员','2018-08-08 15:50:15','管理员','2018-08-08 15:50:15'),(11854,61,'123123','Shelf','7_1','飒飒是发','start_using','管理员','2018-08-08 15:50:15','管理员','2018-08-08 15:50:15'),(11855,61,'123123','Shelf','6_11','飒飒是发','start_using','管理员','2018-08-08 15:50:15','管理员','2018-08-08 15:50:15'),(11860,61,'123123','Shelf','10_21','飒飒是发','start_using','管理员','2018-08-08 15:50:15','管理员','2018-08-08 15:50:15'),(11861,61,'123123','Shelf','6_3','飒飒是发','start_using','管理员','2018-08-08 15:50:15','管理员','2018-08-08 15:50:15'),(11862,61,'123123','Shelf','9_2','飒飒是发','start_using','管理员','2018-08-08 15:50:15','管理员','2018-08-08 15:50:15'),(11864,61,'123123','Shelf','6_12','飒飒是发','start_using','管理员','2018-08-08 15:50:15','管理员','2018-08-08 15:50:15'),(11865,61,'123123','Shelf','7_2','飒飒是发','start_using','管理员','2018-08-08 15:50:15','管理员','2018-08-08 15:50:15'),(11867,61,'123123','Shelf','8_2','飒飒是发','start_using','管理员','2018-08-08 15:50:15','管理员','2018-08-08 15:50:15'),(11871,61,'123123','Shelf','9_3','飒飒是发','start_using','管理员','2018-08-08 15:50:15','管理员','2018-08-08 15:50:15'),(11872,61,'123123','Shelf','6_13','飒飒是发','start_using','管理员','2018-08-08 15:50:15','管理员','2018-08-08 15:50:15'),(11873,61,'123123','Shelf','6_4','飒飒是发','start_using','管理员','2018-08-08 15:50:15','管理员','2018-08-08 15:50:15'),(11875,61,'123123','Shelf','11_1','飒飒是发','start_using','管理员','2018-08-08 15:50:15','管理员','2018-08-08 15:50:15'),(11876,61,'123123','Shelf','7_3','飒飒是发','start_using','管理员','2018-08-08 15:50:15','管理员','2018-08-08 15:50:15'),(11878,61,'123123','Shelf','8_3','飒飒是发','start_using','管理员','2018-08-08 15:50:15','管理员','2018-08-08 15:50:15'),(11882,61,'123123','Shelf','9_4','飒飒是发','start_using','管理员','2018-08-08 15:50:15','管理员','2018-08-08 15:50:15'),(11883,61,'123123','Shelf','6_14','飒飒是发','start_using','管理员','2018-08-08 15:50:15','管理员','2018-08-08 15:50:15'),(11885,61,'123123','Shelf','11_2','飒飒是发','start_using','管理员','2018-08-08 15:50:15','管理员','2018-08-08 15:50:15'),(11886,61,'123123','Shelf','6_5','飒飒是发','start_using','管理员','2018-08-08 15:50:15','管理员','2018-08-08 15:50:15'),(11887,61,'123123','Shelf','7_4','飒飒是发','start_using','管理员','2018-08-08 15:50:15','管理员','2018-08-08 15:50:15'),(11888,61,'123123','Shelf','8_4','飒飒是发','start_using','管理员','2018-08-08 15:50:15','管理员','2018-08-08 15:50:15'),(11891,61,'123123','Shelf','9_5','飒飒是发','start_using','管理员','2018-08-08 15:50:15','管理员','2018-08-08 15:50:15'),(11894,61,'123123','Shelf','6_15','飒飒是发','start_using','管理员','2018-08-08 15:50:15','管理员','2018-08-08 15:50:15'),(11896,61,'123123','Shelf','6_6','飒飒是发','start_using','管理员','2018-08-08 15:50:15','管理员','2018-08-08 15:50:15'),(11897,61,'123123','Shelf','7_5','飒飒是发','start_using','管理员','2018-08-08 15:50:15','管理员','2018-08-08 15:50:15'),(11898,61,'123123','Shelf','11_3','飒飒是发','start_using','管理员','2018-08-08 15:50:15','管理员','2018-08-08 15:50:15'),(11900,61,'123123','Shelf','8_5','飒飒是发','start_using','管理员','2018-08-08 15:50:15','管理员','2018-08-08 15:50:15'),(11902,61,'123123','Shelf','9_6','飒飒是发','start_using','管理员','2018-08-08 15:50:15','管理员','2018-08-08 15:50:15'),(11903,61,'123123','Shelf','6_7','飒飒是发','start_using','管理员','2018-08-08 15:50:15','管理员','2018-08-08 15:50:15'),(11905,61,'123123','Shelf','7_6','飒飒是发','start_using','管理员','2018-08-08 15:50:15','管理员','2018-08-08 15:50:15'),(11907,61,'123123','Shelf','6_16','飒飒是发','start_using','管理员','2018-08-08 15:50:15','管理员','2018-08-08 15:50:15'),(11909,61,'123123','Shelf','11_4','飒飒是发','start_using','管理员','2018-08-08 15:50:15','管理员','2018-08-08 15:50:15'),(11911,61,'123123','Shelf','8_6','飒飒是发','start_using','管理员','2018-08-08 15:50:15','管理员','2018-08-08 15:50:15'),(11914,61,'123123','Shelf','9_7','飒飒是发','start_using','管理员','2018-08-08 15:50:15','管理员','2018-08-08 15:50:15'),(11917,61,'123123','Shelf','6_8','飒飒是发','start_using','管理员','2018-08-08 15:50:15','管理员','2018-08-08 15:50:15'),(11918,61,'123123','Shelf','7_7','飒飒是发','start_using','管理员','2018-08-08 15:50:15','管理员','2018-08-08 15:50:15'),(11919,61,'123123','Shelf','6_17','飒飒是发','start_using','管理员','2018-08-08 15:50:15','管理员','2018-08-08 15:50:15'),(11920,61,'123123','Shelf','11_5','飒飒是发','start_using','管理员','2018-08-08 15:50:15','管理员','2018-08-08 15:50:15'),(11922,61,'123123','Shelf','8_7','飒飒是发','start_using','管理员','2018-08-08 15:50:15','管理员','2018-08-08 15:50:15'),(11925,61,'123123','Shelf','9_8','飒飒是发','start_using','管理员','2018-08-08 15:50:15','管理员','2018-08-08 15:50:15'),(11927,61,'123123','Shelf','11_6','飒飒是发','start_using','管理员','2018-08-08 15:50:15','管理员','2018-08-08 15:50:15'),(11928,61,'123123','Shelf','6_9','飒飒是发','start_using','管理员','2018-08-08 15:50:15','管理员','2018-08-08 15:50:15'),(11930,61,'123123','Shelf','7_8','飒飒是发','start_using','管理员','2018-08-08 15:50:15','管理员','2018-08-08 15:50:15'),(11931,61,'123123','Shelf','6_18','飒飒是发','start_using','管理员','2018-08-08 15:50:15','管理员','2018-08-08 15:50:15'),(11934,61,'123123','Shelf','8_8','飒飒是发','start_using','管理员','2018-08-08 15:50:15','管理员','2018-08-08 15:50:15'),(11935,61,'123123','Shelf','9_9','飒飒是发','start_using','管理员','2018-08-08 15:50:15','管理员','2018-08-08 15:50:15'),(11937,61,'123123','Shelf','11_7','飒飒是发','start_using','管理员','2018-08-08 15:50:15','管理员','2018-08-08 15:50:15'),(11939,61,'123123','Shelf','6_10','飒飒是发','start_using','管理员','2018-08-08 15:50:15','管理员','2018-08-08 15:50:15'),(11941,61,'123123','Shelf','6_19','飒飒是发','start_using','管理员','2018-08-08 15:50:15','管理员','2018-08-08 15:50:15'),(11942,61,'123123','Shelf','7_9','飒飒是发','start_using','管理员','2018-08-08 15:50:15','管理员','2018-08-08 15:50:15'),(11945,61,'123123','Shelf','9_10','飒飒是发','start_using','管理员','2018-08-08 15:50:16','管理员','2018-08-08 15:50:16'),(11946,61,'123123','Shelf','8_9','飒飒是发','start_using','管理员','2018-08-08 15:50:16','管理员','2018-08-08 15:50:16'),(11948,61,'123123','Shelf','11_8','飒飒是发','start_using','管理员','2018-08-08 15:50:16','管理员','2018-08-08 15:50:16'),(11951,61,'123123','Shelf','6_20','飒飒是发','start_using','管理员','2018-08-08 15:50:16','管理员','2018-08-08 15:50:16'),(11953,61,'123123','Shelf','7_10','飒飒是发','start_using','管理员','2018-08-08 15:50:16','管理员','2018-08-08 15:50:16'),(11954,61,'123123','Shelf','6_11','飒飒是发','start_using','管理员','2018-08-08 15:50:16','管理员','2018-08-08 15:50:16'),(11956,61,'123123','Shelf','9_11','飒飒是发','start_using','管理员','2018-08-08 15:50:16','管理员','2018-08-08 15:50:16'),(11957,61,'123123','Shelf','11_9','飒飒是发','start_using','管理员','2018-08-08 15:50:16','管理员','2018-08-08 15:50:16'),(11961,61,'123123','Shelf','8_10','飒飒是发','start_using','管理员','2018-08-08 15:50:16','管理员','2018-08-08 15:50:16'),(11963,61,'123123','Shelf','6_21','飒飒是发','start_using','管理员','2018-08-08 15:50:16','管理员','2018-08-08 15:50:16'),(11964,61,'123123','Shelf','7_11','飒飒是发','start_using','管理员','2018-08-08 15:50:16','管理员','2018-08-08 15:50:16'),(11965,61,'123123','Shelf','6_12','飒飒是发','start_using','管理员','2018-08-08 15:50:16','管理员','2018-08-08 15:50:16'),(11967,61,'123123','Shelf','9_12','飒飒是发','start_using','管理员','2018-08-08 15:50:16','管理员','2018-08-08 15:50:16'),(11968,61,'123123','Shelf','11_10','飒飒是发','start_using','管理员','2018-08-08 15:50:16','管理员','2018-08-08 15:50:16'),(11971,61,'123123','Shelf','7_12','飒飒是发','start_using','管理员','2018-08-08 15:50:16','管理员','2018-08-08 15:50:16'),(11973,61,'123123','Shelf','6_13','飒飒是发','start_using','管理员','2018-08-08 15:50:16','管理员','2018-08-08 15:50:16'),(11974,61,'123123','Shelf','8_11','飒飒是发','start_using','管理员','2018-08-08 15:50:16','管理员','2018-08-08 15:50:16'),(11976,61,'123123','Shelf','7_1','飒飒是发','start_using','管理员','2018-08-08 15:50:16','管理员','2018-08-08 15:50:16'),(11980,61,'123123','Shelf','11_11','飒飒是发','start_using','管理员','2018-08-08 15:50:16','管理员','2018-08-08 15:50:16'),(11981,61,'123123','Shelf','9_13','飒飒是发','start_using','管理员','2018-08-08 15:50:16','管理员','2018-08-08 15:50:16'),(11982,61,'123123','Shelf','6_14','飒飒是发','start_using','管理员','2018-08-08 15:50:16','管理员','2018-08-08 15:50:16'),(11983,61,'123123','Shelf','7_13','飒飒是发','start_using','管理员','2018-08-08 15:50:16','管理员','2018-08-08 15:50:16'),(11984,61,'123123','Shelf','8_12','飒飒是发','start_using','管理员','2018-08-08 15:50:16','管理员','2018-08-08 15:50:16'),(11985,61,'123123','Shelf','7_2','飒飒是发','start_using','管理员','2018-08-08 15:50:16','管理员','2018-08-08 15:50:16'),(11989,61,'123123','Shelf','11_12','飒飒是发','start_using','管理员','2018-08-08 15:50:16','管理员','2018-08-08 15:50:16'),(11992,61,'123123','Shelf','9_14','飒飒是发','start_using','管理员','2018-08-08 15:50:16','管理员','2018-08-08 15:50:16'),(11995,61,'123123','Shelf','11_13','飒飒是发','start_using','管理员','2018-08-08 15:50:16','管理员','2018-08-08 15:50:16'),(11997,61,'123123','Shelf','9_15','飒飒是发','start_using','管理员','2018-08-08 15:50:16','管理员','2018-08-08 15:50:16'),(11999,61,'123123','Shelf','7_14','飒飒是发','start_using','管理员','2018-08-08 15:50:16','管理员','2018-08-08 15:50:16'),(12000,61,'123123','Shelf','6_15','飒飒是发','start_using','管理员','2018-08-08 15:50:16','管理员','2018-08-08 15:50:16'),(12002,61,'123123','Shelf','8_13','飒飒是发','start_using','管理员','2018-08-08 15:50:16','管理员','2018-08-08 15:50:16'),(12003,61,'123123','Shelf','7_3','飒飒是发','start_using','管理员','2018-08-08 15:50:16','管理员','2018-08-08 15:50:16'),(12005,61,'123123','Shelf','11_14','飒飒是发','start_using','管理员','2018-08-08 15:50:16','管理员','2018-08-08 15:50:16'),(12007,61,'123123','Shelf','6_16','飒飒是发','start_using','管理员','2018-08-08 15:50:16','管理员','2018-08-08 15:50:16'),(12009,61,'123123','Shelf','9_16','飒飒是发','start_using','管理员','2018-08-08 15:50:16','管理员','2018-08-08 15:50:16'),(12010,61,'123123','Shelf','7_15','飒飒是发','start_using','管理员','2018-08-08 15:50:16','管理员','2018-08-08 15:50:16'),(12012,61,'123123','Shelf','8_14','飒飒是发','start_using','管理员','2018-08-08 15:50:16','管理员','2018-08-08 15:50:16'),(12014,61,'123123','Shelf','7_4','飒飒是发','start_using','管理员','2018-08-08 15:50:16','管理员','2018-08-08 15:50:16'),(12019,61,'123123','Shelf','9_17','飒飒是发','start_using','管理员','2018-08-08 15:50:16','管理员','2018-08-08 15:50:16'),(12020,61,'123123','Shelf','11_15','飒飒是发','start_using','管理员','2018-08-08 15:50:16','管理员','2018-08-08 15:50:16'),(12022,61,'123123','Shelf','7_5','飒飒是发','start_using','管理员','2018-08-08 15:50:16','管理员','2018-08-08 15:50:16'),(12024,61,'123123','Shelf','8_15','飒飒是发','start_using','管理员','2018-08-08 15:50:16','管理员','2018-08-08 15:50:16'),(12025,61,'123123','Shelf','6_17','飒飒是发','start_using','管理员','2018-08-08 15:50:16','管理员','2018-08-08 15:50:16'),(12026,61,'123123','Shelf','7_16','飒飒是发','start_using','管理员','2018-08-08 15:50:16','管理员','2018-08-08 15:50:16'),(12031,61,'123123','Shelf','11_16','飒飒是发','start_using','管理员','2018-08-08 15:50:16','管理员','2018-08-08 15:50:16'),(12032,61,'123123','Shelf','9_18','飒飒是发','start_using','管理员','2018-08-08 15:50:16','管理员','2018-08-08 15:50:16'),(12034,61,'123123','Shelf','7_17','飒飒是发','start_using','管理员','2018-08-08 15:50:16','管理员','2018-08-08 15:50:16'),(12035,61,'123123','Shelf','8_16','飒飒是发','start_using','管理员','2018-08-08 15:50:16','管理员','2018-08-08 15:50:16'),(12036,61,'123123','Shelf','6_18','飒飒是发','start_using','管理员','2018-08-08 15:50:16','管理员','2018-08-08 15:50:16'),(12037,61,'123123','Shelf','7_6','飒飒是发','start_using','管理员','2018-08-08 15:50:16','管理员','2018-08-08 15:50:16'),(12040,61,'123123','Shelf','11_17','飒飒是发','start_using','管理员','2018-08-08 15:50:16','管理员','2018-08-08 15:50:16'),(12043,61,'123123','Shelf','9_19','飒飒是发','start_using','管理员','2018-08-08 15:50:16','管理员','2018-08-08 15:50:16'),(12044,61,'123123','Shelf','8_17','飒飒是发','start_using','管理员','2018-08-08 15:50:16','管理员','2018-08-08 15:50:16'),(12045,61,'123123','Shelf','7_18','飒飒是发','start_using','管理员','2018-08-08 15:50:16','管理员','2018-08-08 15:50:16'),(12047,61,'123123','Shelf','7_7','飒飒是发','start_using','管理员','2018-08-08 15:50:16','管理员','2018-08-08 15:50:16'),(12048,61,'123123','Shelf','6_19','飒飒是发','start_using','管理员','2018-08-08 15:50:16','管理员','2018-08-08 15:50:16'),(12051,61,'123123','Shelf','11_18','飒飒是发','start_using','管理员','2018-08-08 15:50:16','管理员','2018-08-08 15:50:16'),(12053,61,'123123','Shelf','9_20','飒飒是发','start_using','管理员','2018-08-08 15:50:16','管理员','2018-08-08 15:50:16'),(12056,61,'123123','Shelf','7_19','飒飒是发','start_using','管理员','2018-08-08 15:50:16','管理员','2018-08-08 15:50:16'),(12057,61,'123123','Shelf','8_18','飒飒是发','start_using','管理员','2018-08-08 15:50:16','管理员','2018-08-08 15:50:16'),(12058,61,'123123','Shelf','6_20','飒飒是发','start_using','管理员','2018-08-08 15:50:16','管理员','2018-08-08 15:50:16'),(12059,61,'123123','Shelf','7_8','飒飒是发','start_using','管理员','2018-08-08 15:50:16','管理员','2018-08-08 15:50:16'),(12062,61,'123123','Shelf','9_21','飒飒是发','start_using','管理员','2018-08-08 15:50:16','管理员','2018-08-08 15:50:16'),(12063,61,'123123','Shelf','11_19','飒飒是发','start_using','管理员','2018-08-08 15:50:16','管理员','2018-08-08 15:50:16'),(12064,61,'123123','Shelf','7_9','飒飒是发','start_using','管理员','2018-08-08 15:50:16','管理员','2018-08-08 15:50:16'),(12066,61,'123123','Shelf','8_19','飒飒是发','start_using','管理员','2018-08-08 15:50:16','管理员','2018-08-08 15:50:16'),(12068,61,'123123','Shelf','7_20','飒飒是发','start_using','管理员','2018-08-08 15:50:16','管理员','2018-08-08 15:50:16'),(12070,61,'123123','Shelf','6_21','飒飒是发','start_using','管理员','2018-08-08 15:50:16','管理员','2018-08-08 15:50:16'),(12072,61,'123123','Shelf','10_1','飒飒是发','start_using','管理员','2018-08-08 15:50:16','管理员','2018-08-08 15:50:16'),(12074,61,'123123','Shelf','11_20','飒飒是发','start_using','管理员','2018-08-08 15:50:16','管理员','2018-08-08 15:50:16'),(12076,61,'123123','Shelf','7_21','飒飒是发','start_using','管理员','2018-08-08 15:50:16','管理员','2018-08-08 15:50:16'),(12078,61,'123123','Shelf','8_20','飒飒是发','start_using','管理员','2018-08-08 15:50:16','管理员','2018-08-08 15:50:16'),(12080,61,'123123','Shelf','7_10','飒飒是发','start_using','管理员','2018-08-08 15:50:16','管理员','2018-08-08 15:50:16'),(12081,61,'123123','Shelf','7_1','飒飒是发','start_using','管理员','2018-08-08 15:50:16','管理员','2018-08-08 15:50:16'),(12083,61,'123123','Shelf','10_2','飒飒是发','start_using','管理员','2018-08-08 15:50:16','管理员','2018-08-08 15:50:16'),(12084,61,'123123','Shelf','11_21','飒飒是发','start_using','管理员','2018-08-08 15:50:16','管理员','2018-08-08 15:50:16'),(12087,61,'123123','Shelf','8_1','飒飒是发','start_using','管理员','2018-08-08 15:50:16','管理员','2018-08-08 15:50:16'),(12090,61,'123123','Shelf','7_11','飒飒是发','start_using','管理员','2018-08-08 15:50:16','管理员','2018-08-08 15:50:16'),(12091,61,'123123','Shelf','8_21','飒飒是发','start_using','管理员','2018-08-08 15:50:16','管理员','2018-08-08 15:50:16'),(12092,61,'123123','Shelf','7_2','飒飒是发','start_using','管理员','2018-08-08 15:50:16','管理员','2018-08-08 15:50:16'),(12094,61,'123123','Shelf','10_3','飒飒是发','start_using','管理员','2018-08-08 15:50:16','管理员','2018-08-08 15:50:16'),(12095,61,'123123','Shelf','12_1','飒飒是发','start_using','管理员','2018-08-08 15:50:16','管理员','2018-08-08 15:50:16'),(12097,61,'123123','Shelf','10_4','飒飒是发','start_using','管理员','2018-08-08 15:50:16','管理员','2018-08-08 15:50:16'),(12099,61,'123123','Shelf','8_2','飒飒是发','start_using','管理员','2018-08-08 15:50:16','管理员','2018-08-08 15:50:16'),(12103,61,'123123','Shelf','9_1','飒飒是发','start_using','管理员','2018-08-08 15:50:16','管理员','2018-08-08 15:50:16'),(12104,61,'123123','Shelf','7_12','飒飒是发','start_using','管理员','2018-08-08 15:50:16','管理员','2018-08-08 15:50:16'),(12105,61,'123123','Shelf','7_3','飒飒是发','start_using','管理员','2018-08-08 15:50:16','管理员','2018-08-08 15:50:16'),(12107,61,'123123','Shelf','12_2','飒飒是发','start_using','管理员','2018-08-08 15:50:16','管理员','2018-08-08 15:50:16'),(12109,61,'123123','Shelf','10_5','飒飒是发','start_using','管理员','2018-08-08 15:50:16','管理员','2018-08-08 15:50:16'),(12111,61,'123123','Shelf','7_13','飒飒是发','start_using','管理员','2018-08-08 15:50:16','管理员','2018-08-08 15:50:16'),(12113,61,'123123','Shelf','9_2','飒飒是发','start_using','管理员','2018-08-08 15:50:16','管理员','2018-08-08 15:50:16'),(12114,61,'123123','Shelf','7_4','飒飒是发','start_using','管理员','2018-08-08 15:50:16','管理员','2018-08-08 15:50:16'),(12115,61,'123123','Shelf','8_3','飒飒是发','start_using','管理员','2018-08-08 15:50:16','管理员','2018-08-08 15:50:16'),(12117,61,'123123','Shelf','12_3','飒飒是发','start_using','管理员','2018-08-08 15:50:16','管理员','2018-08-08 15:50:16'),(12119,61,'123123','Shelf','10_6','飒飒是发','start_using','管理员','2018-08-08 15:50:16','管理员','2018-08-08 15:50:16'),(12122,61,'123123','Shelf','8_4','飒飒是发','start_using','管理员','2018-08-08 15:50:16','管理员','2018-08-08 15:50:16'),(12123,61,'123123','Shelf','7_5','飒飒是发','start_using','管理员','2018-08-08 15:50:16','管理员','2018-08-08 15:50:16'),(12124,61,'123123','Shelf','9_3','飒飒是发','start_using','管理员','2018-08-08 15:50:16','管理员','2018-08-08 15:50:16'),(12125,61,'123123','Shelf','7_14','飒飒是发','start_using','管理员','2018-08-08 15:50:16','管理员','2018-08-08 15:50:16'),(12129,61,'123123','Shelf','12_4','飒飒是发','start_using','管理员','2018-08-08 15:50:16','管理员','2018-08-08 15:50:16'),(12130,61,'123123','Shelf','10_7','飒飒是发','start_using','管理员','2018-08-08 15:50:16','管理员','2018-08-08 15:50:16'),(12133,61,'123123','Shelf','8_5','飒飒是发','start_using','管理员','2018-08-08 15:50:16','管理员','2018-08-08 15:50:16'),(12134,61,'123123','Shelf','9_4','飒飒是发','start_using','管理员','2018-08-08 15:50:16','管理员','2018-08-08 15:50:16'),(12135,61,'123123','Shelf','7_6','飒飒是发','start_using','管理员','2018-08-08 15:50:16','管理员','2018-08-08 15:50:16'),(12136,61,'123123','Shelf','7_15','飒飒是发','start_using','管理员','2018-08-08 15:50:16','管理员','2018-08-08 15:50:16'),(12139,61,'123123','Shelf','12_5','飒飒是发','start_using','管理员','2018-08-08 15:50:16','管理员','2018-08-08 15:50:16'),(12140,61,'123123','Shelf','10_8','飒飒是发','start_using','管理员','2018-08-08 15:50:16','管理员','2018-08-08 15:50:16'),(12144,61,'123123','Shelf','9_5','飒飒是发','start_using','管理员','2018-08-08 15:50:16','管理员','2018-08-08 15:50:16'),(12146,61,'123123','Shelf','7_7','飒飒是发','start_using','管理员','2018-08-08 15:50:16','管理员','2018-08-08 15:50:16'),(12147,61,'123123','Shelf','8_6','飒飒是发','start_using','管理员','2018-08-08 15:50:16','管理员','2018-08-08 15:50:16'),(12148,61,'123123','Shelf','7_16','飒飒是发','start_using','管理员','2018-08-08 15:50:16','管理员','2018-08-08 15:50:16'),(12149,61,'123123','Shelf','10_9','飒飒是发','start_using','管理员','2018-08-08 15:50:16','管理员','2018-08-08 15:50:16'),(12150,61,'123123','Shelf','12_6','飒飒是发','start_using','管理员','2018-08-08 15:50:16','管理员','2018-08-08 15:50:16'),(12155,61,'123123','Shelf','9_6','飒飒是发','start_using','管理员','2018-08-08 15:50:16','管理员','2018-08-08 15:50:16'),(12157,61,'123123','Shelf','7_8','飒飒是发','start_using','管理员','2018-08-08 15:50:16','管理员','2018-08-08 15:50:16'),(12158,61,'123123','Shelf','8_7','飒飒是发','start_using','管理员','2018-08-08 15:50:16','管理员','2018-08-08 15:50:16'),(12159,61,'123123','Shelf','7_17','飒飒是发','start_using','管理员','2018-08-08 15:50:16','管理员','2018-08-08 15:50:16'),(12161,61,'123123','Shelf','12_7','飒飒是发','start_using','管理员','2018-08-08 15:50:16','管理员','2018-08-08 15:50:16'),(12162,61,'123123','Shelf','10_10','飒飒是发','start_using','管理员','2018-08-08 15:50:16','管理员','2018-08-08 15:50:16'),(12166,61,'123123','Shelf','8_8','飒飒是发','start_using','管理员','2018-08-08 15:50:16','管理员','2018-08-08 15:50:16'),(12167,61,'123123','Shelf','9_7','飒飒是发','start_using','管理员','2018-08-08 15:50:16','管理员','2018-08-08 15:50:16'),(12169,61,'123123','Shelf','7_9','飒飒是发','start_using','管理员','2018-08-08 15:50:16','管理员','2018-08-08 15:50:16'),(12170,61,'123123','Shelf','7_18','飒飒是发','start_using','管理员','2018-08-08 15:50:16','管理员','2018-08-08 15:50:16'),(12173,61,'123123','Shelf','12_8','飒飒是发','start_using','管理员','2018-08-08 15:50:16','管理员','2018-08-08 15:50:16'),(12174,61,'123123','Shelf','10_11','飒飒是发','start_using','管理员','2018-08-08 15:50:16','管理员','2018-08-08 15:50:16'),(12175,61,'123123','Shelf','9_8','飒飒是发','start_using','管理员','2018-08-08 15:50:16','管理员','2018-08-08 15:50:16'),(12178,61,'123123','Shelf','8_9','飒飒是发','start_using','管理员','2018-08-08 15:50:16','管理员','2018-08-08 15:50:16'),(12180,61,'123123','Shelf','7_10','飒飒是发','start_using','管理员','2018-08-08 15:50:16','管理员','2018-08-08 15:50:16'),(12181,61,'123123','Shelf','7_19','飒飒是发','start_using','管理员','2018-08-08 15:50:16','管理员','2018-08-08 15:50:16'),(12184,61,'123123','Shelf','12_9','飒飒是发','start_using','管理员','2018-08-08 15:50:16','管理员','2018-08-08 15:50:16'),(12185,61,'123123','Shelf','10_12','飒飒是发','start_using','管理员','2018-08-08 15:50:16','管理员','2018-08-08 15:50:16'),(12186,61,'123123','Shelf','9_9','飒飒是发','start_using','管理员','2018-08-08 15:50:16','管理员','2018-08-08 15:50:16'),(12189,61,'123123','Shelf','8_10','飒飒是发','start_using','管理员','2018-08-08 15:50:16','管理员','2018-08-08 15:50:16'),(12191,61,'123123','Shelf','7_11','飒飒是发','start_using','管理员','2018-08-08 15:50:16','管理员','2018-08-08 15:50:16'),(12192,61,'123123','Shelf','7_20','飒飒是发','start_using','管理员','2018-08-08 15:50:16','管理员','2018-08-08 15:50:16'),(12195,61,'123123','Shelf','10_13','飒飒是发','start_using','管理员','2018-08-08 15:50:16','管理员','2018-08-08 15:50:16'),(12196,61,'123123','Shelf','12_10','飒飒是发','start_using','管理员','2018-08-08 15:50:16','管理员','2018-08-08 15:50:16'),(12198,61,'123123','Shelf','8_11','飒飒是发','start_using','管理员','2018-08-08 15:50:16','管理员','2018-08-08 15:50:16'),(12199,61,'123123','Shelf','9_10','飒飒是发','start_using','管理员','2018-08-08 15:50:16','管理员','2018-08-08 15:50:16'),(12202,61,'123123','Shelf','7_12','飒飒是发','start_using','管理员','2018-08-08 15:50:16','管理员','2018-08-08 15:50:16'),(12203,61,'123123','Shelf','7_21','飒飒是发','start_using','管理员','2018-08-08 15:50:16','管理员','2018-08-08 15:50:16'),(12205,61,'123123','Shelf','12_11','飒飒是发','start_using','管理员','2018-08-08 15:50:16','管理员','2018-08-08 15:50:16'),(12208,61,'123123','Shelf','10_14','飒飒是发','start_using','管理员','2018-08-08 15:50:16','管理员','2018-08-08 15:50:16'),(12209,61,'123123','Shelf','9_11','飒飒是发','start_using','管理员','2018-08-08 15:50:16','管理员','2018-08-08 15:50:16'),(12210,61,'123123','Shelf','8_12','飒飒是发','start_using','管理员','2018-08-08 15:50:16','管理员','2018-08-08 15:50:16'),(12213,61,'123123','Shelf','8_1','飒飒是发','start_using','管理员','2018-08-08 15:50:16','管理员','2018-08-08 15:50:16'),(12214,61,'123123','Shelf','7_13','飒飒是发','start_using','管理员','2018-08-08 15:50:16','管理员','2018-08-08 15:50:16'),(12217,61,'123123','Shelf','12_12','飒飒是发','start_using','管理员','2018-08-08 15:50:16','管理员','2018-08-08 15:50:16'),(12219,61,'123123','Shelf','10_15','飒飒是发','start_using','管理员','2018-08-08 15:50:16','管理员','2018-08-08 15:50:16'),(12220,61,'123123','Shelf','8_13','飒飒是发','start_using','管理员','2018-08-08 15:50:16','管理员','2018-08-08 15:50:16'),(12221,61,'123123','Shelf','9_12','飒飒是发','start_using','管理员','2018-08-08 15:50:16','管理员','2018-08-08 15:50:16'),(12224,61,'123123','Shelf','8_2','飒飒是发','start_using','管理员','2018-08-08 15:50:16','管理员','2018-08-08 15:50:16'),(12225,61,'123123','Shelf','7_14','飒飒是发','start_using','管理员','2018-08-08 15:50:16','管理员','2018-08-08 15:50:16'),(12228,61,'123123','Shelf','10_16','飒飒是发','start_using','管理员','2018-08-08 15:50:16','管理员','2018-08-08 15:50:16'),(12230,61,'123123','Shelf','12_13','飒飒是发','start_using','管理员','2018-08-08 15:50:16','管理员','2018-08-08 15:50:16'),(12231,61,'123123','Shelf','8_14','飒飒是发','start_using','管理员','2018-08-08 15:50:16','管理员','2018-08-08 15:50:16'),(12232,61,'123123','Shelf','9_13','飒飒是发','start_using','管理员','2018-08-08 15:50:16','管理员','2018-08-08 15:50:16'),(12235,61,'123123','Shelf','8_3','飒飒是发','start_using','管理员','2018-08-08 15:50:16','管理员','2018-08-08 15:50:16'),(12238,61,'123123','Shelf','7_15','飒飒是发','start_using','管理员','2018-08-08 15:50:16','管理员','2018-08-08 15:50:16'),(12239,61,'123123','Shelf','10_17','飒飒是发','start_using','管理员','2018-08-08 15:50:16','管理员','2018-08-08 15:50:16'),(12240,61,'123123','Shelf','12_14','飒飒是发','start_using','管理员','2018-08-08 15:50:16','管理员','2018-08-08 15:50:16'),(12241,61,'123123','Shelf','9_14','飒飒是发','start_using','管理员','2018-08-08 15:50:16','管理员','2018-08-08 15:50:16'),(12244,61,'123123','Shelf','8_15','飒飒是发','start_using','管理员','2018-08-08 15:50:16','管理员','2018-08-08 15:50:16'),(12246,61,'123123','Shelf','8_4','飒飒是发','start_using','管理员','2018-08-08 15:50:16','管理员','2018-08-08 15:50:16'),(12247,61,'123123','Shelf','10_18','飒飒是发','start_using','管理员','2018-08-08 15:50:16','管理员','2018-08-08 15:50:16'),(12249,61,'123123','Shelf','12_15','飒飒是发','start_using','管理员','2018-08-08 15:50:16','管理员','2018-08-08 15:50:16'),(12251,61,'123123','Shelf','9_15','飒飒是发','start_using','管理员','2018-08-08 15:50:16','管理员','2018-08-08 15:50:16'),(12254,61,'123123','Shelf','7_16','飒飒是发','start_using','管理员','2018-08-08 15:50:16','管理员','2018-08-08 15:50:16'),(12255,61,'123123','Shelf','8_16','飒飒是发','start_using','管理员','2018-08-08 15:50:16','管理员','2018-08-08 15:50:16'),(12257,61,'123123','Shelf','10_19','飒飒是发','start_using','管理员','2018-08-08 15:50:16','管理员','2018-08-08 15:50:16'),(12260,61,'123123','Shelf','12_16','飒飒是发','start_using','管理员','2018-08-08 15:50:16','管理员','2018-08-08 15:50:16'),(12262,61,'123123','Shelf','9_16','飒飒是发','start_using','管理员','2018-08-08 15:50:16','管理员','2018-08-08 15:50:16'),(12264,61,'123123','Shelf','8_5','飒飒是发','start_using','管理员','2018-08-08 15:50:16','管理员','2018-08-08 15:50:16'),(12266,61,'123123','Shelf','8_17','飒飒是发','start_using','管理员','2018-08-08 15:50:16','管理员','2018-08-08 15:50:16'),(12267,61,'123123','Shelf','7_17','飒飒是发','start_using','管理员','2018-08-08 15:50:16','管理员','2018-08-08 15:50:16'),(12268,61,'123123','Shelf','10_20','飒飒是发','start_using','管理员','2018-08-08 15:50:16','管理员','2018-08-08 15:50:16'),(12270,61,'123123','Shelf','12_17','飒飒是发','start_using','管理员','2018-08-08 15:50:16','管理员','2018-08-08 15:50:16'),(12273,61,'123123','Shelf','8_6','飒飒是发','start_using','管理员','2018-08-08 15:50:16','管理员','2018-08-08 15:50:16'),(12274,61,'123123','Shelf','9_17','飒飒是发','start_using','管理员','2018-08-08 15:50:16','管理员','2018-08-08 15:50:16'),(12277,61,'123123','Shelf','8_18','飒飒是发','start_using','管理员','2018-08-08 15:50:16','管理员','2018-08-08 15:50:16'),(12278,61,'123123','Shelf','7_18','飒飒是发','start_using','管理员','2018-08-08 15:50:16','管理员','2018-08-08 15:50:16'),(12279,61,'123123','Shelf','10_21','飒飒是发','start_using','管理员','2018-08-08 15:50:16','管理员','2018-08-08 15:50:16'),(12282,61,'123123','Shelf','12_18','飒飒是发','start_using','管理员','2018-08-08 15:50:16','管理员','2018-08-08 15:50:16'),(12284,61,'123123','Shelf','8_7','飒飒是发','start_using','管理员','2018-08-08 15:50:16','管理员','2018-08-08 15:50:16'),(12287,61,'123123','Shelf','8_19','飒飒是发','start_using','管理员','2018-08-08 15:50:16','管理员','2018-08-08 15:50:16'),(12288,61,'123123','Shelf','9_18','飒飒是发','start_using','管理员','2018-08-08 15:50:16','管理员','2018-08-08 15:50:16'),(12289,61,'123123','Shelf','11_1','飒飒是发','start_using','管理员','2018-08-08 15:50:16','管理员','2018-08-08 15:50:16'),(12291,61,'123123','Shelf','12_19','飒飒是发','start_using','管理员','2018-08-08 15:50:16','管理员','2018-08-08 15:50:16'),(12293,61,'123123','Shelf','8_8','飒飒是发','start_using','管理员','2018-08-08 15:50:16','管理员','2018-08-08 15:50:16'),(12295,61,'123123','Shelf','7_19','飒飒是发','start_using','管理员','2018-08-08 15:50:16','管理员','2018-08-08 15:50:16'),(12297,61,'123123','Shelf','8_20','飒飒是发','start_using','管理员','2018-08-08 15:50:16','管理员','2018-08-08 15:50:16'),(12299,61,'123123','Shelf','9_19','飒飒是发','start_using','管理员','2018-08-08 15:50:16','管理员','2018-08-08 15:50:16'),(12302,61,'123123','Shelf','11_2','飒飒是发','start_using','管理员','2018-08-08 15:50:16','管理员','2018-08-08 15:50:16'),(12303,61,'123123','Shelf','12_20','飒飒是发','start_using','管理员','2018-08-08 15:50:16','管理员','2018-08-08 15:50:16'),(12306,61,'123123','Shelf','8_9','飒飒是发','start_using','管理员','2018-08-08 15:50:16','管理员','2018-08-08 15:50:16'),(12308,61,'123123','Shelf','7_20','飒飒是发','start_using','管理员','2018-08-08 15:50:16','管理员','2018-08-08 15:50:16'),(12309,61,'123123','Shelf','8_21','飒飒是发','start_using','管理员','2018-08-08 15:50:16','管理员','2018-08-08 15:50:16'),(12310,61,'123123','Shelf','9_20','飒飒是发','start_using','管理员','2018-08-08 15:50:16','管理员','2018-08-08 15:50:16'),(12314,61,'123123','Shelf','11_3','飒飒是发','start_using','管理员','2018-08-08 15:50:16','管理员','2018-08-08 15:50:16'),(12317,61,'123123','Shelf','7_21','飒飒是发','start_using','管理员','2018-08-08 15:50:16','管理员','2018-08-08 15:50:16'),(12318,61,'123123','Shelf','8_10','飒飒是发','start_using','管理员','2018-08-08 15:50:16','管理员','2018-08-08 15:50:16'),(12319,61,'123123','Shelf','12_21','飒飒是发','start_using','管理员','2018-08-08 15:50:16','管理员','2018-08-08 15:50:16'),(12320,61,'123123','Shelf','11_4','飒飒是发','start_using','管理员','2018-08-08 15:50:16','管理员','2018-08-08 15:50:16'),(12324,61,'123123','Shelf','9_21','飒飒是发','start_using','管理员','2018-08-08 15:50:16','管理员','2018-08-08 15:50:16'),(12325,61,'123123','Shelf','9_1','飒飒是发','start_using','管理员','2018-08-08 15:50:16','管理员','2018-08-08 15:50:16'),(12326,61,'123123','Shelf','8_11','飒飒是发','start_using','管理员','2018-08-08 15:50:16','管理员','2018-08-08 15:50:16'),(12327,61,'123123','Shelf','8_1','飒飒是发','start_using','管理员','2018-08-08 15:50:16','管理员','2018-08-08 15:50:16'),(12330,61,'123123','Shelf','8_12','飒飒是发','start_using','管理员','2018-08-08 15:50:16','管理员','2018-08-08 15:50:16'),(12331,61,'123123','Shelf','11_5','飒飒是发','start_using','管理员','2018-08-08 15:50:16','管理员','2018-08-08 15:50:16'),(12334,61,'123123','Shelf','10_1','飒飒是发','start_using','管理员','2018-08-08 15:50:16','管理员','2018-08-08 15:50:16'),(12335,61,'123123','Shelf','9_2','飒飒是发','start_using','管理员','2018-08-08 15:50:16','管理员','2018-08-08 15:50:16'),(12337,61,'123123','Shelf','8_2','飒飒是发','start_using','管理员','2018-08-08 15:50:16','管理员','2018-08-08 15:50:16'),(12340,61,'123123','Shelf','10_2','飒飒是发','start_using','管理员','2018-08-08 15:50:16','管理员','2018-08-08 15:50:16'),(12343,61,'123123','Shelf','11_6','飒飒是发','start_using','管理员','2018-08-08 15:50:16','管理员','2018-08-08 15:50:16'),(12345,61,'123123','Shelf','9_3','飒飒是发','start_using','管理员','2018-08-08 15:50:16','管理员','2018-08-08 15:50:16'),(12347,61,'123123','Shelf','8_13','飒飒是发','start_using','管理员','2018-08-08 15:50:16','管理员','2018-08-08 15:50:16'),(12348,61,'123123','Shelf','8_3','飒飒是发','start_using','管理员','2018-08-08 15:50:16','管理员','2018-08-08 15:50:16'),(12351,61,'123123','Shelf','11_7','飒飒是发','start_using','管理员','2018-08-08 15:50:16','管理员','2018-08-08 15:50:16'),(12353,61,'123123','Shelf','10_3','飒飒是发','start_using','管理员','2018-08-08 15:50:16','管理员','2018-08-08 15:50:16'),(12354,61,'123123','Shelf','8_14','飒飒是发','start_using','管理员','2018-08-08 15:50:16','管理员','2018-08-08 15:50:16'),(12355,61,'123123','Shelf','9_4','飒飒是发','start_using','管理员','2018-08-08 15:50:16','管理员','2018-08-08 15:50:16'),(12358,61,'123123','Shelf','8_4','飒飒是发','start_using','管理员','2018-08-08 15:50:16','管理员','2018-08-08 15:50:16'),(12361,61,'123123','Shelf','10_4','飒飒是发','start_using','管理员','2018-08-08 15:50:16','管理员','2018-08-08 15:50:16'),(12363,61,'123123','Shelf','8_15','飒飒是发','start_using','管理员','2018-08-08 15:50:16','管理员','2018-08-08 15:50:16'),(12364,61,'123123','Shelf','9_5','飒飒是发','start_using','管理员','2018-08-08 15:50:16','管理员','2018-08-08 15:50:16'),(12365,61,'123123','Shelf','11_8','飒飒是发','start_using','管理员','2018-08-08 15:50:16','管理员','2018-08-08 15:50:16'),(12369,61,'123123','Shelf','8_5','飒飒是发','start_using','管理员','2018-08-08 15:50:16','管理员','2018-08-08 15:50:16'),(12370,61,'123123','Shelf','10_5','飒飒是发','start_using','管理员','2018-08-08 15:50:16','管理员','2018-08-08 15:50:16'),(12373,61,'123123','Shelf','11_9','飒飒是发','start_using','管理员','2018-08-08 15:50:16','管理员','2018-08-08 15:50:16'),(12375,61,'123123','Shelf','8_16','飒飒是发','start_using','管理员','2018-08-08 15:50:16','管理员','2018-08-08 15:50:16'),(12376,61,'123123','Shelf','8_6','飒飒是发','start_using','管理员','2018-08-08 15:50:16','管理员','2018-08-08 15:50:16'),(12377,61,'123123','Shelf','9_6','飒飒是发','start_using','管理员','2018-08-08 15:50:16','管理员','2018-08-08 15:50:16'),(12380,61,'123123','Shelf','11_10','飒飒是发','start_using','管理员','2018-08-08 15:50:16','管理员','2018-08-08 15:50:16'),(12384,61,'123123','Shelf','10_6','飒飒是发','start_using','管理员','2018-08-08 15:50:16','管理员','2018-08-08 15:50:16'),(12385,61,'123123','Shelf','8_17','飒飒是发','start_using','管理员','2018-08-08 15:50:16','管理员','2018-08-08 15:50:16'),(12387,61,'123123','Shelf','8_7','飒飒是发','start_using','管理员','2018-08-08 15:50:16','管理员','2018-08-08 15:50:16'),(12388,61,'123123','Shelf','9_7','飒飒是发','start_using','管理员','2018-08-08 15:50:16','管理员','2018-08-08 15:50:16'),(12393,61,'123123','Shelf','10_7','飒飒是发','start_using','管理员','2018-08-08 15:50:16','管理员','2018-08-08 15:50:16'),(12394,61,'123123','Shelf','1_1','飒飒是发','start_using','管理员','2018-08-08 15:50:16','管理员','2018-08-08 15:50:16'),(12395,61,'123123','Shelf','11_11','飒飒是发','start_using','管理员','2018-08-08 15:50:16','管理员','2018-08-08 15:50:16'),(12396,61,'123123','Shelf','8_18','飒飒是发','start_using','管理员','2018-08-08 15:50:16','管理员','2018-08-08 15:50:16'),(12397,61,'123123','Shelf','9_8','飒飒是发','start_using','管理员','2018-08-08 15:50:16','管理员','2018-08-08 15:50:16'),(12399,61,'123123','Shelf','8_8','飒飒是发','start_using','管理员','2018-08-08 15:50:16','管理员','2018-08-08 15:50:16'),(12404,61,'123123','Shelf','10_8','飒飒是发','start_using','管理员','2018-08-08 15:50:16','管理员','2018-08-08 15:50:16'),(12405,61,'123123','Shelf','1_2','飒飒是发','start_using','管理员','2018-08-08 15:50:16','管理员','2018-08-08 15:50:16'),(12406,61,'123123','Shelf','11_12','飒飒是发','start_using','管理员','2018-08-08 15:50:16','管理员','2018-08-08 15:50:16'),(12407,61,'123123','Shelf','8_19','飒飒是发','start_using','管理员','2018-08-08 15:50:16','管理员','2018-08-08 15:50:16'),(12408,61,'123123','Shelf','9_9','飒飒是发','start_using','管理员','2018-08-08 15:50:16','管理员','2018-08-08 15:50:16'),(12410,61,'123123','Shelf','8_9','飒飒是发','start_using','管理员','2018-08-08 15:50:16','管理员','2018-08-08 15:50:16'),(12413,61,'123123','Shelf','10_9','飒飒是发','start_using','管理员','2018-08-08 15:50:16','管理员','2018-08-08 15:50:16'),(12416,61,'123123','Shelf','1_3','飒飒是发','start_using','管理员','2018-08-08 15:50:16','管理员','2018-08-08 15:50:16'),(12417,61,'123123','Shelf','11_13','飒飒是发','start_using','管理员','2018-08-08 15:50:16','管理员','2018-08-08 15:50:16'),(12418,61,'123123','Shelf','9_10','飒飒是发','start_using','管理员','2018-08-08 15:50:16','管理员','2018-08-08 15:50:16'),(12419,61,'123123','Shelf','8_20','飒飒是发','start_using','管理员','2018-08-08 15:50:16','管理员','2018-08-08 15:50:16'),(12421,61,'123123','Shelf','1_4','飒飒是发','start_using','管理员','2018-08-08 15:50:16','管理员','2018-08-08 15:50:16'),(12426,61,'123123','Shelf','8_10','飒飒是发','start_using','管理员','2018-08-08 15:50:16','管理员','2018-08-08 15:50:16'),(12427,61,'123123','Shelf','10_10','飒飒是发','start_using','管理员','2018-08-08 15:50:16','管理员','2018-08-08 15:50:16'),(12428,61,'123123','Shelf','11_14','飒飒是发','start_using','管理员','2018-08-08 15:50:17','管理员','2018-08-08 15:50:17'),(12429,61,'123123','Shelf','9_11','飒飒是发','start_using','管理员','2018-08-08 15:50:17','管理员','2018-08-08 15:50:17'),(12430,61,'123123','Shelf','8_21','飒飒是发','start_using','管理员','2018-08-08 15:50:17','管理员','2018-08-08 15:50:17'),(12433,61,'123123','Shelf','8_11','飒飒是发','start_using','管理员','2018-08-08 15:50:17','管理员','2018-08-08 15:50:17'),(12435,61,'123123','Shelf','1_5','飒飒是发','start_using','管理员','2018-08-08 15:50:17','管理员','2018-08-08 15:50:17'),(12438,61,'123123','Shelf','10_11','飒飒是发','start_using','管理员','2018-08-08 15:50:17','管理员','2018-08-08 15:50:17'),(12439,61,'123123','Shelf','9_12','飒飒是发','start_using','管理员','2018-08-08 15:50:17','管理员','2018-08-08 15:50:17'),(12441,61,'123123','Shelf','11_15','飒飒是发','start_using','管理员','2018-08-08 15:50:17','管理员','2018-08-08 15:50:17'),(12442,61,'123123','Shelf','8_12','飒飒是发','start_using','管理员','2018-08-08 15:50:17','管理员','2018-08-08 15:50:17'),(12443,61,'123123','Shelf','9_1','飒飒是发','start_using','管理员','2018-08-08 15:50:17','管理员','2018-08-08 15:50:17'),(12446,61,'123123','Shelf','10_12','飒飒是发','start_using','管理员','2018-08-08 15:50:17','管理员','2018-08-08 15:50:17'),(12447,61,'123123','Shelf','1_6','飒飒是发','start_using','管理员','2018-08-08 15:50:17','管理员','2018-08-08 15:50:17'),(12450,61,'123123','Shelf','9_13','飒飒是发','start_using','管理员','2018-08-08 15:50:17','管理员','2018-08-08 15:50:17'),(12451,61,'123123','Shelf','11_16','飒飒是发','start_using','管理员','2018-08-08 15:50:17','管理员','2018-08-08 15:50:17'),(12453,61,'123123','Shelf','9_2','飒飒是发','start_using','管理员','2018-08-08 15:50:17','管理员','2018-08-08 15:50:17'),(12454,61,'123123','Shelf','8_13','飒飒是发','start_using','管理员','2018-08-08 15:50:17','管理员','2018-08-08 15:50:17'),(12457,61,'123123','Shelf','10_13','飒飒是发','start_using','管理员','2018-08-08 15:50:17','管理员','2018-08-08 15:50:17'),(12460,61,'123123','Shelf','1_7','飒飒是发','start_using','管理员','2018-08-08 15:50:17','管理员','2018-08-08 15:50:17'),(12461,61,'123123','Shelf','11_17','飒飒是发','start_using','管理员','2018-08-08 15:50:17','管理员','2018-08-08 15:50:17'),(12464,61,'123123','Shelf','9_14','飒飒是发','start_using','管理员','2018-08-08 15:50:17','管理员','2018-08-08 15:50:17'),(12465,61,'123123','Shelf','8_14','飒飒是发','start_using','管理员','2018-08-08 15:50:17','管理员','2018-08-08 15:50:17'),(12466,61,'123123','Shelf','9_3','飒飒是发','start_using','管理员','2018-08-08 15:50:17','管理员','2018-08-08 15:50:17'),(12469,61,'123123','Shelf','10_14','飒飒是发','start_using','管理员','2018-08-08 15:50:17','管理员','2018-08-08 15:50:17'),(12470,61,'123123','Shelf','1_8','飒飒是发','start_using','管理员','2018-08-08 15:50:17','管理员','2018-08-08 15:50:17'),(12472,61,'123123','Shelf','11_18','飒飒是发','start_using','管理员','2018-08-08 15:50:17','管理员','2018-08-08 15:50:17'),(12474,61,'123123','Shelf','9_15','飒飒是发','start_using','管理员','2018-08-08 15:50:17','管理员','2018-08-08 15:50:17'),(12475,61,'123123','Shelf','8_15','飒飒是发','start_using','管理员','2018-08-08 15:50:17','管理员','2018-08-08 15:50:17'),(12476,61,'123123','Shelf','9_4','飒飒是发','start_using','管理员','2018-08-08 15:50:17','管理员','2018-08-08 15:50:17'),(12478,61,'123123','Shelf','1_9','飒飒是发','start_using','管理员','2018-08-08 15:50:17','管理员','2018-08-08 15:50:17'),(12482,61,'123123','Shelf','10_15','飒飒是发','start_using','管理员','2018-08-08 15:50:17','管理员','2018-08-08 15:50:17'),(12484,61,'123123','Shelf','11_19','飒飒是发','start_using','管理员','2018-08-08 15:50:17','管理员','2018-08-08 15:50:17'),(12485,61,'123123','Shelf','9_16','飒飒是发','start_using','管理员','2018-08-08 15:50:17','管理员','2018-08-08 15:50:17'),(12486,61,'123123','Shelf','8_16','飒飒是发','start_using','管理员','2018-08-08 15:50:17','管理员','2018-08-08 15:50:17'),(12488,61,'123123','Shelf','9_5','飒飒是发','start_using','管理员','2018-08-08 15:50:17','管理员','2018-08-08 15:50:17'),(12491,61,'123123','Shelf','1_10','飒飒是发','start_using','管理员','2018-08-08 15:50:17','管理员','2018-08-08 15:50:17'),(12492,61,'123123','Shelf','10_16','飒飒是发','start_using','管理员','2018-08-08 15:50:17','管理员','2018-08-08 15:50:17'),(12494,61,'123123','Shelf','11_20','飒飒是发','start_using','管理员','2018-08-08 15:50:17','管理员','2018-08-08 15:50:17'),(12496,61,'123123','Shelf','9_17','飒飒是发','start_using','管理员','2018-08-08 15:50:17','管理员','2018-08-08 15:50:17'),(12497,61,'123123','Shelf','1_11','飒飒是发','start_using','管理员','2018-08-08 15:50:17','管理员','2018-08-08 15:50:17'),(12499,61,'123123','Shelf','9_6','飒飒是发','start_using','管理员','2018-08-08 15:50:17','管理员','2018-08-08 15:50:17'),(12501,61,'123123','Shelf','8_17','飒飒是发','start_using','管理员','2018-08-08 15:50:17','管理员','2018-08-08 15:50:17'),(12504,61,'123123','Shelf','10_17','飒飒是发','start_using','管理员','2018-08-08 15:50:17','管理员','2018-08-08 15:50:17'),(12505,61,'123123','Shelf','1_12','飒飒是发','start_using','管理员','2018-08-08 15:50:17','管理员','2018-08-08 15:50:17'),(12508,61,'123123','Shelf','11_21','飒飒是发','start_using','管理员','2018-08-08 15:50:17','管理员','2018-08-08 15:50:17'),(12509,61,'123123','Shelf','9_18','飒飒是发','start_using','管理员','2018-08-08 15:50:17','管理员','2018-08-08 15:50:17'),(12512,61,'123123','Shelf','9_7','飒飒是发','start_using','管理员','2018-08-08 15:50:17','管理员','2018-08-08 15:50:17'),(12513,61,'123123','Shelf','8_18','飒飒是发','start_using','管理员','2018-08-08 15:50:17','管理员','2018-08-08 15:50:17'),(12514,61,'123123','Shelf','1_13','飒飒是发','start_using','管理员','2018-08-08 15:50:17','管理员','2018-08-08 15:50:17'),(12516,61,'123123','Shelf','12_1','飒飒是发','start_using','管理员','2018-08-08 15:50:17','管理员','2018-08-08 15:50:17'),(12518,61,'123123','Shelf','10_18','飒飒是发','start_using','管理员','2018-08-08 15:50:17','管理员','2018-08-08 15:50:17'),(12520,61,'123123','Shelf','9_19','飒飒是发','start_using','管理员','2018-08-08 15:50:17','管理员','2018-08-08 15:50:17'),(12521,61,'123123','Shelf','9_8','飒飒是发','start_using','管理员','2018-08-08 15:50:17','管理员','2018-08-08 15:50:17'),(12524,61,'123123','Shelf','8_19','飒飒是发','start_using','管理员','2018-08-08 15:50:17','管理员','2018-08-08 15:50:17'),(12525,61,'123123','Shelf','1_14','飒飒是发','start_using','管理员','2018-08-08 15:50:17','管理员','2018-08-08 15:50:17'),(12528,61,'123123','Shelf','12_2','飒飒是发','start_using','管理员','2018-08-08 15:50:17','管理员','2018-08-08 15:50:17'),(12530,61,'123123','Shelf','10_19','飒飒是发','start_using','管理员','2018-08-08 15:50:17','管理员','2018-08-08 15:50:17'),(12532,61,'123123','Shelf','8_20','飒飒是发','start_using','管理员','2018-08-08 15:50:17','管理员','2018-08-08 15:50:17'),(12534,61,'123123','Shelf','9_20','飒飒是发','start_using','管理员','2018-08-08 15:50:17','管理员','2018-08-08 15:50:17'),(12535,61,'123123','Shelf','9_9','飒飒是发','start_using','管理员','2018-08-08 15:50:17','管理员','2018-08-08 15:50:17'),(12536,61,'123123','Shelf','12_3','飒飒是发','start_using','管理员','2018-08-08 15:50:17','管理员','2018-08-08 15:50:17'),(12540,61,'123123','Shelf','10_20','飒飒是发','start_using','管理员','2018-08-08 15:50:17','管理员','2018-08-08 15:50:17'),(12541,61,'123123','Shelf','1_15','飒飒是发','start_using','管理员','2018-08-08 15:50:17','管理员','2018-08-08 15:50:17'),(12544,61,'123123','Shelf','9_21','飒飒是发','start_using','管理员','2018-08-08 15:50:17','管理员','2018-08-08 15:50:17'),(12545,61,'123123','Shelf','8_21','飒飒是发','start_using','管理员','2018-08-08 15:50:17','管理员','2018-08-08 15:50:17'),(12546,61,'123123','Shelf','9_10','飒飒是发','start_using','管理员','2018-08-08 15:50:17','管理员','2018-08-08 15:50:17'),(12547,61,'123123','Shelf','12_4','飒飒是发','start_using','管理员','2018-08-08 15:50:17','管理员','2018-08-08 15:50:17'),(12553,61,'123123','Shelf','1_16','飒飒是发','start_using','管理员','2018-08-08 15:50:17','管理员','2018-08-08 15:50:17'),(12554,61,'123123','Shelf','10_21','飒飒是发','start_using','管理员','2018-08-08 15:50:17','管理员','2018-08-08 15:50:17'),(12555,61,'123123','Shelf','10_1','飒飒是发','start_using','管理员','2018-08-08 15:50:17','管理员','2018-08-08 15:50:17'),(12556,61,'123123','Shelf','9_11','飒飒是发','start_using','管理员','2018-08-08 15:50:17','管理员','2018-08-08 15:50:17'),(12557,61,'123123','Shelf','9_1','飒飒是发','start_using','管理员','2018-08-08 15:50:17','管理员','2018-08-08 15:50:17'),(12559,61,'123123','Shelf','12_5','飒飒是发','start_using','管理员','2018-08-08 15:50:17','管理员','2018-08-08 15:50:17'),(12562,61,'123123','Shelf','1_17','飒飒是发','start_using','管理员','2018-08-08 15:50:17','管理员','2018-08-08 15:50:17'),(12565,61,'123123','Shelf','10_2','飒飒是发','start_using','管理员','2018-08-08 15:50:17','管理员','2018-08-08 15:50:17'),(12566,61,'123123','Shelf','11_1','飒飒是发','start_using','管理员','2018-08-08 15:50:17','管理员','2018-08-08 15:50:17'),(12567,61,'123123','Shelf','9_2','飒飒是发','start_using','管理员','2018-08-08 15:50:17','管理员','2018-08-08 15:50:17'),(12568,61,'123123','Shelf','9_12','飒飒是发','start_using','管理员','2018-08-08 15:50:17','管理员','2018-08-08 15:50:17'),(12569,61,'123123','Shelf','1_18','飒飒是发','start_using','管理员','2018-08-08 15:50:17','管理员','2018-08-08 15:50:17'),(12572,61,'123123','Shelf','12_6','飒飒是发','start_using','管理员','2018-08-08 15:50:17','管理员','2018-08-08 15:50:17'),(12574,61,'123123','Shelf','10_3','飒飒是发','start_using','管理员','2018-08-08 15:50:17','管理员','2018-08-08 15:50:17'),(12575,61,'123123','Shelf','11_2','飒飒是发','start_using','管理员','2018-08-08 15:50:17','管理员','2018-08-08 15:50:17'),(12578,61,'123123','Shelf','9_3','飒飒是发','start_using','管理员','2018-08-08 15:50:17','管理员','2018-08-08 15:50:17'),(12579,61,'123123','Shelf','9_13','飒飒是发','start_using','管理员','2018-08-08 15:50:17','管理员','2018-08-08 15:50:17'),(12580,61,'123123','Shelf','1_19','飒飒是发','start_using','管理员','2018-08-08 15:50:17','管理员','2018-08-08 15:50:17'),(12583,61,'123123','Shelf','12_7','飒飒是发','start_using','管理员','2018-08-08 15:50:17','管理员','2018-08-08 15:50:17'),(12584,61,'123123','Shelf','11_3','飒飒是发','start_using','管理员','2018-08-08 15:50:17','管理员','2018-08-08 15:50:17'),(12585,61,'123123','Shelf','10_4','飒飒是发','start_using','管理员','2018-08-08 15:50:17','管理员','2018-08-08 15:50:17'),(12589,61,'123123','Shelf','12_8','飒飒是发','start_using','管理员','2018-08-08 15:50:17','管理员','2018-08-08 15:50:17'),(12590,61,'123123','Shelf','1_20','飒飒是发','start_using','管理员','2018-08-08 15:50:17','管理员','2018-08-08 15:50:17'),(12595,61,'123123','Shelf','9_14','飒飒是发','start_using','管理员','2018-08-08 15:50:17','管理员','2018-08-08 15:50:17'),(12596,61,'123123','Shelf','11_4','飒飒是发','start_using','管理员','2018-08-08 15:50:17','管理员','2018-08-08 15:50:17'),(12597,61,'123123','Shelf','9_4','飒飒是发','start_using','管理员','2018-08-08 15:50:17','管理员','2018-08-08 15:50:17'),(12598,61,'123123','Shelf','10_5','飒飒是发','start_using','管理员','2018-08-08 15:50:17','管理员','2018-08-08 15:50:17'),(12600,61,'123123','Shelf','12_9','飒飒是发','start_using','管理员','2018-08-08 15:50:17','管理员','2018-08-08 15:50:17'),(12602,61,'123123','Shelf','1_21','飒飒是发','start_using','管理员','2018-08-08 15:50:17','管理员','2018-08-08 15:50:17'),(12605,61,'123123','Shelf','9_15','飒飒是发','start_using','管理员','2018-08-08 15:50:17','管理员','2018-08-08 15:50:17'),(12607,61,'123123','Shelf','11_5','飒飒是发','start_using','管理员','2018-08-08 15:50:17','管理员','2018-08-08 15:50:17'),(12608,61,'123123','Shelf','9_5','飒飒是发','start_using','管理员','2018-08-08 15:50:17','管理员','2018-08-08 15:50:17'),(12609,61,'123123','Shelf','10_6','飒飒是发','start_using','管理员','2018-08-08 15:50:17','管理员','2018-08-08 15:50:17'),(12610,61,'123123','Shelf','2_1','飒飒是发','start_using','管理员','2018-08-08 15:50:17','管理员','2018-08-08 15:50:17'),(12615,61,'123123','Shelf','12_10','飒飒是发','start_using','管理员','2018-08-08 15:50:17','管理员','2018-08-08 15:50:17'),(12616,61,'123123','Shelf','9_16','飒飒是发','start_using','管理员','2018-08-08 15:50:17','管理员','2018-08-08 15:50:17'),(12617,61,'123123','Shelf','9_6','飒飒是发','start_using','管理员','2018-08-08 15:50:17','管理员','2018-08-08 15:50:17'),(12619,61,'123123','Shelf','10_7','飒飒是发','start_using','管理员','2018-08-08 15:50:17','管理员','2018-08-08 15:50:17'),(12620,61,'123123','Shelf','11_6','飒飒是发','start_using','管理员','2018-08-08 15:50:17','管理员','2018-08-08 15:50:17'),(12621,61,'123123','Shelf','12_11','飒飒是发','start_using','管理员','2018-08-08 15:50:17','管理员','2018-08-08 15:50:17'),(12624,61,'123123','Shelf','2_2','飒飒是发','start_using','管理员','2018-08-08 15:50:17','管理员','2018-08-08 15:50:17'),(12626,61,'123123','Shelf','9_7','飒飒是发','start_using','管理员','2018-08-08 15:50:17','管理员','2018-08-08 15:50:17'),(12627,61,'123123','Shelf','9_17','飒飒是发','start_using','管理员','2018-08-08 15:50:17','管理员','2018-08-08 15:50:17'),(12630,61,'123123','Shelf','12_12','飒飒是发','start_using','管理员','2018-08-08 15:50:17','管理员','2018-08-08 15:50:17'),(12631,61,'123123','Shelf','11_7','飒飒是发','start_using','管理员','2018-08-08 15:50:17','管理员','2018-08-08 15:50:17'),(12632,61,'123123','Shelf','10_8','飒飒是发','start_using','管理员','2018-08-08 15:50:17','管理员','2018-08-08 15:50:17'),(12635,61,'123123','Shelf','2_3','飒飒是发','start_using','管理员','2018-08-08 15:50:17','管理员','2018-08-08 15:50:17'),(12637,61,'123123','Shelf','9_8','飒飒是发','start_using','管理员','2018-08-08 15:50:17','管理员','2018-08-08 15:50:17'),(12639,61,'123123','Shelf','9_18','飒飒是发','start_using','管理员','2018-08-08 15:50:17','管理员','2018-08-08 15:50:17'),(12641,61,'123123','Shelf','12_13','飒飒是发','start_using','管理员','2018-08-08 15:50:17','管理员','2018-08-08 15:50:17'),(12642,61,'123123','Shelf','11_8','飒飒是发','start_using','管理员','2018-08-08 15:50:17','管理员','2018-08-08 15:50:17'),(12643,61,'123123','Shelf','10_9','飒飒是发','start_using','管理员','2018-08-08 15:50:17','管理员','2018-08-08 15:50:17'),(12646,61,'123123','Shelf','2_4','飒飒是发','start_using','管理员','2018-08-08 15:50:17','管理员','2018-08-08 15:50:17'),(12649,61,'123123','Shelf','9_19','飒飒是发','start_using','管理员','2018-08-08 15:50:17','管理员','2018-08-08 15:50:17'),(12651,61,'123123','Shelf','9_9','飒飒是发','start_using','管理员','2018-08-08 15:50:17','管理员','2018-08-08 15:50:17'),(12652,61,'123123','Shelf','12_14','飒飒是发','start_using','管理员','2018-08-08 15:50:17','管理员','2018-08-08 15:50:17'),(12654,61,'123123','Shelf','11_9','飒飒是发','start_using','管理员','2018-08-08 15:50:17','管理员','2018-08-08 15:50:17'),(12655,61,'123123','Shelf','10_10','飒飒是发','start_using','管理员','2018-08-08 15:50:17','管理员','2018-08-08 15:50:17'),(12658,61,'123123','Shelf','12_15','飒飒是发','start_using','管理员','2018-08-08 15:50:17','管理员','2018-08-08 15:50:17'),(12659,61,'123123','Shelf','2_5','飒飒是发','start_using','管理员','2018-08-08 15:50:17','管理员','2018-08-08 15:50:17'),(12660,61,'123123','Shelf','9_10','飒飒是发','start_using','管理员','2018-08-08 15:50:17','管理员','2018-08-08 15:50:17'),(12662,61,'123123','Shelf','9_20','飒飒是发','start_using','管理员','2018-08-08 15:50:17','管理员','2018-08-08 15:50:17'),(12665,61,'123123','Shelf','10_11','飒飒是发','start_using','管理员','2018-08-08 15:50:17','管理员','2018-08-08 15:50:17'),(12666,61,'123123','Shelf','11_10','飒飒是发','start_using','管理员','2018-08-08 15:50:17','管理员','2018-08-08 15:50:17'),(12667,61,'123123','Shelf','12_16','飒飒是发','start_using','管理员','2018-08-08 15:50:17','管理员','2018-08-08 15:50:17'),(12668,61,'123123','Shelf','2_6','飒飒是发','start_using','管理员','2018-08-08 15:50:17','管理员','2018-08-08 15:50:17'),(12671,61,'123123','Shelf','9_11','飒飒是发','start_using','管理员','2018-08-08 15:50:17','管理员','2018-08-08 15:50:17'),(12672,61,'123123','Shelf','9_21','飒飒是发','start_using','管理员','2018-08-08 15:50:17','管理员','2018-08-08 15:50:17'),(12676,61,'123123','Shelf','10_12','飒飒是发','start_using','管理员','2018-08-08 15:50:17','管理员','2018-08-08 15:50:17'),(12677,61,'123123','Shelf','12_17','飒飒是发','start_using','管理员','2018-08-08 15:50:17','管理员','2018-08-08 15:50:17'),(12678,61,'123123','Shelf','11_11','飒飒是发','start_using','管理员','2018-08-08 15:50:17','管理员','2018-08-08 15:50:17'),(12679,61,'123123','Shelf','2_7','飒飒是发','start_using','管理员','2018-08-08 15:50:17','管理员','2018-08-08 15:50:17'),(12685,61,'123123','Shelf','10_1','飒飒是发','start_using','管理员','2018-08-08 15:50:17','管理员','2018-08-08 15:50:17'),(12686,61,'123123','Shelf','9_12','飒飒是发','start_using','管理员','2018-08-08 15:50:17','管理员','2018-08-08 15:50:17'),(12687,61,'123123','Shelf','11_12','飒飒是发','start_using','管理员','2018-08-08 15:50:17','管理员','2018-08-08 15:50:17'),(12689,61,'123123','Shelf','2_8','飒飒是发','start_using','管理员','2018-08-08 15:50:17','管理员','2018-08-08 15:50:17'),(12690,61,'123123','Shelf','10_13','飒飒是发','start_using','管理员','2018-08-08 15:50:17','管理员','2018-08-08 15:50:17'),(12691,61,'123123','Shelf','12_18','飒飒是发','start_using','管理员','2018-08-08 15:50:17','管理员','2018-08-08 15:50:17'),(12694,61,'123123','Shelf','9_13','飒飒是发','start_using','管理员','2018-08-08 15:50:17','管理员','2018-08-08 15:50:17'),(12696,61,'123123','Shelf','10_2','飒飒是发','start_using','管理员','2018-08-08 15:50:17','管理员','2018-08-08 15:50:17'),(12698,61,'123123','Shelf','2_9','飒飒是发','start_using','管理员','2018-08-08 15:50:17','管理员','2018-08-08 15:50:17'),(12700,61,'123123','Shelf','10_14','飒飒是发','start_using','管理员','2018-08-08 15:50:17','管理员','2018-08-08 15:50:17'),(12701,61,'123123','Shelf','12_19','飒飒是发','start_using','管理员','2018-08-08 15:50:17','管理员','2018-08-08 15:50:17'),(12702,61,'123123','Shelf','11_13','飒飒是发','start_using','管理员','2018-08-08 15:50:17','管理员','2018-08-08 15:50:17'),(12706,61,'123123','Shelf','10_3','飒飒是发','start_using','管理员','2018-08-08 15:50:17','管理员','2018-08-08 15:50:17'),(12707,61,'123123','Shelf','9_14','飒飒是发','start_using','管理员','2018-08-08 15:50:17','管理员','2018-08-08 15:50:17'),(12709,61,'123123','Shelf','12_20','飒飒是发','start_using','管理员','2018-08-08 15:50:17','管理员','2018-08-08 15:50:17'),(12712,61,'123123','Shelf','11_14','飒飒是发','start_using','管理员','2018-08-08 15:50:17','管理员','2018-08-08 15:50:17'),(12714,61,'123123','Shelf','10_15','飒飒是发','start_using','管理员','2018-08-08 15:50:17','管理员','2018-08-08 15:50:17'),(12716,61,'123123','Shelf','2_10','飒飒是发','start_using','管理员','2018-08-08 15:50:17','管理员','2018-08-08 15:50:17'),(12718,61,'123123','Shelf','9_15','飒飒是发','start_using','管理员','2018-08-08 15:50:17','管理员','2018-08-08 15:50:17'),(12719,61,'123123','Shelf','10_4','飒飒是发','start_using','管理员','2018-08-08 15:50:17','管理员','2018-08-08 15:50:17'),(12720,61,'123123','Shelf','12_21','飒飒是发','start_using','管理员','2018-08-08 15:50:17','管理员','2018-08-08 15:50:17'),(12723,61,'123123','Shelf','11_15','飒飒是发','start_using','管理员','2018-08-08 15:50:17','管理员','2018-08-08 15:50:17'),(12725,61,'123123','Shelf','10_16','飒飒是发','start_using','管理员','2018-08-08 15:50:17','管理员','2018-08-08 15:50:17'),(12727,61,'123123','Shelf','2_11','飒飒是发','start_using','管理员','2018-08-08 15:50:17','管理员','2018-08-08 15:50:17'),(12729,61,'123123','Shelf','9_16','飒飒是发','start_using','管理员','2018-08-08 15:50:17','管理员','2018-08-08 15:50:17'),(12730,61,'123123','Shelf','10_5','飒飒是发','start_using','管理员','2018-08-08 15:50:17','管理员','2018-08-08 15:50:17'),(12732,61,'123123','Shelf','10_17','飒飒是发','start_using','管理员','2018-08-08 15:50:17','管理员','2018-08-08 15:50:17'),(12733,61,'123123','Shelf','11_16','飒飒是发','start_using','管理员','2018-08-08 15:50:17','管理员','2018-08-08 15:50:17'),(12737,61,'123123','Shelf','2_12','飒飒是发','start_using','管理员','2018-08-08 15:50:17','管理员','2018-08-08 15:50:17'),(12739,61,'123123','Shelf','10_6','飒飒是发','start_using','管理员','2018-08-08 15:50:17','管理员','2018-08-08 15:50:17'),(12740,61,'123123','Shelf','9_17','飒飒是发','start_using','管理员','2018-08-08 15:50:17','管理员','2018-08-08 15:50:17'),(12742,61,'123123','Shelf','10_18','飒飒是发','start_using','管理员','2018-08-08 15:50:17','管理员','2018-08-08 15:50:17'),(12744,61,'123123','Shelf','2_13','飒飒是发','start_using','管理员','2018-08-08 15:50:17','管理员','2018-08-08 15:50:17'),(12746,61,'123123','Shelf','11_17','飒飒是发','start_using','管理员','2018-08-08 15:50:17','管理员','2018-08-08 15:50:17'),(12749,61,'123123','Shelf','10_7','飒飒是发','start_using','管理员','2018-08-08 15:50:17','管理员','2018-08-08 15:50:17'),(12750,61,'123123','Shelf','9_18','飒飒是发','start_using','管理员','2018-08-08 15:50:17','管理员','2018-08-08 15:50:17'),(12752,61,'123123','Shelf','10_19','飒飒是发','start_using','管理员','2018-08-08 15:50:17','管理员','2018-08-08 15:50:17'),(12755,61,'123123','Shelf','11_18','飒飒是发','start_using','管理员','2018-08-08 15:50:17','管理员','2018-08-08 15:50:17'),(12756,61,'123123','Shelf','10_8','飒飒是发','start_using','管理员','2018-08-08 15:50:17','管理员','2018-08-08 15:50:17'),(12759,61,'123123','Shelf','2_14','飒飒是发','start_using','管理员','2018-08-08 15:50:17','管理员','2018-08-08 15:50:17'),(12760,61,'123123','Shelf','9_19','飒飒是发','start_using','管理员','2018-08-08 15:50:17','管理员','2018-08-08 15:50:17'),(12762,61,'123123','Shelf','11_19','飒飒是发','start_using','管理员','2018-08-08 15:50:17','管理员','2018-08-08 15:50:17'),(12765,61,'123123','Shelf','10_20','飒飒是发','start_using','管理员','2018-08-08 15:50:17','管理员','2018-08-08 15:50:17'),(12767,61,'123123','Shelf','2_15','飒飒是发','start_using','管理员','2018-08-08 15:50:17','管理员','2018-08-08 15:50:17'),(12768,61,'123123','Shelf','10_9','飒飒是发','start_using','管理员','2018-08-08 15:50:17','管理员','2018-08-08 15:50:17'),(12770,61,'123123','Shelf','9_20','飒飒是发','start_using','管理员','2018-08-08 15:50:17','管理员','2018-08-08 15:50:17'),(12773,61,'123123','Shelf','10_21','飒飒是发','start_using','管理员','2018-08-08 15:50:17','管理员','2018-08-08 15:50:17'),(12774,61,'123123','Shelf','11_20','飒飒是发','start_using','管理员','2018-08-08 15:50:17','管理员','2018-08-08 15:50:17'),(12777,61,'123123','Shelf','2_16','飒飒是发','start_using','管理员','2018-08-08 15:50:17','管理员','2018-08-08 15:50:17'),(12778,61,'123123','Shelf','10_10','飒飒是发','start_using','管理员','2018-08-08 15:50:17','管理员','2018-08-08 15:50:17'),(12779,61,'123123','Shelf','9_21','飒飒是发','start_using','管理员','2018-08-08 15:50:17','管理员','2018-08-08 15:50:17'),(12781,61,'123123','Shelf','11_21','飒飒是发','start_using','管理员','2018-08-08 15:50:17','管理员','2018-08-08 15:50:17'),(12783,61,'123123','Shelf','2_17','飒飒是发','start_using','管理员','2018-08-08 15:50:17','管理员','2018-08-08 15:50:17'),(12787,61,'123123','Shelf','10_11','飒飒是发','start_using','管理员','2018-08-08 15:50:17','管理员','2018-08-08 15:50:17'),(12789,61,'123123','Shelf','11_1','飒飒是发','start_using','管理员','2018-08-08 15:50:17','管理员','2018-08-08 15:50:17'),(12791,61,'123123','Shelf','12_1','飒飒是发','start_using','管理员','2018-08-08 15:50:17','管理员','2018-08-08 15:50:17'),(12792,61,'123123','Shelf','10_1','飒飒是发','start_using','管理员','2018-08-08 15:50:17','管理员','2018-08-08 15:50:17'),(12793,61,'123123','Shelf','2_18','飒飒是发','start_using','管理员','2018-08-08 15:50:17','管理员','2018-08-08 15:50:17'),(12794,61,'123123','Shelf','10_12','飒飒是发','start_using','管理员','2018-08-08 15:50:17','管理员','2018-08-08 15:50:17'),(12798,61,'123123','Shelf','11_2','飒飒是发','start_using','管理员','2018-08-08 15:50:17','管理员','2018-08-08 15:50:17'),(12800,61,'123123','Shelf','12_2','飒飒是发','start_using','管理员','2018-08-08 15:50:17','管理员','2018-08-08 15:50:17'),(12802,61,'123123','Shelf','10_2','飒飒是发','start_using','管理员','2018-08-08 15:50:17','管理员','2018-08-08 15:50:17'),(12805,61,'123123','Shelf','2_19','飒飒是发','start_using','管理员','2018-08-08 15:50:17','管理员','2018-08-08 15:50:17'),(12807,61,'123123','Shelf','10_13','飒飒是发','start_using','管理员','2018-08-08 15:50:17','管理员','2018-08-08 15:50:17'),(12809,61,'123123','Shelf','11_3','飒飒是发','start_using','管理员','2018-08-08 15:50:17','管理员','2018-08-08 15:50:17'),(12812,61,'123123','Shelf','2_20','飒飒是发','start_using','管理员','2018-08-08 15:50:17','管理员','2018-08-08 15:50:17'),(12814,61,'123123','Shelf','11_4','飒飒是发','start_using','管理员','2018-08-08 15:50:17','管理员','2018-08-08 15:50:17'),(12816,61,'123123','Shelf','10_14','飒飒是发','start_using','管理员','2018-08-08 15:50:17','管理员','2018-08-08 15:50:17'),(12819,61,'123123','Shelf','11_5','飒飒是发','start_using','管理员','2018-08-08 15:50:17','管理员','2018-08-08 15:50:17'),(12821,61,'123123','Shelf','2_21','飒飒是发','start_using','管理员','2018-08-08 15:50:17','管理员','2018-08-08 15:50:17'),(12823,61,'123123','Shelf','10_15','飒飒是发','start_using','管理员','2018-08-08 15:50:17','管理员','2018-08-08 15:50:17'),(12824,61,'123123','Shelf','12_3','飒飒是发','start_using','管理员','2018-08-08 15:50:17','管理员','2018-08-08 15:50:17'),(12826,61,'123123','Shelf','10_3','飒飒是发','start_using','管理员','2018-08-08 15:50:17','管理员','2018-08-08 15:50:17'),(12829,61,'123123','Shelf','11_6','飒飒是发','start_using','管理员','2018-08-08 15:50:17','管理员','2018-08-08 15:50:17'),(12831,61,'123123','Shelf','3_1','飒飒是发','start_using','管理员','2018-08-08 15:50:17','管理员','2018-08-08 15:50:17'),(12834,61,'123123','Shelf','10_4','飒飒是发','start_using','管理员','2018-08-08 15:50:17','管理员','2018-08-08 15:50:17'),(12835,61,'123123','Shelf','10_16','飒飒是发','start_using','管理员','2018-08-08 15:50:17','管理员','2018-08-08 15:50:17'),(12836,61,'123123','Shelf','12_4','飒飒是发','start_using','管理员','2018-08-08 15:50:17','管理员','2018-08-08 15:50:17'),(12841,61,'123123','Shelf','10_5','飒飒是发','start_using','管理员','2018-08-08 15:50:17','管理员','2018-08-08 15:50:17'),(12842,61,'123123','Shelf','3_2','飒飒是发','start_using','管理员','2018-08-08 15:50:17','管理员','2018-08-08 15:50:17'),(12843,61,'123123','Shelf','12_5','飒飒是发','start_using','管理员','2018-08-08 15:50:17','管理员','2018-08-08 15:50:17'),(12844,61,'123123','Shelf','10_17','飒飒是发','start_using','管理员','2018-08-08 15:50:17','管理员','2018-08-08 15:50:17'),(12845,61,'123123','Shelf','11_7','飒飒是发','start_using','管理员','2018-08-08 15:50:17','管理员','2018-08-08 15:50:17'),(12848,61,'123123','Shelf','10_6','飒飒是发','start_using','管理员','2018-08-08 15:50:17','管理员','2018-08-08 15:50:17'),(12852,61,'123123','Shelf','3_3','飒飒是发','start_using','管理员','2018-08-08 15:50:17','管理员','2018-08-08 15:50:17'),(12854,61,'123123','Shelf','12_6','飒飒是发','start_using','管理员','2018-08-08 15:50:17','管理员','2018-08-08 15:50:17'),(12855,61,'123123','Shelf','11_8','飒飒是发','start_using','管理员','2018-08-08 15:50:17','管理员','2018-08-08 15:50:17'),(12856,61,'123123','Shelf','10_18','飒飒是发','start_using','管理员','2018-08-08 15:50:17','管理员','2018-08-08 15:50:17'),(12858,61,'123123','Shelf','10_7','飒飒是发','start_using','管理员','2018-08-08 15:50:17','管理员','2018-08-08 15:50:17'),(12861,61,'123123','Shelf','3_4','飒飒是发','start_using','管理员','2018-08-08 15:50:17','管理员','2018-08-08 15:50:17'),(12864,61,'123123','Shelf','10_19','飒飒是发','start_using','管理员','2018-08-08 15:50:17','管理员','2018-08-08 15:50:17'),(12865,61,'123123','Shelf','12_7','飒飒是发','start_using','管理员','2018-08-08 15:50:17','管理员','2018-08-08 15:50:17'),(12866,61,'123123','Shelf','11_9','飒飒是发','start_using','管理员','2018-08-08 15:50:17','管理员','2018-08-08 15:50:17'),(12868,61,'123123','Shelf','10_8','飒飒是发','start_using','管理员','2018-08-08 15:50:17','管理员','2018-08-08 15:50:17'),(12870,61,'123123','Shelf','3_5','飒飒是发','start_using','管理员','2018-08-08 15:50:17','管理员','2018-08-08 15:50:17'),(12874,61,'123123','Shelf','12_8','飒飒是发','start_using','管理员','2018-08-08 15:50:17','管理员','2018-08-08 15:50:17'),(12876,61,'123123','Shelf','10_20','飒飒是发','start_using','管理员','2018-08-08 15:50:17','管理员','2018-08-08 15:50:17'),(12877,61,'123123','Shelf','11_10','飒飒是发','start_using','管理员','2018-08-08 15:50:17','管理员','2018-08-08 15:50:17'),(12879,61,'123123','Shelf','3_6','飒飒是发','start_using','管理员','2018-08-08 15:50:18','管理员','2018-08-08 15:50:18'),(12881,61,'123123','Shelf','10_9','飒飒是发','start_using','管理员','2018-08-08 15:50:18','管理员','2018-08-08 15:50:18'),(12884,61,'123123','Shelf','12_9','飒飒是发','start_using','管理员','2018-08-08 15:50:18','管理员','2018-08-08 15:50:18'),(12886,61,'123123','Shelf','10_21','飒飒是发','start_using','管理员','2018-08-08 15:50:18','管理员','2018-08-08 15:50:18'),(12887,61,'123123','Shelf','11_11','飒飒是发','start_using','管理员','2018-08-08 15:50:18','管理员','2018-08-08 15:50:18'),(12889,61,'123123','Shelf','3_7','飒飒是发','start_using','管理员','2018-08-08 15:50:18','管理员','2018-08-08 15:50:18'),(12892,61,'123123','Shelf','10_10','飒飒是发','start_using','管理员','2018-08-08 15:50:18','管理员','2018-08-08 15:50:18'),(12894,61,'123123','Shelf','12_10','飒飒是发','start_using','管理员','2018-08-08 15:50:18','管理员','2018-08-08 15:50:18'),(12895,61,'123123','Shelf','11_12','飒飒是发','start_using','管理员','2018-08-08 15:50:18','管理员','2018-08-08 15:50:18'),(12896,61,'123123','Shelf','11_1','飒飒是发','start_using','管理员','2018-08-08 15:50:18','管理员','2018-08-08 15:50:18'),(12899,61,'123123','Shelf','3_8','飒飒是发','start_using','管理员','2018-08-08 15:50:18','管理员','2018-08-08 15:50:18'),(12902,61,'123123','Shelf','10_11','飒飒是发','start_using','管理员','2018-08-08 15:50:18','管理员','2018-08-08 15:50:18'),(12904,61,'123123','Shelf','12_11','飒飒是发','start_using','管理员','2018-08-08 15:50:18','管理员','2018-08-08 15:50:18'),(12907,61,'123123','Shelf','11_13','飒飒是发','start_using','管理员','2018-08-08 15:50:18','管理员','2018-08-08 15:50:18'),(12908,61,'123123','Shelf','11_2','飒飒是发','start_using','管理员','2018-08-08 15:50:18','管理员','2018-08-08 15:50:18'),(12911,61,'123123','Shelf','3_9','飒飒是发','start_using','管理员','2018-08-08 15:50:18','管理员','2018-08-08 15:50:18'),(12912,61,'123123','Shelf','10_12','飒飒是发','start_using','管理员','2018-08-08 15:50:18','管理员','2018-08-08 15:50:18'),(12914,61,'123123','Shelf','12_12','飒飒是发','start_using','管理员','2018-08-08 15:50:18','管理员','2018-08-08 15:50:18'),(12915,61,'123123','Shelf','11_3','飒飒是发','start_using','管理员','2018-08-08 15:50:18','管理员','2018-08-08 15:50:18'),(12918,61,'123123','Shelf','11_14','飒飒是发','start_using','管理员','2018-08-08 15:50:18','管理员','2018-08-08 15:50:18'),(12922,61,'123123','Shelf','3_10','飒飒是发','start_using','管理员','2018-08-08 15:50:18','管理员','2018-08-08 15:50:18'),(12923,61,'123123','Shelf','10_13','飒飒是发','start_using','管理员','2018-08-08 15:50:18','管理员','2018-08-08 15:50:18'),(12924,61,'123123','Shelf','12_13','飒飒是发','start_using','管理员','2018-08-08 15:50:18','管理员','2018-08-08 15:50:18'),(12927,61,'123123','Shelf','11_4','飒飒是发','start_using','管理员','2018-08-08 15:50:18','管理员','2018-08-08 15:50:18'),(12928,61,'123123','Shelf','11_15','飒飒是发','start_using','管理员','2018-08-08 15:50:18','管理员','2018-08-08 15:50:18'),(12931,61,'123123','Shelf','3_11','飒飒是发','start_using','管理员','2018-08-08 15:50:18','管理员','2018-08-08 15:50:18'),(12934,61,'123123','Shelf','10_14','飒飒是发','start_using','管理员','2018-08-08 15:50:18','管理员','2018-08-08 15:50:18'),(12936,61,'123123','Shelf','12_14','飒飒是发','start_using','管理员','2018-08-08 15:50:18','管理员','2018-08-08 15:50:18'),(12938,61,'123123','Shelf','11_16','飒飒是发','start_using','管理员','2018-08-08 15:50:18','管理员','2018-08-08 15:50:18'),(12939,61,'123123','Shelf','11_5','飒飒是发','start_using','管理员','2018-08-08 15:50:18','管理员','2018-08-08 15:50:18'),(12941,61,'123123','Shelf','3_12','飒飒是发','start_using','管理员','2018-08-08 15:50:18','管理员','2018-08-08 15:50:18'),(12943,61,'123123','Shelf','10_15','飒飒是发','start_using','管理员','2018-08-08 15:50:18','管理员','2018-08-08 15:50:18'),(12945,61,'123123','Shelf','12_15','飒飒是发','start_using','管理员','2018-08-08 15:50:18','管理员','2018-08-08 15:50:18'),(12948,61,'123123','Shelf','11_17','飒飒是发','start_using','管理员','2018-08-08 15:50:18','管理员','2018-08-08 15:50:18'),(12950,61,'123123','Shelf','11_6','飒飒是发','start_using','管理员','2018-08-08 15:50:18','管理员','2018-08-08 15:50:18'),(12952,61,'123123','Shelf','10_16','飒飒是发','start_using','管理员','2018-08-08 15:50:18','管理员','2018-08-08 15:50:18'),(12954,61,'123123','Shelf','3_13','飒飒是发','start_using','管理员','2018-08-08 15:50:18','管理员','2018-08-08 15:50:18'),(12955,61,'123123','Shelf','12_16','飒飒是发','start_using','管理员','2018-08-08 15:50:18','管理员','2018-08-08 15:50:18'),(12959,61,'123123','Shelf','11_7','飒飒是发','start_using','管理员','2018-08-08 15:50:18','管理员','2018-08-08 15:50:18'),(12960,61,'123123','Shelf','11_18','飒飒是发','start_using','管理员','2018-08-08 15:50:18','管理员','2018-08-08 15:50:18'),(12962,61,'123123','Shelf','3_14','飒飒是发','start_using','管理员','2018-08-08 15:50:18','管理员','2018-08-08 15:50:18'),(12965,61,'123123','Shelf','10_17','飒飒是发','start_using','管理员','2018-08-08 15:50:18','管理员','2018-08-08 15:50:18'),(12967,61,'123123','Shelf','12_17','飒飒是发','start_using','管理员','2018-08-08 15:50:18','管理员','2018-08-08 15:50:18'),(12969,61,'123123','Shelf','11_19','飒飒是发','start_using','管理员','2018-08-08 15:50:18','管理员','2018-08-08 15:50:18'),(12970,61,'123123','Shelf','11_8','飒飒是发','start_using','管理员','2018-08-08 15:50:18','管理员','2018-08-08 15:50:18'),(12972,61,'123123','Shelf','3_15','飒飒是发','start_using','管理员','2018-08-08 15:50:18','管理员','2018-08-08 15:50:18'),(12976,61,'123123','Shelf','12_18','飒飒是发','start_using','管理员','2018-08-08 15:50:18','管理员','2018-08-08 15:50:18'),(12977,61,'123123','Shelf','11_9','飒飒是发','start_using','管理员','2018-08-08 15:50:18','管理员','2018-08-08 15:50:18'),(12978,61,'123123','Shelf','10_18','飒飒是发','start_using','管理员','2018-08-08 15:50:18','管理员','2018-08-08 15:50:18'),(12979,61,'123123','Shelf','11_20','飒飒是发','start_using','管理员','2018-08-08 15:50:18','管理员','2018-08-08 15:50:18'),(12982,61,'123123','Shelf','3_16','飒飒是发','start_using','管理员','2018-08-08 15:50:18','管理员','2018-08-08 15:50:18'),(12984,61,'123123','Shelf','12_19','飒飒是发','start_using','管理员','2018-08-08 15:50:18','管理员','2018-08-08 15:50:18'),(12986,61,'123123','Shelf','11_10','飒飒是发','start_using','管理员','2018-08-08 15:50:18','管理员','2018-08-08 15:50:18'),(12988,61,'123123','Shelf','11_21','飒飒是发','start_using','管理员','2018-08-08 15:50:18','管理员','2018-08-08 15:50:18'),(12990,61,'123123','Shelf','10_19','飒飒是发','start_using','管理员','2018-08-08 15:50:18','管理员','2018-08-08 15:50:18'),(12992,61,'123123','Shelf','3_17','飒飒是发','start_using','管理员','2018-08-08 15:50:18','管理员','2018-08-08 15:50:18'),(12995,61,'123123','Shelf','12_20','飒飒是发','start_using','管理员','2018-08-08 15:50:18','管理员','2018-08-08 15:50:18'),(12997,61,'123123','Shelf','12_1','飒飒是发','start_using','管理员','2018-08-08 15:50:18','管理员','2018-08-08 15:50:18'),(12998,61,'123123','Shelf','10_20','飒飒是发','start_using','管理员','2018-08-08 15:50:18','管理员','2018-08-08 15:50:18'),(13000,61,'123123','Shelf','11_11','飒飒是发','start_using','管理员','2018-08-08 15:50:18','管理员','2018-08-08 15:50:18'),(13002,61,'123123','Shelf','3_18','飒飒是发','start_using','管理员','2018-08-08 15:50:18','管理员','2018-08-08 15:50:18'),(13005,61,'123123','Shelf','12_2','飒飒是发','start_using','管理员','2018-08-08 15:50:18','管理员','2018-08-08 15:50:18'),(13006,61,'123123','Shelf','12_21','飒飒是发','start_using','管理员','2018-08-08 15:50:18','管理员','2018-08-08 15:50:18'),(13008,61,'123123','Shelf','11_12','飒飒是发','start_using','管理员','2018-08-08 15:50:18','管理员','2018-08-08 15:50:18'),(13009,61,'123123','Shelf','10_21','飒飒是发','start_using','管理员','2018-08-08 15:50:18','管理员','2018-08-08 15:50:18'),(13012,61,'123123','Shelf','3_19','飒飒是发','start_using','管理员','2018-08-08 15:50:18','管理员','2018-08-08 15:50:18'),(13015,61,'123123','Shelf','12_3','飒飒是发','start_using','管理员','2018-08-08 15:50:18','管理员','2018-08-08 15:50:18'),(13017,61,'123123','Shelf','11_1','飒飒是发','start_using','管理员','2018-08-08 15:50:18','管理员','2018-08-08 15:50:18'),(13018,61,'123123','Shelf','11_13','飒飒是发','start_using','管理员','2018-08-08 15:50:18','管理员','2018-08-08 15:50:18'),(13023,61,'123123','Shelf','3_20','飒飒是发','start_using','管理员','2018-08-08 15:50:18','管理员','2018-08-08 15:50:18'),(13024,61,'123123','Shelf','12_4','飒飒是发','start_using','管理员','2018-08-08 15:50:18','管理员','2018-08-08 15:50:18'),(13026,61,'123123','Shelf','11_2','飒飒是发','start_using','管理员','2018-08-08 15:50:18','管理员','2018-08-08 15:50:18'),(13027,61,'123123','Shelf','11_14','飒飒是发','start_using','管理员','2018-08-08 15:50:18','管理员','2018-08-08 15:50:18'),(13030,61,'123123','Shelf','3_21','飒飒是发','start_using','管理员','2018-08-08 15:50:18','管理员','2018-08-08 15:50:18'),(13033,61,'123123','Shelf','12_5','飒飒是发','start_using','管理员','2018-08-08 15:50:18','管理员','2018-08-08 15:50:18'),(13035,61,'123123','Shelf','11_3','飒飒是发','start_using','管理员','2018-08-08 15:50:18','管理员','2018-08-08 15:50:18'),(13036,61,'123123','Shelf','11_15','飒飒是发','start_using','管理员','2018-08-08 15:50:18','管理员','2018-08-08 15:50:18'),(13038,61,'123123','Shelf','4_1','飒飒是发','start_using','管理员','2018-08-08 15:50:18','管理员','2018-08-08 15:50:18'),(13044,61,'123123','Shelf','11_4','飒飒是发','start_using','管理员','2018-08-08 15:50:18','管理员','2018-08-08 15:50:18'),(13045,61,'123123','Shelf','12_6','飒飒是发','start_using','管理员','2018-08-08 15:50:18','管理员','2018-08-08 15:50:18'),(13046,61,'123123','Shelf','11_16','飒飒是发','start_using','管理员','2018-08-08 15:50:18','管理员','2018-08-08 15:50:18'),(13048,61,'123123','Shelf','4_2','飒飒是发','start_using','管理员','2018-08-08 15:50:18','管理员','2018-08-08 15:50:18'),(13053,61,'123123','Shelf','11_5','飒飒是发','start_using','管理员','2018-08-08 15:50:18','管理员','2018-08-08 15:50:18'),(13054,61,'123123','Shelf','11_17','飒飒是发','start_using','管理员','2018-08-08 15:50:18','管理员','2018-08-08 15:50:18'),(13055,61,'123123','Shelf','12_7','飒飒是发','start_using','管理员','2018-08-08 15:50:18','管理员','2018-08-08 15:50:18'),(13058,61,'123123','Shelf','4_3','飒飒是发','start_using','管理员','2018-08-08 15:50:18','管理员','2018-08-08 15:50:18'),(13062,61,'123123','Shelf','11_6','飒飒是发','start_using','管理员','2018-08-08 15:50:18','管理员','2018-08-08 15:50:18'),(13063,61,'123123','Shelf','11_18','飒飒是发','start_using','管理员','2018-08-08 15:50:18','管理员','2018-08-08 15:50:18'),(13064,61,'123123','Shelf','12_8','飒飒是发','start_using','管理员','2018-08-08 15:50:18','管理员','2018-08-08 15:50:18'),(13065,61,'123123','Shelf','4_4','飒飒是发','start_using','管理员','2018-08-08 15:50:18','管理员','2018-08-08 15:50:18'),(13071,61,'123123','Shelf','12_9','飒飒是发','start_using','管理员','2018-08-08 15:50:18','管理员','2018-08-08 15:50:18'),(13072,61,'123123','Shelf','11_7','飒飒是发','start_using','管理员','2018-08-08 15:50:18','管理员','2018-08-08 15:50:18'),(13073,61,'123123','Shelf','11_19','飒飒是发','start_using','管理员','2018-08-08 15:50:18','管理员','2018-08-08 15:50:18'),(13075,61,'123123','Shelf','4_5','飒飒是发','start_using','管理员','2018-08-08 15:50:18','管理员','2018-08-08 15:50:18'),(13081,61,'123123','Shelf','4_6','飒飒是发','start_using','管理员','2018-08-08 15:50:18','管理员','2018-08-08 15:50:18'),(13082,61,'123123','Shelf','12_10','飒飒是发','start_using','管理员','2018-08-08 15:50:18','管理员','2018-08-08 15:50:18'),(13083,61,'123123','Shelf','11_8','飒飒是发','start_using','管理员','2018-08-08 15:50:18','管理员','2018-08-08 15:50:18'),(13084,61,'123123','Shelf','11_20','飒飒是发','start_using','管理员','2018-08-08 15:50:18','管理员','2018-08-08 15:50:18'),(13089,61,'123123','Shelf','4_7','飒飒是发','start_using','管理员','2018-08-08 15:50:18','管理员','2018-08-08 15:50:18'),(13091,61,'123123','Shelf','11_21','飒飒是发','start_using','管理员','2018-08-08 15:50:18','管理员','2018-08-08 15:50:18'),(13092,61,'123123','Shelf','12_11','飒飒是发','start_using','管理员','2018-08-08 15:50:18','管理员','2018-08-08 15:50:18'),(13093,61,'123123','Shelf','11_9','飒飒是发','start_using','管理员','2018-08-08 15:50:18','管理员','2018-08-08 15:50:18'),(13099,61,'123123','Shelf','4_8','飒飒是发','start_using','管理员','2018-08-08 15:50:18','管理员','2018-08-08 15:50:18'),(13100,61,'123123','Shelf','12_1','飒飒是发','start_using','管理员','2018-08-08 15:50:18','管理员','2018-08-08 15:50:18'),(13101,61,'123123','Shelf','12_12','飒飒是发','start_using','管理员','2018-08-08 15:50:18','管理员','2018-08-08 15:50:18'),(13102,61,'123123','Shelf','11_10','飒飒是发','start_using','管理员','2018-08-08 15:50:18','管理员','2018-08-08 15:50:18'),(13108,61,'123123','Shelf','4_9','飒飒是发','start_using','管理员','2018-08-08 15:50:18','管理员','2018-08-08 15:50:18'),(13109,61,'123123','Shelf','12_2','飒飒是发','start_using','管理员','2018-08-08 15:50:18','管理员','2018-08-08 15:50:18'),(13110,61,'123123','Shelf','11_11','飒飒是发','start_using','管理员','2018-08-08 15:50:18','管理员','2018-08-08 15:50:18'),(13113,61,'123123','Shelf','12_13','飒飒是发','start_using','管理员','2018-08-08 15:50:18','管理员','2018-08-08 15:50:18'),(13117,61,'123123','Shelf','4_10','飒飒是发','start_using','管理员','2018-08-08 15:50:18','管理员','2018-08-08 15:50:18'),(13119,61,'123123','Shelf','11_12','飒飒是发','start_using','管理员','2018-08-08 15:50:18','管理员','2018-08-08 15:50:18'),(13120,61,'123123','Shelf','12_3','飒飒是发','start_using','管理员','2018-08-08 15:50:18','管理员','2018-08-08 15:50:18'),(13122,61,'123123','Shelf','12_14','飒飒是发','start_using','管理员','2018-08-08 15:50:18','管理员','2018-08-08 15:50:18'),(13126,61,'123123','Shelf','12_4','飒飒是发','start_using','管理员','2018-08-08 15:50:18','管理员','2018-08-08 15:50:18'),(13127,61,'123123','Shelf','4_11','飒飒是发','start_using','管理员','2018-08-08 15:50:18','管理员','2018-08-08 15:50:18'),(13129,61,'123123','Shelf','11_13','飒飒是发','start_using','管理员','2018-08-08 15:50:18','管理员','2018-08-08 15:50:18'),(13132,61,'123123','Shelf','12_15','飒飒是发','start_using','管理员','2018-08-08 15:50:18','管理员','2018-08-08 15:50:18'),(13136,61,'123123','Shelf','12_5','飒飒是发','start_using','管理员','2018-08-08 15:50:18','管理员','2018-08-08 15:50:18'),(13137,61,'123123','Shelf','4_12','飒飒是发','start_using','管理员','2018-08-08 15:50:18','管理员','2018-08-08 15:50:18'),(13138,61,'123123','Shelf','11_14','飒飒是发','start_using','管理员','2018-08-08 15:50:18','管理员','2018-08-08 15:50:18'),(13141,61,'123123','Shelf','12_16','飒飒是发','start_using','管理员','2018-08-08 15:50:18','管理员','2018-08-08 15:50:18'),(13145,61,'123123','Shelf','12_6','飒飒是发','start_using','管理员','2018-08-08 15:50:18','管理员','2018-08-08 15:50:18'),(13147,61,'123123','Shelf','12_17','飒飒是发','start_using','管理员','2018-08-08 15:50:18','管理员','2018-08-08 15:50:18'),(13149,61,'123123','Shelf','4_13','飒飒是发','start_using','管理员','2018-08-08 15:50:18','管理员','2018-08-08 15:50:18'),(13150,61,'123123','Shelf','11_15','飒飒是发','start_using','管理员','2018-08-08 15:50:18','管理员','2018-08-08 15:50:18'),(13153,61,'123123','Shelf','4_14','飒飒是发','start_using','管理员','2018-08-08 15:50:18','管理员','2018-08-08 15:50:18'),(13155,61,'123123','Shelf','11_16','飒飒是发','start_using','管理员','2018-08-08 15:50:18','管理员','2018-08-08 15:50:18'),(13157,61,'123123','Shelf','12_7','飒飒是发','start_using','管理员','2018-08-08 15:50:18','管理员','2018-08-08 15:50:18'),(13158,61,'123123','Shelf','12_18','飒飒是发','start_using','管理员','2018-08-08 15:50:18','管理员','2018-08-08 15:50:18'),(13163,61,'123123','Shelf','12_8','飒飒是发','start_using','管理员','2018-08-08 15:50:18','管理员','2018-08-08 15:50:18'),(13164,61,'123123','Shelf','4_15','飒飒是发','start_using','管理员','2018-08-08 15:50:18','管理员','2018-08-08 15:50:18'),(13166,61,'123123','Shelf','12_19','飒飒是发','start_using','管理员','2018-08-08 15:50:18','管理员','2018-08-08 15:50:18'),(13167,61,'123123','Shelf','11_17','飒飒是发','start_using','管理员','2018-08-08 15:50:18','管理员','2018-08-08 15:50:18'),(13172,61,'123123','Shelf','12_9','飒飒是发','start_using','管理员','2018-08-08 15:50:18','管理员','2018-08-08 15:50:18'),(13173,61,'123123','Shelf','4_16','飒飒是发','start_using','管理员','2018-08-08 15:50:18','管理员','2018-08-08 15:50:18'),(13176,61,'123123','Shelf','12_20','飒飒是发','start_using','管理员','2018-08-08 15:50:18','管理员','2018-08-08 15:50:18'),(13177,61,'123123','Shelf','11_18','飒飒是发','start_using','管理员','2018-08-08 15:50:18','管理员','2018-08-08 15:50:18'),(13181,61,'123123','Shelf','4_17','飒飒是发','start_using','管理员','2018-08-08 15:50:18','管理员','2018-08-08 15:50:18'),(13182,61,'123123','Shelf','12_10','飒飒是发','start_using','管理员','2018-08-08 15:50:18','管理员','2018-08-08 15:50:18'),(13187,61,'123123','Shelf','11_19','飒飒是发','start_using','管理员','2018-08-08 15:50:18','管理员','2018-08-08 15:50:18'),(13188,61,'123123','Shelf','12_21','飒飒是发','start_using','管理员','2018-08-08 15:50:18','管理员','2018-08-08 15:50:18'),(13189,61,'123123','Shelf','4_18','飒飒是发','start_using','管理员','2018-08-08 15:50:18','管理员','2018-08-08 15:50:18'),(13192,61,'123123','Shelf','12_11','飒飒是发','start_using','管理员','2018-08-08 15:50:18','管理员','2018-08-08 15:50:18'),(13196,61,'123123','Shelf','11_20','飒飒是发','start_using','管理员','2018-08-08 15:50:18','管理员','2018-08-08 15:50:18'),(13199,61,'123123','Shelf','12_12','飒飒是发','start_using','管理员','2018-08-08 15:50:18','管理员','2018-08-08 15:50:18'),(13200,61,'123123','Shelf','4_19','飒飒是发','start_using','管理员','2018-08-08 15:50:18','管理员','2018-08-08 15:50:18'),(13204,61,'123123','Shelf','11_21','飒飒是发','start_using','管理员','2018-08-08 15:50:18','管理员','2018-08-08 15:50:18'),(13206,61,'123123','Shelf','4_20','飒飒是发','start_using','管理员','2018-08-08 15:50:18','管理员','2018-08-08 15:50:18'),(13208,61,'123123','Shelf','12_13','飒飒是发','start_using','管理员','2018-08-08 15:50:18','管理员','2018-08-08 15:50:18'),(13212,61,'123123','Shelf','12_1','飒飒是发','start_using','管理员','2018-08-08 15:50:18','管理员','2018-08-08 15:50:18'),(13214,61,'123123','Shelf','4_21','飒飒是发','start_using','管理员','2018-08-08 15:50:18','管理员','2018-08-08 15:50:18'),(13215,61,'123123','Shelf','12_14','飒飒是发','start_using','管理员','2018-08-08 15:50:18','管理员','2018-08-08 15:50:18'),(13220,61,'123123','Shelf','5_1','飒飒是发','start_using','管理员','2018-08-08 15:50:18','管理员','2018-08-08 15:50:18'),(13222,61,'123123','Shelf','12_2','飒飒是发','start_using','管理员','2018-08-08 15:50:18','管理员','2018-08-08 15:50:18'),(13226,61,'123123','Shelf','12_15','飒飒是发','start_using','管理员','2018-08-08 15:50:18','管理员','2018-08-08 15:50:18'),(13228,61,'123123','Shelf','5_2','飒飒是发','start_using','管理员','2018-08-08 15:50:18','管理员','2018-08-08 15:50:18'),(13230,61,'123123','Shelf','12_3','飒飒是发','start_using','管理员','2018-08-08 15:50:18','管理员','2018-08-08 15:50:18'),(13233,61,'123123','Shelf','12_16','飒飒是发','start_using','管理员','2018-08-08 15:50:18','管理员','2018-08-08 15:50:18'),(13235,61,'123123','Shelf','12_4','飒飒是发','start_using','管理员','2018-08-08 15:50:18','管理员','2018-08-08 15:50:18'),(13237,61,'123123','Shelf','5_3','飒飒是发','start_using','管理员','2018-08-08 15:50:18','管理员','2018-08-08 15:50:18'),(13242,61,'123123','Shelf','12_17','飒飒是发','start_using','管理员','2018-08-08 15:50:18','管理员','2018-08-08 15:50:18'),(13244,61,'123123','Shelf','5_4','飒飒是发','start_using','管理员','2018-08-08 15:50:18','管理员','2018-08-08 15:50:18'),(13245,61,'123123','Shelf','12_5','飒飒是发','start_using','管理员','2018-08-08 15:50:18','管理员','2018-08-08 15:50:18'),(13249,61,'123123','Shelf','12_18','飒飒是发','start_using','管理员','2018-08-08 15:50:18','管理员','2018-08-08 15:50:18'),(13251,61,'123123','Shelf','5_5','飒飒是发','start_using','管理员','2018-08-08 15:50:18','管理员','2018-08-08 15:50:18'),(13253,61,'123123','Shelf','12_6','飒飒是发','start_using','管理员','2018-08-08 15:50:18','管理员','2018-08-08 15:50:18'),(13255,61,'123123','Shelf','12_19','飒飒是发','start_using','管理员','2018-08-08 15:50:18','管理员','2018-08-08 15:50:18'),(13259,61,'123123','Shelf','5_6','飒飒是发','start_using','管理员','2018-08-08 15:50:18','管理员','2018-08-08 15:50:18'),(13262,61,'123123','Shelf','12_7','飒飒是发','start_using','管理员','2018-08-08 15:50:18','管理员','2018-08-08 15:50:18'),(13265,61,'123123','Shelf','12_20','飒飒是发','start_using','管理员','2018-08-08 15:50:18','管理员','2018-08-08 15:50:18'),(13268,61,'123123','Shelf','12_8','飒飒是发','start_using','管理员','2018-08-08 15:50:19','管理员','2018-08-08 15:50:19'),(13269,61,'123123','Shelf','5_7','飒飒是发','start_using','管理员','2018-08-08 15:50:19','管理员','2018-08-08 15:50:19'),(13274,61,'123123','Shelf','12_21','飒飒是发','start_using','管理员','2018-08-08 15:50:19','管理员','2018-08-08 15:50:19'),(13276,61,'123123','Shelf','5_8','飒飒是发','start_using','管理员','2018-08-08 15:50:19','管理员','2018-08-08 15:50:19'),(13278,61,'123123','Shelf','12_9','飒飒是发','start_using','管理员','2018-08-08 15:50:19','管理员','2018-08-08 15:50:19'),(13283,61,'123123','Shelf','5_9','飒飒是发','start_using','管理员','2018-08-08 15:50:19','管理员','2018-08-08 15:50:19'),(13284,61,'123123','Shelf','12_10','飒飒是发','start_using','管理员','2018-08-08 15:50:19','管理员','2018-08-08 15:50:19'),(13289,61,'123123','Shelf','5_10','飒飒是发','start_using','管理员','2018-08-08 15:50:19','管理员','2018-08-08 15:50:19'),(13291,61,'123123','Shelf','12_11','飒飒是发','start_using','管理员','2018-08-08 15:50:19','管理员','2018-08-08 15:50:19'),(13296,61,'123123','Shelf','5_11','飒飒是发','start_using','管理员','2018-08-08 15:50:19','管理员','2018-08-08 15:50:19'),(13297,61,'123123','Shelf','12_12','飒飒是发','start_using','管理员','2018-08-08 15:50:19','管理员','2018-08-08 15:50:19'),(13305,61,'123123','Shelf','5_12','飒飒是发','start_using','管理员','2018-08-08 15:50:19','管理员','2018-08-08 15:50:19'),(13306,61,'123123','Shelf','12_13','飒飒是发','start_using','管理员','2018-08-08 15:50:19','管理员','2018-08-08 15:50:19'),(13310,61,'123123','Shelf','5_13','飒飒是发','start_using','管理员','2018-08-08 15:50:19','管理员','2018-08-08 15:50:19'),(13313,61,'123123','Shelf','12_14','飒飒是发','start_using','管理员','2018-08-08 15:50:19','管理员','2018-08-08 15:50:19'),(13318,61,'123123','Shelf','12_15','飒飒是发','start_using','管理员','2018-08-08 15:50:19','管理员','2018-08-08 15:50:19'),(13320,61,'123123','Shelf','5_14','飒飒是发','start_using','管理员','2018-08-08 15:50:19','管理员','2018-08-08 15:50:19'),(13324,61,'123123','Shelf','12_16','飒飒是发','start_using','管理员','2018-08-08 15:50:19','管理员','2018-08-08 15:50:19'),(13326,61,'123123','Shelf','5_15','飒飒是发','start_using','管理员','2018-08-08 15:50:19','管理员','2018-08-08 15:50:19'),(13332,61,'123123','Shelf','12_17','飒飒是发','start_using','管理员','2018-08-08 15:50:19','管理员','2018-08-08 15:50:19'),(13335,61,'123123','Shelf','5_16','飒飒是发','start_using','管理员','2018-08-08 15:50:19','管理员','2018-08-08 15:50:19'),(13341,61,'123123','Shelf','12_18','飒飒是发','start_using','管理员','2018-08-08 15:50:19','管理员','2018-08-08 15:50:19'),(13342,61,'123123','Shelf','5_17','飒飒是发','start_using','管理员','2018-08-08 15:50:19','管理员','2018-08-08 15:50:19'),(13347,61,'123123','Shelf','5_18','飒飒是发','start_using','管理员','2018-08-08 15:50:19','管理员','2018-08-08 15:50:19'),(13349,61,'123123','Shelf','12_19','飒飒是发','start_using','管理员','2018-08-08 15:50:19','管理员','2018-08-08 15:50:19'),(13354,61,'123123','Shelf','5_19','飒飒是发','start_using','管理员','2018-08-08 15:50:19','管理员','2018-08-08 15:50:19'),(13356,61,'123123','Shelf','12_20','飒飒是发','start_using','管理员','2018-08-08 15:50:19','管理员','2018-08-08 15:50:19'),(13359,61,'123123','Shelf','5_20','飒飒是发','start_using','管理员','2018-08-08 15:50:19','管理员','2018-08-08 15:50:19'),(13360,61,'123123','Shelf','12_21','飒飒是发','start_using','管理员','2018-08-08 15:50:19','管理员','2018-08-08 15:50:19'),(13366,61,'123123','Shelf','5_21','飒飒是发','start_using','管理员','2018-08-08 15:50:19','管理员','2018-08-08 15:50:19'),(13372,61,'123123','Shelf','6_1','飒飒是发','start_using','管理员','2018-08-08 15:50:19','管理员','2018-08-08 15:50:19'),(13378,61,'123123','Shelf','6_2','飒飒是发','start_using','管理员','2018-08-08 15:50:19','管理员','2018-08-08 15:50:19'),(13384,61,'123123','Shelf','6_3','飒飒是发','start_using','管理员','2018-08-08 15:50:19','管理员','2018-08-08 15:50:19'),(13390,61,'123123','Shelf','6_4','飒飒是发','start_using','管理员','2018-08-08 15:50:19','管理员','2018-08-08 15:50:19'),(13397,61,'123123','Shelf','6_5','飒飒是发','start_using','管理员','2018-08-08 15:50:19','管理员','2018-08-08 15:50:19'),(13404,61,'123123','Shelf','6_6','飒飒是发','start_using','管理员','2018-08-08 15:50:19','管理员','2018-08-08 15:50:19'),(13408,61,'123123','Shelf','6_7','飒飒是发','start_using','管理员','2018-08-08 15:50:19','管理员','2018-08-08 15:50:19'),(13413,61,'123123','Shelf','6_8','飒飒是发','start_using','管理员','2018-08-08 15:50:19','管理员','2018-08-08 15:50:19'),(13421,61,'123123','Shelf','6_9','飒飒是发','start_using','管理员','2018-08-08 15:50:19','管理员','2018-08-08 15:50:19'),(13426,61,'123123','Shelf','6_10','飒飒是发','start_using','管理员','2018-08-08 15:50:19','管理员','2018-08-08 15:50:19'),(13432,61,'123123','Shelf','6_11','飒飒是发','start_using','管理员','2018-08-08 15:50:19','管理员','2018-08-08 15:50:19'),(13438,61,'123123','Shelf','6_12','飒飒是发','start_using','管理员','2018-08-08 15:50:19','管理员','2018-08-08 15:50:19'),(13446,61,'123123','Shelf','6_13','飒飒是发','start_using','管理员','2018-08-08 15:50:19','管理员','2018-08-08 15:50:19'),(13451,61,'123123','Shelf','6_14','飒飒是发','start_using','管理员','2018-08-08 15:50:19','管理员','2018-08-08 15:50:19'),(13457,61,'123123','Shelf','6_15','飒飒是发','start_using','管理员','2018-08-08 15:50:19','管理员','2018-08-08 15:50:19'),(13464,61,'123123','Shelf','6_16','飒飒是发','start_using','管理员','2018-08-08 15:50:19','管理员','2018-08-08 15:50:19'),(13468,61,'123123','Shelf','6_17','飒飒是发','start_using','管理员','2018-08-08 15:50:19','管理员','2018-08-08 15:50:19'),(13474,61,'123123','Shelf','6_18','飒飒是发','start_using','管理员','2018-08-08 15:50:19','管理员','2018-08-08 15:50:19'),(13480,61,'123123','Shelf','6_19','飒飒是发','start_using','管理员','2018-08-08 15:50:19','管理员','2018-08-08 15:50:19'),(13486,61,'123123','Shelf','6_20','飒飒是发','start_using','管理员','2018-08-08 15:50:19','管理员','2018-08-08 15:50:19'),(13492,61,'123123','Shelf','6_21','飒飒是发','start_using','管理员','2018-08-08 15:50:19','管理员','2018-08-08 15:50:19'),(13498,61,'123123','Shelf','7_1','飒飒是发','start_using','管理员','2018-08-08 15:50:19','管理员','2018-08-08 15:50:19'),(13505,61,'123123','Shelf','7_2','飒飒是发','start_using','管理员','2018-08-08 15:50:19','管理员','2018-08-08 15:50:19'),(13511,61,'123123','Shelf','7_3','飒飒是发','start_using','管理员','2018-08-08 15:50:19','管理员','2018-08-08 15:50:19'),(13518,61,'123123','Shelf','7_4','飒飒是发','start_using','管理员','2018-08-08 15:50:19','管理员','2018-08-08 15:50:19'),(13523,61,'123123','Shelf','7_5','飒飒是发','start_using','管理员','2018-08-08 15:50:19','管理员','2018-08-08 15:50:19'),(13529,61,'123123','Shelf','7_6','飒飒是发','start_using','管理员','2018-08-08 15:50:19','管理员','2018-08-08 15:50:19'),(13536,61,'123123','Shelf','7_7','飒飒是发','start_using','管理员','2018-08-08 15:50:19','管理员','2018-08-08 15:50:19'),(13541,61,'123123','Shelf','7_8','飒飒是发','start_using','管理员','2018-08-08 15:50:19','管理员','2018-08-08 15:50:19'),(13548,61,'123123','Shelf','7_9','飒飒是发','start_using','管理员','2018-08-08 15:50:19','管理员','2018-08-08 15:50:19'),(13552,61,'123123','Shelf','7_10','飒飒是发','start_using','管理员','2018-08-08 15:50:19','管理员','2018-08-08 15:50:19'),(13558,61,'123123','Shelf','7_11','飒飒是发','start_using','管理员','2018-08-08 15:50:19','管理员','2018-08-08 15:50:19'),(13566,61,'123123','Shelf','7_12','飒飒是发','start_using','管理员','2018-08-08 15:50:19','管理员','2018-08-08 15:50:19'),(13571,61,'123123','Shelf','7_13','飒飒是发','start_using','管理员','2018-08-08 15:50:19','管理员','2018-08-08 15:50:19'),(13578,61,'123123','Shelf','7_14','飒飒是发','start_using','管理员','2018-08-08 15:50:19','管理员','2018-08-08 15:50:19'),(13582,61,'123123','Shelf','7_15','飒飒是发','start_using','管理员','2018-08-08 15:50:19','管理员','2018-08-08 15:50:19'),(13590,61,'123123','Shelf','7_16','飒飒是发','start_using','管理员','2018-08-08 15:50:19','管理员','2018-08-08 15:50:19'),(13596,61,'123123','Shelf','7_17','飒飒是发','start_using','管理员','2018-08-08 15:50:19','管理员','2018-08-08 15:50:19'),(13602,61,'123123','Shelf','7_18','飒飒是发','start_using','管理员','2018-08-08 15:50:20','管理员','2018-08-08 15:50:20'),(13607,61,'123123','Shelf','7_19','飒飒是发','start_using','管理员','2018-08-08 15:50:20','管理员','2018-08-08 15:50:20'),(13612,61,'123123','Shelf','7_20','飒飒是发','start_using','管理员','2018-08-08 15:50:20','管理员','2018-08-08 15:50:20'),(13618,61,'123123','Shelf','7_21','飒飒是发','start_using','管理员','2018-08-08 15:50:20','管理员','2018-08-08 15:50:20'),(13624,61,'123123','Shelf','8_1','飒飒是发','start_using','管理员','2018-08-08 15:50:20','管理员','2018-08-08 15:50:20'),(13631,61,'123123','Shelf','8_2','飒飒是发','start_using','管理员','2018-08-08 15:50:20','管理员','2018-08-08 15:50:20'),(13635,61,'123123','Shelf','8_3','飒飒是发','start_using','管理员','2018-08-08 15:50:20','管理员','2018-08-08 15:50:20'),(13641,61,'123123','Shelf','8_4','飒飒是发','start_using','管理员','2018-08-08 15:50:20','管理员','2018-08-08 15:50:20'),(13649,61,'123123','Shelf','8_5','飒飒是发','start_using','管理员','2018-08-08 15:50:20','管理员','2018-08-08 15:50:20'),(13655,61,'123123','Shelf','8_6','飒飒是发','start_using','管理员','2018-08-08 15:50:20','管理员','2018-08-08 15:50:20'),(13661,61,'123123','Shelf','8_7','飒飒是发','start_using','管理员','2018-08-08 15:50:20','管理员','2018-08-08 15:50:20'),(13667,61,'123123','Shelf','8_8','飒飒是发','start_using','管理员','2018-08-08 15:50:20','管理员','2018-08-08 15:50:20'),(13672,61,'123123','Shelf','8_9','飒飒是发','start_using','管理员','2018-08-08 15:50:20','管理员','2018-08-08 15:50:20'),(13680,61,'123123','Shelf','8_10','飒飒是发','start_using','管理员','2018-08-08 15:50:20','管理员','2018-08-08 15:50:20'),(13685,61,'123123','Shelf','8_11','飒飒是发','start_using','管理员','2018-08-08 15:50:20','管理员','2018-08-08 15:50:20'),(13689,61,'123123','Shelf','8_12','飒飒是发','start_using','管理员','2018-08-08 15:50:20','管理员','2018-08-08 15:50:20'),(13695,61,'123123','Shelf','8_13','飒飒是发','start_using','管理员','2018-08-08 15:50:20','管理员','2018-08-08 15:50:20'),(13701,61,'123123','Shelf','8_14','飒飒是发','start_using','管理员','2018-08-08 15:50:20','管理员','2018-08-08 15:50:20'),(13711,61,'123123','Shelf','8_15','飒飒是发','start_using','管理员','2018-08-08 15:50:20','管理员','2018-08-08 15:50:20'),(13716,61,'123123','Shelf','8_16','飒飒是发','start_using','管理员','2018-08-08 15:50:20','管理员','2018-08-08 15:50:20'),(13723,61,'123123','Shelf','8_17','飒飒是发','start_using','管理员','2018-08-08 15:50:20','管理员','2018-08-08 15:50:20'),(13729,61,'123123','Shelf','8_18','飒飒是发','start_using','管理员','2018-08-08 15:50:20','管理员','2018-08-08 15:50:20'),(13736,61,'123123','Shelf','8_19','飒飒是发','start_using','管理员','2018-08-08 15:50:20','管理员','2018-08-08 15:50:20'),(13742,61,'123123','Shelf','8_20','飒飒是发','start_using','管理员','2018-08-08 15:50:20','管理员','2018-08-08 15:50:20'),(13747,61,'123123','Shelf','8_21','飒飒是发','start_using','管理员','2018-08-08 15:50:20','管理员','2018-08-08 15:50:20'),(13755,61,'123123','Shelf','9_1','飒飒是发','start_using','管理员','2018-08-08 15:50:20','管理员','2018-08-08 15:50:20'),(13762,61,'123123','Shelf','9_2','飒飒是发','start_using','管理员','2018-08-08 15:50:20','管理员','2018-08-08 15:50:20'),(13769,61,'123123','Shelf','9_3','飒飒是发','start_using','管理员','2018-08-08 15:50:20','管理员','2018-08-08 15:50:20'),(13775,61,'123123','Shelf','9_4','飒飒是发','start_using','管理员','2018-08-08 15:50:20','管理员','2018-08-08 15:50:20'),(13781,61,'123123','Shelf','9_5','飒飒是发','start_using','管理员','2018-08-08 15:50:20','管理员','2018-08-08 15:50:20'),(13788,61,'123123','Shelf','9_6','飒飒是发','start_using','管理员','2018-08-08 15:50:20','管理员','2018-08-08 15:50:20'),(13793,61,'123123','Shelf','9_7','飒飒是发','start_using','管理员','2018-08-08 15:50:20','管理员','2018-08-08 15:50:20'),(13800,61,'123123','Shelf','9_8','飒飒是发','start_using','管理员','2018-08-08 15:50:20','管理员','2018-08-08 15:50:20'),(13805,61,'123123','Shelf','9_9','飒飒是发','start_using','管理员','2018-08-08 15:50:20','管理员','2018-08-08 15:50:20'),(13811,61,'123123','Shelf','9_10','飒飒是发','start_using','管理员','2018-08-08 15:50:20','管理员','2018-08-08 15:50:20'),(13817,61,'123123','Shelf','9_11','飒飒是发','start_using','管理员','2018-08-08 15:50:20','管理员','2018-08-08 15:50:20'),(13824,61,'123123','Shelf','9_12','飒飒是发','start_using','管理员','2018-08-08 15:50:20','管理员','2018-08-08 15:50:20'),(13830,61,'123123','Shelf','9_13','飒飒是发','start_using','管理员','2018-08-08 15:50:20','管理员','2018-08-08 15:50:20'),(13836,61,'123123','Shelf','9_14','飒飒是发','start_using','管理员','2018-08-08 15:50:20','管理员','2018-08-08 15:50:20'),(13842,61,'123123','Shelf','9_15','飒飒是发','start_using','管理员','2018-08-08 15:50:20','管理员','2018-08-08 15:50:20'),(13849,61,'123123','Shelf','9_16','飒飒是发','start_using','管理员','2018-08-08 15:50:20','管理员','2018-08-08 15:50:20'),(13855,61,'123123','Shelf','9_17','飒飒是发','start_using','管理员','2018-08-08 15:50:20','管理员','2018-08-08 15:50:20'),(13861,61,'123123','Shelf','9_18','飒飒是发','start_using','管理员','2018-08-08 15:50:20','管理员','2018-08-08 15:50:20'),(13865,61,'123123','Shelf','9_19','飒飒是发','start_using','管理员','2018-08-08 15:50:20','管理员','2018-08-08 15:50:20'),(13872,61,'123123','Shelf','9_20','飒飒是发','start_using','管理员','2018-08-08 15:50:20','管理员','2018-08-08 15:50:20'),(13877,61,'123123','Shelf','9_21','飒飒是发','start_using','管理员','2018-08-08 15:50:20','管理员','2018-08-08 15:50:20'),(13883,61,'123123','Shelf','10_1','飒飒是发','start_using','管理员','2018-08-08 15:50:20','管理员','2018-08-08 15:50:20'),(13889,61,'123123','Shelf','10_2','飒飒是发','start_using','管理员','2018-08-08 15:50:21','管理员','2018-08-08 15:50:21'),(13895,61,'123123','Shelf','10_3','飒飒是发','start_using','管理员','2018-08-08 15:50:21','管理员','2018-08-08 15:50:21'),(13901,61,'123123','Shelf','10_4','飒飒是发','start_using','管理员','2018-08-08 15:50:21','管理员','2018-08-08 15:50:21'),(13907,61,'123123','Shelf','10_5','飒飒是发','start_using','管理员','2018-08-08 15:50:21','管理员','2018-08-08 15:50:21'),(13912,61,'123123','Shelf','10_6','飒飒是发','start_using','管理员','2018-08-08 15:50:21','管理员','2018-08-08 15:50:21'),(13918,61,'123123','Shelf','10_7','飒飒是发','start_using','管理员','2018-08-08 15:50:21','管理员','2018-08-08 15:50:21'),(13924,61,'123123','Shelf','10_8','飒飒是发','start_using','管理员','2018-08-08 15:50:21','管理员','2018-08-08 15:50:21'),(13930,61,'123123','Shelf','10_9','飒飒是发','start_using','管理员','2018-08-08 15:50:21','管理员','2018-08-08 15:50:21'),(13936,61,'123123','Shelf','10_10','飒飒是发','start_using','管理员','2018-08-08 15:50:21','管理员','2018-08-08 15:50:21'),(13942,61,'123123','Shelf','10_11','飒飒是发','start_using','管理员','2018-08-08 15:50:21','管理员','2018-08-08 15:50:21'),(13948,61,'123123','Shelf','10_12','飒飒是发','start_using','管理员','2018-08-08 15:50:21','管理员','2018-08-08 15:50:21'),(13950,61,'123123','Shelf','10_13','飒飒是发','start_using','管理员','2018-08-08 15:50:21','管理员','2018-08-08 15:50:21'),(13957,61,'123123','Shelf','10_14','飒飒是发','start_using','管理员','2018-08-08 15:50:21','管理员','2018-08-08 15:50:21'),(13967,61,'123123','Shelf','10_15','飒飒是发','start_using','管理员','2018-08-08 15:50:21','管理员','2018-08-08 15:50:21'),(13970,61,'123123','Shelf','10_16','飒飒是发','start_using','管理员','2018-08-08 15:50:21','管理员','2018-08-08 15:50:21'),(13975,61,'123123','Shelf','10_17','飒飒是发','start_using','管理员','2018-08-08 15:50:21','管理员','2018-08-08 15:50:21'),(13983,61,'123123','Shelf','10_18','飒飒是发','start_using','管理员','2018-08-08 15:50:21','管理员','2018-08-08 15:50:21'),(13989,61,'123123','Shelf','10_19','飒飒是发','start_using','管理员','2018-08-08 15:50:21','管理员','2018-08-08 15:50:21'),(13996,61,'123123','Shelf','10_20','飒飒是发','start_using','管理员','2018-08-08 15:50:21','管理员','2018-08-08 15:50:21'),(14000,61,'123123','Shelf','10_21','飒飒是发','start_using','管理员','2018-08-08 15:50:21','管理员','2018-08-08 15:50:21'),(14006,61,'123123','Shelf','11_1','飒飒是发','start_using','管理员','2018-08-08 15:50:21','管理员','2018-08-08 15:50:21'),(14012,61,'123123','Shelf','11_2','飒飒是发','start_using','管理员','2018-08-08 15:50:21','管理员','2018-08-08 15:50:21'),(14019,61,'123123','Shelf','11_3','飒飒是发','start_using','管理员','2018-08-08 15:50:21','管理员','2018-08-08 15:50:21'),(14025,61,'123123','Shelf','11_4','飒飒是发','start_using','管理员','2018-08-08 15:50:21','管理员','2018-08-08 15:50:21'),(14033,61,'123123','Shelf','11_5','飒飒是发','start_using','管理员','2018-08-08 15:50:21','管理员','2018-08-08 15:50:21'),(14037,61,'123123','Shelf','11_6','飒飒是发','start_using','管理员','2018-08-08 15:50:21','管理员','2018-08-08 15:50:21'),(14043,61,'123123','Shelf','11_7','飒飒是发','start_using','管理员','2018-08-08 15:50:21','管理员','2018-08-08 15:50:21'),(14049,61,'123123','Shelf','11_8','飒飒是发','start_using','管理员','2018-08-08 15:50:21','管理员','2018-08-08 15:50:21'),(14056,61,'123123','Shelf','11_9','飒飒是发','start_using','管理员','2018-08-08 15:50:21','管理员','2018-08-08 15:50:21'),(14062,61,'123123','Shelf','11_10','飒飒是发','start_using','管理员','2018-08-08 15:50:21','管理员','2018-08-08 15:50:21'),(14069,61,'123123','Shelf','11_11','飒飒是发','start_using','管理员','2018-08-08 15:50:21','管理员','2018-08-08 15:50:21'),(14074,61,'123123','Shelf','11_12','飒飒是发','start_using','管理员','2018-08-08 15:50:21','管理员','2018-08-08 15:50:21'),(14081,61,'123123','Shelf','11_13','飒飒是发','start_using','管理员','2018-08-08 15:50:21','管理员','2018-08-08 15:50:21'),(14086,61,'123123','Shelf','11_14','飒飒是发','start_using','管理员','2018-08-08 15:50:21','管理员','2018-08-08 15:50:21'),(14089,61,'123123','Shelf','11_15','飒飒是发','start_using','管理员','2018-08-08 15:50:21','管理员','2018-08-08 15:50:21'),(14094,61,'123123','Shelf','11_16','飒飒是发','start_using','管理员','2018-08-08 15:50:21','管理员','2018-08-08 15:50:21'),(14100,61,'123123','Shelf','11_17','飒飒是发','start_using','管理员','2018-08-08 15:50:21','管理员','2018-08-08 15:50:21'),(14108,61,'123123','Shelf','11_18','飒飒是发','start_using','管理员','2018-08-08 15:50:21','管理员','2018-08-08 15:50:21'),(14113,61,'123123','Shelf','11_19','飒飒是发','start_using','管理员','2018-08-08 15:50:21','管理员','2018-08-08 15:50:21'),(14120,61,'123123','Shelf','11_20','飒飒是发','start_using','管理员','2018-08-08 15:50:21','管理员','2018-08-08 15:50:21'),(14126,61,'123123','Shelf','11_21','飒飒是发','start_using','管理员','2018-08-08 15:50:21','管理员','2018-08-08 15:50:21'),(14132,61,'123123','Shelf','12_1','飒飒是发','start_using','管理员','2018-08-08 15:50:21','管理员','2018-08-08 15:50:21'),(14138,61,'123123','Shelf','12_2','飒飒是发','start_using','管理员','2018-08-08 15:50:21','管理员','2018-08-08 15:50:21'),(14146,61,'123123','Shelf','12_3','飒飒是发','start_using','管理员','2018-08-08 15:50:21','管理员','2018-08-08 15:50:21'),(14150,61,'123123','Shelf','12_4','飒飒是发','start_using','管理员','2018-08-08 15:50:21','管理员','2018-08-08 15:50:21'),(14156,61,'123123','Shelf','12_5','飒飒是发','start_using','管理员','2018-08-08 15:50:21','管理员','2018-08-08 15:50:21'),(14162,61,'123123','Shelf','12_6','飒飒是发','start_using','管理员','2018-08-08 15:50:21','管理员','2018-08-08 15:50:21'),(14168,61,'123123','Shelf','12_7','飒飒是发','start_using','管理员','2018-08-08 15:50:21','管理员','2018-08-08 15:50:21'),(14175,61,'123123','Shelf','12_8','飒飒是发','start_using','管理员','2018-08-08 15:50:21','管理员','2018-08-08 15:50:21'),(14179,61,'123123','Shelf','12_9','飒飒是发','start_using','管理员','2018-08-08 15:50:22','管理员','2018-08-08 15:50:22'),(14187,61,'123123','Shelf','12_10','飒飒是发','start_using','管理员','2018-08-08 15:50:22','管理员','2018-08-08 15:50:22'),(14192,61,'123123','Shelf','12_11','飒飒是发','start_using','管理员','2018-08-08 15:50:22','管理员','2018-08-08 15:50:22'),(14198,61,'123123','Shelf','12_12','飒飒是发','start_using','管理员','2018-08-08 15:50:22','管理员','2018-08-08 15:50:22'),(14205,61,'123123','Shelf','12_13','飒飒是发','start_using','管理员','2018-08-08 15:50:22','管理员','2018-08-08 15:50:22'),(14211,61,'123123','Shelf','12_14','飒飒是发','start_using','管理员','2018-08-08 15:50:22','管理员','2018-08-08 15:50:22'),(14217,61,'123123','Shelf','12_15','飒飒是发','start_using','管理员','2018-08-08 15:50:22','管理员','2018-08-08 15:50:22'),(14224,61,'123123','Shelf','12_16','飒飒是发','start_using','管理员','2018-08-08 15:50:22','管理员','2018-08-08 15:50:22'),(14229,61,'123123','Shelf','12_17','飒飒是发','start_using','管理员','2018-08-08 15:50:22','管理员','2018-08-08 15:50:22'),(14236,61,'123123','Shelf','12_18','飒飒是发','start_using','管理员','2018-08-08 15:50:22','管理员','2018-08-08 15:50:22'),(14243,61,'123123','Shelf','12_19','飒飒是发','start_using','管理员','2018-08-08 15:50:22','管理员','2018-08-08 15:50:22'),(14249,61,'123123','Shelf','12_20','飒飒是发','start_using','管理员','2018-08-08 15:50:22','管理员','2018-08-08 15:50:22'),(14254,61,'123123','Shelf','12_21','飒飒是发','start_using','管理员','2018-08-08 15:50:22','管理员','2018-08-08 15:50:22'),(152644,59,'2','Shelf','1_1','123123','start_using','管理员','2018-08-08 15:59:53','管理员','2018-08-08 15:59:53'),(152651,59,'2','Shelf','1_2','123123','start_using','管理员','2018-08-08 15:59:53','管理员','2018-08-08 15:59:53'),(152657,59,'2','Shelf','1_3','123123','start_using','管理员','2018-08-08 15:59:53','管理员','2018-08-08 15:59:53'),(152663,59,'2','Shelf','2_1','123123','start_using','管理员','2018-08-08 15:59:53','管理员','2018-08-08 15:59:53'),(152668,59,'2','Shelf','2_2','123123','start_using','管理员','2018-08-08 15:59:53','管理员','2018-08-08 15:59:53'),(152674,59,'2','Shelf','2_3','123123','start_using','管理员','2018-08-08 15:59:54','管理员','2018-08-08 15:59:54'),(184254,59,'123','Shelf','1_1','','start_using','管理员1','2018-08-16 20:40:07','管理员1','2018-08-16 20:40:07'),(184255,59,'123','Shelf','1_2','','start_using','管理员1','2018-08-16 20:40:07','管理员1','2018-08-16 20:40:07'),(184256,59,'123','Shelf','2_1','','start_using','管理员1','2018-08-16 20:40:07','管理员1','2018-08-16 20:40:07'),(184257,59,'123','Shelf','2_2','','start_using','管理员1','2018-08-16 20:40:07','管理员1','2018-08-16 20:40:07'),(184258,59,'123','Shelf','3_1','','start_using','管理员1','2018-08-16 20:40:07','管理员1','2018-08-16 20:40:07'),(184259,59,'123','Shelf','3_2','','start_using','管理员1','2018-08-16 20:40:07','管理员1','2018-08-16 20:40:07'),(184260,60,'1','Shelf','1_1','','start_using','管理员1','2018-08-16 20:57:08','管理员1','2018-08-16 20:57:08'),(184261,60,'1','Shelf','1_2','','start_using','管理员1','2018-08-16 20:57:08','管理员1','2018-08-16 20:57:08'),(184262,60,'1','Shelf','1_3','','start_using','管理员1','2018-08-16 20:57:08','管理员1','2018-08-16 20:57:08'),(184263,60,'1','Shelf','2_1','','start_using','管理员1','2018-08-16 20:57:08','管理员1','2018-08-16 20:57:08'),(184264,60,'1','Shelf','2_2','','start_using','管理员1','2018-08-16 20:57:08','管理员1','2018-08-16 20:57:08'),(184265,60,'1','Shelf','2_3','','start_using','管理员1','2018-08-16 20:57:08','管理员1','2018-08-16 20:57:08'),(184266,61,'101','C','1_1','','start_using','管理员（不要改）','2018-08-20 15:51:09','管理员（不要改）','2018-08-20 15:51:09'),(184267,61,'101','C','1_2','','start_using','管理员（不要改）','2018-08-20 15:51:09','管理员（不要改）','2018-08-20 15:51:09'),(184268,61,'101','C','2_1','','start_using','管理员（不要改）','2018-08-20 15:51:09','管理员（不要改）','2018-08-20 15:51:09'),(184269,61,'101','C','2_2','','start_using','管理员（不要改）','2018-08-20 15:51:09','管理员（不要改）','2018-08-20 15:51:09'),(184270,59,'100','货柜','1_1','','start_using','管理员（不要改）','2018-08-24 14:14:45','管理员（不要改）','2018-08-24 14:14:45'),(184271,59,'100','货柜','1_2','','start_using','管理员（不要改）','2018-08-24 14:14:45','管理员（不要改）','2018-08-24 14:14:45'),(184272,59,'100','货柜','1_3','','start_using','管理员（不要改）','2018-08-24 14:14:45','管理员（不要改）','2018-08-24 14:14:45'),(184273,59,'100','货柜','1_4','','start_using','管理员（不要改）','2018-08-24 14:14:45','管理员（不要改）','2018-08-24 14:14:45'),(184274,59,'100','货柜','1_5','','start_using','管理员（不要改）','2018-08-24 14:14:45','管理员（不要改）','2018-08-24 14:14:45'),(184275,59,'100','货柜','2_1','','start_using','管理员（不要改）','2018-08-24 14:14:45','管理员（不要改）','2018-08-24 14:14:45'),(184276,59,'100','货柜','2_2','','start_using','管理员（不要改）','2018-08-24 14:14:45','管理员（不要改）','2018-08-24 14:14:45'),(184277,59,'100','货柜','2_3','','start_using','管理员（不要改）','2018-08-24 14:14:45','管理员（不要改）','2018-08-24 14:14:45'),(184278,59,'100','货柜','2_4','','start_using','管理员（不要改）','2018-08-24 14:14:45','管理员（不要改）','2018-08-24 14:14:45'),(184279,59,'100','货柜','2_5','','start_using','管理员（不要改）','2018-08-24 14:14:45','管理员（不要改）','2018-08-24 14:14:45'),(184280,59,'100','货柜','3_1','','start_using','管理员（不要改）','2018-08-24 14:14:45','管理员（不要改）','2018-08-24 14:14:45'),(184281,59,'100','货柜','3_2','','start_using','管理员（不要改）','2018-08-24 14:14:45','管理员（不要改）','2018-08-24 14:14:45'),(184282,59,'100','货柜','3_3','','start_using','管理员（不要改）','2018-08-24 14:14:45','管理员（不要改）','2018-08-24 14:14:45'),(184283,59,'100','货柜','3_4','','start_using','管理员（不要改）','2018-08-24 14:14:45','管理员（不要改）','2018-08-24 14:14:45'),(184284,59,'100','货柜','3_5','','start_using','管理员（不要改）','2018-08-24 14:14:45','管理员（不要改）','2018-08-24 14:14:45'),(184285,59,'100','货柜','1_1','','start_using','管理员（不要改）','2018-08-24 14:25:12','管理员（不要改）','2018-08-24 14:25:12'),(184286,59,'100','货柜','1_2','','start_using','管理员（不要改）','2018-08-24 14:25:12','管理员（不要改）','2018-08-24 14:25:12'),(184287,59,'100','货柜','2_1','','start_using','管理员（不要改）','2018-08-24 14:25:12','管理员（不要改）','2018-08-24 14:25:12'),(184288,59,'100','货柜','2_2','','start_using','管理员（不要改）','2018-08-24 14:25:12','管理员（不要改）','2018-08-24 14:25:12'),(184289,59,'100','货柜','3_1','','start_using','管理员（不要改）','2018-08-24 14:25:12','管理员（不要改）','2018-08-24 14:25:12'),(184290,59,'100','货柜','3_2','','start_using','管理员（不要改）','2018-08-24 14:25:12','管理员（不要改）','2018-08-24 14:25:12'),(184291,59,'200','Container','1_1','','start_using','管理员（不要改）','2018-08-24 14:30:12','管理员（不要改）','2018-08-24 14:30:12'),(184292,59,'200','Container','1_2','','start_using','管理员（不要改）','2018-08-24 14:30:12','管理员（不要改）','2018-08-24 14:30:12'),(184293,59,'200','Container','2_1','','start_using','管理员（不要改）','2018-08-24 14:30:12','管理员（不要改）','2018-08-24 14:30:12'),(184294,59,'200','Container','2_2','','start_using','管理员（不要改）','2018-08-24 14:30:12','管理员（不要改）','2018-08-24 14:30:12'),(184295,59,'200','Container','3_1','','start_using','管理员（不要改）','2018-08-24 14:30:12','管理员（不要改）','2018-08-24 14:30:12'),(184296,59,'200','Container','3_2','','start_using','管理员（不要改）','2018-08-24 14:30:13','管理员（不要改）','2018-08-24 14:30:13'),(184297,59,'1_1','Shelf','1_1','','start_using','管理员（不要改）','2018-08-31 09:26:36','管理员（不要改）','2018-08-31 09:26:36'),(184298,59,'1_1','Shelf','1_2','','start_using','管理员（不要改）','2018-08-31 09:26:37','管理员（不要改）','2018-08-31 09:26:37'),(184299,59,'1_1','Shelf','1_3','','start_using','管理员（不要改）','2018-08-31 09:26:38','管理员（不要改）','2018-08-31 09:26:38'),(184300,59,'1_1','Shelf','1_4','','start_using','管理员（不要改）','2018-08-31 09:26:38','管理员（不要改）','2018-08-31 09:26:38'),(184301,59,'1_1','Shelf','1_5','','start_using','管理员（不要改）','2018-08-31 09:26:41','管理员（不要改）','2018-08-31 09:26:41'),(184302,59,'1_1','Shelf','1_1','','start_using','管理员（不要改）','2018-08-31 09:26:41','管理员（不要改）','2018-08-31 09:26:41'),(184303,59,'1_1','Shelf','1_6','','start_using','管理员（不要改）','2018-08-31 09:26:41','管理员（不要改）','2018-08-31 09:26:41'),(184304,59,'1_1','Shelf','1_2','','start_using','管理员（不要改）','2018-08-31 09:26:41','管理员（不要改）','2018-08-31 09:26:41'),(184305,59,'1_1','Shelf','1_7','','start_using','管理员（不要改）','2018-08-31 09:26:41','管理员（不要改）','2018-08-31 09:26:41'),(184306,59,'1_1','Shelf','1_3','','start_using','管理员（不要改）','2018-08-31 09:26:41','管理员（不要改）','2018-08-31 09:26:41'),(184307,59,'1_1','Shelf','2_1','','start_using','管理员（不要改）','2018-08-31 09:26:42','管理员（不要改）','2018-08-31 09:26:42'),(184308,59,'1_1','Shelf','1_4','','start_using','管理员（不要改）','2018-08-31 09:26:42','管理员（不要改）','2018-08-31 09:26:42'),(184309,59,'1_1','Shelf','2_2','','start_using','管理员（不要改）','2018-08-31 09:26:42','管理员（不要改）','2018-08-31 09:26:42'),(184310,59,'1_1','Shelf','1_5','','start_using','管理员（不要改）','2018-08-31 09:26:42','管理员（不要改）','2018-08-31 09:26:42'),(184311,59,'1_1','Shelf','2_3','','start_using','管理员（不要改）','2018-08-31 09:26:42','管理员（不要改）','2018-08-31 09:26:42'),(184312,59,'1_1','Shelf','1_6','','start_using','管理员（不要改）','2018-08-31 09:26:42','管理员（不要改）','2018-08-31 09:26:42'),(184313,59,'1_1','Shelf','2_4','','start_using','管理员（不要改）','2018-08-31 09:26:42','管理员（不要改）','2018-08-31 09:26:42'),(184314,59,'1_1','Shelf','1_7','','start_using','管理员（不要改）','2018-08-31 09:26:42','管理员（不要改）','2018-08-31 09:26:42'),(184315,59,'1_1','Shelf','2_5','','start_using','管理员（不要改）','2018-08-31 09:26:42','管理员（不要改）','2018-08-31 09:26:42'),(184316,59,'1_1','Shelf','2_1','','start_using','管理员（不要改）','2018-08-31 09:26:42','管理员（不要改）','2018-08-31 09:26:42'),(184317,59,'1_1','Shelf','2_6','','start_using','管理员（不要改）','2018-08-31 09:26:42','管理员（不要改）','2018-08-31 09:26:42'),(184318,59,'1_1','Shelf','2_2','','start_using','管理员（不要改）','2018-08-31 09:26:43','管理员（不要改）','2018-08-31 09:26:43'),(184319,59,'1_1','Shelf','2_7','','start_using','管理员（不要改）','2018-08-31 09:26:44','管理员（不要改）','2018-08-31 09:26:44'),(184320,59,'1_1','Shelf','2_3','','start_using','管理员（不要改）','2018-08-31 09:26:44','管理员（不要改）','2018-08-31 09:26:44'),(184321,59,'1_1','Shelf','3_1','','start_using','管理员（不要改）','2018-08-31 09:26:44','管理员（不要改）','2018-08-31 09:26:44'),(184322,59,'1_1','Shelf','2_4','','start_using','管理员（不要改）','2018-08-31 09:26:44','管理员（不要改）','2018-08-31 09:26:44'),(184323,59,'1_1','Shelf','3_2','','start_using','管理员（不要改）','2018-08-31 09:26:44','管理员（不要改）','2018-08-31 09:26:44'),(184324,59,'1_1','Shelf','3_3','','start_using','管理员（不要改）','2018-08-31 09:26:44','管理员（不要改）','2018-08-31 09:26:44'),(184325,59,'1_1','Shelf','2_5','','start_using','管理员（不要改）','2018-08-31 09:26:44','管理员（不要改）','2018-08-31 09:26:44'),(184326,59,'1_1','Shelf','3_4','','start_using','管理员（不要改）','2018-08-31 09:26:46','管理员（不要改）','2018-08-31 09:26:46'),(184327,59,'1_1','Shelf','2_6','','start_using','管理员（不要改）','2018-08-31 09:26:46','管理员（不要改）','2018-08-31 09:26:46'),(184328,59,'1_1','Shelf','2_7','','start_using','管理员（不要改）','2018-08-31 09:26:46','管理员（不要改）','2018-08-31 09:26:46'),(184329,59,'1_1','Shelf','3_5','','start_using','管理员（不要改）','2018-08-31 09:26:46','管理员（不要改）','2018-08-31 09:26:46'),(184330,59,'1_1','Shelf','3_6','','start_using','管理员（不要改）','2018-08-31 09:26:46','管理员（不要改）','2018-08-31 09:26:46'),(184331,59,'1_1','Shelf','3_1','','start_using','管理员（不要改）','2018-08-31 09:26:46','管理员（不要改）','2018-08-31 09:26:46'),(184332,59,'1_1','Shelf','3_2','','start_using','管理员（不要改）','2018-08-31 09:26:46','管理员（不要改）','2018-08-31 09:26:46'),(184333,59,'1_1','Shelf','3_7','','start_using','管理员（不要改）','2018-08-31 09:26:46','管理员（不要改）','2018-08-31 09:26:46'),(184334,59,'1_1','Shelf','3_3','','start_using','管理员（不要改）','2018-08-31 09:26:47','管理员（不要改）','2018-08-31 09:26:47'),(184335,59,'1_1','Shelf','4_1','','start_using','管理员（不要改）','2018-08-31 09:26:47','管理员（不要改）','2018-08-31 09:26:47'),(184336,59,'1_1','Shelf','4_2','','start_using','管理员（不要改）','2018-08-31 09:26:47','管理员（不要改）','2018-08-31 09:26:47'),(184337,59,'1_1','Shelf','3_4','','start_using','管理员（不要改）','2018-08-31 09:26:47','管理员（不要改）','2018-08-31 09:26:47'),(184338,59,'1_1','Shelf','4_3','','start_using','管理员（不要改）','2018-08-31 09:26:48','管理员（不要改）','2018-08-31 09:26:48'),(184339,59,'1_1','Shelf','3_5','','start_using','管理员（不要改）','2018-08-31 09:26:48','管理员（不要改）','2018-08-31 09:26:48'),(184340,59,'1_1','Shelf','1_1','','start_using','管理员（不要改）','2018-08-31 09:26:48','管理员（不要改）','2018-08-31 09:26:48'),(184341,59,'1_1','Shelf','3_6','','start_using','管理员（不要改）','2018-08-31 09:26:48','管理员（不要改）','2018-08-31 09:26:48'),(184342,59,'1_1','Shelf','4_4','','start_using','管理员（不要改）','2018-08-31 09:26:48','管理员（不要改）','2018-08-31 09:26:48'),(184343,59,'1_1','Shelf','1_2','','start_using','管理员（不要改）','2018-08-31 09:26:50','管理员（不要改）','2018-08-31 09:26:50'),(184344,59,'1_1','Shelf','4_5','','start_using','管理员（不要改）','2018-08-31 09:26:50','管理员（不要改）','2018-08-31 09:26:50'),(184345,59,'1_1','Shelf','3_7','','start_using','管理员（不要改）','2018-08-31 09:26:50','管理员（不要改）','2018-08-31 09:26:50'),(184346,59,'1_1','Shelf','4_6','','start_using','管理员（不要改）','2018-08-31 09:26:50','管理员（不要改）','2018-08-31 09:26:50'),(184347,59,'1_1','Shelf','4_1','','start_using','管理员（不要改）','2018-08-31 09:26:50','管理员（不要改）','2018-08-31 09:26:50'),(184348,59,'1_1','Shelf','1_3','','start_using','管理员（不要改）','2018-08-31 09:26:50','管理员（不要改）','2018-08-31 09:26:50'),(184349,59,'1_1','Shelf','4_2','','start_using','管理员（不要改）','2018-08-31 09:26:50','管理员（不要改）','2018-08-31 09:26:50'),(184350,59,'1_1','Shelf','1_4','','start_using','管理员（不要改）','2018-08-31 09:26:50','管理员（不要改）','2018-08-31 09:26:50'),(184351,59,'1_1','Shelf','4_7','','start_using','管理员（不要改）','2018-08-31 09:26:50','管理员（不要改）','2018-08-31 09:26:50'),(184352,59,'1_1','Shelf','4_3','','start_using','管理员（不要改）','2018-08-31 09:26:50','管理员（不要改）','2018-08-31 09:26:50'),(184353,59,'1_1','Shelf','1_5','','start_using','管理员（不要改）','2018-08-31 09:26:50','管理员（不要改）','2018-08-31 09:26:50'),(184354,59,'1_1','Shelf','5_1','','start_using','管理员（不要改）','2018-08-31 09:26:50','管理员（不要改）','2018-08-31 09:26:50'),(184355,59,'1_1','Shelf','1_6','','start_using','管理员（不要改）','2018-08-31 09:26:50','管理员（不要改）','2018-08-31 09:26:50'),(184356,59,'1_1','Shelf','4_4','','start_using','管理员（不要改）','2018-08-31 09:26:50','管理员（不要改）','2018-08-31 09:26:50'),(184357,59,'1_1','Shelf','5_2','','start_using','管理员（不要改）','2018-08-31 09:26:50','管理员（不要改）','2018-08-31 09:26:50'),(184358,59,'1_1','Shelf','1_7','','start_using','管理员（不要改）','2018-08-31 09:26:51','管理员（不要改）','2018-08-31 09:26:51'),(184359,59,'1_1','Shelf','5_3','','start_using','管理员（不要改）','2018-08-31 09:26:51','管理员（不要改）','2018-08-31 09:26:51'),(184360,59,'1_1','Shelf','4_5','','start_using','管理员（不要改）','2018-08-31 09:26:51','管理员（不要改）','2018-08-31 09:26:51'),(184361,59,'1_1','Shelf','5_4','','start_using','管理员（不要改）','2018-08-31 09:26:51','管理员（不要改）','2018-08-31 09:26:51'),(184362,59,'1_1','Shelf','2_1','','start_using','管理员（不要改）','2018-08-31 09:26:51','管理员（不要改）','2018-08-31 09:26:51'),(184363,59,'1_1','Shelf','4_6','','start_using','管理员（不要改）','2018-08-31 09:26:51','管理员（不要改）','2018-08-31 09:26:51'),(184364,59,'1_1','Shelf','2_2','','start_using','管理员（不要改）','2018-08-31 09:26:51','管理员（不要改）','2018-08-31 09:26:51'),(184365,59,'1_1','Shelf','5_5','','start_using','管理员（不要改）','2018-08-31 09:26:51','管理员（不要改）','2018-08-31 09:26:51'),(184366,59,'1_1','Shelf','4_7','','start_using','管理员（不要改）','2018-08-31 09:26:51','管理员（不要改）','2018-08-31 09:26:51'),(184367,59,'1_1','Shelf','5_1','','start_using','管理员（不要改）','2018-08-31 09:26:51','管理员（不要改）','2018-08-31 09:26:51'),(184368,59,'1_1','Shelf','5_6','','start_using','管理员（不要改）','2018-08-31 09:26:51','管理员（不要改）','2018-08-31 09:26:51'),(184369,59,'1_1','Shelf','2_3','','start_using','管理员（不要改）','2018-08-31 09:26:51','管理员（不要改）','2018-08-31 09:26:51'),(184370,59,'1_1','Shelf','5_7','','start_using','管理员（不要改）','2018-08-31 09:26:51','管理员（不要改）','2018-08-31 09:26:51'),(184371,59,'1_1','Shelf','5_2','','start_using','管理员（不要改）','2018-08-31 09:26:51','管理员（不要改）','2018-08-31 09:26:51'),(184372,59,'1_1','Shelf','2_4','','start_using','管理员（不要改）','2018-08-31 09:26:51','管理员（不要改）','2018-08-31 09:26:51'),(184373,59,'1_1','Shelf','6_1','','start_using','管理员（不要改）','2018-08-31 09:26:51','管理员（不要改）','2018-08-31 09:26:51'),(184374,59,'1_1','Shelf','5_3','','start_using','管理员（不要改）','2018-08-31 09:26:51','管理员（不要改）','2018-08-31 09:26:51'),(184375,59,'1_1','Shelf','2_5','','start_using','管理员（不要改）','2018-08-31 09:26:52','管理员（不要改）','2018-08-31 09:26:52'),(184376,59,'1_1','Shelf','5_4','','start_using','管理员（不要改）','2018-08-31 09:26:52','管理员（不要改）','2018-08-31 09:26:52'),(184377,59,'1_1','Shelf','6_2','','start_using','管理员（不要改）','2018-08-31 09:26:52','管理员（不要改）','2018-08-31 09:26:52'),(184378,59,'1_1','Shelf','2_6','','start_using','管理员（不要改）','2018-08-31 09:26:52','管理员（不要改）','2018-08-31 09:26:52'),(184379,59,'1111','Shelf','1_1','','start_using','管理员（不要改）','2018-08-31 09:26:52','管理员（不要改）','2018-08-31 09:26:52'),(184380,59,'1_1','Shelf','6_3','','start_using','管理员（不要改）','2018-08-31 09:26:52','管理员（不要改）','2018-08-31 09:26:52'),(184381,59,'1_1','Shelf','5_5','','start_using','管理员（不要改）','2018-08-31 09:26:52','管理员（不要改）','2018-08-31 09:26:52'),(184382,59,'1_1','Shelf','2_7','','start_using','管理员（不要改）','2018-08-31 09:26:52','管理员（不要改）','2018-08-31 09:26:52'),(184383,59,'1111','Shelf','1_1','','start_using','管理员（不要改）','2018-08-31 09:26:52','管理员（不要改）','2018-08-31 09:26:52'),(184384,59,'1111','Shelf','1_2','','start_using','管理员（不要改）','2018-08-31 09:26:52','管理员（不要改）','2018-08-31 09:26:52'),(184385,59,'1_1','Shelf','6_4','','start_using','管理员（不要改）','2018-08-31 09:26:52','管理员（不要改）','2018-08-31 09:26:52'),(184386,59,'1_1','Shelf','5_6','','start_using','管理员（不要改）','2018-08-31 09:26:52','管理员（不要改）','2018-08-31 09:26:52'),(184387,59,'1111','Shelf','1_2','','start_using','管理员（不要改）','2018-08-31 09:26:52','管理员（不要改）','2018-08-31 09:26:52'),(184388,59,'1_1','Shelf','5_7','','start_using','管理员（不要改）','2018-08-31 09:26:52','管理员（不要改）','2018-08-31 09:26:52'),(184389,59,'1111','Shelf','1_3','','start_using','管理员（不要改）','2018-08-31 09:26:52','管理员（不要改）','2018-08-31 09:26:52'),(184390,59,'1_1','Shelf','3_1','','start_using','管理员（不要改）','2018-08-31 09:26:52','管理员（不要改）','2018-08-31 09:26:52'),(184391,59,'1_1','Shelf','6_5','','start_using','管理员（不要改）','2018-08-31 09:26:52','管理员（不要改）','2018-08-31 09:26:52'),(184392,59,'1111','Shelf','1_1','','start_using','管理员（不要改）','2018-08-31 09:26:52','管理员（不要改）','2018-08-31 09:26:52'),(184393,59,'1111','Shelf','1_3','','start_using','管理员（不要改）','2018-08-31 09:26:52','管理员（不要改）','2018-08-31 09:26:52'),(184394,59,'1111','Shelf','1_4','','start_using','管理员（不要改）','2018-08-31 09:26:52','管理员（不要改）','2018-08-31 09:26:52'),(184395,59,'1_1','Shelf','6_6','','start_using','管理员（不要改）','2018-08-31 09:26:52','管理员（不要改）','2018-08-31 09:26:52'),(184396,59,'1_1','Shelf','3_2','','start_using','管理员（不要改）','2018-08-31 09:26:52','管理员（不要改）','2018-08-31 09:26:52'),(184397,59,'1_1','Shelf','6_1','','start_using','管理员（不要改）','2018-08-31 09:26:52','管理员（不要改）','2018-08-31 09:26:52'),(184398,59,'1111','Shelf','1_2','','start_using','管理员（不要改）','2018-08-31 09:26:52','管理员（不要改）','2018-08-31 09:26:52'),(184399,59,'1111','Shelf','1_5','','start_using','管理员（不要改）','2018-08-31 09:26:52','管理员（不要改）','2018-08-31 09:26:52'),(184400,59,'1111','Shelf','1_4','','start_using','管理员（不要改）','2018-08-31 09:26:52','管理员（不要改）','2018-08-31 09:26:52'),(184401,59,'1_1','Shelf','3_3','','start_using','管理员（不要改）','2018-08-31 09:26:52','管理员（不要改）','2018-08-31 09:26:52'),(184402,59,'1_1','Shelf','6_7','','start_using','管理员（不要改）','2018-08-31 09:26:52','管理员（不要改）','2018-08-31 09:26:52'),(184403,59,'1_1','Shelf','6_2','','start_using','管理员（不要改）','2018-08-31 09:26:52','管理员（不要改）','2018-08-31 09:26:52'),(184404,59,'1111','Shelf','1_3','','start_using','管理员（不要改）','2018-08-31 09:26:52','管理员（不要改）','2018-08-31 09:26:52'),(184405,59,'1_1','Shelf','3_4','','start_using','管理员（不要改）','2018-08-31 09:26:52','管理员（不要改）','2018-08-31 09:26:52'),(184406,59,'1111','Shelf','1_6','','start_using','管理员（不要改）','2018-08-31 09:26:52','管理员（不要改）','2018-08-31 09:26:52'),(184407,59,'1_1','Shelf','6_3','','start_using','管理员（不要改）','2018-08-31 09:26:52','管理员（不要改）','2018-08-31 09:26:52'),(184408,59,'1111','Shelf','1_5','','start_using','管理员（不要改）','2018-08-31 09:26:52','管理员（不要改）','2018-08-31 09:26:52'),(184409,59,'1111','Shelf','1_4','','start_using','管理员（不要改）','2018-08-31 09:26:52','管理员（不要改）','2018-08-31 09:26:52'),(184410,59,'1_1','Shelf','6_4','','start_using','管理员（不要改）','2018-08-31 09:26:52','管理员（不要改）','2018-08-31 09:26:52'),(184411,59,'1111','Shelf','1_6','','start_using','管理员（不要改）','2018-08-31 09:26:52','管理员（不要改）','2018-08-31 09:26:52'),(184412,59,'1_1','Shelf','3_5','','start_using','管理员（不要改）','2018-08-31 09:26:52','管理员（不要改）','2018-08-31 09:26:52'),(184413,59,'1111','Shelf','1_7','','start_using','管理员（不要改）','2018-08-31 09:26:52','管理员（不要改）','2018-08-31 09:26:52'),(184414,59,'1111','Shelf','1_5','','start_using','管理员（不要改）','2018-08-31 09:26:52','管理员（不要改）','2018-08-31 09:26:52'),(184415,59,'1_1','Shelf','3_6','','start_using','管理员（不要改）','2018-08-31 09:26:52','管理员（不要改）','2018-08-31 09:26:52'),(184416,59,'1_1','Shelf','6_5','','start_using','管理员（不要改）','2018-08-31 09:26:52','管理员（不要改）','2018-08-31 09:26:52'),(184417,59,'1111','Shelf','1_7','','start_using','管理员（不要改）','2018-08-31 09:26:52','管理员（不要改）','2018-08-31 09:26:52'),(184418,59,'1111','Shelf','2_1','','start_using','管理员（不要改）','2018-08-31 09:26:52','管理员（不要改）','2018-08-31 09:26:52'),(184419,59,'1111','Shelf','1_6','','start_using','管理员（不要改）','2018-08-31 09:26:52','管理员（不要改）','2018-08-31 09:26:52'),(184420,59,'1_1','Shelf','6_6','','start_using','管理员（不要改）','2018-08-31 09:26:52','管理员（不要改）','2018-08-31 09:26:52'),(184421,59,'1_1','Shelf','3_7','','start_using','管理员（不要改）','2018-08-31 09:26:52','管理员（不要改）','2018-08-31 09:26:52'),(184422,59,'1111','Shelf','2_1','','start_using','管理员（不要改）','2018-08-31 09:26:52','管理员（不要改）','2018-08-31 09:26:52'),(184423,59,'1111','Shelf','2_2','','start_using','管理员（不要改）','2018-08-31 09:26:52','管理员（不要改）','2018-08-31 09:26:52'),(184424,59,'1_1','Shelf','4_1','','start_using','管理员（不要改）','2018-08-31 09:26:52','管理员（不要改）','2018-08-31 09:26:52'),(184425,59,'1111','Shelf','2_2','','start_using','管理员（不要改）','2018-08-31 09:26:52','管理员（不要改）','2018-08-31 09:26:52'),(184426,59,'1111','Shelf','1_7','','start_using','管理员（不要改）','2018-08-31 09:26:52','管理员（不要改）','2018-08-31 09:26:52'),(184427,59,'1_1','Shelf','6_7','','start_using','管理员（不要改）','2018-08-31 09:26:52','管理员（不要改）','2018-08-31 09:26:52'),(184428,59,'1111','Shelf','2_3','','start_using','管理员（不要改）','2018-08-31 09:26:52','管理员（不要改）','2018-08-31 09:26:52'),(184429,59,'1_1','Shelf','4_2','','start_using','管理员（不要改）','2018-08-31 09:26:52','管理员（不要改）','2018-08-31 09:26:52'),(184430,59,'1111','Shelf','2_1','','start_using','管理员（不要改）','2018-08-31 09:26:52','管理员（不要改）','2018-08-31 09:26:52'),(184431,59,'1111','Shelf','2_3','','start_using','管理员（不要改）','2018-08-31 09:26:52','管理员（不要改）','2018-08-31 09:26:52'),(184432,59,'1_1','Shelf','4_3','','start_using','管理员（不要改）','2018-08-31 09:26:52','管理员（不要改）','2018-08-31 09:26:52'),(184433,59,'1111','Shelf','2_2','','start_using','管理员（不要改）','2018-08-31 09:26:53','管理员（不要改）','2018-08-31 09:26:53'),(184434,59,'1111','Shelf','2_4','','start_using','管理员（不要改）','2018-08-31 09:26:53','管理员（不要改）','2018-08-31 09:26:53'),(184435,59,'1111','Shelf','2_4','','start_using','管理员（不要改）','2018-08-31 09:26:53','管理员（不要改）','2018-08-31 09:26:53'),(184436,59,'1_1','Shelf','4_4','','start_using','管理员（不要改）','2018-08-31 09:26:53','管理员（不要改）','2018-08-31 09:26:53'),(184437,59,'1111','Shelf','2_5','','start_using','管理员（不要改）','2018-08-31 09:26:53','管理员（不要改）','2018-08-31 09:26:53'),(184438,59,'1111','Shelf','2_3','','start_using','管理员（不要改）','2018-08-31 09:26:53','管理员（不要改）','2018-08-31 09:26:53'),(184439,59,'1111','Shelf','2_5','','start_using','管理员（不要改）','2018-08-31 09:26:53','管理员（不要改）','2018-08-31 09:26:53'),(184440,59,'1_1','Shelf','4_5','','start_using','管理员（不要改）','2018-08-31 09:26:53','管理员（不要改）','2018-08-31 09:26:53'),(184441,59,'1111','Shelf','2_4','','start_using','管理员（不要改）','2018-08-31 09:26:53','管理员（不要改）','2018-08-31 09:26:53'),(184442,59,'1111','Shelf','2_6','','start_using','管理员（不要改）','2018-08-31 09:26:53','管理员（不要改）','2018-08-31 09:26:53'),(184443,59,'1111','Shelf','2_6','','start_using','管理员（不要改）','2018-08-31 09:26:53','管理员（不要改）','2018-08-31 09:26:53'),(184444,59,'1_1','Shelf','4_6','','start_using','管理员（不要改）','2018-08-31 09:26:53','管理员（不要改）','2018-08-31 09:26:53'),(184445,59,'1111','Shelf','2_5','','start_using','管理员（不要改）','2018-08-31 09:26:53','管理员（不要改）','2018-08-31 09:26:53'),(184446,59,'1111','Shelf','2_7','','start_using','管理员（不要改）','2018-08-31 09:26:53','管理员（不要改）','2018-08-31 09:26:53'),(184447,59,'1111','Shelf','2_7','','start_using','管理员（不要改）','2018-08-31 09:26:53','管理员（不要改）','2018-08-31 09:26:53'),(184448,59,'1_1','Shelf','4_7','','start_using','管理员（不要改）','2018-08-31 09:26:53','管理员（不要改）','2018-08-31 09:26:53'),(184449,59,'1111','Shelf','2_6','','start_using','管理员（不要改）','2018-08-31 09:26:53','管理员（不要改）','2018-08-31 09:26:53'),(184450,59,'1111','Shelf','3_1','','start_using','管理员（不要改）','2018-08-31 09:26:53','管理员（不要改）','2018-08-31 09:26:53'),(184451,59,'1111','Shelf','3_1','','start_using','管理员（不要改）','2018-08-31 09:26:53','管理员（不要改）','2018-08-31 09:26:53'),(184452,59,'1_1','Shelf','5_1','','start_using','管理员（不要改）','2018-08-31 09:26:53','管理员（不要改）','2018-08-31 09:26:53'),(184453,59,'1111','Shelf','2_7','','start_using','管理员（不要改）','2018-08-31 09:26:53','管理员（不要改）','2018-08-31 09:26:53'),(184454,59,'1111','Shelf','3_2','','start_using','管理员（不要改）','2018-08-31 09:26:54','管理员（不要改）','2018-08-31 09:26:54'),(184455,59,'1_1','Shelf','5_2','','start_using','管理员（不要改）','2018-08-31 09:26:54','管理员（不要改）','2018-08-31 09:26:54'),(184456,59,'1111','Shelf','3_2','','start_using','管理员（不要改）','2018-08-31 09:26:54','管理员（不要改）','2018-08-31 09:26:54'),(184457,59,'1111','Shelf','3_1','','start_using','管理员（不要改）','2018-08-31 09:26:54','管理员（不要改）','2018-08-31 09:26:54'),(184458,59,'1111','Shelf','3_3','','start_using','管理员（不要改）','2018-08-31 09:26:54','管理员（不要改）','2018-08-31 09:26:54'),(184459,59,'1111','Shelf','3_3','','start_using','管理员（不要改）','2018-08-31 09:26:54','管理员（不要改）','2018-08-31 09:26:54'),(184460,59,'1_1','Shelf','5_3','','start_using','管理员（不要改）','2018-08-31 09:26:54','管理员（不要改）','2018-08-31 09:26:54'),(184461,59,'1111','Shelf','3_2','','start_using','管理员（不要改）','2018-08-31 09:26:54','管理员（不要改）','2018-08-31 09:26:54'),(184462,59,'1111','Shelf','3_4','','start_using','管理员（不要改）','2018-08-31 09:26:54','管理员（不要改）','2018-08-31 09:26:54'),(184463,59,'1_1','Shelf','5_4','','start_using','管理员（不要改）','2018-08-31 09:26:54','管理员（不要改）','2018-08-31 09:26:54'),(184464,59,'1111','Shelf','3_4','','start_using','管理员（不要改）','2018-08-31 09:26:54','管理员（不要改）','2018-08-31 09:26:54'),(184465,59,'1111','Shelf','3_3','','start_using','管理员（不要改）','2018-08-31 09:26:54','管理员（不要改）','2018-08-31 09:26:54'),(184466,59,'1111','Shelf','3_5','','start_using','管理员（不要改）','2018-08-31 09:26:54','管理员（不要改）','2018-08-31 09:26:54'),(184467,59,'1111','Shelf','3_5','','start_using','管理员（不要改）','2018-08-31 09:26:54','管理员（不要改）','2018-08-31 09:26:54'),(184468,59,'1_1','Shelf','5_5','','start_using','管理员（不要改）','2018-08-31 09:26:54','管理员（不要改）','2018-08-31 09:26:54'),(184469,59,'1111','Shelf','3_4','','start_using','管理员（不要改）','2018-08-31 09:26:54','管理员（不要改）','2018-08-31 09:26:54'),(184470,59,'1111','Shelf','3_6','','start_using','管理员（不要改）','2018-08-31 09:26:54','管理员（不要改）','2018-08-31 09:26:54'),(184471,59,'1111','Shelf','3_6','','start_using','管理员（不要改）','2018-08-31 09:26:54','管理员（不要改）','2018-08-31 09:26:54'),(184472,59,'1_1','Shelf','5_6','','start_using','管理员（不要改）','2018-08-31 09:26:54','管理员（不要改）','2018-08-31 09:26:54'),(184473,59,'1111','Shelf','3_5','','start_using','管理员（不要改）','2018-08-31 09:26:54','管理员（不要改）','2018-08-31 09:26:54'),(184474,59,'1111','Shelf','3_7','','start_using','管理员（不要改）','2018-08-31 09:26:54','管理员（不要改）','2018-08-31 09:26:54'),(184475,59,'1_1','Shelf','5_7','','start_using','管理员（不要改）','2018-08-31 09:26:54','管理员（不要改）','2018-08-31 09:26:54'),(184476,59,'1111','Shelf','3_7','','start_using','管理员（不要改）','2018-08-31 09:26:54','管理员（不要改）','2018-08-31 09:26:54'),(184477,59,'1111','Shelf','3_6','','start_using','管理员（不要改）','2018-08-31 09:26:54','管理员（不要改）','2018-08-31 09:26:54'),(184478,59,'1111','Shelf','4_1','','start_using','管理员（不要改）','2018-08-31 09:26:54','管理员（不要改）','2018-08-31 09:26:54'),(184479,59,'1111','Shelf','4_1','','start_using','管理员（不要改）','2018-08-31 09:26:54','管理员（不要改）','2018-08-31 09:26:54'),(184480,59,'1_1','Shelf','6_1','','start_using','管理员（不要改）','2018-08-31 09:26:54','管理员（不要改）','2018-08-31 09:26:54'),(184481,59,'1111','Shelf','3_7','','start_using','管理员（不要改）','2018-08-31 09:26:54','管理员（不要改）','2018-08-31 09:26:54'),(184482,59,'1111','Shelf','4_2','','start_using','管理员（不要改）','2018-08-31 09:26:54','管理员（不要改）','2018-08-31 09:26:54'),(184483,59,'1_1','Shelf','6_2','','start_using','管理员（不要改）','2018-08-31 09:26:54','管理员（不要改）','2018-08-31 09:26:54'),(184484,59,'1111','Shelf','4_2','','start_using','管理员（不要改）','2018-08-31 09:26:54','管理员（不要改）','2018-08-31 09:26:54'),(184485,59,'1111','Shelf','4_1','','start_using','管理员（不要改）','2018-08-31 09:26:54','管理员（不要改）','2018-08-31 09:26:54'),(184486,59,'1111','Shelf','4_3','','start_using','管理员（不要改）','2018-08-31 09:26:54','管理员（不要改）','2018-08-31 09:26:54'),(184487,59,'1111','Shelf','4_3','','start_using','管理员（不要改）','2018-08-31 09:26:54','管理员（不要改）','2018-08-31 09:26:54'),(184488,59,'1_1','Shelf','6_3','','start_using','管理员（不要改）','2018-08-31 09:26:54','管理员（不要改）','2018-08-31 09:26:54'),(184489,59,'1111','Shelf','4_2','','start_using','管理员（不要改）','2018-08-31 09:26:54','管理员（不要改）','2018-08-31 09:26:54'),(184490,59,'1_1','Shelf','6_4','','start_using','管理员（不要改）','2018-08-31 09:26:55','管理员（不要改）','2018-08-31 09:26:55'),(184491,59,'1111','Shelf','4_4','','start_using','管理员（不要改）','2018-08-31 09:26:55','管理员（不要改）','2018-08-31 09:26:55'),(184492,59,'1111','Shelf','4_4','','start_using','管理员（不要改）','2018-08-31 09:26:55','管理员（不要改）','2018-08-31 09:26:55'),(184493,59,'1111','Shelf','4_3','','start_using','管理员（不要改）','2018-08-31 09:26:55','管理员（不要改）','2018-08-31 09:26:55'),(184494,59,'1111','Shelf','4_5','','start_using','管理员（不要改）','2018-08-31 09:26:55','管理员（不要改）','2018-08-31 09:26:55'),(184495,59,'1111','Shelf','4_4','','start_using','管理员（不要改）','2018-08-31 09:26:55','管理员（不要改）','2018-08-31 09:26:55'),(184496,59,'1111','Shelf','4_5','','start_using','管理员（不要改）','2018-08-31 09:26:55','管理员（不要改）','2018-08-31 09:26:55'),(184497,59,'1_1','Shelf','6_5','','start_using','管理员（不要改）','2018-08-31 09:26:55','管理员（不要改）','2018-08-31 09:26:55'),(184498,59,'1111','Shelf','4_6','','start_using','管理员（不要改）','2018-08-31 09:26:55','管理员（不要改）','2018-08-31 09:26:55'),(184499,59,'1_1','Shelf','6_6','','start_using','管理员（不要改）','2018-08-31 09:26:55','管理员（不要改）','2018-08-31 09:26:55'),(184500,59,'1111','Shelf','4_5','','start_using','管理员（不要改）','2018-08-31 09:26:55','管理员（不要改）','2018-08-31 09:26:55'),(184501,59,'1111','Shelf','4_6','','start_using','管理员（不要改）','2018-08-31 09:26:55','管理员（不要改）','2018-08-31 09:26:55'),(184502,59,'1111','Shelf','4_6','','start_using','管理员（不要改）','2018-08-31 09:26:55','管理员（不要改）','2018-08-31 09:26:55'),(184503,59,'1111','Shelf','4_7','','start_using','管理员（不要改）','2018-08-31 09:26:55','管理员（不要改）','2018-08-31 09:26:55'),(184504,59,'1111','Shelf','4_7','','start_using','管理员（不要改）','2018-08-31 09:26:55','管理员（不要改）','2018-08-31 09:26:55'),(184505,59,'1_1','Shelf','6_7','','start_using','管理员（不要改）','2018-08-31 09:26:55','管理员（不要改）','2018-08-31 09:26:55'),(184506,59,'1111','Shelf','5_1','','start_using','管理员（不要改）','2018-08-31 09:26:55','管理员（不要改）','2018-08-31 09:26:55'),(184507,59,'1111','Shelf','5_1','','start_using','管理员（不要改）','2018-08-31 09:26:55','管理员（不要改）','2018-08-31 09:26:55'),(184508,59,'1111','Shelf','4_7','','start_using','管理员（不要改）','2018-08-31 09:26:55','管理员（不要改）','2018-08-31 09:26:55'),(184509,59,'1111','Shelf','5_1','','start_using','管理员（不要改）','2018-08-31 09:26:56','管理员（不要改）','2018-08-31 09:26:56'),(184510,59,'1111','Shelf','5_2','','start_using','管理员（不要改）','2018-08-31 09:26:56','管理员（不要改）','2018-08-31 09:26:56'),(184511,59,'1111','Shelf','5_2','','start_using','管理员（不要改）','2018-08-31 09:26:56','管理员（不要改）','2018-08-31 09:26:56'),(184512,59,'1111','Shelf','5_3','','start_using','管理员（不要改）','2018-08-31 09:26:56','管理员（不要改）','2018-08-31 09:26:56'),(184513,59,'1111','Shelf','5_3','','start_using','管理员（不要改）','2018-08-31 09:26:56','管理员（不要改）','2018-08-31 09:26:56'),(184514,59,'1111','Shelf','5_2','','start_using','管理员（不要改）','2018-08-31 09:26:56','管理员（不要改）','2018-08-31 09:26:56'),(184515,59,'1111','Shelf','5_4','','start_using','管理员（不要改）','2018-08-31 09:26:56','管理员（不要改）','2018-08-31 09:26:56'),(184516,59,'1111','Shelf','5_3','','start_using','管理员（不要改）','2018-08-31 09:26:56','管理员（不要改）','2018-08-31 09:26:56'),(184517,59,'1111','Shelf','5_4','','start_using','管理员（不要改）','2018-08-31 09:26:56','管理员（不要改）','2018-08-31 09:26:56'),(184518,59,'1111','Shelf','5_4','','start_using','管理员（不要改）','2018-08-31 09:26:56','管理员（不要改）','2018-08-31 09:26:56'),(184519,59,'1111','Shelf','5_5','','start_using','管理员（不要改）','2018-08-31 09:26:57','管理员（不要改）','2018-08-31 09:26:57'),(184520,59,'1111','Shelf','5_5','','start_using','管理员（不要改）','2018-08-31 09:26:57','管理员（不要改）','2018-08-31 09:26:57'),(184521,59,'1111','Shelf','5_5','','start_using','管理员（不要改）','2018-08-31 09:26:57','管理员（不要改）','2018-08-31 09:26:57'),(184522,59,'1111','Shelf','5_6','','start_using','管理员（不要改）','2018-08-31 09:26:57','管理员（不要改）','2018-08-31 09:26:57'),(184523,59,'1111','Shelf','5_6','','start_using','管理员（不要改）','2018-08-31 09:26:57','管理员（不要改）','2018-08-31 09:26:57'),(184524,59,'1111','Shelf','5_6','','start_using','管理员（不要改）','2018-08-31 09:26:57','管理员（不要改）','2018-08-31 09:26:57'),(184525,59,'1111','Shelf','5_7','','start_using','管理员（不要改）','2018-08-31 09:26:57','管理员（不要改）','2018-08-31 09:26:57'),(184526,59,'1111','Shelf','5_7','','start_using','管理员（不要改）','2018-08-31 09:26:57','管理员（不要改）','2018-08-31 09:26:57'),(184527,59,'1111','Shelf','6_1','','start_using','管理员（不要改）','2018-08-31 09:26:57','管理员（不要改）','2018-08-31 09:26:57'),(184528,59,'1111','Shelf','5_7','','start_using','管理员（不要改）','2018-08-31 09:26:57','管理员（不要改）','2018-08-31 09:26:57'),(184529,59,'1111','Shelf','6_1','','start_using','管理员（不要改）','2018-08-31 09:26:57','管理员（不要改）','2018-08-31 09:26:57'),(184530,59,'1111','Shelf','6_2','','start_using','管理员（不要改）','2018-08-31 09:26:57','管理员（不要改）','2018-08-31 09:26:57'),(184531,59,'1111','Shelf','6_2','','start_using','管理员（不要改）','2018-08-31 09:26:57','管理员（不要改）','2018-08-31 09:26:57'),(184532,59,'1111','Shelf','6_1','','start_using','管理员（不要改）','2018-08-31 09:26:57','管理员（不要改）','2018-08-31 09:26:57'),(184533,59,'1111','Shelf','6_3','','start_using','管理员（不要改）','2018-08-31 09:26:57','管理员（不要改）','2018-08-31 09:26:57'),(184534,59,'1111','Shelf','6_3','','start_using','管理员（不要改）','2018-08-31 09:26:57','管理员（不要改）','2018-08-31 09:26:57'),(184535,59,'1111','Shelf','6_2','','start_using','管理员（不要改）','2018-08-31 09:26:57','管理员（不要改）','2018-08-31 09:26:57'),(184536,59,'1111','Shelf','6_4','','start_using','管理员（不要改）','2018-08-31 09:26:57','管理员（不要改）','2018-08-31 09:26:57'),(184537,59,'1111','Shelf','6_4','','start_using','管理员（不要改）','2018-08-31 09:26:57','管理员（不要改）','2018-08-31 09:26:57'),(184538,59,'1111','Shelf','6_3','','start_using','管理员（不要改）','2018-08-31 09:26:57','管理员（不要改）','2018-08-31 09:26:57'),(184539,59,'1111','Shelf','6_4','','start_using','管理员（不要改）','2018-08-31 09:26:57','管理员（不要改）','2018-08-31 09:26:57'),(184540,59,'1111','Shelf','6_5','','start_using','管理员（不要改）','2018-08-31 09:26:57','管理员（不要改）','2018-08-31 09:26:57'),(184541,59,'1111','Shelf','6_5','','start_using','管理员（不要改）','2018-08-31 09:26:57','管理员（不要改）','2018-08-31 09:26:57'),(184542,59,'1111','Shelf','6_6','','start_using','管理员（不要改）','2018-08-31 09:26:57','管理员（不要改）','2018-08-31 09:26:57'),(184543,59,'1111','Shelf','6_6','','start_using','管理员（不要改）','2018-08-31 09:26:57','管理员（不要改）','2018-08-31 09:26:57'),(184544,59,'1111','Shelf','6_5','','start_using','管理员（不要改）','2018-08-31 09:26:57','管理员（不要改）','2018-08-31 09:26:57'),(184545,59,'1111','Shelf','6_6','','start_using','管理员（不要改）','2018-08-31 09:26:57','管理员（不要改）','2018-08-31 09:26:57'),(184546,59,'1111','Shelf','6_7','','start_using','管理员（不要改）','2018-08-31 09:26:57','管理员（不要改）','2018-08-31 09:26:57'),(184547,59,'1111','Shelf','6_7','','start_using','管理员（不要改）','2018-08-31 09:26:57','管理员（不要改）','2018-08-31 09:26:57'),(184548,59,'1111','Shelf','6_7','','start_using','管理员（不要改）','2018-08-31 09:26:57','管理员（不要改）','2018-08-31 09:26:57'),(184549,67,'2018','Shelf','HJ1_1','','start_using','管理员（不要改）','2018-09-05 16:21:21','管理员（不要改）','2018-09-05 16:21:21'),(184550,67,'2018','Shelf','HJ1_2','','start_using','管理员（不要改）','2018-09-05 16:21:21','管理员（不要改）','2018-09-05 16:21:21'),(184551,67,'2018','Shelf','HJ1_3','','start_using','管理员（不要改）','2018-09-05 16:21:21','管理员（不要改）','2018-09-05 16:21:21'),(184552,67,'2018','Shelf','HJ1_4','','start_using','管理员（不要改）','2018-09-05 16:21:21','管理员（不要改）','2018-09-05 16:21:21'),(184553,67,'2018','Shelf','HJ1_5','','start_using','管理员（不要改）','2018-09-05 16:21:21','管理员（不要改）','2018-09-05 16:21:21'),(184554,67,'2018','Shelf','HJ1_6','','start_using','管理员（不要改）','2018-09-05 16:21:21','管理员（不要改）','2018-09-05 16:21:21'),(184555,67,'2018','Shelf','HJ1_7','','start_using','管理员（不要改）','2018-09-05 16:21:21','管理员（不要改）','2018-09-05 16:21:21'),(184556,67,'2018','Shelf','HJ1_8','','start_using','管理员（不要改）','2018-09-05 16:21:21','管理员（不要改）','2018-09-05 16:21:21'),(184557,67,'2018','Shelf','HJ1_9','','start_using','管理员（不要改）','2018-09-05 16:21:21','管理员（不要改）','2018-09-05 16:21:21'),(184558,67,'2018','Shelf','HJ1_10','','start_using','管理员（不要改）','2018-09-05 16:21:21','管理员（不要改）','2018-09-05 16:21:21'),(184559,59,'FJH2018','Shelf','HJ1_1','','start_using','管理员（不要改）','2018-09-05 16:22:25','管理员（不要改）','2018-09-05 16:22:25'),(184560,59,'FJH2018','Shelf','HJ1_2','','start_using','管理员（不要改）','2018-09-05 16:22:25','管理员（不要改）','2018-09-05 16:22:25'),(184561,59,'FJH2018','Shelf','HJ1_3','','start_using','管理员（不要改）','2018-09-05 16:22:25','管理员（不要改）','2018-09-05 16:22:25'),(184562,59,'FJH2018','Shelf','HJ1_4','','start_using','管理员（不要改）','2018-09-05 16:22:25','管理员（不要改）','2018-09-05 16:22:25'),(184563,59,'FJH2018','Shelf','HJ1_5','','start_using','管理员（不要改）','2018-09-05 16:22:25','管理员（不要改）','2018-09-05 16:22:25'),(184564,59,'FJH2018','Shelf','HJ1_6','','start_using','管理员（不要改）','2018-09-05 16:22:25','管理员（不要改）','2018-09-05 16:22:25'),(184565,59,'FJH2018','Shelf','HJ1_7','','start_using','管理员（不要改）','2018-09-05 16:22:25','管理员（不要改）','2018-09-05 16:22:25'),(184566,59,'FJH2018','Shelf','HJ1_8','','start_using','管理员（不要改）','2018-09-05 16:22:25','管理员（不要改）','2018-09-05 16:22:25'),(184567,59,'FJH2018','Shelf','HJ1_9','','start_using','管理员（不要改）','2018-09-05 16:22:25','管理员（不要改）','2018-09-05 16:22:25'),(184568,59,'FJH2018','Shelf','HJ1_10','','start_using','管理员（不要改）','2018-09-05 16:22:25','管理员（不要改）','2018-09-05 16:22:25'),(184569,59,'2018','Shelf','HJ1_1','','start_using','管理员（不要改）','2018-09-05 16:23:57','管理员（不要改）','2018-09-05 16:23:57'),(184570,59,'2018','Shelf','HJ1_2','','start_using','管理员（不要改）','2018-09-05 16:24:00','管理员（不要改）','2018-09-05 16:24:00'),(184571,59,'2018','Shelf','HJ1_3','','start_using','管理员（不要改）','2018-09-05 16:24:02','管理员（不要改）','2018-09-05 16:24:02'),(184572,59,'2018','Shelf','HJ1_4','','start_using','管理员（不要改）','2018-09-05 16:24:04','管理员（不要改）','2018-09-05 16:24:04'),(184573,59,'2018','Shelf','HJ1_5','','start_using','管理员（不要改）','2018-09-05 16:24:10','管理员（不要改）','2018-09-05 16:24:10'),(184574,59,'2018','Shelf','HJ1_6','','start_using','管理员（不要改）','2018-09-05 16:24:12','管理员（不要改）','2018-09-05 16:24:12'),(184575,59,'2018','Shelf','HJ1_7','','start_using','管理员（不要改）','2018-09-05 16:24:12','管理员（不要改）','2018-09-05 16:24:12'),(184576,59,'2018','Shelf','HJ1_8','','start_using','管理员（不要改）','2018-09-05 16:24:12','管理员（不要改）','2018-09-05 16:24:12'),(184577,59,'2018','Shelf','HJ1_9','','start_using','管理员（不要改）','2018-09-05 16:24:12','管理员（不要改）','2018-09-05 16:24:12'),(184578,59,'2018','Shelf','HJ1_10','','start_using','管理员（不要改）','2018-09-05 16:24:12','管理员（不要改）','2018-09-05 16:24:12'),(184579,59,'2018','Shelf','HJ1_1','','start_using','管理员（不要改）','2018-09-05 16:25:10','管理员（不要改）','2018-09-05 16:25:10'),(184580,59,'2018','Shelf','HJ1_2','','start_using','管理员（不要改）','2018-09-05 16:25:10','管理员（不要改）','2018-09-05 16:25:10'),(184581,59,'2018','Shelf','HJ1_3','','start_using','管理员（不要改）','2018-09-05 16:25:10','管理员（不要改）','2018-09-05 16:25:10'),(184582,59,'2018','Shelf','HJ1_4','','start_using','管理员（不要改）','2018-09-05 16:25:10','管理员（不要改）','2018-09-05 16:25:10'),(184583,59,'2018','Shelf','HJ1_5','','start_using','管理员（不要改）','2018-09-05 16:25:10','管理员（不要改）','2018-09-05 16:25:10'),(184584,59,'2018','Shelf','HJ1_6','','start_using','管理员（不要改）','2018-09-05 16:25:10','管理员（不要改）','2018-09-05 16:25:10'),(184585,59,'2018','Shelf','HJ1_7','','start_using','管理员（不要改）','2018-09-05 16:25:10','管理员（不要改）','2018-09-05 16:25:10'),(184586,59,'2018','Shelf','HJ1_8','','start_using','管理员（不要改）','2018-09-05 16:25:10','管理员（不要改）','2018-09-05 16:25:10'),(184587,59,'2018','Shelf','HJ1_9','','start_using','管理员（不要改）','2018-09-05 16:25:11','管理员（不要改）','2018-09-05 16:25:11'),(184588,59,'2018','Shelf','HJ1_10','','start_using','管理员（不要改）','2018-09-05 16:25:11','管理员（不要改）','2018-09-05 16:25:11'),(184589,59,'2018','Shelf','HJ1_11','','start_using','管理员（不要改）','2018-09-05 16:28:59','管理员（不要改）','2018-09-05 16:28:59'),(184590,59,'2018','Shelf','HJ1_12','','start_using','管理员（不要改）','2018-09-05 16:28:59','管理员（不要改）','2018-09-05 16:28:59'),(184591,59,'2018','Shelf','HJ1_13','','start_using','管理员（不要改）','2018-09-05 16:29:00','管理员（不要改）','2018-09-05 16:29:00'),(184592,59,'2018','Shelf','HJ1_14','','start_using','管理员（不要改）','2018-09-05 16:29:00','管理员（不要改）','2018-09-05 16:29:00'),(184593,59,'2018','Shelf','HJ1_15','','start_using','管理员（不要改）','2018-09-05 16:29:00','管理员（不要改）','2018-09-05 16:29:00'),(184594,59,'2018','Shelf','HJ1_16','','start_using','管理员（不要改）','2018-09-05 16:29:00','管理员（不要改）','2018-09-05 16:29:00'),(184595,59,'2018','Shelf','HJ1_17','','start_using','管理员（不要改）','2018-09-05 16:29:00','管理员（不要改）','2018-09-05 16:29:00'),(184596,59,'2018','Shelf','HJ1_18','','start_using','管理员（不要改）','2018-09-05 16:29:00','管理员（不要改）','2018-09-05 16:29:00'),(184597,59,'2018','Shelf','HJ1_19','','start_using','管理员（不要改）','2018-09-05 16:29:00','管理员（不要改）','2018-09-05 16:29:00'),(184598,59,'2018','Shelf','HJ1_20','','start_using','管理员（不要改）','2018-09-05 16:29:00','管理员（不要改）','2018-09-05 16:29:00'),(184599,59,'2018','Shelf','HJ2_1','','start_using','管理员（不要改）','2018-09-05 16:33:51','管理员（不要改）','2018-09-05 16:33:51'),(184600,59,'2018','Shelf','HJ2_2','','start_using','管理员（不要改）','2018-09-05 16:33:51','管理员（不要改）','2018-09-05 16:33:51'),(184601,59,'2018','Shelf','HJ2_3','','start_using','管理员（不要改）','2018-09-05 16:33:51','管理员（不要改）','2018-09-05 16:33:51'),(184602,59,'2018','Shelf','HJ2_4','','start_using','管理员（不要改）','2018-09-05 16:33:51','管理员（不要改）','2018-09-05 16:33:51'),(184603,59,'2018','Shelf','HJ2_5','','start_using','管理员（不要改）','2018-09-05 16:33:51','管理员（不要改）','2018-09-05 16:33:51'),(184604,59,'2018','Shelf','HJ2_6','','start_using','管理员（不要改）','2018-09-05 16:33:51','管理员（不要改）','2018-09-05 16:33:51'),(184605,59,'2018','Shelf','HJ2_7','','start_using','管理员（不要改）','2018-09-05 16:33:51','管理员（不要改）','2018-09-05 16:33:51'),(184606,59,'2018','Shelf','HJ2_8','','start_using','管理员（不要改）','2018-09-05 16:33:51','管理员（不要改）','2018-09-05 16:33:51'),(184607,59,'2018','Shelf','HJ2_9','','start_using','管理员（不要改）','2018-09-05 16:33:51','管理员（不要改）','2018-09-05 16:33:51'),(184608,59,'2018','Shelf','HJ2_10','','start_using','管理员（不要改）','2018-09-05 16:33:51','管理员（不要改）','2018-09-05 16:33:51'),(184609,67,'101','Shelf','HJ1_1','','start_using','管理员（不要改）','2018-09-05 16:58:48','管理员（不要改）','2018-09-05 16:58:48'),(184610,67,'101','Shelf','HJ1_2','','start_using','管理员（不要改）','2018-09-05 16:58:48','管理员（不要改）','2018-09-05 16:58:48'),(184611,67,'101','Shelf','HJ1_3','','start_using','管理员（不要改）','2018-09-05 16:58:48','管理员（不要改）','2018-09-05 16:58:48'),(184612,67,'101','Shelf','HJ1_4','','start_using','管理员（不要改）','2018-09-05 16:58:48','管理员（不要改）','2018-09-05 16:58:48'),(184613,67,'101','Shelf','HJ1_5','','start_using','管理员（不要改）','2018-09-05 16:58:48','管理员（不要改）','2018-09-05 16:58:48'),(184614,67,'101','Shelf','HJ1_6','','start_using','管理员（不要改）','2018-09-05 16:58:48','管理员（不要改）','2018-09-05 16:58:48'),(184615,67,'101','Shelf','HJ1_7','','start_using','管理员（不要改）','2018-09-05 16:58:48','管理员（不要改）','2018-09-05 16:58:48'),(184616,67,'101','Shelf','HJ1_8','','start_using','管理员（不要改）','2018-09-05 16:58:48','管理员（不要改）','2018-09-05 16:58:48'),(184617,67,'101','Shelf','HJ1_9','','start_using','管理员（不要改）','2018-09-05 16:58:48','管理员（不要改）','2018-09-05 16:58:48'),(184618,67,'101','Shelf','HJ1_10','','start_using','管理员（不要改）','2018-09-05 16:58:48','管理员（不要改）','2018-09-05 16:58:48'),(184619,67,'102','Shelf','HJ1_1','','start_using','管理员（不要改）','2018-09-05 17:00:01','管理员（不要改）','2018-09-05 17:00:01'),(184620,67,'102','Shelf','HJ1_2','','start_using','管理员（不要改）','2018-09-05 17:00:01','管理员（不要改）','2018-09-05 17:00:01'),(184621,67,'102','Shelf','HJ1_3','','start_using','管理员（不要改）','2018-09-05 17:00:01','管理员（不要改）','2018-09-05 17:00:01'),(184622,67,'102','Shelf','HJ1_4','','start_using','管理员（不要改）','2018-09-05 17:00:01','管理员（不要改）','2018-09-05 17:00:01'),(184623,67,'102','Shelf','HJ1_5','','start_using','管理员（不要改）','2018-09-05 17:00:01','管理员（不要改）','2018-09-05 17:00:01'),(184624,67,'102','Shelf','HJ1_6','','start_using','管理员（不要改）','2018-09-05 17:00:01','管理员（不要改）','2018-09-05 17:00:01'),(184625,67,'102','Shelf','HJ1_7','','start_using','管理员（不要改）','2018-09-05 17:00:01','管理员（不要改）','2018-09-05 17:00:01'),(184626,67,'102','Shelf','HJ1_8','','start_using','管理员（不要改）','2018-09-05 17:00:01','管理员（不要改）','2018-09-05 17:00:01'),(184627,67,'102','Shelf','HJ1_9','','start_using','管理员（不要改）','2018-09-05 17:00:01','管理员（不要改）','2018-09-05 17:00:01'),(184628,67,'102','Shelf','HJ1_10','','start_using','管理员（不要改）','2018-09-05 17:00:01','管理员（不要改）','2018-09-05 17:00:01'),(184629,67,'101','Shelf','HJ2_1','','start_using','管理员（不要改）','2018-09-05 17:00:44','管理员（不要改）','2018-09-05 17:00:44'),(184630,67,'101','Shelf','HJ2_2','','start_using','管理员（不要改）','2018-09-05 17:00:44','管理员（不要改）','2018-09-05 17:00:44'),(184631,67,'101','Shelf','HJ2_3','','start_using','管理员（不要改）','2018-09-05 17:00:44','管理员（不要改）','2018-09-05 17:00:44'),(184632,67,'101','Shelf','HJ2_4','','start_using','管理员（不要改）','2018-09-05 17:00:44','管理员（不要改）','2018-09-05 17:00:44'),(184633,67,'101','Shelf','HJ2_5','','start_using','管理员（不要改）','2018-09-05 17:00:44','管理员（不要改）','2018-09-05 17:00:44'),(184634,67,'101','Shelf','HJ2_6','','start_using','管理员（不要改）','2018-09-05 17:00:44','管理员（不要改）','2018-09-05 17:00:44'),(184635,67,'101','Shelf','HJ2_7','','start_using','管理员（不要改）','2018-09-05 17:00:44','管理员（不要改）','2018-09-05 17:00:44'),(184636,67,'101','Shelf','HJ2_8','','start_using','管理员（不要改）','2018-09-05 17:00:44','管理员（不要改）','2018-09-05 17:00:44'),(184637,67,'101','Shelf','HJ2_9','','start_using','管理员（不要改）','2018-09-05 17:00:44','管理员（不要改）','2018-09-05 17:00:44'),(184638,67,'101','Shelf','HJ2_10','','start_using','管理员（不要改）','2018-09-05 17:00:44','管理员（不要改）','2018-09-05 17:00:44'),(184639,66,'001','Shelf','CSCK1-1_1_1','','start_using','管理员（不要改）','2018-09-06 09:33:59','管理员（不要改）','2018-09-06 09:33:59'),(184640,66,'001','Shelf','CSCK1-1_1_2','','start_using','管理员（不要改）','2018-09-06 09:33:59','管理员（不要改）','2018-09-06 09:33:59'),(184641,66,'001','Shelf','CSCK1-1_1_3','','start_using','管理员（不要改）','2018-09-06 09:33:59','管理员（不要改）','2018-09-06 09:33:59'),(184642,66,'001','Shelf','CSCK1-1_1_4','','start_using','管理员（不要改）','2018-09-06 09:33:59','管理员（不要改）','2018-09-06 09:33:59'),(184643,66,'001','Shelf','CSCK1-1_2_1','','start_using','管理员（不要改）','2018-09-06 09:33:59','管理员（不要改）','2018-09-06 09:33:59'),(184644,66,'001','Shelf','CSCK1-1_2_2','','start_using','管理员（不要改）','2018-09-06 09:33:59','管理员（不要改）','2018-09-06 09:33:59'),(184645,66,'001','Shelf','CSCK1-1_2_3','','start_using','管理员（不要改）','2018-09-06 09:33:59','管理员（不要改）','2018-09-06 09:33:59'),(184646,66,'001','Shelf','CSCK1-1_2_4','','start_using','管理员（不要改）','2018-09-06 09:33:59','管理员（不要改）','2018-09-06 09:33:59'),(184647,66,'001','Shelf','CSCK1-1_3_1','','start_using','管理员（不要改）','2018-09-06 09:33:59','管理员（不要改）','2018-09-06 09:33:59'),(184648,66,'001','Shelf','CSCK1-1_3_2','','start_using','管理员（不要改）','2018-09-06 09:33:59','管理员（不要改）','2018-09-06 09:33:59'),(184649,66,'001','Shelf','CSCK1-1_3_3','','start_using','管理员（不要改）','2018-09-06 09:33:59','管理员（不要改）','2018-09-06 09:33:59'),(184650,66,'001','Shelf','CSCK1-1_3_4','','start_using','管理员（不要改）','2018-09-06 09:33:59','管理员（不要改）','2018-09-06 09:33:59'),(184651,66,'001','Shelf','CSCK1-1_4_1','','start_using','管理员（不要改）','2018-09-06 09:33:59','管理员（不要改）','2018-09-06 09:33:59'),(184652,66,'001','Shelf','CSCK1-1_4_2','','start_using','管理员（不要改）','2018-09-06 09:33:59','管理员（不要改）','2018-09-06 09:33:59'),(184653,66,'001','Shelf','CSCK1-1_4_3','','start_using','管理员（不要改）','2018-09-06 09:33:59','管理员（不要改）','2018-09-06 09:33:59'),(184654,66,'001','Shelf','CSCK1-1_4_4','','start_using','管理员（不要改）','2018-09-06 09:33:59','管理员（不要改）','2018-09-06 09:33:59'),(184655,66,'001','Shelf','CSCK1-1_5_1','','start_using','管理员（不要改）','2018-09-06 09:34:00','管理员（不要改）','2018-09-06 09:34:00'),(184656,66,'001','Shelf','CSCK1-1_5_2','','start_using','管理员（不要改）','2018-09-06 09:34:00','管理员（不要改）','2018-09-06 09:34:00'),(184657,66,'001','Shelf','CSCK1-1_5_3','','start_using','管理员（不要改）','2018-09-06 09:34:00','管理员（不要改）','2018-09-06 09:34:00'),(184658,66,'001','Shelf','CSCK1-1_5_4','','start_using','管理员（不要改）','2018-09-06 09:34:00','管理员（不要改）','2018-09-06 09:34:00'),(184659,64,'001','Shelf','HG1_1_1','','start_using','管理员（不要改）','2018-09-06 11:20:13','管理员（不要改）','2018-09-06 11:20:13'),(184660,64,'001','Shelf','HG1_1_2','','start_using','管理员（不要改）','2018-09-06 11:20:13','管理员（不要改）','2018-09-06 11:20:13'),(184661,64,'001','Shelf','HG1_2_1','','start_using','管理员（不要改）','2018-09-06 11:20:13','管理员（不要改）','2018-09-06 11:20:13'),(184662,64,'001','Shelf','HG1_2_2','','start_using','管理员（不要改）','2018-09-06 11:20:13','管理员（不要改）','2018-09-06 11:20:13'),(184663,64,'001','Shelf','HG1_3_1','','start_using','管理员（不要改）','2018-09-06 11:20:13','管理员（不要改）','2018-09-06 11:20:13'),(184664,64,'001','Shelf','HG1_3_2','','start_using','管理员（不要改）','2018-09-06 11:20:13','管理员（不要改）','2018-09-06 11:20:13'),(184667,59,'中101','Shelf','1_1','','start_using','管理员（不要改）','2018-09-11 11:32:03','管理员（不要改）','2018-09-11 11:32:03'),(184668,59,'中101','Shelf','中101_123','','start_using','管理员（不要改）','2018-09-11 15:35:34','管理员（不要改）','2018-09-11 15:35:34'),(184669,59,'中101','Shelf','中101_789','','start_using','管理员（不要改）','2018-09-11 16:39:34','管理员（不要改）','2018-09-11 16:39:34'),(184670,59,'中101','Shelf','XXXX','','start_using','管理员（不要改）','2018-09-11 16:39:34','管理员（不要改）','2018-09-11 16:39:34'),(184671,59,'0927','Shelf','H_1_1','','start_using','管理员（不要改）','2018-09-27 15:23:21','管理员（不要改）','2018-09-27 15:23:21'),(184672,59,'0927','Shelf','H_1_2','','start_using','管理员（不要改）','2018-09-27 15:23:21','管理员（不要改）','2018-09-27 15:23:21'),(184673,59,'0927','Shelf','H_2_1','','start_using','管理员（不要改）','2018-09-27 15:23:21','管理员（不要改）','2018-09-27 15:23:21'),(184674,59,'0927','Shelf','H_2_2','','start_using','管理员（不要改）','2018-09-27 15:23:21','管理员（不要改）','2018-09-27 15:23:21'),(184675,59,'0927','Container','H_1_3','','start_using','管理员（不要改）','2018-09-27 15:25:02','管理员（不要改）','2018-09-27 15:25:02'),(184676,59,'0927','Container','H_2_3','','start_using','管理员（不要改）','2018-09-27 15:25:02','管理员（不要改）','2018-09-27 15:25:02'),(184677,59,'0927','Container','H_3_1','','start_using','管理员（不要改）','2018-09-27 15:25:02','管理员（不要改）','2018-09-27 15:25:02'),(184678,59,'0927','Container','H_3_2','','start_using','管理员（不要改）','2018-09-27 15:25:02','管理员（不要改）','2018-09-27 15:25:02'),(184679,59,'0927','Container','H_3_3','','start_using','管理员（不要改）','2018-09-27 15:25:02','管理员（不要改）','2018-09-27 15:25:02');

/*Table structure for table `stock_in_stock` */

DROP TABLE IF EXISTS `stock_in_stock`;

CREATE TABLE `stock_in_stock` (
  `inStockId` bigint(20) NOT NULL AUTO_INCREMENT COMMENT '入库单ID',
  `applyId` bigint(20) DEFAULT NULL COMMENT '业务申请ID',
  `operationSubjectId` bigint(20) DEFAULT NULL COMMENT '运营主体ID',
  `inWarehouseId` bigint(20) NOT NULL COMMENT '要入库仓库ID',
  `inStockApplyNo` varchar(32) DEFAULT NULL COMMENT '单据号',
  `inStockUser` varchar(32) DEFAULT NULL COMMENT '入库人',
  `inStockUserId` bigint(20) DEFAULT NULL COMMENT '入库人ID',
  `inDate` datetime DEFAULT NULL COMMENT '入库日期',
  `inStockType` varchar(64) DEFAULT NULL COMMENT '入库类型',
  `inStockStatus` varchar(32) DEFAULT NULL COMMENT '入库状态',
  `createUser` varchar(32) DEFAULT NULL COMMENT '添加人',
  `createTime` datetime DEFAULT CURRENT_TIMESTAMP COMMENT '创建时间',
  `modifyUser` varchar(32) DEFAULT NULL COMMENT '修改人',
  `modifyTime` datetime DEFAULT CURRENT_TIMESTAMP ON UPDATE CURRENT_TIMESTAMP COMMENT '修改时间',
  `outStockApplyNO` varchar(32) DEFAULT NULL COMMENT '出库单据号',
  `remark` varchar(512) DEFAULT NULL,
  PRIMARY KEY (`inStockId`)
) ENGINE=InnoDB AUTO_INCREMENT=14 DEFAULT CHARSET=utf8;

/*Data for the table `stock_in_stock` */

insert  into `stock_in_stock`(`inStockId`,`applyId`,`operationSubjectId`,`inWarehouseId`,`inStockApplyNo`,`inStockUser`,`inStockUserId`,`inDate`,`inStockType`,`inStockStatus`,`createUser`,`createTime`,`modifyUser`,`modifyTime`,`outStockApplyNO`,`remark`) values (1,NULL,38,59,'XP2018102420807','管理员（不要改）',47,'2018-10-26 09:51:54','newIn','alreadyIn','管理员（不要改）','2018-10-24 17:55:07','管理员（不要改）','2018-10-26 17:52:03',NULL,''),(2,3,38,59,'GH2018102470498','管理员（不要改）',47,'2018-10-25 19:55:01','useIn','alreadyIn','管理员（不要改）','2018-10-24 20:35:24','管理员（不要改）','2018-10-25 19:54:58','LQ2018102411356',NULL),(3,NULL,38,59,'XP2018102443831','管理员（不要改）',47,'2018-10-24 21:34:10','newIn','alreadyIn','管理员（不要改）','2018-10-24 21:34:10','管理员（不要改）','2018-10-24 21:34:10',NULL,''),(4,NULL,38,59,'XP2018102499856','管理员（不要改）',47,'2018-10-26 09:51:57','newIn','alreadyIn','管理员（不要改）','2018-10-24 21:38:52','管理员（不要改）','2018-10-26 17:52:03',NULL,''),(5,4,38,59,'GH2018102597958','管理员（不要改）',47,'2018-10-25 18:00:13','useIn','alreadyIn','管理员（不要改）','2018-10-25 17:59:50','管理员（不要改）','2018-10-25 18:00:15','LQ2018102552300',''),(6,5,38,59,'GH2018102691626','管理员',47,'2018-11-01 15:43:43','useIn','alreadyIn','管理员（不要改）','2018-10-26 11:36:44','管理员（不要改）','2018-11-01 15:43:46','LQ2018102582643',''),(7,NULL,38,59,'XP2018102977259','管理员（不要改）',47,'2018-10-29 16:41:49','newIn','alreadyIn','管理员（不要改）','2018-10-29 16:41:52','管理员（不要改）','2018-10-29 16:41:52',NULL,''),(8,2,38,59,'GH2018102928583',NULL,NULL,NULL,'useIn','toBeIn','管理员（不要改）','2018-10-29 17:30:48','管理员（不要改）','2018-10-29 17:30:48','LQ2018102957332',NULL),(9,7,38,59,'GH2018103154891',NULL,NULL,NULL,'useIn','toBeIn','管理员（不要改）','2018-10-31 11:29:46','管理员（不要改）','2018-10-31 11:29:46','LQ2018103137704',NULL),(10,6,38,64,'DB2018110139939',NULL,NULL,NULL,'transferIn','toBeIn','管理员','2018-11-01 13:48:39','管理员','2018-11-01 13:48:39','DB2018110111569',NULL),(11,NULL,38,59,'XP2018110161116','管理员',47,'2018-11-01 15:38:23','newIn','alreadyIn','管理员','2018-11-01 15:38:26','管理员','2018-11-01 15:38:26',NULL,''),(12,8,38,59,'GH2018110115257',NULL,NULL,NULL,'useIn','toBeIn','管理员','2018-11-01 15:51:52','管理员','2018-11-01 15:51:52','LQ2018110135249',NULL),(13,NULL,38,59,'JY2018110191138',NULL,NULL,NULL,'borrowIn','toBeIn','管理员','2018-11-01 15:54:40','管理员','2018-11-01 15:54:40','JY2018110135094',NULL);

/*Table structure for table `stock_in_stock_detail` */

DROP TABLE IF EXISTS `stock_in_stock_detail`;

CREATE TABLE `stock_in_stock_detail` (
  `inStockDetailId` bigint(20) NOT NULL AUTO_INCREMENT COMMENT '入库详单ID',
  `inStockId` bigint(20) DEFAULT NULL COMMENT '入库单ID',
  `sparePartId` bigint(20) DEFAULT NULL COMMENT '备件ID',
  `inventoryType` varchar(32) DEFAULT NULL COMMENT '库存类型',
  `inStockAcount` int(11) DEFAULT NULL COMMENT '计划入库数量',
  `alreadyInStockAcount` int(11) DEFAULT NULL COMMENT '已入库数量',
  `price` decimal(10,2) DEFAULT NULL COMMENT '单价',
  `remark` varchar(512) DEFAULT NULL COMMENT '备注',
  `goodsShelvesId` bigint(20) DEFAULT NULL COMMENT '货架Id',
  `status` varchar(32) DEFAULT NULL,
  `createUser` varchar(32) DEFAULT NULL COMMENT '添加人',
  `createTime` datetime DEFAULT CURRENT_TIMESTAMP COMMENT '创建时间',
  `modifyUser` varchar(32) DEFAULT NULL COMMENT '修改人',
  `modifyTime` datetime DEFAULT CURRENT_TIMESTAMP ON UPDATE CURRENT_TIMESTAMP COMMENT '修改时间',
  `stockId` mediumtext COMMENT '库存ID（返还和借用）',
  `supplierId` bigint(20) DEFAULT NULL,
  PRIMARY KEY (`inStockDetailId`)
) ENGINE=InnoDB AUTO_INCREMENT=31 DEFAULT CHARSET=utf8;

/*Data for the table `stock_in_stock_detail` */

insert  into `stock_in_stock_detail`(`inStockDetailId`,`inStockId`,`sparePartId`,`inventoryType`,`inStockAcount`,`alreadyInStockAcount`,`price`,`remark`,`goodsShelvesId`,`status`,`createUser`,`createTime`,`modifyUser`,`modifyTime`,`stockId`,`supplierId`) values (1,1,38,'unique',10,10,NULL,'',NULL,'normal','','2018-10-24 17:55:07','管理员（不要改）','2018-10-24 17:55:07',NULL,NULL),(2,1,39,'notUnique',10,10,NULL,'',NULL,'normal','','2018-10-24 17:55:07','','2018-10-24 17:55:07',NULL,NULL),(3,1,42,'unique',10,10,NULL,'',NULL,'normal','','2018-10-24 17:55:07','','2018-10-24 17:55:07',NULL,NULL),(4,1,41,'notUnique',10,10,NULL,'',NULL,'normal','','2018-10-24 17:55:07','','2018-10-24 17:55:07',NULL,NULL),(5,1,40,'notUnique',10,10,NULL,'',NULL,'normal','','2018-10-24 17:55:07','','2018-10-24 17:55:07',NULL,NULL),(6,1,39,'notUnique',10,10,NULL,'',NULL,'normal','','2018-10-24 17:55:07','','2018-10-24 17:55:07',NULL,NULL),(7,2,38,NULL,1,NULL,NULL,NULL,NULL,NULL,'管理员（不要改）','2018-10-24 20:35:24','管理员（不要改）','2018-10-24 20:35:24','4',NULL),(8,2,38,NULL,1,NULL,NULL,NULL,NULL,NULL,'管理员（不要改）','2018-10-24 20:35:24','管理员（不要改）','2018-10-24 20:35:24','10',NULL),(9,3,38,'notUnique',1,1,NULL,'',NULL,'normal','','2018-10-24 21:34:10','管理员（不要改）','2018-10-24 21:34:10',NULL,NULL),(10,3,39,'notUnique',1,1,NULL,'',NULL,'normal','','2018-10-24 21:34:10','','2018-10-24 21:34:10',NULL,NULL),(11,3,40,'notUnique',1,1,NULL,'',NULL,'normal','','2018-10-24 21:34:10','','2018-10-24 21:34:10',NULL,NULL),(12,4,38,'notUnique',1,1,NULL,'',NULL,'normal','','2018-10-24 21:38:52','管理员（不要改）','2018-10-24 21:38:52',NULL,NULL),(13,4,39,'notUnique',1,1,NULL,'',NULL,'normal','','2018-10-24 21:38:52','','2018-10-24 21:38:52',NULL,NULL),(14,4,40,'notUnique',1,1,NULL,'',NULL,'normal','','2018-10-24 21:38:52','','2018-10-24 21:38:52',NULL,NULL),(15,5,38,NULL,1,NULL,NULL,NULL,NULL,NULL,'管理员（不要改）','2018-10-25 17:59:50','管理员（不要改）','2018-10-25 17:59:50','7',NULL),(16,5,38,NULL,1,NULL,NULL,NULL,NULL,NULL,'管理员（不要改）','2018-10-25 17:59:50','管理员（不要改）','2018-10-25 17:59:50','6',NULL),(17,5,38,NULL,1,NULL,NULL,NULL,NULL,NULL,'管理员（不要改）','2018-10-25 17:59:50','管理员（不要改）','2018-10-25 17:59:50','5',NULL),(18,5,38,NULL,1,NULL,NULL,NULL,NULL,NULL,'管理员（不要改）','2018-10-25 17:59:50','管理员（不要改）','2018-10-25 17:59:50','3',NULL),(19,5,38,NULL,1,NULL,NULL,NULL,NULL,NULL,'管理员（不要改）','2018-10-25 17:59:50','管理员（不要改）','2018-10-25 17:59:50','2',NULL),(20,6,38,NULL,1,NULL,NULL,NULL,NULL,NULL,'管理员（不要改）','2018-10-26 11:36:44','管理员（不要改）','2018-10-26 11:36:44','30',NULL),(21,7,38,'unique',1,1,NULL,'',NULL,'normal','','2018-10-29 16:41:52','管理员（不要改）','2018-10-29 16:41:52',NULL,NULL),(22,7,39,'notUnique',1,1,NULL,'',NULL,'normal','','2018-10-29 16:41:52','','2018-10-29 16:41:52',NULL,NULL),(23,7,40,'notUnique',1,1,NULL,'',NULL,'normal','','2018-10-29 16:41:52','','2018-10-29 16:41:52',NULL,NULL),(24,8,39,NULL,1,NULL,NULL,NULL,NULL,NULL,'管理员（不要改）','2018-10-29 17:30:48','管理员（不要改）','2018-10-29 17:30:48','24',NULL),(25,9,39,NULL,1,NULL,NULL,NULL,NULL,NULL,'管理员（不要改）','2018-10-31 11:29:46','管理员（不要改）','2018-10-31 11:29:46','24',NULL),(26,9,42,NULL,1,NULL,NULL,NULL,NULL,NULL,'管理员（不要改）','2018-10-31 11:29:46','管理员（不要改）','2018-10-31 11:29:46','15',NULL),(27,10,38,NULL,1,NULL,NULL,NULL,NULL,NULL,'管理员','2018-11-01 13:48:39','管理员','2018-11-01 13:48:39','1',NULL),(28,11,38,'notUnique',1,1,NULL,'',NULL,'normal','','2018-11-01 15:38:26','管理员（不要改）','2018-11-01 15:38:26',NULL,NULL),(29,12,38,NULL,1,NULL,NULL,NULL,NULL,NULL,'管理员','2018-11-01 15:51:52','管理员','2018-11-01 15:51:52','8',NULL),(30,13,38,NULL,1,NULL,NULL,NULL,NULL,NULL,'管理员','2018-11-01 15:54:40','管理员','2018-11-01 15:54:40','9',NULL);

/*Table structure for table `stock_inventory_detail` */

DROP TABLE IF EXISTS `stock_inventory_detail`;

CREATE TABLE `stock_inventory_detail` (
  `inventoryDetailId` bigint(20) NOT NULL AUTO_INCREMENT COMMENT '盘库详情ID',
  `inventoryTaskId` bigint(20) DEFAULT NULL COMMENT '库存任务ID',
  `sparePartId` bigint(20) NOT NULL COMMENT '备件ID',
  `beforeAccount` int(11) DEFAULT NULL COMMENT '盘库前数量',
  `aftierAccount` int(11) DEFAULT NULL COMMENT '盘库后数量',
  `status` varchar(32) DEFAULT NULL COMMENT '状态',
  `inventoryDescribe` varchar(512) DEFAULT NULL COMMENT '描述',
  `createUser` varchar(32) DEFAULT NULL COMMENT '添加人',
  `createTime` datetime DEFAULT CURRENT_TIMESTAMP COMMENT '创建时间',
  `modifyUser` varchar(32) DEFAULT NULL COMMENT '修改人',
  `modifyTime` datetime DEFAULT CURRENT_TIMESTAMP ON UPDATE CURRENT_TIMESTAMP COMMENT '修改时间',
  PRIMARY KEY (`inventoryDetailId`)
) ENGINE=InnoDB AUTO_INCREMENT=37 DEFAULT CHARSET=utf8;

/*Data for the table `stock_inventory_detail` */

insert  into `stock_inventory_detail`(`inventoryDetailId`,`inventoryTaskId`,`sparePartId`,`beforeAccount`,`aftierAccount`,`status`,`inventoryDescribe`,`createUser`,`createTime`,`modifyUser`,`modifyTime`) values (1,1,38,4,0,'bad','','管理员（不要改）','2018-10-30 10:47:11','管理员（不要改）','2018-10-30 10:47:11'),(2,1,38,8,0,'normal','','管理员（不要改）','2018-10-30 10:47:11','管理员（不要改）','2018-10-30 10:47:11'),(3,1,39,22,0,'normal','','管理员（不要改）','2018-10-30 10:47:11','管理员（不要改）','2018-10-30 10:47:11'),(4,1,40,13,0,'normal','','管理员（不要改）','2018-10-30 10:47:11','管理员（不要改）','2018-10-30 10:47:11'),(5,1,41,10,0,'normal','','管理员（不要改）','2018-10-30 10:47:11','管理员（不要改）','2018-10-30 10:47:11'),(6,1,42,10,0,'normal','','管理员（不要改）','2018-10-30 10:47:11','管理员（不要改）','2018-10-30 10:47:11'),(7,2,38,4,4,'bad',NULL,'管理员（不要改）','2018-10-30 10:47:44','管理员（不要改）','2018-10-30 11:22:44'),(8,2,38,8,8,'normal',NULL,'管理员（不要改）','2018-10-30 10:47:44','管理员（不要改）','2018-10-30 11:22:44'),(9,2,39,22,22,'normal',NULL,'管理员（不要改）','2018-10-30 10:47:44','管理员（不要改）','2018-10-30 11:22:44'),(10,2,40,13,13,'normal',NULL,'管理员（不要改）','2018-10-30 10:47:44','管理员（不要改）','2018-10-30 11:22:44'),(11,2,41,10,10,'normal',NULL,'管理员（不要改）','2018-10-30 10:47:44','管理员（不要改）','2018-10-30 11:22:44'),(12,2,42,10,10,'normal',NULL,'管理员（不要改）','2018-10-30 10:47:44','管理员（不要改）','2018-10-30 11:22:44'),(13,3,38,4,0,'bad','','管理员','2018-11-01 13:49:35','管理员','2018-11-01 13:49:35'),(14,3,38,7,0,'normal','','管理员','2018-11-01 13:49:35','管理员','2018-11-01 13:49:35'),(15,3,39,21,0,'normal','','管理员','2018-11-01 13:49:35','管理员','2018-11-01 13:49:35'),(16,3,40,13,0,'normal','','管理员','2018-11-01 13:49:35','管理员','2018-11-01 13:49:35'),(17,3,41,10,0,'normal','','管理员','2018-11-01 13:49:35','管理员','2018-11-01 13:49:35'),(18,3,42,9,0,'normal','','管理员','2018-11-01 13:49:35','管理员','2018-11-01 13:49:35'),(19,4,38,4,0,'bad','','管理员','2018-11-01 13:53:32','管理员','2018-11-01 13:53:32'),(20,4,38,7,0,'normal','','管理员','2018-11-01 13:53:32','管理员','2018-11-01 13:53:32'),(21,4,39,21,0,'normal','','管理员','2018-11-01 13:53:32','管理员','2018-11-01 13:53:32'),(22,4,40,13,0,'normal','','管理员','2018-11-01 13:53:32','管理员','2018-11-01 13:53:32'),(23,4,41,10,0,'normal','','管理员','2018-11-01 13:53:32','管理员','2018-11-01 13:53:32'),(24,4,42,9,0,'normal','','管理员','2018-11-01 13:53:32','管理员','2018-11-01 13:53:32'),(25,5,38,5,0,'bad','','管理员','2018-11-02 16:35:17','管理员','2018-11-02 16:35:17'),(26,5,38,6,0,'normal','','管理员','2018-11-02 16:35:17','管理员','2018-11-02 16:35:17'),(27,5,39,21,0,'normal','','管理员','2018-11-02 16:35:17','管理员','2018-11-02 16:35:17'),(28,5,40,13,0,'normal','','管理员','2018-11-02 16:35:17','管理员','2018-11-02 16:35:17'),(29,5,41,10,0,'normal','','管理员','2018-11-02 16:35:17','管理员','2018-11-02 16:35:17'),(30,5,42,9,0,'normal','','管理员','2018-11-02 16:35:17','管理员','2018-11-02 16:35:17'),(31,6,38,5,0,'bad','','管理员','2018-11-02 17:24:17','管理员','2018-11-02 17:24:17'),(32,6,38,6,0,'normal','','管理员','2018-11-02 17:24:17','管理员','2018-11-02 17:24:17'),(33,6,39,21,0,'normal','','管理员','2018-11-02 17:24:17','管理员','2018-11-02 17:24:17'),(34,6,40,13,0,'normal','','管理员','2018-11-02 17:24:17','管理员','2018-11-02 17:24:17'),(35,6,41,10,0,'normal','','管理员','2018-11-02 17:24:17','管理员','2018-11-02 17:24:17'),(36,6,42,9,0,'normal','','管理员','2018-11-02 17:24:17','管理员','2018-11-02 17:24:17');

/*Table structure for table `stock_inventory_task` */

DROP TABLE IF EXISTS `stock_inventory_task`;

CREATE TABLE `stock_inventory_task` (
  `inventoryTaskId` bigint(20) NOT NULL AUTO_INCREMENT COMMENT '库存任务ID',
  `warehouseId` bigint(20) NOT NULL COMMENT '仓库ID',
  `batchNo` varchar(64) DEFAULT NULL COMMENT '批次号',
  `headPerson` varchar(32) DEFAULT NULL COMMENT '负责人',
  `status` varchar(32) DEFAULT NULL COMMENT '状态',
  `beginTIme` datetime DEFAULT NULL COMMENT '开始时间',
  `endTIme` datetime DEFAULT NULL COMMENT '结束时间',
  `createUser` varchar(32) DEFAULT NULL COMMENT '添加人',
  `createTime` datetime DEFAULT CURRENT_TIMESTAMP COMMENT '创建时间',
  `modifyUser` varchar(32) DEFAULT NULL COMMENT '修改人',
  `modifyTime` datetime DEFAULT CURRENT_TIMESTAMP ON UPDATE CURRENT_TIMESTAMP COMMENT '修改时间',
  `remark` varchar(512) DEFAULT NULL,
  `headPersonUserId` bigint(20) DEFAULT NULL COMMENT '负责人ID',
  `createUserId` bigint(20) DEFAULT NULL,
  PRIMARY KEY (`inventoryTaskId`)
) ENGINE=InnoDB AUTO_INCREMENT=7 DEFAULT CHARSET=utf8;

/*Data for the table `stock_inventory_task` */

insert  into `stock_inventory_task`(`inventoryTaskId`,`warehouseId`,`batchNo`,`headPerson`,`status`,`beginTIme`,`endTIme`,`createUser`,`createTime`,`modifyUser`,`modifyTime`,`remark`,`headPersonUserId`,`createUserId`) values (1,59,'PK2018103061586','报修申请（不要改）','before','2018-10-30 08:00:00','2018-11-30 08:00:00','管理员（不要改）','2018-10-30 10:47:11','管理员（不要改）','2018-10-31 16:45:25','32132112018-10-30 14:01:52222',52,47),(2,59,'PK2018103063410','管理员（不要改）','already','2018-10-30 08:00:00','2018-11-29 08:00:00','管理员（不要改）','2018-10-30 10:47:44','管理员（不要改）','2018-10-30 11:22:51','',47,47),(3,59,'PK2018110155887','2018cs','before','2018-11-01 08:00:00','2018-12-01 08:00:00','管理员','2018-11-01 13:49:35','管理员','2018-11-01 13:49:35','',64,47),(4,59,'PK2018110135790','管理员','already','2018-11-01 08:00:00','2018-12-01 08:00:00','管理员','2018-11-01 13:53:32','管理员','2018-11-01 15:59:43','',47,47),(5,59,'PK2018110242607','管理员','before','2018-11-02 08:00:00','2018-12-02 08:00:00','管理员','2018-11-02 16:35:17','管理员','2018-11-02 16:35:17','123',47,47),(6,59,'PK2018110217773','2018cs','before','2018-11-02 08:00:00','2018-12-02 08:00:00','管理员','2018-11-02 17:24:17','管理员','2018-11-02 17:24:17','',64,47);

/*Table structure for table `stock_out_stock_apply` */

DROP TABLE IF EXISTS `stock_out_stock_apply`;

CREATE TABLE `stock_out_stock_apply` (
  `outStockApplyId` bigint(20) NOT NULL AUTO_INCREMENT COMMENT '出库单ID',
  `applyId` bigint(20) DEFAULT NULL COMMENT '业务申请ID',
  `operationSubjectId` bigint(20) DEFAULT NULL COMMENT '运营主体ID',
  `outWarehouseId` bigint(20) NOT NULL COMMENT '要出库仓库ID',
  `outOrderType` varchar(64) DEFAULT NULL COMMENT '订单类型',
  `outStockApplyNO` varchar(32) DEFAULT NULL COMMENT '单据号',
  `outUser` varchar(32) DEFAULT NULL COMMENT '出库人',
  `outUserId` bigint(20) DEFAULT NULL COMMENT '出库人ID',
  `outDate` datetime DEFAULT NULL COMMENT '出库时间',
  `remark` varchar(512) DEFAULT NULL COMMENT '出库备注',
  `outApplyStatus` varchar(32) DEFAULT NULL COMMENT '订单状态',
  `modifyUser` varchar(32) DEFAULT NULL COMMENT '修改人',
  `modifyTime` datetime DEFAULT CURRENT_TIMESTAMP ON UPDATE CURRENT_TIMESTAMP COMMENT '修改时间',
  `applyDate` datetime DEFAULT NULL COMMENT '申请时间',
  PRIMARY KEY (`outStockApplyId`)
) ENGINE=InnoDB AUTO_INCREMENT=9 DEFAULT CHARSET=utf8;

/*Data for the table `stock_out_stock_apply` */

insert  into `stock_out_stock_apply`(`outStockApplyId`,`applyId`,`operationSubjectId`,`outWarehouseId`,`outOrderType`,`outStockApplyNO`,`outUser`,`outUserId`,`outDate`,`remark`,`outApplyStatus`,`modifyUser`,`modifyTime`,`applyDate`) values (1,3,38,59,'useOut','LQ2018102411356','管理员（不要改）',47,'2018-10-24 08:58:07','','alreadyOut','管理员（不要改）','2018-10-29 16:58:26','2018-10-24 20:35:02'),(2,4,38,59,'useOut','LQ2018102552300','管理员（不要改）',47,'2018-10-25 17:59:49','','alreadyOut','管理员（不要改）','2018-10-25 17:59:50','2018-10-25 17:59:12'),(3,5,38,59,'useOut','LQ2018102582643','管理员（不要改）',47,'2018-10-26 11:36:41','','alreadyOut','管理员（不要改）','2018-10-26 11:36:44','2018-10-25 18:00:40'),(4,2,38,59,'useOut','LQ2018102957332','管理员（不要改）',47,'2018-10-29 17:30:45','我是有标志的','alreadyOut','管理员（不要改）','2018-10-29 17:30:48','2018-10-29 16:48:06'),(5,7,38,59,'useOut','LQ2018103137704','管理员（不要改）',47,'2018-10-31 11:29:45','','alreadyOut','管理员（不要改）','2018-10-31 11:29:46','2018-10-31 11:28:58'),(6,6,38,59,'transferOut','DB2018110111569','管理员',47,'2018-11-01 13:48:39','','alreadyOut','管理员','2018-11-01 13:48:39','2018-11-01 13:35:00'),(7,8,38,59,'useOut','LQ2018110135249','管理员',47,'2018-11-01 15:51:50','','alreadyOut','管理员','2018-11-01 15:51:52','2018-11-01 15:49:24'),(8,NULL,38,59,'borrowOut','JY2018110135094','管理员',47,'2018-11-01 15:54:38','','alreadyOut','管理员','2018-11-01 15:54:39','2018-11-01 15:54:38');

/*Table structure for table `stock_out_stock_apply_detail` */

DROP TABLE IF EXISTS `stock_out_stock_apply_detail`;

CREATE TABLE `stock_out_stock_apply_detail` (
  `outStockApplyDetailId` bigint(20) NOT NULL AUTO_INCREMENT COMMENT '发放详情ID',
  `outStockApplyId` bigint(20) DEFAULT NULL COMMENT '出库单ID',
  `sparePartId` bigint(20) NOT NULL COMMENT '备件ID',
  `outCount` int(11) DEFAULT NULL COMMENT '待出库数量',
  `alreadyOutCount` int(11) DEFAULT NULL COMMENT '已出库数量',
  `stockStatus` varchar(32) DEFAULT NULL COMMENT '设备状态',
  PRIMARY KEY (`outStockApplyDetailId`)
) ENGINE=InnoDB AUTO_INCREMENT=11 DEFAULT CHARSET=utf8;

/*Data for the table `stock_out_stock_apply_detail` */

insert  into `stock_out_stock_apply_detail`(`outStockApplyDetailId`,`outStockApplyId`,`sparePartId`,`outCount`,`alreadyOutCount`,`stockStatus`) values (1,1,38,2,2,'normal'),(2,2,38,5,5,'normal'),(3,3,38,1,1,'bad'),(4,4,39,1,1,'normal'),(5,5,38,1,0,'normal'),(6,5,39,1,1,'normal'),(7,5,42,1,1,'normal'),(8,6,38,1,1,'normal'),(9,7,38,1,1,'normal'),(10,8,38,1,1,'normal');

/*Table structure for table `stock_out_stock_detail` */

DROP TABLE IF EXISTS `stock_out_stock_detail`;

CREATE TABLE `stock_out_stock_detail` (
  `outStockDetailId` bigint(20) NOT NULL AUTO_INCREMENT COMMENT '库存出库详情',
  `stockId` bigint(20) DEFAULT NULL COMMENT '库存ID',
  `outStockApplyDetailId` bigint(20) DEFAULT NULL COMMENT '发放详情ID',
  `outCount` int(11) DEFAULT NULL COMMENT '出库数量',
  PRIMARY KEY (`outStockDetailId`)
) ENGINE=InnoDB AUTO_INCREMENT=15 DEFAULT CHARSET=utf8;

/*Data for the table `stock_out_stock_detail` */

insert  into `stock_out_stock_detail`(`outStockDetailId`,`stockId`,`outStockApplyDetailId`,`outCount`) values (1,4,1,1),(2,10,1,1),(3,7,2,1),(4,6,2,1),(5,5,2,1),(6,3,2,1),(7,2,2,1),(8,30,3,1),(9,24,4,1),(10,24,6,1),(11,15,7,1),(12,1,8,1),(13,8,9,1),(14,9,10,1);

/*Table structure for table `stock_qr_code` */

DROP TABLE IF EXISTS `stock_qr_code`;

CREATE TABLE `stock_qr_code` (
  `qrCodeId` int(11) NOT NULL AUTO_INCREMENT COMMENT '二维码ID',
  `operationSubjectId` bigint(20) DEFAULT NULL COMMENT '运营主体ID',
  `qrCode` varchar(128) DEFAULT NULL COMMENT '二维码号码',
  `status` varchar(32) DEFAULT NULL COMMENT '状态',
  `createUser` varchar(32) DEFAULT NULL COMMENT '添加人',
  `createTime` datetime DEFAULT CURRENT_TIMESTAMP COMMENT '创建时间',
  `modifyUser` varchar(32) DEFAULT NULL COMMENT '修改人',
  `modifyTime` datetime DEFAULT CURRENT_TIMESTAMP ON UPDATE CURRENT_TIMESTAMP COMMENT '修改时间',
  `sparePartId` bigint(20) DEFAULT NULL,
  `stockId` bigint(20) DEFAULT NULL,
  PRIMARY KEY (`qrCodeId`)
) ENGINE=InnoDB AUTO_INCREMENT=11 DEFAULT CHARSET=utf8;

/*Data for the table `stock_qr_code` */

insert  into `stock_qr_code`(`qrCodeId`,`operationSubjectId`,`qrCode`,`status`,`createUser`,`createTime`,`modifyUser`,`modifyTime`,`sparePartId`,`stockId`) values (1,38,'46692485321330688','start_using','管理员（不要改）','2018-10-24 20:19:16','管理员（不要改）','2018-10-24 20:19:16',NULL,NULL),(2,38,'46692485396828160','start_using','管理员（不要改）','2018-10-24 20:19:16','管理员（不要改）','2018-10-24 20:19:16',NULL,NULL),(3,38,'46692485468131328','start_using','管理员（不要改）','2018-10-24 20:19:16','管理员（不要改）','2018-10-24 20:19:16',NULL,NULL),(4,38,'46692485535240192','start_using','管理员（不要改）','2018-10-24 20:19:16','管理员（不要改）','2018-10-24 20:19:16',NULL,NULL),(5,38,'46692485610737664','start_using','管理员（不要改）','2018-10-24 20:19:16','管理员（不要改）','2018-10-24 20:19:16',NULL,NULL),(6,38,'46692485677846528','start_using','管理员（不要改）','2018-10-24 20:19:16','管理员（不要改）','2018-10-24 20:19:16',NULL,NULL),(7,38,'46692485749149696','start_using','管理员（不要改）','2018-10-24 20:19:16','管理员（不要改）','2018-10-24 20:19:16',NULL,NULL),(8,38,'46692485820452864','start_using','管理员（不要改）','2018-10-24 20:19:16','管理员（不要改）','2018-10-24 20:19:16',NULL,NULL),(9,38,'46692485891756032','stop_using','管理员（不要改）','2018-10-24 20:19:16','管理员（不要改）','2018-10-24 20:22:51',74,0),(10,38,'46692485967253504','stop_using','管理员（不要改）','2018-10-24 20:19:16','管理员（不要改）','2018-10-24 20:19:26',74,0);

/*Table structure for table `stock_stock` */

DROP TABLE IF EXISTS `stock_stock`;

CREATE TABLE `stock_stock` (
  `stockId` bigint(20) NOT NULL AUTO_INCREMENT COMMENT '库存ID',
  `operationSubjectId` bigint(20) DEFAULT NULL COMMENT '运营主体ID',
  `supplierId` bigint(20) DEFAULT NULL COMMENT '供应商ID',
  `inStockDetailId` bigint(20) DEFAULT NULL COMMENT '入库详单ID',
  `goodsShelvesId` bigint(20) DEFAULT NULL COMMENT '货架ID',
  `sparePartId` bigint(20) NOT NULL COMMENT '备件ID',
  `inDate` datetime DEFAULT NULL COMMENT '入库日期',
  `equipmentNO` varchar(64) DEFAULT NULL COMMENT '设备编号',
  `equipmentName` varchar(128) DEFAULT NULL COMMENT '设备名称',
  `specification` varchar(128) DEFAULT NULL COMMENT '规格型号',
  `category` varchar(128) DEFAULT NULL COMMENT '物品类别',
  `qrCode` varchar(128) DEFAULT NULL COMMENT '系统二维码号',
  `serialNumber` varchar(128) DEFAULT NULL COMMENT '设备序列号',
  `account` int(11) DEFAULT NULL COMMENT '库存总数量',
  `price` decimal(10,2) DEFAULT NULL COMMENT '单价',
  `inventoryType` varchar(32) DEFAULT NULL COMMENT '库存类型',
  `remark` varchar(512) DEFAULT NULL COMMENT '备注',
  `status` varchar(32) DEFAULT NULL COMMENT '设备状态',
  `createUser` varchar(32) DEFAULT NULL COMMENT '添加人',
  `createTime` datetime DEFAULT CURRENT_TIMESTAMP COMMENT '创建时间',
  `modifyUser` varchar(32) DEFAULT NULL COMMENT '修改人',
  `modifyTime` datetime DEFAULT CURRENT_TIMESTAMP ON UPDATE CURRENT_TIMESTAMP COMMENT '修改时间',
  `spareField1` varchar(512) DEFAULT NULL COMMENT '备用字段1',
  `spareField2` varchar(512) DEFAULT NULL COMMENT '备用字段2',
  `spareField3` varchar(512) DEFAULT NULL COMMENT '备用字段3',
  `spareField4` varchar(512) DEFAULT NULL COMMENT '备用字段4',
  `spareField5` varchar(512) DEFAULT NULL COMMENT '备用字段5',
  `spareField6` varchar(512) DEFAULT NULL COMMENT '备用字段6',
  `spareField7` varchar(512) DEFAULT NULL COMMENT '备用字段7',
  `spareField8` varchar(512) DEFAULT NULL COMMENT '备用字段8',
  `spareField9` varchar(512) DEFAULT NULL COMMENT '备用字段9',
  `spareField10` varchar(512) DEFAULT NULL COMMENT '备用字段10',
  `warehouseId` bigint(20) DEFAULT NULL COMMENT '仓库ID',
  PRIMARY KEY (`stockId`)
) ENGINE=InnoDB AUTO_INCREMENT=35 DEFAULT CHARSET=utf8;

/*Data for the table `stock_stock` */

insert  into `stock_stock`(`stockId`,`operationSubjectId`,`supplierId`,`inStockDetailId`,`goodsShelvesId`,`sparePartId`,`inDate`,`equipmentNO`,`equipmentName`,`specification`,`category`,`qrCode`,`serialNumber`,`account`,`price`,`inventoryType`,`remark`,`status`,`createUser`,`createTime`,`modifyUser`,`modifyTime`,`spareField1`,`spareField2`,`spareField3`,`spareField4`,`spareField5`,`spareField6`,`spareField7`,`spareField8`,`spareField9`,`spareField10`,`warehouseId`) values (1,38,NULL,1,NULL,38,'2018-10-24 17:55:08',NULL,NULL,NULL,NULL,NULL,NULL,0,NULL,'unique','','normal','','2018-10-24 17:55:08','','2018-11-01 13:48:39',NULL,NULL,NULL,NULL,NULL,NULL,NULL,NULL,NULL,NULL,59),(2,38,NULL,1,NULL,38,'2018-10-24 17:55:08',NULL,NULL,NULL,NULL,NULL,NULL,0,NULL,'unique','','normal','','2018-10-24 17:55:08','','2018-10-25 17:59:50',NULL,NULL,NULL,NULL,NULL,NULL,NULL,NULL,NULL,NULL,59),(3,38,NULL,1,NULL,38,'2018-10-24 17:55:08',NULL,NULL,NULL,NULL,NULL,NULL,0,NULL,'unique','','normal','','2018-10-24 17:55:08','','2018-10-25 17:59:50',NULL,NULL,NULL,NULL,NULL,NULL,NULL,NULL,NULL,NULL,59),(4,38,NULL,1,NULL,38,'2018-10-24 17:55:08',NULL,NULL,NULL,NULL,NULL,NULL,0,NULL,'unique','','normal','','2018-10-24 17:55:08','','2018-10-24 20:35:23',NULL,NULL,NULL,NULL,NULL,NULL,NULL,NULL,NULL,NULL,59),(5,38,NULL,1,NULL,38,'2018-10-24 17:55:08',NULL,NULL,NULL,NULL,NULL,NULL,0,NULL,'unique','','normal','','2018-10-24 17:55:08','','2018-10-25 17:59:50',NULL,NULL,NULL,NULL,NULL,NULL,NULL,NULL,NULL,NULL,59),(6,38,NULL,1,NULL,38,'2018-10-24 17:55:08',NULL,NULL,NULL,NULL,NULL,NULL,0,NULL,'unique','','normal','','2018-10-24 17:55:08','','2018-10-25 17:59:50',NULL,NULL,NULL,NULL,NULL,NULL,NULL,NULL,NULL,NULL,59),(7,38,NULL,1,NULL,38,'2018-10-24 17:55:08',NULL,NULL,NULL,NULL,NULL,NULL,0,NULL,'unique','','normal','','2018-10-24 17:55:08','','2018-10-25 17:59:50',NULL,NULL,NULL,NULL,NULL,NULL,NULL,NULL,NULL,NULL,59),(8,38,NULL,1,NULL,38,'2018-10-24 17:55:08',NULL,NULL,NULL,NULL,NULL,NULL,0,NULL,'unique','','normal','','2018-10-24 17:55:08','','2018-11-01 15:51:52',NULL,NULL,NULL,NULL,NULL,NULL,NULL,NULL,NULL,NULL,59),(9,38,NULL,1,NULL,38,'2018-10-24 17:55:08',NULL,NULL,NULL,NULL,NULL,NULL,0,NULL,'unique','','normal','','2018-10-24 17:55:08','','2018-11-01 15:54:39',NULL,NULL,NULL,NULL,NULL,NULL,NULL,NULL,NULL,NULL,59),(10,38,NULL,1,NULL,38,'2018-10-24 17:55:08',NULL,NULL,NULL,NULL,NULL,NULL,0,NULL,'unique','','normal','','2018-10-24 17:55:08','','2018-10-24 20:35:24',NULL,NULL,NULL,NULL,NULL,NULL,NULL,NULL,NULL,NULL,59),(11,38,NULL,2,NULL,39,'2018-10-24 17:55:08',NULL,NULL,NULL,NULL,NULL,NULL,13,NULL,'notUnique','','normal','','2018-10-24 17:55:08','','2018-10-29 16:41:52',NULL,NULL,NULL,NULL,NULL,NULL,NULL,NULL,NULL,NULL,59),(12,38,NULL,3,NULL,42,'2018-10-24 17:55:08',NULL,NULL,NULL,NULL,NULL,NULL,1,NULL,'unique','','normal','','2018-10-24 17:55:08','','2018-10-24 17:55:08',NULL,NULL,NULL,NULL,NULL,NULL,NULL,NULL,NULL,NULL,59),(13,38,NULL,3,NULL,42,'2018-10-24 17:55:08',NULL,NULL,NULL,NULL,NULL,NULL,1,NULL,'unique','','normal','','2018-10-24 17:55:08','','2018-10-24 17:55:08',NULL,NULL,NULL,NULL,NULL,NULL,NULL,NULL,NULL,NULL,59),(14,38,NULL,3,NULL,42,'2018-10-24 17:55:08',NULL,NULL,NULL,NULL,NULL,NULL,1,NULL,'unique','','normal','','2018-10-24 17:55:08','','2018-10-24 17:55:08',NULL,NULL,NULL,NULL,NULL,NULL,NULL,NULL,NULL,NULL,59),(15,38,NULL,3,NULL,42,'2018-10-24 17:55:08',NULL,NULL,NULL,NULL,NULL,NULL,0,NULL,'unique','','normal','','2018-10-24 17:55:08','','2018-10-31 11:29:46',NULL,NULL,NULL,NULL,NULL,NULL,NULL,NULL,NULL,NULL,59),(16,38,NULL,3,NULL,42,'2018-10-24 17:55:09',NULL,NULL,NULL,NULL,NULL,NULL,1,NULL,'unique','','normal','','2018-10-24 17:55:08','','2018-10-24 17:55:08',NULL,NULL,NULL,NULL,NULL,NULL,NULL,NULL,NULL,NULL,59),(17,38,NULL,3,NULL,42,'2018-10-24 17:55:09',NULL,NULL,NULL,NULL,NULL,NULL,1,NULL,'unique','','normal','','2018-10-24 17:55:08','','2018-10-24 17:55:08',NULL,NULL,NULL,NULL,NULL,NULL,NULL,NULL,NULL,NULL,59),(18,38,NULL,3,NULL,42,'2018-10-24 17:55:09',NULL,NULL,NULL,NULL,NULL,NULL,1,NULL,'unique','','normal','','2018-10-24 17:55:08','','2018-10-24 17:55:08',NULL,NULL,NULL,NULL,NULL,NULL,NULL,NULL,NULL,NULL,59),(19,38,NULL,3,NULL,42,'2018-10-24 17:55:09',NULL,NULL,NULL,NULL,NULL,NULL,1,NULL,'unique','','normal','','2018-10-24 17:55:08','','2018-10-24 17:55:08',NULL,NULL,NULL,NULL,NULL,NULL,NULL,NULL,NULL,NULL,59),(20,38,NULL,3,NULL,42,'2018-10-24 17:55:09',NULL,NULL,NULL,NULL,NULL,NULL,1,NULL,'unique','','normal','','2018-10-24 17:55:08','','2018-10-24 17:55:08',NULL,NULL,NULL,NULL,NULL,NULL,NULL,NULL,NULL,NULL,59),(21,38,NULL,3,NULL,42,'2018-10-24 17:55:09',NULL,NULL,NULL,NULL,NULL,NULL,1,NULL,'unique','','normal','','2018-10-24 17:55:08','','2018-10-24 17:55:08',NULL,NULL,NULL,NULL,NULL,NULL,NULL,NULL,NULL,NULL,59),(22,38,NULL,4,NULL,41,'2018-10-24 17:55:09',NULL,NULL,NULL,NULL,NULL,NULL,10,NULL,'notUnique','','normal','','2018-10-24 17:55:09','','2018-10-24 17:55:09',NULL,NULL,NULL,NULL,NULL,NULL,NULL,NULL,NULL,NULL,59),(23,38,NULL,5,NULL,40,'2018-10-24 17:55:09',NULL,NULL,NULL,NULL,NULL,NULL,13,NULL,'notUnique','','normal','','2018-10-24 17:55:09','','2018-10-29 16:41:53',NULL,NULL,NULL,NULL,NULL,NULL,NULL,NULL,NULL,NULL,59),(24,38,NULL,6,NULL,39,'2018-10-24 17:55:09',NULL,NULL,NULL,NULL,NULL,NULL,8,NULL,'notUnique','','normal','','2018-10-24 17:55:09','','2018-10-31 11:29:46',NULL,NULL,NULL,NULL,NULL,NULL,NULL,NULL,NULL,NULL,59),(25,38,NULL,9,NULL,38,'2018-10-24 21:34:10',NULL,NULL,NULL,NULL,NULL,NULL,3,NULL,'notUnique','','normal','','2018-10-24 21:34:10','','2018-11-01 15:38:26',NULL,NULL,NULL,NULL,NULL,NULL,NULL,NULL,NULL,NULL,59),(26,38,NULL,15,NULL,38,'2018-10-25 18:00:14',NULL,NULL,NULL,NULL,NULL,NULL,1,NULL,'unique',NULL,'bad','','2018-10-25 18:00:15','','2018-10-25 18:00:15',NULL,NULL,NULL,NULL,NULL,NULL,NULL,NULL,NULL,NULL,59),(27,38,NULL,16,NULL,38,'2018-10-25 18:00:14',NULL,NULL,NULL,NULL,NULL,NULL,1,NULL,'unique',NULL,'bad','','2018-10-25 18:00:15','','2018-10-25 18:00:15',NULL,NULL,NULL,NULL,NULL,NULL,NULL,NULL,NULL,NULL,59),(28,38,NULL,17,NULL,38,'2018-10-25 18:00:14',NULL,NULL,NULL,NULL,NULL,NULL,1,NULL,'unique',NULL,'bad','','2018-10-25 18:00:15','','2018-10-25 18:00:15',NULL,NULL,NULL,NULL,NULL,NULL,NULL,NULL,NULL,NULL,59),(29,38,NULL,18,NULL,38,'2018-10-25 18:00:14',NULL,NULL,NULL,NULL,NULL,NULL,1,NULL,'unique',NULL,'bad','','2018-10-25 18:00:15','','2018-10-25 18:00:15',NULL,NULL,NULL,NULL,NULL,NULL,NULL,NULL,NULL,NULL,59),(30,38,NULL,19,NULL,38,'2018-10-25 18:00:14',NULL,NULL,NULL,NULL,NULL,NULL,0,NULL,'unique',NULL,'bad','','2018-10-25 18:00:15','','2018-10-26 11:36:44',NULL,NULL,NULL,NULL,NULL,NULL,NULL,NULL,NULL,NULL,59),(31,38,NULL,7,NULL,38,'2018-10-25 19:54:57',NULL,NULL,NULL,NULL,NULL,NULL,1,NULL,'unique',NULL,'normal','','2018-10-25 19:54:59','','2018-10-25 19:54:59',NULL,NULL,NULL,NULL,NULL,NULL,NULL,NULL,NULL,NULL,59),(32,38,NULL,8,NULL,38,'2018-10-25 19:54:58',NULL,NULL,NULL,NULL,NULL,NULL,1,NULL,'unique',NULL,'normal','','2018-10-25 19:54:59','','2018-10-25 19:54:59',NULL,NULL,NULL,NULL,NULL,NULL,NULL,NULL,NULL,NULL,59),(33,38,NULL,21,NULL,38,'2018-10-29 16:41:50',NULL,NULL,NULL,NULL,NULL,NULL,1,NULL,'unique','','normal','','2018-10-29 16:41:52','','2018-10-29 16:41:52',NULL,NULL,NULL,NULL,NULL,NULL,NULL,NULL,NULL,NULL,59),(34,38,NULL,20,NULL,38,'2018-11-01 15:43:44',NULL,NULL,NULL,NULL,NULL,NULL,1,NULL,'unique',NULL,'bad','','2018-11-01 15:43:46','','2018-11-01 15:43:46',NULL,NULL,NULL,NULL,NULL,NULL,NULL,NULL,NULL,NULL,59);

/*Table structure for table `stock_supplier` */

DROP TABLE IF EXISTS `stock_supplier`;

CREATE TABLE `stock_supplier` (
  `supplierId` bigint(20) NOT NULL AUTO_INCREMENT COMMENT '供应商ID',
  `operationSubjectId` bigint(20) DEFAULT NULL COMMENT '运营主体ID',
  `supplierName` varchar(128) DEFAULT NULL COMMENT '供应商名称',
  `abbreviation` varchar(16) DEFAULT NULL COMMENT '拼音缩写',
  `brandName` varchar(128) DEFAULT NULL COMMENT '品牌名称',
  `contacts` varchar(128) DEFAULT NULL COMMENT '联系人',
  `contactInfo` varchar(128) DEFAULT NULL COMMENT '联系方式',
  `address` varchar(128) DEFAULT NULL COMMENT '地址',
  `email` varchar(128) DEFAULT NULL COMMENT '电子邮件',
  `taxpayerNumber` varchar(128) DEFAULT NULL COMMENT '纳税人识别号',
  `bankOfDeposit` varchar(128) DEFAULT NULL COMMENT '开户银行',
  `bankAccount` varchar(128) DEFAULT NULL COMMENT '银行账户',
  `accountName` varchar(128) DEFAULT NULL COMMENT '划款户名',
  `remark` varchar(512) DEFAULT NULL COMMENT '备注',
  `status` varchar(32) DEFAULT NULL COMMENT '状态',
  `createUser` varchar(32) DEFAULT NULL COMMENT '添加人',
  `createTime` datetime DEFAULT CURRENT_TIMESTAMP COMMENT '创建时间',
  `modifyUser` varchar(32) DEFAULT NULL COMMENT '修改人',
  `modifyTime` datetime DEFAULT CURRENT_TIMESTAMP ON UPDATE CURRENT_TIMESTAMP COMMENT '修改时间',
  PRIMARY KEY (`supplierId`)
) ENGINE=InnoDB AUTO_INCREMENT=28 DEFAULT CHARSET=utf8;

/*Data for the table `stock_supplier` */

insert  into `stock_supplier`(`supplierId`,`operationSubjectId`,`supplierName`,`abbreviation`,`brandName`,`contacts`,`contactInfo`,`address`,`email`,`taxpayerNumber`,`bankOfDeposit`,`bankAccount`,`accountName`,`remark`,`status`,`createUser`,`createTime`,`modifyUser`,`modifyTime`) values (17,38,'三星','sx','三星','','','','','1321562103210321','中国银行','','','','start_using',NULL,'2018-08-02 10:12:04',NULL,'2018-08-10 18:39:54'),(18,38,'摩托罗拉','mtll','摩托罗拉','','','','','32135613213215','中国银行','','','','start_using',NULL,'2018-08-02 10:12:30',NULL,'2018-08-02 10:12:30'),(19,38,'2','2','2','131','13545070151','北京市海淀区','10123123124@qq.com','123123123','浦发银行','124124124','胡一菲','','start_using',NULL,'2018-08-09 11:43:37',NULL,'2018-08-09 11:43:37'),(20,38,'aaa','aaa','aaa','aa','13333333333','33','','33','33','33','33','33','stop_using',NULL,'2018-08-10 16:42:41',NULL,'2018-08-21 16:43:19'),(21,38,'12312','12312','123123','','15211111111','','','啊实打实','','','','',NULL,NULL,'2018-08-10 17:21:45',NULL,'2018-08-17 13:45:37'),(22,38,'驱蚊器','qwq','请问','123','15210230558','','','','','','','','start_using',NULL,'2018-08-10 17:23:15',NULL,'2018-08-16 17:42:30'),(23,38,'cc','cc','cc','123456','','','','','','','','',NULL,NULL,'2018-08-10 18:40:01',NULL,'2018-08-16 17:38:54'),(24,38,'dd','dd','dd','','','','','','','','','',NULL,NULL,'2018-08-10 18:40:07',NULL,'2018-08-16 17:38:59'),(25,38,'三星供应商','sxgys','三星','小李','13306337800','中软大厦','1@163.com','123321321561','011312215465','中国银行','小李','','start_using',NULL,'2018-08-20 14:09:40',NULL,'2018-08-20 14:10:51'),(26,38,'三星供应商','sxgys',NULL,'123','13306337800','123','','123','123','123','123','123','start_using',NULL,'2018-08-20 14:13:37',NULL,'2018-09-11 11:25:11'),(27,38,'1111','1111','1111','','','','','','','','','','stop_using',NULL,'2018-08-21 16:42:40',NULL,'2018-08-21 16:43:11');

/*Table structure for table `stock_user_device` */

DROP TABLE IF EXISTS `stock_user_device`;

CREATE TABLE `stock_user_device` (
  `userDeviceId` bigint(20) NOT NULL AUTO_INCREMENT COMMENT '人员持有设备ID',
  `userId` bigint(20) DEFAULT NULL COMMENT '用户Id',
  `stockId` bigint(20) DEFAULT NULL COMMENT '库存ID',
  `sparePartId` bigint(20) NOT NULL COMMENT '备件ID',
  `count` int(11) DEFAULT NULL COMMENT '数量',
  `createUser` varchar(32) DEFAULT NULL COMMENT '添加人',
  `createTime` datetime DEFAULT CURRENT_TIMESTAMP COMMENT '创建时间',
  PRIMARY KEY (`userDeviceId`)
) ENGINE=InnoDB AUTO_INCREMENT=13 DEFAULT CHARSET=utf8;

/*Data for the table `stock_user_device` */

insert  into `stock_user_device`(`userDeviceId`,`userId`,`stockId`,`sparePartId`,`count`,`createUser`,`createTime`) values (1,47,4,38,0,'管理员（不要改）','2018-10-24 20:35:23'),(2,47,10,38,0,'管理员（不要改）','2018-10-24 20:35:24'),(3,47,7,38,0,'管理员（不要改）','2018-10-25 17:59:50'),(4,47,6,38,0,'管理员（不要改）','2018-10-25 17:59:50'),(5,47,5,38,0,'管理员（不要改）','2018-10-25 17:59:50'),(6,47,3,38,0,'管理员（不要改）','2018-10-25 17:59:50'),(7,47,2,38,0,'管理员（不要改）','2018-10-25 17:59:50'),(8,47,30,38,0,'管理员（不要改）','2018-10-26 11:36:44'),(9,47,24,39,1,'管理员（不要改）','2018-10-29 17:30:48'),(10,47,24,39,1,'管理员（不要改）','2018-10-31 11:29:46'),(11,47,15,42,1,'管理员（不要改）','2018-10-31 11:29:46'),(12,47,8,38,1,'管理员','2018-11-01 15:51:52');

/*Table structure for table `stock_warehouse` */

DROP TABLE IF EXISTS `stock_warehouse`;

CREATE TABLE `stock_warehouse` (
  `warehouseId` bigint(20) NOT NULL AUTO_INCREMENT COMMENT '仓库ID',
  `operationSubjectId` bigint(20) DEFAULT NULL COMMENT '运营主体ID',
  `workSectionId` bigint(20) DEFAULT NULL COMMENT '工区ID',
  `parentWarehouseId` bigint(20) DEFAULT NULL COMMENT '父ID',
  `warehouseName` varchar(32) DEFAULT NULL COMMENT '仓库名称',
  `description` varchar(512) DEFAULT NULL COMMENT '仓库等级',
  `internalNumber` varchar(128) DEFAULT NULL COMMENT '内部编号',
  `headPerson` varchar(128) DEFAULT NULL COMMENT '负责人',
  `contactNumber` varchar(128) DEFAULT NULL COMMENT '联系电话',
  `warehouseManager` varchar(128) DEFAULT NULL COMMENT '库存管理员',
  `remark` varchar(512) DEFAULT NULL COMMENT '备      注',
  `location` varchar(128) DEFAULT NULL COMMENT '所在位置',
  `status` varchar(32) DEFAULT NULL COMMENT '状态',
  `createUser` varchar(32) DEFAULT NULL COMMENT '添加人',
  `createTime` datetime DEFAULT CURRENT_TIMESTAMP COMMENT '创建时间',
  `modifyUser` varchar(32) DEFAULT NULL COMMENT '修改人',
  `modifyTime` datetime DEFAULT CURRENT_TIMESTAMP ON UPDATE CURRENT_TIMESTAMP COMMENT '修改时间',
  PRIMARY KEY (`warehouseId`)
) ENGINE=InnoDB AUTO_INCREMENT=78 DEFAULT CHARSET=utf8;

/*Data for the table `stock_warehouse` */

insert  into `stock_warehouse`(`warehouseId`,`operationSubjectId`,`workSectionId`,`parentWarehouseId`,`warehouseName`,`description`,`internalNumber`,`headPerson`,`contactNumber`,`warehouseManager`,`remark`,`location`,`status`,`createUser`,`createTime`,`modifyUser`,`modifyTime`) values (59,38,20,-1,'1号工区01仓库','1级仓库',NULL,'','',NULL,'','1号工区北京站','start_using','admin','2018-08-02 10:07:55','管理员（不要改）','2018-08-23 10:52:57'),(60,38,20,59,'1号工区01仓库01二级仓库','',NULL,'','',NULL,'','1号工区北京站','start_using','admin','2018-08-02 17:18:01','管理员（不要改）','2018-09-03 15:38:18'),(61,38,20,-1,'1','1级仓库','','','',NULL,'','1','start_using','admin','2018-08-02 19:06:48','admin','2018-08-16 14:23:11'),(62,38,20,-1,'1','1级仓库','2','1','13545071155',NULL,'12','1','start_using','管理员','2018-08-08 17:42:00','管理员','2018-08-16 14:23:11'),(63,38,20,-1,'1','1级仓库','12312','12','13545070151',NULL,'123123','12','stop_using','管理员','2018-08-08 18:06:54','管理员','2018-08-16 14:23:11'),(64,38,20,59,'1号工区01仓库02二级仓库','',NULL,'','',NULL,'','1号工区北京站','start_using','管理员','2018-08-10 17:04:37','管理员（不要改）','2018-09-03 15:40:04'),(65,38,20,-1,'测试仓库一','1级仓库',NULL,'','',NULL,'','北京站','start_using','管理员','2018-08-10 17:13:24','管理员1','2018-08-16 20:35:50'),(66,38,20,65,'测试仓库1-1','2级仓库','4','1','13655841414',NULL,'','你猜','start_using','管理员','2018-08-10 17:13:51','管理员','2018-08-16 14:23:54'),(67,38,20,-1,'2号工区','1级仓库','','','',NULL,'','海淀','start_using','管理员1','2018-08-16 19:14:18','管理员1','2018-08-16 19:14:18'),(68,38,20,65,'2','2级仓库',NULL,'','',NULL,'','2','start_using','管理员1','2018-08-16 20:21:11','管理员1','2018-08-16 20:21:11'),(69,38,22,-1,'2号工区1仓库','1级仓库','','','',NULL,'','2号工区1仓库','start_using','管理员（不要改）','2018-08-20 15:52:39','管理员（不要改）','2018-08-20 15:52:39'),(70,38,25,-1,'赵亮测试仓库一','1级仓库',NULL,'','',NULL,'','赵亮测试仓库一','start_using','管理员（不要改）','2018-08-20 17:00:47','管理员（不要改）','2018-08-20 17:05:07'),(71,38,25,70,'赵亮测试仓库二','2级仓库',NULL,'小李','13306337800',NULL,'','赵亮测试仓库二','start_using','管理员（不要改）','2018-08-20 17:01:03','管理员（不要改）','2018-08-21 15:46:38'),(72,38,25,-1,'赵亮测试仓库2号','1级仓库','','','',NULL,'','赵亮测试仓库2号','start_using','管理员（不要改）','2018-08-20 18:02:54','管理员（不要改）','2018-08-20 18:02:54'),(73,38,20,-1,'1','1级仓库','','','',NULL,'','1','start_using','管理员（不要改）','2018-08-24 14:36:51','管理员（不要改）','2018-08-24 14:36:51'),(74,38,20,-1,'1','1级仓库',NULL,'','',NULL,'','222','start_using','管理员（不要改）','2018-08-24 14:39:10','管理员（不要改）','2018-08-24 14:39:24'),(75,38,20,-1,'12','1级仓库','','','',NULL,'','1','start_using','管理员（不要改）','2018-09-07 21:22:32','管理员（不要改）','2018-09-07 21:22:32'),(76,53,26,-1,'和平仓库1','1级仓库','','','',NULL,'','和平仓库1位置','start_using','ttadmin','2018-09-19 09:48:09','ttadmin','2018-09-19 09:48:09'),(77,53,27,-1,'和平仓库002','1级仓库','','','',NULL,'','和平仓库002位置','start_using','ttadmin','2018-09-19 10:29:26','ttadmin','2018-09-19 10:29:26');

/*Table structure for table `stock_warehouse_station` */

DROP TABLE IF EXISTS `stock_warehouse_station`;

CREATE TABLE `stock_warehouse_station` (
  `warehostStationId` bigint(20) NOT NULL AUTO_INCREMENT COMMENT '仓库车站Id',
  `warehouseId` bigint(20) DEFAULT NULL COMMENT '仓库ID',
  `stationId` bigint(20) DEFAULT NULL COMMENT '车站Id',
  PRIMARY KEY (`warehostStationId`)
) ENGINE=InnoDB AUTO_INCREMENT=175 DEFAULT CHARSET=utf8;

/*Data for the table `stock_warehouse_station` */

insert  into `stock_warehouse_station`(`warehostStationId`,`warehouseId`,`stationId`) values (122,61,55),(123,61,56),(124,62,55),(126,63,55),(129,66,55),(130,67,56),(131,68,55),(132,65,56),(133,65,55),(134,69,58),(135,69,59),(136,69,57),(140,70,56),(142,72,56),(143,71,56),(147,59,56),(148,59,55),(149,59,63),(150,59,64),(151,59,61),(155,73,56),(158,74,56),(159,74,55),(163,60,56),(164,60,55),(167,64,56),(168,64,55),(169,75,55),(170,76,144),(171,76,143),(172,77,147),(173,77,146),(174,77,145);

/*Table structure for table `sys_admin` */

DROP TABLE IF EXISTS `sys_admin`;

CREATE TABLE `sys_admin` (
  `adminId` bigint(20) NOT NULL AUTO_INCREMENT COMMENT '超级管理员ID',
  `userName` varchar(32) NOT NULL COMMENT '用户名',
  `password` varchar(32) NOT NULL COMMENT '密码',
  `realName` varchar(32) DEFAULT NULL COMMENT '姓名',
  `phone` varchar(16) DEFAULT NULL COMMENT '手机号',
  `status` varchar(32) DEFAULT NULL COMMENT '用户状态',
  `salt` varchar(32) DEFAULT NULL COMMENT '加密盐值',
  `createUser` varchar(32) DEFAULT NULL COMMENT '添加人',
  `createTime` datetime DEFAULT CURRENT_TIMESTAMP COMMENT '创建时间',
  `modifyUser` varchar(32) DEFAULT NULL COMMENT '修改人',
  `modifyTime` datetime DEFAULT CURRENT_TIMESTAMP ON UPDATE CURRENT_TIMESTAMP COMMENT '修改时间',
  PRIMARY KEY (`adminId`)
) ENGINE=InnoDB AUTO_INCREMENT=9 DEFAULT CHARSET=utf8;

/*Data for the table `sys_admin` */

insert  into `sys_admin`(`adminId`,`userName`,`password`,`realName`,`phone`,`status`,`salt`,`createUser`,`createTime`,`modifyUser`,`modifyTime`) values (5,'sysAdmin','fc1709d0a95a6be30bc5926fdb7f22f4','超级管理员',NULL,'start_using',NULL,NULL,'2018-07-25 15:46:27',NULL,'2018-07-25 15:46:27'),(6,'家具','fc1709d0a95a6be30bc5926fdb7f22f4','123123','','start_using',NULL,'sysAdmin','2018-08-14 17:44:42','sysAdmin','2018-08-23 11:32:50'),(7,'suer','fc1709d0a95a6be30bc5926fdb7f22f4','qqqqqq','','start_using',NULL,'sysAdmin','2018-09-14 16:36:43','sysAdmin','2018-09-14 16:36:43'),(8,'zzAdmin','fc1709d0a95a6be30bc5926fdb7f22f4','郑州','','start_using',NULL,'sysAdmin','2018-10-25 13:58:34','sysAdmin','2018-10-25 13:58:34');

/*Table structure for table `sys_data_dictionary` */

DROP TABLE IF EXISTS `sys_data_dictionary`;

CREATE TABLE `sys_data_dictionary` (
  `dataDictionaryId` bigint(20) NOT NULL AUTO_INCREMENT COMMENT '数据字典ID',
  `dataLabel` varchar(32) DEFAULT NULL COMMENT '标签',
  `code` varchar(32) DEFAULT NULL COMMENT '类型编码',
  `name` varchar(32) DEFAULT NULL COMMENT '类型名称',
  `sort` int(11) DEFAULT NULL COMMENT '排序',
  `status` varchar(32) DEFAULT NULL COMMENT '状态',
  `remark` varchar(128) DEFAULT NULL COMMENT '描述',
  `createUser` varchar(32) DEFAULT NULL COMMENT '添加人',
  `createTime` datetime DEFAULT CURRENT_TIMESTAMP COMMENT '创建时间',
  `modifyUser` varchar(32) DEFAULT NULL COMMENT '修改人',
  `modifyTime` datetime DEFAULT CURRENT_TIMESTAMP ON UPDATE CURRENT_TIMESTAMP COMMENT '修改时间',
  `operationSubjectId` bigint(20) DEFAULT NULL COMMENT '运营主体ID',
  PRIMARY KEY (`dataDictionaryId`)
) ENGINE=InnoDB AUTO_INCREMENT=39 DEFAULT CHARSET=utf8;

/*Data for the table `sys_data_dictionary` */

insert  into `sys_data_dictionary`(`dataDictionaryId`,`dataLabel`,`code`,`name`,`sort`,`status`,`remark`,`createUser`,`createTime`,`modifyUser`,`modifyTime`,`operationSubjectId`) values (20,'2018-08-14标签','20180801003','2018-08-14标签',1,'start_using','','管理员','2018-08-14 10:47:45','管理员','2018-08-15 19:24:05',38),(21,'2018-08-14标签不可用','20180814002','2018-08-14标签不可用',2,'stop_using','','管理员','2018-08-14 10:48:37','管理员','2018-08-15 18:22:08',38),(22,'1111','20180801001','1',1,'start_using','','管理员','2018-08-15 17:19:58','管理员','2018-08-15 18:22:08',38),(23,'aa','aa','aa',1,'start_using','','管理员','2018-08-16 10:42:25','管理员','2018-08-16 10:42:25',38),(24,'cc','cc','cc',1,'start_using','','管理员','2018-08-16 10:55:19','管理员','2018-08-16 10:55:19',38),(25,'ds','ds','ds',3,'start_using','','管理员','2018-08-16 10:58:06','管理员','2018-08-16 10:58:06',38),(26,'实打实','啊实打实','阿斯达',1,'start_using','啊实打实','管理员','2018-08-16 10:59:02','管理员','2018-08-16 10:59:02',38),(27,'阿斯达','a\'s\'d','啊实打实',1,'start_using','123','管理员','2018-08-16 11:05:52','管理员（不要改）','2018-09-11 11:01:34',38),(28,'阿萨斯','啊算法啊','啊算法',12,'start_using','123','管理员','2018-08-16 11:06:49','管理员','2018-08-16 11:06:49',38),(29,'啊实打实大苏打','阿斯达啊','阿斯达',1,'start_using','阿萨是否','管理员','2018-08-16 11:09:25','管理员','2018-08-16 11:09:25',38),(30,'111','1111111111133333','11',11,'start_using','','管理员','2018-08-16 11:10:21','管理员','2018-08-16 11:10:21',38),(31,'1','2','3',4,'start_using','5','管理员','2018-08-16 11:15:55','管理员','2018-08-16 11:15:55',38),(33,'3213','3213','41234',4214,'stop_using','124','管理员','2018-08-16 11:17:26','管理员','2018-08-20 14:22:16',38),(34,'123','2321','3232',321,'stop_using','321','管理员','2018-08-16 11:20:14','管理员','2018-08-20 14:22:09',38),(35,'11','2211','223',321,'stop_using','313','管理员','2018-08-16 11:21:08','管理员（不要改）','2018-09-11 10:58:44',38),(37,'123','123','24124124',124124,'start_using','345345','管理员（不要改）','2018-09-05 10:49:25','管理员（不要改）','2018-09-05 10:49:25',38),(38,'测试9-11','9-11','测试9-11',11,'start_using','2018-9-11 16:27:21','管理员（不要改）','2018-09-11 16:27:25','管理员（不要改）','2018-09-11 16:27:34',38);

/*Table structure for table `sys_default_role` */

DROP TABLE IF EXISTS `sys_default_role`;

CREATE TABLE `sys_default_role` (
  `defaultRoleId` bigint(20) NOT NULL AUTO_INCREMENT COMMENT '默认角色ID',
  `roleName` varchar(32) DEFAULT NULL COMMENT '角色名称',
  `createUser` varchar(32) DEFAULT NULL COMMENT '添加人',
  `createTime` datetime DEFAULT CURRENT_TIMESTAMP COMMENT '创建时间',
  `modifyUser` varchar(32) DEFAULT NULL COMMENT '修改人',
  `modifyTime` datetime DEFAULT CURRENT_TIMESTAMP ON UPDATE CURRENT_TIMESTAMP COMMENT '修改时间',
  PRIMARY KEY (`defaultRoleId`)
) ENGINE=InnoDB DEFAULT CHARSET=utf8;

/*Data for the table `sys_default_role` */

/*Table structure for table `sys_function_tree` */

DROP TABLE IF EXISTS `sys_function_tree`;

CREATE TABLE `sys_function_tree` (
  `functionTreeId` bigint(20) NOT NULL AUTO_INCREMENT COMMENT '功能树ID',
  `parentTreeId` bigint(20) DEFAULT NULL COMMENT '父节点ID',
  `treeName` varchar(64) DEFAULT NULL COMMENT '功能节点名称',
  `routeUrl` varchar(128) DEFAULT NULL COMMENT '路由路径',
  `status` varchar(32) DEFAULT 'start_using' COMMENT '状态',
  `permissionCode` varchar(256) DEFAULT NULL COMMENT '权限代码',
  `sort` int(11) DEFAULT NULL COMMENT '排序位置',
  `remark` varchar(512) DEFAULT NULL COMMENT '备注',
  `identity` varchar(32) DEFAULT NULL COMMENT '唯一标识名',
  `xclass` varchar(128) DEFAULT NULL COMMENT '引用的前端类名',
  `iconCls` varchar(256) DEFAULT NULL COMMENT '图标',
  `createUser` varchar(32) DEFAULT NULL COMMENT '添加人',
  `createTime` datetime DEFAULT CURRENT_TIMESTAMP COMMENT '创建时间',
  `modifyUser` varchar(32) DEFAULT NULL COMMENT '修改人',
  `modifyTime` datetime DEFAULT CURRENT_TIMESTAMP ON UPDATE CURRENT_TIMESTAMP COMMENT '修改时间',
  `treeType` varchar(32) DEFAULT NULL COMMENT '功能树分类',
  `id` varchar(64) DEFAULT NULL,
  PRIMARY KEY (`functionTreeId`)
) ENGINE=InnoDB AUTO_INCREMENT=70 DEFAULT CHARSET=utf8;

/*Data for the table `sys_function_tree` */

insert  into `sys_function_tree`(`functionTreeId`,`parentTreeId`,`treeName`,`routeUrl`,`status`,`permissionCode`,`sort`,`remark`,`identity`,`xclass`,`iconCls`,`createUser`,`createTime`,`modifyUser`,`modifyTime`,`treeType`,`id`) values (1,-1,'系统管理',NULL,'start_using','',1,NULL,NULL,'','fas fa-cogs','赵亮','2018-06-20 14:55:27','sysAdmin','2018-10-09 14:38:13','manage',''),(2,1,'组织机构',NULL,'start_using','zzjg',3,NULL,NULL,'App.orgOrganization.orgOrganizationView','fas fa-sitemap','赵亮','2018-06-20 15:01:08','sysAdmin','2018-10-09 15:39:05','manage','orgOrganization'),(3,1,'用户管理',NULL,'start_using','yhgl',1,NULL,NULL,'App.sysUser.sysUserView','fas fa-user-plus','赵亮','2018-06-20 15:02:16','sysAdmin','2018-10-09 15:39:20','manage',NULL),(4,1,'角色管理',NULL,'start_using','jsgl',1,NULL,NULL,'App.sysRole.sysRoleView','fas fa-registered','赵亮','2018-06-20 15:02:58','sysAdmin','2018-10-09 15:39:27','manage','sysRole'),(5,1,'批量授权管理','','start_using','plsqgl',4,NULL,NULL,'App.roleAuthorization.roleAuthorizationView','fas fa-check-circle','赵亮','2018-06-20 15:03:39',NULL,'2018-10-11 15:49:04','manage','roleAuthorization'),(6,-1,'基础信息管理',NULL,'start_using','',2,NULL,NULL,'','fal fa-table','赵亮','2018-06-20 15:05:38','sysAdmin','2018-10-09 15:39:48','manage',''),(7,6,'线路车站管理','','start_using','xlgl',1,NULL,NULL,'App.orgLineStation.orgLineStationView','fas fa-road','赵亮','2018-06-20 15:06:21',NULL,'2018-10-09 15:39:56','manage','orgLineStation'),(8,6,'工区管理','','start_using','gqgl',2,NULL,NULL,'App.orgWorkSection.orgWorkSectionView','fas fa-share-alt-square','赵亮','2018-06-20 15:06:45',NULL,'2018-10-09 15:39:57','manage','orgWorkSection'),(9,-1,'备件管理',NULL,'start_using',NULL,3,NULL,NULL,NULL,'fas fa-hourglass-start','赵亮','2018-06-20 15:07:34',NULL,'2018-10-09 15:40:55','manage',NULL),(10,9,'备件类型','','start_using','bjlx',1,NULL,NULL,'App.partSparePartType.partSparePartTypeView','fas fa-trophy','赵亮','2018-06-20 15:08:55',NULL,'2018-10-09 15:40:56','manage','partSparePartType'),(11,9,'备件管理','','start_using','bjgl',2,NULL,NULL,'App.partSparePart.partSparePartView','fas fa-cubes','赵亮','2018-06-20 15:09:19',NULL,'2018-10-09 19:17:55','manage','partSparePart'),(12,-1,'库存管理',NULL,'start_using',NULL,4,NULL,NULL,NULL,'fas fa-list-alt','赵亮','2018-06-20 15:09:48',NULL,'2018-10-09 19:19:07','manage',NULL),(13,12,'供应商管理','','start_using','gysgl',1,NULL,NULL,'App.supplier.supplierView','fas fa-building','赵亮','2018-06-20 15:10:15',NULL,'2018-10-09 19:19:08','manage','supplier'),(14,12,'仓库管理','','start_using','ckgl',2,NULL,NULL,'App.warehouse.warehouseView','fas fa-database','赵亮','2018-06-20 15:10:38',NULL,'2018-10-09 19:18:58','manage','warehouse'),(15,12,'库存管理',NULL,'start_using','kcgl',3,NULL,NULL,'App.stockStock.stockStockView','fas fa-list-ol','赵亮','2018-06-20 15:11:17',NULL,'2018-10-09 19:19:24','manage','stockStock'),(16,-1,'设备运维',NULL,'start_using','',5,NULL,NULL,NULL,'fas fa-recycle','赵亮','2018-07-04 15:11:42',NULL,'2018-10-09 19:19:35','manage',NULL),(17,16,'报修申请',NULL,'start_using','bxsq',2,NULL,NULL,'App.addMaintenanceApply.addMaintenanceApplyView','fas fa-list','赵亮','2018-07-04 15:12:22',NULL,'2018-10-09 19:19:50','manage','addMaintenanceApply'),(18,12,'货架管理','','start_using','hjgl',4,NULL,NULL,'App.shelf.shelfView','fas fa-th','赵亮','2018-07-24 21:56:01',NULL,'2018-10-09 19:20:06','manage','shelf'),(19,1,'个人信息',NULL,'start_using','grxx',5,NULL,NULL,'App.personalInfo.personalInfoView','fa-user','赵亮','2018-07-25 13:34:06','sysAdmin','2018-08-14 10:34:22','manage','personalInfo'),(20,1,'数据字典',NULL,'stop_using','sjzd',6,NULL,NULL,'App.dataDict.dataDictView','fas fa-book','赵亮','2018-07-25 13:34:06',NULL,'2018-10-11 14:44:21','manage','dataDict'),(21,12,'申请管理','','start_using','sqgl',6,NULL,NULL,'App.stockBusinessApply.stockBusinessApplyView','fas fa-list','赵亮','2018-06-20 15:10:38',NULL,'2018-10-09 19:20:37','manage','stockBusinessApply'),(22,12,'申请审核','','start_using','sqsh',7,NULL,NULL,'App.stockBusinessApplyAudit.stockBusinessApplyAuditView','fas fa-check-square','赵亮','2018-06-20 15:10:38',NULL,'2018-10-09 19:20:42','manage','stockBusinessApplyAudit'),(23,12,'入库管理','','start_using','rqgl',8,NULL,NULL,'App.stockInStock.stockInStockView','fas fa-reply','赵亮','2018-06-20 15:10:38',NULL,'2018-10-09 19:20:55','manage','stockInStock'),(24,12,'出库管理','','start_using','ckgl',9,NULL,NULL,'App.stockOutStockApply.stockOutStockApplyView','fas fa-share-square','赵亮','2018-06-20 15:10:38',NULL,'2018-10-09 19:21:20','manage','stockOutStockApply'),(25,12,'领用申请','','start_using','sqly',10,NULL,NULL,'App.stockBusinessUseApply.stockBusinessUseApplyView','fas fa-list','赵亮','2018-06-20 15:10:38',NULL,'2018-10-09 19:21:43','manage','stockBusinessUseApply'),(26,12,'二维码管理','','start_using','ewmgl',5,NULL,NULL,'App.qrCode.qrCodeView','fas fa-barcode','赵亮','2018-06-20 15:10:38',NULL,'2018-10-09 19:21:51','manage','qrCode'),(27,-1,'故障管理',NULL,'start_using',NULL,6,NULL,NULL,NULL,'fas fa-medkit',NULL,'2018-08-02 09:19:23',NULL,'2018-10-09 19:22:01','manage',NULL),(28,27,'故障信息',NULL,'start_using','gzxx',1,NULL,NULL,'App.breakdown.breakdownView','fas fa-question-circle','','2018-08-02 09:19:56',NULL,'2018-10-09 19:22:09','manage','breakdownView'),(29,27,'维修信息',NULL,'start_using','wxxx',2,NULL,NULL,'App.repair.listView','fas fa-info-circle',NULL,'2018-08-02 09:21:39',NULL,'2018-10-09 19:22:18','manage','repairList'),(30,16,'报修派工',NULL,'start_using','wxgl',3,NULL,NULL,'App.maintenanceApply.maintenanceApplyView','fas fa-list','赵亮','2018-07-04 15:12:22',NULL,'2018-10-09 19:22:28','manage','maintenanceApply'),(31,16,'设备维修',NULL,'start_using','jxgl',4,NULL,NULL,'App.maintenanceApplyRepair.maintenanceApplyRepairView','fas fa-wrench','赵亮','2018-07-04 15:12:22',NULL,'2018-10-09 19:22:37','manage','maintenanceApplyRepair'),(32,16,'我的备件',NULL,'start_using','wdbj',6,NULL,NULL,'App.mySparePart.mySparePartView','fas fa-archive','赵亮','2018-07-04 15:12:22',NULL,'2018-10-09 19:22:47','manage','mySparePart'),(33,16,'回访评价',NULL,'start_using','hfpj',5,NULL,NULL,'App.maintenanceApplyEvaluate.maintenanceApplyEvaluateView','fab fa-twitch','赵亮','2018-07-04 15:12:22',NULL,'2018-10-09 19:22:58','manage','maintenanceApplyEvaluate'),(35,12,'盘库管理','','start_using','pkgl',11,NULL,NULL,'App.stockInventoryTask.stockInventoryTaskView','fas fa-list-ul','赵亮','2018-06-20 15:10:38',NULL,'2018-10-09 19:23:07','manage','stockInventoryTaskView'),(36,12,'线上设备管理','','start_using','xxsbgl',12,NULL,NULL,'App.operationsEquipment.operationsEquipmentView','fa-user','赵亮','2018-06-20 15:10:38',NULL,'2018-09-04 11:24:07','manage','operationsEquipmentView'),(37,-1,'维修',NULL,'start_using','',1,'',NULL,'','','赵亮','2018-06-20 14:55:27',NULL,'2018-09-04 09:41:46','phone',NULL),(38,37,'设备报修',NULL,'start_using','sbbx',1,NULL,NULL,'EquipmentRepair','./static/images/repair_icon1.png',NULL,'2018-09-04 09:42:40',NULL,'2018-09-04 14:20:41','phone',NULL),(39,37,'报修派工',NULL,'start_using','bxpg',2,NULL,NULL,'RepairDispatching','./static/images/repair_icon2.png',NULL,'2018-09-04 09:42:40',NULL,'2018-09-04 14:24:16','phone',NULL),(40,37,'设备维修',NULL,'start_using','sbwx',3,NULL,NULL,'EquipmentMaintenance','./static/images/repair_icon3.png',NULL,'2018-09-04 09:42:40',NULL,'2018-09-04 14:24:16','phone',NULL),(41,37,'回访评价',NULL,'start_using','hfpj',4,NULL,NULL,'ReviewEvaluation','./static/images/repair_icon4.png',NULL,'2018-09-04 09:42:40',NULL,'2018-09-04 14:24:16','phone',NULL),(42,37,'设备绑定',NULL,'start_using','sbbd',5,NULL,NULL,'EquipmentBinding','./static/images/repair_icon5.png',NULL,'2018-09-04 09:46:01',NULL,'2018-09-04 14:24:15','phone',NULL),(43,-1,'库存',NULL,'start_using','',2,NULL,NULL,NULL,NULL,NULL,'2018-09-04 09:47:12',NULL,'2018-09-04 09:47:12','phone',NULL),(44,43,'入库',NULL,'start_using','rk',1,NULL,NULL,'PutStorage','./static/images/stock_icon1.png',NULL,'2018-09-04 09:48:15',NULL,'2018-09-19 15:44:27','phone',NULL),(45,43,'出库',NULL,'start_using','ck',2,NULL,NULL,'Outbound','./static/images/stock_icon2.png',NULL,'2018-09-04 09:51:04',NULL,'2018-09-19 15:44:27','phone',NULL),(46,43,'领用',NULL,'start_using','ly',3,NULL,NULL,'UseApplyList?applyType=use','./static/images/stock_icon3.png',NULL,'2018-09-04 09:51:04',NULL,'2018-09-04 14:24:16','phone',NULL),(47,43,'返还',NULL,'start_using','fh',5,NULL,NULL,'UseApplyList?applyType=return','./static/images/stock_icon6.png',NULL,'2018-09-04 09:51:04',NULL,'2018-09-27 09:28:07','phone',NULL),(48,43,'调拨',NULL,'start_using','db',4,NULL,NULL,'UseApplyList?applyType=transfer','./static/images/stock_icon4.png',NULL,'2018-09-04 09:51:04',NULL,'2018-09-04 14:24:15','phone',NULL),(50,43,'审批管理',NULL,'start_using','spgl',7,NULL,NULL,'UseApplyAuditList','./static/images/stock_icon9.png',NULL,'2018-09-04 09:51:04',NULL,'2018-09-07 10:05:14','phone',NULL),(51,43,'我的备件',NULL,'start_using','wdbj',8,NULL,NULL,'MySpareParts','./static/images/stock_icon10.png',NULL,'2018-09-04 09:51:04',NULL,'2018-09-04 14:24:16','phone',NULL),(52,43,'库存管理',NULL,'start_using','kcgl',9,NULL,NULL,'InventoryManagement','./static/images/stock_icon11.png',NULL,'2018-09-04 09:51:04',NULL,'2018-09-17 11:15:39','phone',NULL),(53,43,'库存盘点',NULL,'start_using','kcpd',11,NULL,NULL,'Inventory','./static/images/stock_icon12.png',NULL,'2018-09-04 09:52:30',NULL,'2018-10-19 15:51:51','phone',NULL),(54,43,'出库绑定',NULL,'stop_using','ckbd',12,NULL,NULL,'OutInventoryBindQrCode','./static/images/repair_icon5.png',NULL,'2018-09-04 09:52:30',NULL,'2018-10-19 15:52:19','phone',NULL),(55,-1,'记录',NULL,'start_using','',3,NULL,NULL,NULL,NULL,NULL,'2018-09-04 09:47:12',NULL,'2018-09-20 10:25:26','phone',NULL),(56,55,'报修记录',NULL,'start_using','sbbx',1,NULL,NULL,'MaintenanceRecord/bx','./static/images/record _icon9.png',NULL,'2018-09-04 09:48:15',NULL,'2018-09-20 10:25:26','phone',NULL),(57,55,'派单记录',NULL,'start_using','bxpg',2,NULL,NULL,'MaintenanceRecord/pd','./static/images/record _icon7.png',NULL,'2018-09-04 09:48:15',NULL,'2018-10-11 14:50:39','phone',NULL),(58,55,'维修记录',NULL,'start_using','sbwx',3,NULL,NULL,'MaintenanceRecord/wx','./static/images/record _icon8.png',NULL,'2018-09-04 09:48:15',NULL,'2018-10-11 14:50:39','phone',NULL),(59,55,'评价记录',NULL,'start_using','hfpj',4,NULL,NULL,'MaintenanceRecord/pj','./static/images/record _icon5.png',NULL,'2018-09-04 09:48:15',NULL,'2018-10-11 14:50:39','phone',NULL),(60,16,'线上设备监控','','start_using','xxsbjk',7,NULL,NULL,'App.operationsEquipmentMonitoring.operationsEquipmentMonitoringView','fa-cubes','赵亮','2018-06-20 15:10:38',NULL,'2018-10-31 14:25:03','manage','operationsEquipmentMonitoringView'),(61,55,'入库记录',NULL,'start_using','rkjl',5,NULL,NULL,'InventoryOutboundRecords/rk','record #_icon1.png',NULL,'2018-10-18 10:56:12',NULL,'2018-10-18 16:35:13','phone',NULL),(62,55,'出库记录',NULL,'start_using','ckjl',6,NULL,NULL,'InventoryOutboundRecords/ck','record #_icon2.png',NULL,'2018-10-18 10:56:39',NULL,'2018-10-18 16:35:13','phone',NULL),(63,55,'领用记录',NULL,'start_using','lyjl',7,NULL,NULL,'LingDaoFanRecords/use','record #_icon3.png',NULL,'2018-10-18 10:56:49',NULL,'2018-10-18 16:35:13','phone',NULL),(64,55,'调拨记录',NULL,'start_using','dbjl',8,NULL,NULL,'LingDaoFanRecords/transfer','record #_icon10.png',NULL,'2018-10-18 10:57:07',NULL,'2018-10-18 16:35:13','phone',NULL),(65,55,'审批记录',NULL,'start_using','spjl',9,NULL,NULL,'ApprovalRecords','record #_icon6.png',NULL,'2018-10-18 10:57:27',NULL,'2018-10-18 16:35:13','phone',NULL),(66,55,'返还记录',NULL,'start_using','hhjl',10,NULL,NULL,'LingDaoFanRecords/return','record #_icon4.png',NULL,'2018-10-18 10:57:36',NULL,'2018-10-18 16:35:13','phone',NULL),(67,43,'盘库添加',NULL,'start_using','pktj',10,NULL,NULL,'NewInventoryInfo','./static/images/stock_icon13.png',NULL,'2018-09-04 09:52:30',NULL,'2018-10-19 15:51:22','phone',NULL),(68,16,'mqtt日志查看',NULL,'start_using','mqttrzck',8,NULL,NULL,'App.mqttLogLook.mqttLogLookView','fa-database','sysAdmin','2018-10-30 14:03:19','sysAdmin','2018-10-31 10:43:55','manage','mqttLogLookView'),(69,16,'服务器配置',NULL,'start_using','fwqpz',9,NULL,NULL,'App.server.serverView','fa-server','sysAdmin','2018-10-30 14:03:19','sysAdmin','2018-10-31 10:43:55','manage','serverView');

/*Table structure for table `sys_operation_subject` */

DROP TABLE IF EXISTS `sys_operation_subject`;

CREATE TABLE `sys_operation_subject` (
  `operationSubjectId` bigint(20) NOT NULL AUTO_INCREMENT COMMENT '运营主体ID',
  `regionId` bigint(20) DEFAULT NULL COMMENT '地区ID',
  `subjectCode` varchar(128) DEFAULT NULL COMMENT '编号',
  `subjectName` varchar(256) DEFAULT NULL COMMENT '主体名称',
  `contacts` varchar(128) DEFAULT NULL COMMENT '联系人',
  `contactPhone` varchar(128) DEFAULT NULL COMMENT '联系电话',
  `remark` varchar(512) DEFAULT NULL COMMENT '备注',
  `status` varchar(32) DEFAULT NULL COMMENT '状态',
  `createUser` varchar(32) DEFAULT NULL COMMENT '添加人',
  `createTime` datetime DEFAULT CURRENT_TIMESTAMP COMMENT '创建时间',
  `modifyUser` varchar(32) DEFAULT NULL COMMENT '修改人',
  `modifyTime` datetime DEFAULT CURRENT_TIMESTAMP ON UPDATE CURRENT_TIMESTAMP COMMENT '修改时间',
  `loginName` varchar(32) DEFAULT NULL,
  `password` varchar(128) DEFAULT NULL,
  PRIMARY KEY (`operationSubjectId`)
) ENGINE=InnoDB AUTO_INCREMENT=58 DEFAULT CHARSET=utf8;

/*Data for the table `sys_operation_subject` */

insert  into `sys_operation_subject`(`operationSubjectId`,`regionId`,`subjectCode`,`subjectName`,`contacts`,`contactPhone`,`remark`,`status`,`createUser`,`createTime`,`modifyUser`,`modifyTime`,`loginName`,`password`) values (38,2,'1222','广州地铁运营','赵亮','13306337800','广州地铁运营','start_using','sysAdmin','2018-08-02 10:03:30','sysAdmin','2018-08-14 18:17:13','admin','123456'),(39,3,'1','广州地铁运营1','','','','start_using','sysAdmin','2018-08-14 18:00:44','sysAdmin','2018-08-14 18:01:36','adminhao','123456'),(40,2,'','广州地铁运营','','','','start_using','sysAdmin','2018-08-14 18:03:08','sysAdmin','2018-08-14 19:10:26','admin11','123456'),(41,20,'111','南昌地铁','','','','start_using','sysAdmin','2018-08-15 14:13:51','sysAdmin','2018-08-15 14:13:51','nanc','123456'),(42,2,'12','主题名称','12312','13545070151','12i23被欺侮欸不清楚','start_using','sysAdmin','2018-08-21 20:25:44','sysAdmin','2018-08-21 20:25:44','ajax12','123456'),(43,4,'123','主题公园','阿娇','12345678912','1哇是否阿斯达','start_using','sysAdmin','2018-08-21 20:27:53','sysAdmin','2018-08-21 20:27:53','ajasda','1234562'),(44,4,'123','主题公园','阿娇','12345678912','1哇是否阿斯达','start_using','sysAdmin','2018-08-21 20:27:53','sysAdmin','2018-08-21 20:27:53','ajasda','1234562'),(45,6,'1231','12313','12313','1312412414','去温泉垭村','start_using','sysAdmin','2018-08-21 20:31:11','sysAdmin','2018-08-21 20:31:11','13123','1312312313'),(46,9,'1313','1231','1313','11133223332','1312313','start_using','sysAdmin','2018-08-21 20:37:28','sysAdmin','2018-08-21 20:37:28','1345','1231313123'),(47,11,'13123','12313','213123','12345678901','1213','start_using','sysAdmin','2018-08-21 20:42:06','sysAdmin','2018-08-21 20:42:06','144分','123131231233'),(48,9,'12313','13123123','131213','11233322331','123123','start_using','sysAdmin','2018-08-21 20:47:04','sysAdmin','2018-08-21 20:47:04','1123','114422'),(49,10,'123123124124','124125125','124124','12424124121','1214124','start_using','sysAdmin','2018-08-21 20:57:56','sysAdmin','2018-08-21 20:57:56','121231','123124'),(50,4,'005','青岛海尔','','','','start_using','sysAdmin','2018-09-13 11:08:06','sysAdmin','2018-09-13 11:08:06','qdadmin','123456'),(51,5,'007','南昌起义','','','','start_using','sysAdmin','2018-09-13 11:11:25','sysAdmin','2018-09-13 11:11:25','ncqy','123456'),(52,6,'','郑州运营','','','','start_using','sysAdmin','2018-09-13 11:13:45','sysAdmin','2018-09-13 11:13:45','zzyy','123456'),(53,3,'','天津','','','','start_using','sysAdmin','2018-09-18 17:53:11','sysAdmin','2018-09-18 17:53:11','ttadmin','123456'),(54,12,'005','哈尔滨','','','','start_using','sysAdmin','2018-09-20 19:35:14','sysAdmin','2018-09-20 19:35:14','hebadmin','123456'),(55,37,'008','大连地铁运营','','','','start_using','sysAdmin','2018-09-27 13:56:03','sysAdmin','2018-09-27 13:56:03','dlAdmin','123456'),(56,12,'','哈尔滨运营主体','','','','start_using','zzAdmin','2018-10-25 14:05:09','zzAdmin','2018-10-25 14:05:09','hAdmin','123456'),(57,10,'','西安运营主体','','','','start_using','sysAdmin','2018-10-25 14:08:05','sysAdmin','2018-10-25 14:08:05','xxAdmin','123456');

/*Table structure for table `sys_permission` */

DROP TABLE IF EXISTS `sys_permission`;

CREATE TABLE `sys_permission` (
  `permissionId` bigint(20) NOT NULL AUTO_INCREMENT COMMENT '权限id',
  `permissionName` varchar(64) DEFAULT NULL COMMENT '权限名称',
  `permissionCode` varchar(64) DEFAULT NULL COMMENT '权限代码',
  `category` varchar(32) DEFAULT NULL COMMENT '所属类别',
  `createUser` varchar(32) DEFAULT NULL COMMENT '添加人',
  `status` varchar(32) DEFAULT NULL COMMENT '状态',
  `createTime` datetime DEFAULT NULL COMMENT '创建时间',
  `modifyUser` varchar(32) DEFAULT NULL COMMENT '修改人',
  `modifyTime` datetime DEFAULT NULL COMMENT '更新时间',
  PRIMARY KEY (`permissionId`)
) ENGINE=InnoDB AUTO_INCREMENT=6 DEFAULT CHARSET=utf8;

/*Data for the table `sys_permission` */

/*Table structure for table `sys_range_role` */

DROP TABLE IF EXISTS `sys_range_role`;

CREATE TABLE `sys_range_role` (
  `rangeRoleId` bigint(20) NOT NULL AUTO_INCREMENT COMMENT '范围权限 ID',
  `userId` bigint(20) DEFAULT NULL COMMENT '用户Id',
  `rangeType` varchar(100) DEFAULT NULL COMMENT '范围权限类别',
  `createUser` varchar(20) DEFAULT NULL COMMENT '添加人',
  `createTime` datetime DEFAULT CURRENT_TIMESTAMP COMMENT '创建时间',
  PRIMARY KEY (`rangeRoleId`)
) ENGINE=InnoDB AUTO_INCREMENT=268 DEFAULT CHARSET=utf8;

/*Data for the table `sys_range_role` */

insert  into `sys_range_role`(`rangeRoleId`,`userId`,`rangeType`,`createUser`,`createTime`) values (240,52,'warehouse','管理员（不要改）','2018-09-07 09:52:54'),(241,52,'work_section','管理员（不要改）','2018-09-07 09:52:54'),(244,54,'warehouse','管理员（不要改）','2018-09-10 10:46:01'),(245,54,'work_section','管理员（不要改）','2018-09-10 10:46:01'),(248,120,'warehouse','管理员（不要改）','2018-09-18 15:53:28'),(249,120,'work_section','管理员（不要改）','2018-09-18 15:53:28'),(252,125,'work_section','ttadmin','2018-09-19 11:13:51'),(253,49,'work_section','管理员（不要改）','2018-10-17 10:21:52'),(256,50,'warehouse','2018cs','2018-10-18 10:00:13'),(257,50,'work_section','2018cs','2018-10-18 10:00:13'),(260,64,'warehouse','管理员（不要改）','2018-10-18 10:29:12'),(261,64,'work_section','管理员（不要改）','2018-10-18 10:29:13'),(264,48,'warehouse','管理员（不要改）','2018-10-18 16:28:59'),(265,48,'work_section','管理员（不要改）','2018-10-18 16:28:59'),(266,47,'warehouse','管理员（不要改）','2018-10-18 18:08:16'),(267,47,'work_section','管理员（不要改）','2018-10-18 18:08:16');

/*Table structure for table `sys_range_role_detail` */

DROP TABLE IF EXISTS `sys_range_role_detail`;

CREATE TABLE `sys_range_role_detail` (
  `rangeRoleDetailId` bigint(20) NOT NULL AUTO_INCREMENT COMMENT '范围权限详细ID',
  `rangeRoleId` bigint(20) DEFAULT NULL COMMENT '范围权限 ID',
  `userId` bigint(20) DEFAULT NULL COMMENT '用户Id',
  `id` bigint(20) DEFAULT NULL COMMENT '仓库或区域ID',
  PRIMARY KEY (`rangeRoleDetailId`)
) ENGINE=InnoDB AUTO_INCREMENT=879 DEFAULT CHARSET=utf8;

/*Data for the table `sys_range_role_detail` */

insert  into `sys_range_role_detail`(`rangeRoleDetailId`,`rangeRoleId`,`userId`,`id`) values (787,240,52,59),(788,240,52,60),(789,240,52,64),(790,241,52,20),(793,244,54,69),(794,245,54,22),(797,248,120,59),(798,248,120,60),(799,248,120,64),(800,249,120,20),(813,252,125,26),(814,252,125,27),(815,253,49,20),(824,256,50,60),(825,257,50,20),(834,260,64,59),(835,260,64,64),(836,260,64,61),(837,260,64,62),(838,260,64,65),(839,260,64,66),(840,260,64,68),(841,260,64,67),(842,261,64,20),(857,264,48,59),(858,265,48,20),(859,265,48,21),(860,265,48,22),(861,265,48,23),(862,265,48,24),(863,266,47,59),(864,266,47,60),(865,266,47,64),(866,266,47,61),(867,266,47,62),(868,266,47,65),(869,266,47,66),(870,266,47,68),(871,266,47,67),(872,266,47,69),(873,266,47,73),(874,266,47,74),(875,266,47,75),(876,267,47,20),(877,267,47,21),(878,267,47,22);

/*Table structure for table `sys_region` */

DROP TABLE IF EXISTS `sys_region`;

CREATE TABLE `sys_region` (
  `regionId` bigint(20) NOT NULL AUTO_INCREMENT COMMENT '地区ID',
  `areaName` varchar(64) DEFAULT NULL COMMENT '区域名称',
  `areaCode` varchar(16) DEFAULT NULL COMMENT '区域编码',
  `areaType` varchar(32) DEFAULT NULL COMMENT '区域类型',
  `internalNumber` varchar(128) DEFAULT NULL COMMENT '内部编号',
  `parentId` bigint(20) DEFAULT NULL COMMENT '父级ID',
  `status` varchar(32) DEFAULT NULL COMMENT '是否显示',
  `createUser` varchar(32) DEFAULT NULL COMMENT '添加人',
  `createTime` datetime DEFAULT CURRENT_TIMESTAMP COMMENT '创建时间',
  `modifyUser` varchar(32) DEFAULT NULL COMMENT '修改人',
  `modifyTime` datetime DEFAULT CURRENT_TIMESTAMP ON UPDATE CURRENT_TIMESTAMP COMMENT '修改时间',
  PRIMARY KEY (`regionId`)
) ENGINE=InnoDB AUTO_INCREMENT=39 DEFAULT CHARSET=utf8;

/*Data for the table `sys_region` */

insert  into `sys_region`(`regionId`,`areaName`,`areaCode`,`areaType`,`internalNumber`,`parentId`,`status`,`createUser`,`createTime`,`modifyUser`,`modifyTime`) values (2,'广州','4401','市','4401',1,'start_using','','2018-06-20 15:14:11',NULL,'2018-07-20 18:11:06'),(3,'天津','1200','市','1200',1,'start_using',NULL,'2018-06-25 18:18:32',NULL,'2018-07-20 18:11:55'),(4,'青岛','2660','市','2660',1,'start_using',NULL,'2018-06-25 18:27:36',NULL,'2018-07-20 18:13:15'),(5,'长沙','4100','市','4100',1,'start_using',NULL,'2018-07-20 18:12:58',NULL,'2018-07-20 18:14:18'),(6,'郑州','4500','市','4500',1,'start_using',NULL,'2018-07-20 18:13:43',NULL,'2018-07-20 18:14:19'),(7,'珠海','5190','市','5190',1,'start_using',NULL,'2018-07-20 18:14:13',NULL,'2018-07-20 18:14:49'),(8,'南宁','5300','市','5300',1,'start_using',NULL,'2018-07-20 18:14:46',NULL,'2018-07-20 18:14:55'),(9,'贵阳','5500','市','5500',1,'start_using',NULL,'2018-07-20 18:15:27',NULL,'2018-07-20 18:15:52'),(10,'西安','7100','市','7100',1,'start_using',NULL,'2018-07-20 18:15:35',NULL,'2018-07-20 18:15:53'),(11,'武汉','9001','市','9001',1,'start_using',NULL,'2018-08-01 15:57:39',NULL,'2018-08-01 15:57:49'),(12,'哈尔滨','9002','市','9002',1,'start_using',NULL,'2018-08-01 15:58:22',NULL,'2018-08-01 15:58:28'),(20,'南昌','9010','市','9010',1,'start_using',NULL,'2018-08-01 16:02:02',NULL,'2018-08-01 16:02:14'),(27,'南宁','9017','市','9017',1,'start_using',NULL,'2018-08-01 16:13:23',NULL,'2018-08-01 16:13:28'),(37,'大连','9027','市','9027',NULL,'start_using',NULL,'2018-08-13 10:00:25',NULL,'2018-08-13 10:00:29'),(38,NULL,NULL,NULL,NULL,NULL,NULL,NULL,'2018-08-14 17:47:44',NULL,'2018-08-14 17:47:44');

/*Table structure for table `sys_role` */

DROP TABLE IF EXISTS `sys_role`;

CREATE TABLE `sys_role` (
  `roleId` bigint(20) NOT NULL AUTO_INCREMENT COMMENT '角色Id',
  `operationSubjectId` bigint(20) DEFAULT NULL COMMENT '运营主体ID',
  `roleCode` varchar(32) NOT NULL COMMENT '角色代码',
  `roleName` varchar(32) DEFAULT NULL COMMENT '角色名称',
  `status` varchar(32) DEFAULT NULL COMMENT '状态',
  `wasCanDelete` bit(1) DEFAULT NULL COMMENT '是否可以删除',
  `createUser` varchar(32) DEFAULT NULL COMMENT '添加人',
  `createTime` datetime DEFAULT CURRENT_TIMESTAMP COMMENT '创建时间',
  `modifyUser` varchar(32) DEFAULT NULL COMMENT '修改人',
  `modifyTime` datetime DEFAULT CURRENT_TIMESTAMP ON UPDATE CURRENT_TIMESTAMP COMMENT '修改时间',
  PRIMARY KEY (`roleId`),
  KEY `unique_roleCode` (`roleCode`)
) ENGINE=InnoDB AUTO_INCREMENT=217 DEFAULT CHARSET=utf8;

/*Data for the table `sys_role` */

insert  into `sys_role`(`roleId`,`operationSubjectId`,`roleCode`,`roleName`,`status`,`wasCanDelete`,`createUser`,`createTime`,`modifyUser`,`modifyTime`) values (180,38,'','系统管理员（不要改）','start_using','\0','sysAdmin','2018-08-02 10:03:31','管理员（不要改）','2018-08-29 09:12:42'),(181,38,'','维修员（不要改）','start_using',NULL,'admin','2018-08-03 13:30:24','管理员（不要改）','2018-09-07 10:13:34'),(182,38,'','库存管理员（不要改）','start_using',NULL,'admin','2018-08-06 14:38:36','管理员（不要改）','2018-09-07 13:43:17'),(183,38,'','1222','stop_using',NULL,'管理员','2018-08-07 11:28:42','管理员（不要改）','2018-09-03 16:45:41'),(184,38,'','11112312','stop_using',NULL,'管理员','2018-08-08 10:06:46','管理员1','2018-08-17 14:59:53'),(185,38,'','1231233','stop_using',NULL,'管理员','2018-08-08 11:38:51','管理员（不要改）','2018-09-03 16:57:56'),(186,38,'','阿三大苏打','stop_using',NULL,'管理员','2018-08-08 11:42:02','管理员1','2018-08-17 14:22:27'),(187,38,'123123','2123','stop_using',NULL,'管理员','2018-08-08 11:42:22','管理员','2018-08-08 11:43:31'),(188,38,'','1','stop_using',NULL,'管理员','2018-08-10 17:22:13','管理员（不要改）','2018-09-03 16:47:29'),(189,38,'','22243443','stop_using',NULL,'管理员','2018-08-10 17:38:41','管理员（不要改）','2018-09-04 20:50:22'),(190,39,'001','系统管理员','start_using','\0','sysAdmin','2018-08-14 18:00:44','sysAdmin','2018-08-14 18:00:44'),(191,40,'001','系统管理员','start_using','\0','sysAdmin','2018-08-14 18:03:08','sysAdmin','2018-08-14 18:03:08'),(192,38,'','报修员（不要改）','start_using',NULL,'管理员','2018-08-15 09:41:11','管理员（不要改）','2018-09-07 13:43:37'),(193,41,'001','系统管理员','start_using','\0','sysAdmin','2018-08-15 14:13:52','sysAdmin','2018-08-15 14:13:52'),(194,42,'001','系统管理员','start_using','\0','sysAdmin','2018-08-21 20:25:44','sysAdmin','2018-08-21 20:25:44'),(195,43,'001','系统管理员','start_using','\0','sysAdmin','2018-08-21 20:27:53','sysAdmin','2018-08-21 20:27:53'),(196,44,'001','系统管理员','start_using','\0','sysAdmin','2018-08-21 20:27:54','sysAdmin','2018-08-21 20:27:54'),(197,45,'001','系统管理员','start_using','\0','sysAdmin','2018-08-21 20:31:11','sysAdmin','2018-08-21 20:31:11'),(198,46,'001','系统管理员','start_using','\0','sysAdmin','2018-08-21 20:37:28','sysAdmin','2018-08-21 20:37:28'),(199,47,'001','系统管理员','start_using','\0','sysAdmin','2018-08-21 20:42:06','sysAdmin','2018-08-21 20:42:06'),(200,48,'001','系统管理员','start_using','\0','sysAdmin','2018-08-21 20:47:04','sysAdmin','2018-08-21 20:47:04'),(201,49,'001','系统管理员','start_using','\0','sysAdmin','2018-08-21 20:57:56','sysAdmin','2018-08-21 20:57:56'),(202,38,'','2224344','stop_using',NULL,'管理员（不要改）','2018-08-24 10:42:32','管理员（不要改）','2018-08-24 10:42:32'),(203,38,'','测试0003','start_using',NULL,'管理员（不要改）','2018-08-24 11:48:02','管理员（不要改）','2018-08-24 11:48:02'),(204,38,'','12224566','stop_using',NULL,'管理员（不要改）','2018-09-03 16:58:23','管理员（不要改）','2018-09-21 13:42:23'),(205,38,'','新增角色66','stop_using',NULL,'管理员（不要改）','2018-09-05 10:29:37','管理员（不要改）','2018-09-21 13:42:10'),(206,50,'001','系统管理员','start_using','\0','sysAdmin','2018-09-13 11:08:06','sysAdmin','2018-09-13 11:08:06'),(207,51,'001','系统管理员','start_using','\0','sysAdmin','2018-09-13 11:11:26','sysAdmin','2018-09-13 11:11:26'),(208,52,'001','系统管理员','start_using','\0','sysAdmin','2018-09-13 11:13:45','sysAdmin','2018-09-13 11:13:45'),(209,38,'','111','stop_using',NULL,'管理员（不要改）','2018-09-17 09:56:23','管理员（不要改）','2018-09-17 09:56:23'),(210,38,'','adw1','stop_using',NULL,'管理员（不要改）','2018-09-18 17:00:58','管理员（不要改）','2018-09-21 13:41:56'),(211,53,'001','系统管理员','start_using','\0','sysAdmin','2018-09-18 17:53:14','sysAdmin','2018-09-18 17:53:14'),(212,54,'001','系统管理员','start_using','\0','sysAdmin','2018-09-20 19:35:17','sysAdmin','2018-09-20 19:35:17'),(213,55,'001','系统管理员','start_using','\0','sysAdmin','2018-09-27 13:56:04','sysAdmin','2018-09-27 13:56:04'),(215,56,'001','系统管理员','start_using','\0','zzAdmin','2018-10-25 14:05:12','zzAdmin','2018-10-25 14:05:12'),(216,57,'001','系统管理员','start_using','\0','sysAdmin','2018-10-25 14:08:07','sysAdmin','2018-10-25 14:08:07');

/*Table structure for table `sys_role_permission` */

DROP TABLE IF EXISTS `sys_role_permission`;

CREATE TABLE `sys_role_permission` (
  `rolePermissionId` bigint(20) NOT NULL AUTO_INCREMENT COMMENT '角色权限Id',
  `roleId` bigint(20) DEFAULT NULL COMMENT '角色ID',
  `permissionId` bigint(20) DEFAULT NULL COMMENT '权限id',
  `permissionCode` varchar(32) DEFAULT NULL COMMENT '权限代码',
  PRIMARY KEY (`rolePermissionId`)
) ENGINE=InnoDB AUTO_INCREMENT=6 DEFAULT CHARSET=utf8;

/*Data for the table `sys_role_permission` */

/*Table structure for table `sys_role_tree` */

DROP TABLE IF EXISTS `sys_role_tree`;

CREATE TABLE `sys_role_tree` (
  `roleTreeId` bigint(20) NOT NULL AUTO_INCREMENT COMMENT '角色功能树ID',
  `roleId` bigint(20) DEFAULT NULL COMMENT '角色Id',
  `functionTreeId` bigint(20) DEFAULT NULL COMMENT '功能树ID',
  PRIMARY KEY (`roleTreeId`)
) ENGINE=InnoDB AUTO_INCREMENT=3373 DEFAULT CHARSET=utf8;

/*Data for the table `sys_role_tree` */

insert  into `sys_role_tree`(`roleTreeId`,`roleId`,`functionTreeId`) values (1125,179,1),(1126,179,2),(1127,179,3),(1128,179,4),(1129,179,5),(1130,179,6),(1131,179,7),(1132,179,8),(1133,179,9),(1134,179,10),(1135,179,11),(1136,179,12),(1137,179,13),(1138,179,14),(1139,179,18),(1140,179,20),(1141,179,21),(1142,179,22),(1143,179,23),(1144,179,24),(1342,187,4),(1515,190,1),(1516,190,2),(1517,190,3),(1518,190,4),(1519,190,5),(1520,190,6),(1521,190,7),(1522,190,8),(1523,190,9),(1524,190,10),(1525,190,11),(1526,190,12),(1527,190,13),(1528,190,14),(1529,190,15),(1530,190,16),(1531,190,17),(1532,190,18),(1533,190,19),(1534,190,20),(1535,190,21),(1536,190,22),(1537,190,23),(1538,190,24),(1539,190,25),(1540,190,26),(1541,190,27),(1542,190,28),(1543,190,29),(1544,190,30),(1545,190,31),(1546,190,32),(1547,190,33),(1548,190,34),(1549,191,1),(1550,191,2),(1551,191,3),(1552,191,4),(1553,191,5),(1554,191,6),(1555,191,7),(1556,191,8),(1557,191,9),(1558,191,10),(1559,191,11),(1560,191,12),(1561,191,13),(1562,191,14),(1563,191,15),(1564,191,16),(1565,191,17),(1566,191,18),(1567,191,19),(1568,191,20),(1569,191,21),(1570,191,22),(1571,191,23),(1572,191,24),(1573,191,25),(1574,191,26),(1575,191,27),(1576,191,28),(1577,191,29),(1578,191,30),(1579,191,31),(1580,191,32),(1581,191,33),(1582,191,34),(1587,193,1),(1588,193,2),(1589,193,3),(1590,193,4),(1591,193,5),(1592,193,6),(1593,193,7),(1594,193,8),(1595,193,9),(1596,193,10),(1597,193,11),(1598,193,12),(1599,193,13),(1600,193,14),(1601,193,15),(1602,193,16),(1603,193,17),(1604,193,18),(1605,193,19),(1606,193,20),(1607,193,21),(1608,193,22),(1609,193,23),(1610,193,24),(1611,193,25),(1612,193,26),(1613,193,27),(1614,193,28),(1615,193,29),(1616,193,30),(1617,193,31),(1618,193,32),(1619,193,33),(1620,193,34),(1670,186,3),(1671,186,9),(1672,186,10),(1673,186,11),(1674,186,16),(1675,186,17),(1676,186,30),(1677,186,33),(1678,186,27),(1679,186,28),(1688,184,1),(1689,184,4),(1690,184,3),(1691,194,1),(1692,194,2),(1693,194,3),(1694,194,4),(1695,194,5),(1696,194,6),(1697,194,7),(1698,194,8),(1699,194,9),(1700,194,10),(1701,194,11),(1702,194,12),(1703,194,13),(1704,194,14),(1705,194,15),(1706,194,16),(1707,194,17),(1708,194,18),(1709,194,19),(1710,194,20),(1711,194,21),(1712,194,22),(1713,194,23),(1714,194,24),(1715,194,25),(1716,194,26),(1717,194,27),(1718,194,28),(1719,194,29),(1720,194,30),(1721,194,31),(1722,194,32),(1723,194,33),(1724,195,1),(1725,195,2),(1726,195,3),(1727,195,4),(1728,195,5),(1729,195,6),(1730,195,7),(1731,195,8),(1732,195,9),(1733,195,10),(1734,195,11),(1735,195,12),(1736,195,13),(1737,195,14),(1738,195,15),(1739,195,16),(1740,195,17),(1741,195,18),(1742,195,19),(1743,195,20),(1744,195,21),(1745,195,22),(1746,195,23),(1747,195,24),(1748,195,25),(1749,195,26),(1750,195,27),(1751,195,28),(1752,195,29),(1753,196,1),(1754,195,30),(1755,196,2),(1756,195,31),(1757,196,3),(1758,195,32),(1759,196,4),(1760,195,33),(1761,196,5),(1762,196,6),(1763,196,7),(1764,196,8),(1765,196,9),(1766,196,10),(1767,196,11),(1768,196,12),(1769,196,13),(1770,196,14),(1771,196,15),(1772,196,16),(1773,196,17),(1774,196,18),(1775,196,19),(1776,196,20),(1777,196,21),(1778,196,22),(1779,196,23),(1780,196,24),(1781,196,25),(1782,196,26),(1783,196,27),(1784,196,28),(1785,196,29),(1786,196,30),(1787,196,31),(1788,196,32),(1789,196,33),(1790,197,1),(1791,197,2),(1792,197,3),(1793,197,4),(1794,197,5),(1795,197,6),(1796,197,7),(1797,197,8),(1798,197,9),(1799,197,10),(1800,197,11),(1801,197,12),(1802,197,13),(1803,197,14),(1804,197,15),(1805,197,16),(1806,197,17),(1807,197,18),(1808,197,19),(1809,197,20),(1810,197,21),(1811,197,22),(1812,197,23),(1813,197,24),(1814,197,25),(1815,197,26),(1816,197,27),(1817,197,28),(1818,197,29),(1819,197,30),(1820,197,31),(1821,197,32),(1822,197,33),(1823,198,1),(1824,198,2),(1825,198,3),(1826,198,4),(1827,198,5),(1828,198,6),(1829,198,7),(1830,198,8),(1831,198,9),(1832,198,10),(1833,198,11),(1834,198,12),(1835,198,13),(1836,198,14),(1837,198,15),(1838,198,16),(1839,198,17),(1840,198,18),(1841,198,19),(1842,198,20),(1843,198,21),(1844,198,22),(1845,198,23),(1846,198,24),(1847,198,25),(1848,198,26),(1849,198,27),(1850,198,28),(1851,198,29),(1852,198,30),(1853,198,31),(1854,198,32),(1855,198,33),(1856,199,1),(1857,199,2),(1858,199,3),(1859,199,4),(1860,199,5),(1861,199,6),(1862,199,7),(1863,199,8),(1864,199,9),(1865,199,10),(1866,199,11),(1867,199,12),(1868,199,13),(1869,199,14),(1870,199,15),(1871,199,16),(1872,199,17),(1873,199,18),(1874,199,19),(1875,199,20),(1876,199,21),(1877,199,22),(1878,199,23),(1879,199,24),(1880,199,25),(1881,199,26),(1882,199,27),(1883,199,28),(1884,199,29),(1885,199,30),(1886,199,31),(1887,199,32),(1888,199,33),(1889,200,1),(1890,200,2),(1891,200,3),(1892,200,4),(1893,200,5),(1894,200,6),(1895,200,7),(1896,200,8),(1897,200,9),(1898,200,10),(1899,200,11),(1900,200,12),(1901,200,13),(1902,200,14),(1903,200,15),(1904,200,16),(1905,200,17),(1906,200,18),(1907,200,19),(1908,200,20),(1909,200,21),(1910,200,22),(1911,200,23),(1912,200,24),(1913,200,25),(1914,200,26),(1915,200,27),(1916,200,28),(1917,200,29),(1918,200,30),(1919,200,31),(1920,200,32),(1921,200,33),(1922,201,1),(1923,201,2),(1924,201,3),(1925,201,4),(1926,201,5),(1927,201,6),(1928,201,7),(1929,201,8),(1930,201,9),(1931,201,10),(1932,201,11),(1933,201,12),(1934,201,13),(1935,201,14),(1936,201,15),(1937,201,16),(1938,201,17),(1939,201,18),(1940,201,19),(1941,201,20),(1942,201,21),(1943,201,22),(1944,201,23),(1945,201,24),(1946,201,25),(1947,201,26),(1948,201,27),(1949,201,28),(1950,201,29),(1951,201,30),(1952,201,31),(1953,201,32),(1954,201,33),(1955,202,3),(1956,202,2),(1959,203,9),(1960,203,10),(1961,203,11),(1962,203,16),(1963,203,27),(1964,203,28),(1965,203,29),(2041,183,1),(2042,183,3),(2043,183,4),(2044,183,2),(2045,183,5),(2046,183,19),(2047,188,2),(2048,185,3),(2103,189,3),(2104,189,2),(2139,182,1),(2140,182,4),(2141,182,3),(2142,182,2),(2143,182,5),(2144,182,19),(2145,182,6),(2146,182,7),(2147,182,8),(2148,182,9),(2149,182,10),(2150,182,11),(2151,182,12),(2152,182,13),(2153,182,14),(2154,182,15),(2155,182,18),(2156,182,26),(2157,182,21),(2158,182,22),(2159,182,23),(2160,182,24),(2161,182,25),(2162,182,16),(2163,182,17),(2164,182,30),(2165,182,27),(2166,182,28),(2167,182,29),(2168,182,37),(2169,182,38),(2170,182,39),(2171,182,40),(2172,182,41),(2173,182,42),(2174,182,43),(2175,182,44),(2176,182,45),(2177,182,46),(2178,182,47),(2179,182,48),(2180,182,49),(2181,182,50),(2182,182,51),(2183,182,52),(2184,182,53),(2185,192,16),(2186,192,17),(2187,192,30),(2188,192,33),(2189,192,37),(2190,192,38),(2191,192,39),(2192,192,40),(2193,192,41),(2194,192,42),(2195,192,43),(2196,192,44),(2197,192,45),(2198,192,46),(2199,192,47),(2200,192,48),(2201,192,49),(2202,192,50),(2203,192,51),(2204,192,52),(2205,192,53),(2267,206,1),(2268,206,2),(2269,206,3),(2270,206,4),(2271,206,5),(2272,206,6),(2273,206,7),(2274,206,8),(2275,206,9),(2276,206,10),(2277,206,11),(2278,206,12),(2279,206,13),(2280,206,14),(2281,206,15),(2282,206,16),(2283,206,17),(2284,206,18),(2285,206,19),(2286,206,20),(2287,206,21),(2288,206,22),(2289,206,23),(2290,206,24),(2291,206,25),(2292,206,26),(2293,206,27),(2294,206,28),(2295,206,29),(2296,206,30),(2297,206,31),(2298,206,32),(2299,206,33),(2300,206,35),(2301,206,36),(2302,206,37),(2303,206,38),(2304,206,39),(2305,206,40),(2306,206,41),(2307,206,42),(2308,206,43),(2309,206,44),(2310,206,45),(2311,206,46),(2312,206,47),(2313,206,48),(2314,206,49),(2315,206,50),(2316,206,51),(2317,206,52),(2318,206,53),(2319,206,54),(2320,207,1),(2321,207,2),(2322,207,3),(2323,207,4),(2324,207,5),(2325,207,6),(2326,207,7),(2327,207,8),(2328,207,9),(2329,207,10),(2330,207,11),(2331,207,12),(2332,207,13),(2333,207,14),(2334,207,15),(2335,207,16),(2336,207,17),(2337,207,18),(2338,207,19),(2339,207,20),(2340,207,21),(2341,207,22),(2342,207,23),(2343,207,24),(2344,207,25),(2345,207,26),(2346,207,27),(2347,207,28),(2348,207,29),(2349,207,30),(2350,207,31),(2351,207,32),(2352,207,33),(2353,207,35),(2354,207,36),(2355,207,37),(2356,207,38),(2357,207,39),(2358,207,40),(2359,207,41),(2360,207,42),(2361,207,43),(2362,207,44),(2363,207,45),(2364,207,46),(2365,207,47),(2366,207,48),(2367,207,49),(2368,207,50),(2369,207,51),(2370,207,52),(2371,207,53),(2372,207,54),(2373,208,1),(2374,208,2),(2375,208,3),(2376,208,4),(2377,208,5),(2378,208,6),(2379,208,7),(2380,208,8),(2381,208,9),(2382,208,10),(2383,208,11),(2384,208,12),(2385,208,13),(2386,208,14),(2387,208,15),(2388,208,16),(2389,208,17),(2390,208,18),(2391,208,19),(2392,208,20),(2393,208,21),(2394,208,22),(2395,208,23),(2396,208,24),(2397,208,25),(2398,208,26),(2399,208,27),(2400,208,28),(2401,208,29),(2402,208,30),(2403,208,31),(2404,208,32),(2405,208,33),(2406,208,35),(2407,208,36),(2408,208,37),(2409,208,38),(2410,208,39),(2411,208,40),(2412,208,41),(2413,208,42),(2414,208,43),(2415,208,44),(2416,208,45),(2417,208,46),(2418,208,47),(2419,208,48),(2420,208,49),(2421,208,50),(2422,208,51),(2423,208,52),(2424,208,53),(2425,208,54),(2426,209,1),(2427,209,4),(2463,211,1),(2464,211,2),(2465,211,3),(2466,211,4),(2467,211,5),(2468,211,6),(2469,211,7),(2470,211,8),(2471,211,9),(2472,211,10),(2473,211,11),(2474,211,12),(2475,211,13),(2476,211,14),(2477,211,15),(2478,211,16),(2479,211,17),(2480,211,18),(2481,211,19),(2482,211,20),(2483,211,21),(2484,211,22),(2485,211,23),(2486,211,24),(2487,211,25),(2488,211,26),(2489,211,27),(2490,211,28),(2491,211,29),(2492,211,30),(2493,211,31),(2494,211,32),(2495,211,33),(2496,211,35),(2497,211,36),(2498,211,37),(2499,211,38),(2500,211,39),(2501,211,40),(2502,211,41),(2503,211,42),(2504,211,43),(2505,211,44),(2506,211,45),(2507,211,46),(2508,211,47),(2509,211,48),(2510,211,49),(2511,211,50),(2512,211,51),(2513,211,52),(2514,211,53),(2515,211,54),(2612,212,1),(2613,212,2),(2614,212,3),(2615,212,4),(2616,212,5),(2617,212,6),(2618,212,7),(2619,212,8),(2620,212,9),(2621,212,10),(2622,212,11),(2623,212,12),(2624,212,13),(2625,212,14),(2626,212,15),(2627,212,16),(2628,212,17),(2629,212,18),(2630,212,19),(2631,212,20),(2632,212,21),(2633,212,22),(2634,212,23),(2635,212,24),(2636,212,25),(2637,212,26),(2638,212,27),(2639,212,28),(2640,212,29),(2641,212,30),(2642,212,31),(2643,212,32),(2644,212,33),(2645,212,35),(2646,212,36),(2647,212,37),(2648,212,38),(2649,212,39),(2650,212,40),(2651,212,41),(2652,212,42),(2653,212,43),(2654,212,44),(2655,212,45),(2656,212,46),(2657,212,47),(2658,212,48),(2659,212,49),(2660,212,50),(2661,212,51),(2662,212,52),(2663,212,53),(2664,212,54),(2665,212,55),(2666,212,56),(2667,212,57),(2668,212,58),(2669,212,59),(2670,210,16),(2671,210,32),(2672,205,1),(2673,205,4),(2674,204,1),(2675,204,3),(2789,213,1),(2790,213,2),(2791,213,3),(2792,213,4),(2793,213,5),(2794,213,6),(2795,213,7),(2796,213,8),(2797,213,9),(2798,213,10),(2799,213,11),(2800,213,12),(2801,213,13),(2802,213,14),(2803,213,15),(2804,213,16),(2805,213,17),(2806,213,18),(2807,213,19),(2808,213,20),(2809,213,21),(2810,213,22),(2811,213,23),(2812,213,24),(2813,213,25),(2814,213,26),(2815,213,27),(2816,213,28),(2817,213,29),(2818,213,30),(2819,213,31),(2820,213,32),(2821,213,33),(2822,213,35),(2823,213,36),(2824,213,37),(2825,213,38),(2826,213,39),(2827,213,40),(2828,213,41),(2829,213,42),(2830,213,43),(2831,213,44),(2832,213,45),(2833,213,46),(2834,213,47),(2835,213,48),(2836,213,50),(2837,213,51),(2838,213,52),(2839,213,53),(2840,213,54),(2841,213,55),(2842,213,56),(2843,213,57),(2844,213,58),(2845,213,59),(2906,181,1),(2907,181,19),(2908,181,12),(2909,181,25),(2910,181,16),(2911,181,17),(2912,181,31),(2913,181,33),(2914,181,32),(2915,181,37),(2916,181,38),(2917,181,40),(2918,181,41),(2919,181,43),(2920,181,46),(2921,181,51),(2922,181,55),(2923,181,56),(2924,181,58),(2925,181,59),(3053,215,1),(3054,215,2),(3055,215,3),(3056,215,4),(3057,215,5),(3058,215,6),(3059,215,7),(3060,215,8),(3061,215,9),(3062,215,10),(3063,215,11),(3064,215,12),(3065,215,13),(3066,215,14),(3067,215,15),(3068,215,16),(3069,215,17),(3070,215,18),(3071,215,19),(3072,215,21),(3073,215,22),(3074,215,23),(3075,215,24),(3076,215,25),(3077,215,26),(3078,215,27),(3079,215,28),(3080,215,29),(3081,215,30),(3082,215,31),(3083,215,32),(3084,215,33),(3085,215,35),(3086,215,36),(3087,215,37),(3088,215,38),(3089,215,39),(3090,215,40),(3091,215,41),(3092,215,42),(3093,215,43),(3094,215,44),(3095,215,45),(3096,215,46),(3097,215,47),(3098,215,48),(3099,215,50),(3100,215,51),(3101,215,52),(3102,215,53),(3103,215,55),(3104,215,56),(3105,215,57),(3106,215,58),(3107,215,59),(3108,215,60),(3109,215,61),(3110,215,62),(3111,215,63),(3112,215,64),(3113,215,65),(3114,215,66),(3115,215,67),(3116,216,1),(3117,216,2),(3118,216,3),(3119,216,4),(3120,216,5),(3121,216,6),(3122,216,7),(3123,216,8),(3124,216,9),(3125,216,10),(3126,216,11),(3127,216,12),(3128,216,13),(3129,216,14),(3130,216,15),(3131,216,16),(3132,216,17),(3133,216,18),(3134,216,19),(3135,216,21),(3136,216,22),(3137,216,23),(3138,216,24),(3139,216,25),(3140,216,26),(3141,216,27),(3142,216,28),(3143,216,29),(3144,216,30),(3145,216,31),(3146,216,32),(3147,216,33),(3148,216,35),(3149,216,36),(3150,216,37),(3151,216,38),(3152,216,39),(3153,216,40),(3154,216,41),(3155,216,42),(3156,216,43),(3157,216,44),(3158,216,45),(3159,216,46),(3160,216,47),(3161,216,48),(3162,216,50),(3163,216,51),(3164,216,52),(3165,216,53),(3166,216,55),(3167,216,56),(3168,216,57),(3169,216,58),(3170,216,59),(3171,216,60),(3172,216,61),(3173,216,62),(3174,216,63),(3175,216,64),(3176,216,65),(3177,216,66),(3178,216,67),(3308,180,1),(3309,180,4),(3310,180,3),(3311,180,2),(3312,180,5),(3313,180,19),(3314,180,6),(3315,180,7),(3316,180,8),(3317,180,9),(3318,180,10),(3319,180,11),(3320,180,12),(3321,180,13),(3322,180,14),(3323,180,15),(3324,180,18),(3325,180,26),(3326,180,21),(3327,180,22),(3328,180,23),(3329,180,24),(3330,180,25),(3331,180,35),(3332,180,36),(3333,180,16),(3334,180,17),(3335,180,30),(3336,180,31),(3337,180,33),(3338,180,32),(3339,180,60),(3340,180,68),(3341,180,69),(3342,180,27),(3343,180,28),(3344,180,29),(3345,180,37),(3346,180,38),(3347,180,39),(3348,180,40),(3349,180,41),(3350,180,42),(3351,180,43),(3352,180,44),(3353,180,45),(3354,180,46),(3355,180,48),(3356,180,47),(3357,180,50),(3358,180,51),(3359,180,52),(3360,180,67),(3361,180,53),(3362,180,55),(3363,180,56),(3364,180,57),(3365,180,58),(3366,180,59),(3367,180,61),(3368,180,62),(3369,180,63),(3370,180,64),(3371,180,65),(3372,180,66);

/*Table structure for table `sys_user` */

DROP TABLE IF EXISTS `sys_user`;

CREATE TABLE `sys_user` (
  `userId` bigint(20) NOT NULL AUTO_INCREMENT COMMENT '用户Id',
  `orgId` bigint(32) DEFAULT NULL COMMENT '组织结构Id',
  `operationSubjectId` bigint(20) DEFAULT NULL COMMENT '运营主体ID',
  `userName` varchar(32) NOT NULL COMMENT '用户名',
  `password` varchar(32) NOT NULL COMMENT '密码',
  `photoUrl` varchar(256) DEFAULT NULL COMMENT '用户头像Url',
  `email` varchar(32) DEFAULT NULL COMMENT '邮箱',
  `realName` varchar(32) DEFAULT NULL COMMENT '真实姓名',
  `phone` varchar(16) DEFAULT NULL COMMENT '手机号',
  `status` varchar(32) DEFAULT NULL COMMENT '用户状态',
  `salt` varchar(32) DEFAULT NULL COMMENT '加密盐值',
  `position` varchar(128) DEFAULT NULL COMMENT '职位',
  `workNumber` varchar(128) DEFAULT NULL COMMENT '工号',
  `lastLoginTime` datetime DEFAULT NULL COMMENT '最后登录时间',
  `lastLoginIp` varchar(32) DEFAULT NULL COMMENT '最后登录IP地址',
  `remark` varchar(512) DEFAULT NULL COMMENT '备注',
  `createUser` varchar(32) DEFAULT NULL COMMENT '添加人',
  `createTime` datetime DEFAULT CURRENT_TIMESTAMP COMMENT '创建时间',
  `modifyUser` varchar(32) DEFAULT NULL COMMENT '修改人',
  `modifyTime` datetime DEFAULT CURRENT_TIMESTAMP ON UPDATE CURRENT_TIMESTAMP COMMENT '修改时间',
  `sex` varchar(32) DEFAULT NULL,
  `realNamePinYin` varchar(32) DEFAULT NULL COMMENT '真实姓名拼音缩写',
  `realNameAllPinYin` varchar(64) DEFAULT NULL COMMENT '真实姓名拼音',
  `currentLoginTime` datetime DEFAULT NULL,
  `currentLoginIp` varchar(32) DEFAULT NULL,
  `openId` varchar(128) DEFAULT NULL,
  `wasDefaultManager` varchar(8) DEFAULT '0',
  PRIMARY KEY (`userId`)
) ENGINE=InnoDB AUTO_INCREMENT=155 DEFAULT CHARSET=utf8;

/*Data for the table `sys_user` */

insert  into `sys_user`(`userId`,`orgId`,`operationSubjectId`,`userName`,`password`,`photoUrl`,`email`,`realName`,`phone`,`status`,`salt`,`position`,`workNumber`,`lastLoginTime`,`lastLoginIp`,`remark`,`createUser`,`createTime`,`modifyUser`,`modifyTime`,`sex`,`realNamePinYin`,`realNameAllPinYin`,`currentLoginTime`,`currentLoginIp`,`openId`,`wasDefaultManager`) values (47,73,38,'admin','fc1709d0a95a6be30bc5926fdb7f22f4',NULL,'xiezheng@cssweb.com.cn','管理员','13306337802','start_using',NULL,'管理员','3355','2018-11-02 21:03:13','127.0.0.1','啊是的范德萨发大水啊是的范德萨发大水啊是的范德萨发大水啊是的范德萨发大水啊是的范德萨发大水啊是的范德萨发大水啊是的范德萨发大水啊是的范德萨发大水啊是的范德萨发大水啊是的范德萨发大水啊是的范德萨发大水啊是的范德萨发大水啊是的范德萨发大水啊是的范德萨发大水啊是的范德萨发大水啊是的范德萨发大水啊是的范德萨发大水啊是的范德萨发大水','sysAdmin','2018-08-02 10:03:31','管理员','2018-11-04 14:26:54','male','gly','guanliyuan','2018-11-04 14:26:55','221.218.209.223','','1'),(48,74,38,'18310537832','fc1709d0a95a6be30bc5926fdb7f22f4','8e1689cf01564bcaa0051d91965b66c0.jpg','','维修员小李（不要改）','18310537832','start_using',NULL,'','wx001','2018-10-30 11:41:35','127.0.0.1','','admin','2018-08-02 19:55:21','管理员（不要改）','2018-11-01 16:07:44','male','wxyxlbyg','weixiuyuanxiaolibuyaogai','2018-11-01 16:07:43','127.0.0.1','','0'),(49,0,38,'13811623258','fc1709d0a95a6be30bc5926fdb7f22f4','group1/M00/00/00/rAoDoVuPu7aAHYOHAABWWTZAXQA412.jpg','hasdfasfasdfasdfoa','王晓红','13811623258','start_using',NULL,'','1hao','2018-09-14 19:08:24','192.168.1.118','','admin','2018-08-06 11:47:13','管理员（不要改）','2018-10-25 21:22:28','male','wxh','wangxiaohong','2018-09-14 19:11:00','192.168.1.118','','0'),(50,0,38,'15210230558','fc1709d0a95a6be30bc5926fdb7f22f4','group1/M00/00/00/rAoDoVuPthaAQh9vAAC8XocTqts071.png','','李晓磊','15210230558','start_using',NULL,'职位职位职位职位职位职位位职位位','cc123',NULL,NULL,'','admin','2018-08-06 14:43:53','2018cs','2018-10-25 21:22:28','male','lxl','lixiaolei','2018-10-18 10:26:54','192.168.1.106','','0'),(51,74,38,'13910048634','2a8c88c59ca809db276e933c9063bf6f','553423a7069344c29297a37be517b60b.jpg','1','刘谦','13910048634','start_using',NULL,'','cc',NULL,NULL,'','admin','2018-08-06 14:53:35','管理员（不要改）','2018-10-25 21:22:28','female','lq','liuqian',NULL,NULL,'','0'),(52,74,38,'15313305369','fc1709d0a95a6be30bc5926fdb7f22f4','3d785edf664a4e9db997660a99cabba5','assss@1.com','报修申请（不要改）','15313305369','start_using',NULL,'测试人员','cs001','2018-10-19 18:39:08','127.0.0.1','','管理员','2018-08-07 10:24:22','管理员（不要改）','2018-10-25 21:22:28','female','bxsqbyg','baoxiushenqingbuyaogai','2018-10-24 20:30:15','127.0.0.1','','0'),(53,0,38,'13306337806','fc1709d0a95a6be30bc5926fdb7f22f4','06ff32d89fc742448ece9a44d792fdd3.jpg','1@.','六','13306337806','start_using',NULL,'','0023',NULL,NULL,'','管理员','2018-08-07 10:34:14','管理员（不要改）','2018-10-25 21:22:28','female','l','liu',NULL,NULL,'','0'),(54,74,38,'13306337809','fc1709d0a95a6be30bc5926fdb7f22f4','group1/M00/00/00/rAoDoVuPu8OAZAXjAAC8XocTqts414.png','','我','13306337809','start_using',NULL,'','002',NULL,NULL,'qq','管理员','2018-08-07 10:41:42','管理员（不要改）','2018-10-25 21:22:28','female','w','wo',NULL,NULL,'','0'),(55,74,38,'cs','9c8cae6e5a1e4fde77b9f3be8f8b92f8','f509feb21e234f5e88fa8e20c5a9c820.jpg','','cs','13311111111','start_using',NULL,'','cs',NULL,NULL,'','管理员','2018-08-07 12:55:46','管理员（不要改）','2018-10-25 21:22:28','female','cs','cs',NULL,NULL,'','0'),(56,74,38,'ajas','fc1709d0a95a6be30bc5926fdb7f22f4','group1/M00/00/00/rAoDoVt-rJmAKP1SAA1rIoHwd3k965.jpg','102404120@qq.com','佳吉','13545070151','start_using',NULL,'财务部','1024112',NULL,NULL,'123从','管理员','2018-08-13 17:00:42','管理员（不要改）','2018-10-25 21:22:28','male','jj','jiaji',NULL,NULL,'','0'),(57,0,38,'13545070154','7907b038acadf62bc183d94071605524','19aaafc2f81342cea7ec5d5a5979c4ee.JPG','12123141@qq.com','请问','13545070154','start_using',NULL,'','123',NULL,NULL,'asda','管理员','2018-08-13 17:03:23','管理员（不要改）','2018-10-25 21:22:28','female','qw','qingwen',NULL,NULL,'','0'),(58,74,38,'jack1256','7f99e6ddd9c8a570a63a30e5d6e76585','','102420423@qq.com','ajsasf','13456899883','start_using',NULL,'123','12123',NULL,NULL,'aa','管理员','2018-08-13 17:05:02','管理员','2018-10-25 21:22:28','female','ajsasf','ajsasf',NULL,NULL,'','0'),(59,74,38,'11','00c18a96dcd54576524d9d284a70b1ff','1bf013b1a7a44f4d9345c02a200b8199.jpg','','1','13111111111','stop_using',NULL,'','1',NULL,NULL,'','管理员','2018-08-14 09:50:36','管理员1','2018-10-25 21:22:28','male','1','1',NULL,NULL,'','0'),(60,75,39,'adminhao','fc1709d0a95a6be30bc5926fdb7f22f4',NULL,NULL,NULL,NULL,'start_using',NULL,NULL,NULL,NULL,NULL,NULL,'sysAdmin','2018-08-14 18:00:45','sysAdmin','2018-10-25 21:22:28','female',NULL,NULL,NULL,NULL,'','0'),(61,76,40,'admin11','fc1709d0a95a6be30bc5926fdb7f22f4',NULL,NULL,NULL,NULL,'start_using',NULL,NULL,NULL,'2018-08-16 15:45:39','127.0.0.1',NULL,'sysAdmin','2018-08-14 18:03:09','sysAdmin','2018-10-25 21:22:28','female',NULL,NULL,NULL,NULL,'','0'),(62,74,38,'15314136188','fc1709d0a95a6be30bc5926fdb7f22f4','','1330633@qq.com','报修员小李（不要改）','15314136188','start_using',NULL,'现场报修','bxy1','2018-10-25 21:27:27','192.168.1.176','报修员小李，用户名bxy1，密码123456','管理员','2018-08-15 09:47:16','管理员（不要改）','2018-10-25 21:31:50','male','bxyxlbyg','baoxiuyuanxiaolibuyaogai','2018-10-25 21:31:47','192.168.1.176','oiQdq1DVMWys9szq7-1C27YMhpPs','0'),(63,77,41,'nanc','fc1709d0a95a6be30bc5926fdb7f22f4','',NULL,NULL,NULL,'start_using',NULL,NULL,NULL,NULL,NULL,NULL,'sysAdmin','2018-08-15 14:13:55','sysAdmin','2018-10-25 21:22:28','female',NULL,NULL,NULL,NULL,'','0'),(64,74,38,'15210230559','fc1709d0a95a6be30bc5926fdb7f22f4','f701cec5248e4c01b75a7e45d95b8a44.jpg','','2018cs','15210230559','start_using',NULL,'','2018cs','2018-10-19 13:40:40','192.168.1.129','','管理员1','2018-08-17 14:51:39','管理员（不要改）','2018-10-25 21:22:28','male','2018cs','2018cs','2018-10-19 16:19:23','192.168.1.129','','0'),(65,78,38,'测试小李','fc1709d0a95a6be30bc5926fdb7f22f4','376710afb55840809bce2b296ad826a6.png','','小李','13306337800','start_using',NULL,'','001012',NULL,NULL,'大师傅','管理员（不要改）','2018-08-20 15:54:18','管理员（不要改）','2018-10-25 21:22:28','male','xl','xiaoli',NULL,NULL,'','0'),(66,0,38,'测试010','fc1709d0a95a6be30bc5926fdb7f22f4','09ee7398026d474fb686766cc6c61c08.png','','小李','13306337800','start_using',NULL,'','010',NULL,NULL,'','管理员（不要改）','2018-08-21 19:57:39','管理员（不要改）','2018-10-25 21:22:28','male','xl','xiaoli',NULL,NULL,'','0'),(67,79,42,'ajax12','fc1709d0a95a6be30bc5926fdb7f22f4','',NULL,NULL,NULL,'start_using',NULL,NULL,NULL,NULL,NULL,NULL,'sysAdmin','2018-08-21 20:25:45','sysAdmin','2018-10-25 21:22:28','female',NULL,NULL,NULL,NULL,'','0'),(68,80,43,'ajasda','df15ed95439a05a20d55e0c644dacd64','',NULL,NULL,NULL,'start_using',NULL,NULL,NULL,NULL,NULL,NULL,'sysAdmin','2018-08-21 20:27:54','sysAdmin','2018-10-25 21:22:28','female',NULL,NULL,NULL,NULL,'','0'),(69,81,44,'ajasda','df15ed95439a05a20d55e0c644dacd64','',NULL,NULL,NULL,'start_using',NULL,NULL,NULL,NULL,NULL,NULL,'sysAdmin','2018-08-21 20:27:54','sysAdmin','2018-10-25 21:22:28','female',NULL,NULL,NULL,NULL,'','0'),(70,82,45,'13123','0c3adca8c1f3f8ce8f67353c5b30e8d2','',NULL,NULL,NULL,'start_using',NULL,NULL,NULL,NULL,NULL,NULL,'sysAdmin','2018-08-21 20:31:12','sysAdmin','2018-10-25 21:22:28','female',NULL,NULL,NULL,NULL,'','0'),(71,83,46,'1345','e24fe2a75ef9042689fe00241bdd1de2','',NULL,NULL,NULL,'start_using',NULL,NULL,NULL,NULL,NULL,NULL,'sysAdmin','2018-08-21 20:37:29','sysAdmin','2018-10-25 21:22:28','female',NULL,NULL,NULL,NULL,'','0'),(72,84,47,'144分','c7cbb78567de69b327d7752a5b19b1d6','',NULL,NULL,NULL,'start_using',NULL,NULL,NULL,NULL,NULL,NULL,'sysAdmin','2018-08-21 20:42:06','sysAdmin','2018-10-25 21:22:28','female',NULL,NULL,NULL,NULL,'','0'),(73,85,48,'1123','f344ba7b84afcf630bcceeb9977ab516','',NULL,NULL,NULL,'start_using',NULL,NULL,NULL,NULL,NULL,NULL,'sysAdmin','2018-08-21 20:47:05','sysAdmin','2018-10-25 21:22:28','female',NULL,NULL,NULL,NULL,'','0'),(74,86,49,'121231','083077ea57d28f8849ea6828017e16b9',NULL,NULL,NULL,NULL,'start_using',NULL,NULL,NULL,NULL,NULL,NULL,'sysAdmin','2018-08-21 20:57:57','sysAdmin','2018-10-25 21:22:28','female',NULL,NULL,NULL,NULL,'','0'),(75,0,38,'测试001小李','fc1709d0a95a6be30bc5926fdb7f22f4','6d12bef217004a6bba181fab7130e4d4.png','','小李','13306337800','start_using',NULL,'','测试001',NULL,NULL,'','管理员（不要改）','2018-08-23 11:36:27','管理员（不要改）','2018-10-25 21:22:28','male','xl','xiaoli',NULL,NULL,'','0'),(76,0,38,'测试002小李','fc1709d0a95a6be30bc5926fdb7f22f4','82795d3781e54563a5894d90223ea006.png','','小李','13006337800','start_using',NULL,'','cs002',NULL,NULL,'','管理员（不要改）','2018-08-23 11:42:21','管理员（不要改）','2018-10-25 21:22:28','female','xl','xiaoli',NULL,NULL,'','0'),(77,74,38,'aad','fc1709d0a95a6be30bc5926fdb7f22f4','group1/M00/00/00/rAoDo1t-n7uAUVa8AAl5WFleTCg805.jpg','','aad','13122222222','start_using',NULL,'','aad',NULL,NULL,'','管理员（不要改）','2018-08-23 18:05:25','管理员（不要改）','2018-10-25 21:22:28','female','aad','aad',NULL,NULL,'','0'),(78,0,38,'11111119111','a05e5f1d3df0aca2bd24e8afc5ce6568','group1/M00/00/00/rAoDoVuDxT6AIQsuAA0EHmFm2ys017.png','','1111','11111119111','start_using',NULL,'','1111',NULL,NULL,'','管理员（不要改）','2018-08-27 17:32:46','管理员（不要改）','2018-10-25 21:22:28','female','1111','1111',NULL,NULL,'','0'),(79,0,38,'11111131111','fc1709d0a95a6be30bc5926fdb7f22f4','group1/M00/00/00/rAoDoVuD2xyAX2dEAAGgi8Qol2k240.jpg','','123123','11111131111','start_using',NULL,'','11111',NULL,NULL,'','管理员（不要改）','2018-08-27 18:02:00','管理员（不要改）','2018-10-25 21:22:28','female','123123','123123',NULL,NULL,'','0'),(80,NULL,38,'lsm1','fc1709d0a95a6be30bc5926fdb7f22f4',NULL,'','李世民','15210230998','start_using',NULL,'','12211',NULL,NULL,NULL,'管理员（不要改）','2018-08-29 18:24:02','管理员（不要改）','2018-10-25 21:22:28','female','lsm','lishimin',NULL,NULL,'','0'),(81,NULL,38,'lsm2','fc1709d0a95a6be30bc5926fdb7f22f4',NULL,'','李世民','15210230998','start_using',NULL,'','12212',NULL,NULL,NULL,'管理员（不要改）','2018-08-29 18:24:57','管理员（不要改）','2018-10-25 21:22:28','female','lsm','lishimin',NULL,NULL,'','0'),(82,NULL,38,'lsm3','fc1709d0a95a6be30bc5926fdb7f22f4',NULL,'','李世民','15210230998','start_using',NULL,'','3123',NULL,NULL,NULL,'管理员（不要改）','2018-08-29 18:25:56','管理员（不要改）','2018-10-25 21:22:28','female','lsm','lishimin',NULL,NULL,'','0'),(83,NULL,38,'lsm','fc1709d0a95a6be30bc5926fdb7f22f4',NULL,'','李世民','15210230998','start_using',NULL,'','1221',NULL,NULL,NULL,'','2018-08-29 19:13:52','','2018-10-25 21:22:28','female','lsm','lishimin',NULL,NULL,'','0'),(84,NULL,38,'ZhangSan','fc1709d0a95a6be30bc5926fdb7f22f4',NULL,'1234567@163.com','张三','15210230333','start_using',NULL,'经理','00001',NULL,NULL,NULL,'管理员（不要改）','2018-08-31 09:41:04','管理员（不要改）','2018-10-25 21:22:28','male','zs','zhangsan',NULL,NULL,'','0'),(85,NULL,38,'LiSi','fc1709d0a95a6be30bc5926fdb7f22f4',NULL,'','李四','15210230334','start_using',NULL,'','00002',NULL,NULL,NULL,'管理员（不要改）','2018-08-31 09:41:04','管理员（不要改）','2018-10-25 21:22:28','female','ls','lisi',NULL,NULL,'','0'),(86,73,38,'wangwu','fc1709d0a95a6be30bc5926fdb7f22f4',NULL,'','王五','15210230522','start_using',NULL,'-','wangwu',NULL,NULL,NULL,'管理员（不要改）','2018-08-31 13:48:17','管理员（不要改）','2018-10-25 21:22:28','male','ww','wangwu',NULL,NULL,'','0'),(87,NULL,38,'ZhangSan1','fc1709d0a95a6be30bc5926fdb7f22f4',NULL,'1234567@163.com','张三','15210230333','start_using',NULL,'经理','11',NULL,NULL,NULL,'管理员（不要改）','2018-09-05 15:46:44','管理员（不要改）','2018-10-25 21:22:28','male','zs','zhangsan',NULL,NULL,'','0'),(88,NULL,38,'ZhangSan2','fc1709d0a95a6be30bc5926fdb7f22f4',NULL,'1234567@163.com','张三','15210230333','start_using',NULL,'经理','12',NULL,NULL,NULL,'管理员（不要改）','2018-09-05 15:46:44','管理员（不要改）','2018-10-25 21:22:28','male','zs','zhangsan',NULL,NULL,'','0'),(89,73,38,'zhaoliangtest','fc1709d0a95a6be30bc5926fdb7f22f4','group1/M00/00/01/rAoDo1uR8JOALuFrAASOz62OM9o833.jpg','110@qq.com','赵亮','13811969073','start_using',NULL,'321','0010010',NULL,NULL,'3213','管理员（不要改）','2018-09-07 11:29:23','管理员（不要改）','2018-10-25 21:22:28','male','zl','zhaoliang',NULL,NULL,'','0'),(90,0,38,'eddd','fc1709d0a95a6be30bc5926fdb7f22f4','','','333','13333333333','start_using',NULL,'','333',NULL,NULL,'','管理员（不要改）','2018-09-07 14:51:04','管理员（不要改）','2018-10-25 21:22:28','female','333','333',NULL,NULL,'','0'),(91,0,38,'212','fc1709d0a95a6be30bc5926fdb7f22f4','','','2121','13222222222','start_using',NULL,'','21',NULL,NULL,'','管理员（不要改）','2018-09-07 14:54:34','管理员（不要改）','2018-10-25 21:22:28','female','2121','2121',NULL,NULL,'','0'),(92,0,38,'2332','2cf92f6da4cba6f1dc8add15a0346f0e','','','sdds','13333322424','start_using',NULL,'','3232',NULL,NULL,'','管理员（不要改）','2018-09-07 14:55:52','管理员（不要改）','2018-10-25 21:22:28','female','sdds','sdds',NULL,NULL,'','0'),(93,0,38,'13444424444','fc1709d0a95a6be30bc5926fdb7f22f4','','','rere','13444424444','start_using',NULL,'','444',NULL,NULL,'','管理员（不要改）','2018-09-07 15:00:59','管理员（不要改）','2018-10-25 21:22:28','female','rere','rere',NULL,NULL,'','0'),(94,0,38,'666','952d5f79023ff59885b75042b990850c','','','66','13444444444','start_using',NULL,'','666',NULL,NULL,'','管理员（不要改）','2018-09-07 15:03:55','管理员（不要改）','2018-10-25 21:22:28','female','66','66',NULL,NULL,'','0'),(95,0,38,'ddd','7898b3274711377e0ce33b2a527add89','','','sss','13522121254','start_using',NULL,'','sddd',NULL,NULL,'','管理员（不要改）','2018-09-07 15:13:35','管理员（不要改）','2018-10-25 21:22:28','male','sss','sss',NULL,NULL,'','0'),(96,0,38,'ddds','879d6457d5315e047d842e5507c262b5','group1/M00/00/00/rAoDoVuSJT2ALL39AASOz62OM9o388.jpg','','111111','13855212012','start_using',NULL,'','22',NULL,NULL,'2222','管理员（不要改）','2018-09-07 15:14:05','管理员（不要改）','2018-10-25 21:22:28','female','111111','111111',NULL,NULL,'','0'),(97,0,38,'ssss','879d6457d5315e047d842e5507c262b5','group1/M00/00/01/rAoDo1uSJYuAA49HAAGbYIhzlcg566.jpg','','223332','13512586521','start_using',NULL,'','333',NULL,NULL,'','管理员（不要改）','2018-09-07 15:15:23','管理员（不要改）','2018-10-25 21:22:28','female','223332','223332',NULL,NULL,'','0'),(98,0,38,'bbbbb','879d6457d5315e047d842e5507c262b5','','','2122321','13544521254','start_using',NULL,'','33',NULL,NULL,'','管理员（不要改）','2018-09-07 15:15:42','管理员（不要改）','2018-10-25 21:22:28','female','2122321','2122321',NULL,NULL,'','0'),(101,73,38,'xiaohao','fc1709d0a95a6be30bc5926fdb7f22f4',NULL,'3935@qq.com','xiaohao','15210230522','start_using',NULL,'-','90909',NULL,NULL,NULL,'管理员（不要改）','2018-09-07 18:42:49','管理员（不要改）','2018-10-25 21:22:28','male','xiaohao','xiaohao',NULL,NULL,'','0'),(102,74,38,'cxdr1','fc1709d0a95a6be30bc5926fdb7f22f4',NULL,'','测试导入1','13306337800','start_using',NULL,'测试人员','cxdr001',NULL,NULL,NULL,'管理员（不要改）','2018-09-10 15:01:20','管理员（不要改）','2018-10-25 21:22:28','female','csdr1','ceshidaoru1',NULL,NULL,'','0'),(103,NULL,38,'cxdr2','fc1709d0a95a6be30bc5926fdb7f22f4',NULL,'','测试导入2','13306337800','start_using',NULL,'','cxdr002',NULL,NULL,NULL,'管理员（不要改）','2018-09-10 15:01:20','管理员（不要改）','2018-10-25 21:22:28','female','csdr2','ceshidaoru2',NULL,NULL,'','0'),(104,74,38,'cxdr3','fc1709d0a95a6be30bc5926fdb7f22f4',NULL,'','测试导入3','13306337800','start_using',NULL,'测试人员','cxdr003',NULL,NULL,NULL,'管理员（不要改）','2018-09-10 15:04:40','管理员（不要改）','2018-10-25 21:22:28','female','csdr3','ceshidaoru3',NULL,NULL,'','0'),(105,74,38,'cxdr4','fc1709d0a95a6be30bc5926fdb7f22f4',NULL,'','测试导入4','13306337800','start_using',NULL,'测试人员','cxdr004',NULL,NULL,NULL,'管理员（不要改）','2018-09-10 15:07:16','管理员（不要改）','2018-10-25 21:22:28','female','csdr4','ceshidaoru4',NULL,NULL,'','0'),(106,74,38,'cxdr5','fc1709d0a95a6be30bc5926fdb7f22f4',NULL,'','测试导入5','13306337800','start_using',NULL,'测试人员','cxdr005',NULL,NULL,NULL,'管理员（不要改）','2018-09-10 15:18:11','管理员（不要改）','2018-10-25 21:22:28','female','csdr5','ceshidaoru5',NULL,NULL,'','0'),(107,73,38,'hwz123','fc1709d0a95a6be30bc5926fdb7f22f4',NULL,'3935@qq.com','管理员（不要改）','15210230522','start_using',NULL,'-','-',NULL,NULL,NULL,'管理员（不要改）','2018-09-10 15:30:21','管理员（不要改）','2018-10-25 21:22:28','female','glybyg',NULL,NULL,NULL,'','0'),(108,NULL,38,'zhangsansan','fc1709d0a95a6be30bc5926fdb7f22f4',NULL,'','张珊珊','15210230557','start_using',NULL,'','20180910',NULL,NULL,NULL,'管理员（不要改）','2018-09-10 16:53:36','管理员（不要改）','2018-10-25 21:22:28','female','zss','zhangshanshan',NULL,NULL,'','0'),(109,0,38,'long31321','fc1709d0a95a6be30bc5926fdb7f22f4','group1/M00/00/01/rAoDoVuWQ-yATNDcAADGhIiYeKI390.jpg','','李砚龙','13306337800','start_using',NULL,'','321312',NULL,NULL,'','管理员（不要改）','2018-09-10 18:13:46','管理员（不要改）','2018-10-25 21:22:28','male','lyl','liyanlong',NULL,NULL,'','0'),(110,NULL,38,'zhangsansan1','fc1709d0a95a6be30bc5926fdb7f22f4',NULL,'','张珊珊1','15210230557','start_using',NULL,'','20180913',NULL,NULL,NULL,'管理员（不要改）','2018-09-10 20:07:11','管理员（不要改）','2018-10-25 21:22:28','male','zss1','zhangshanshan1',NULL,NULL,'','0'),(111,0,38,'myV','bdc39035e2cbe47be2f6078988c3a970','','aaa@qq.com.cn','myV','13306337800','start_using',NULL,'','myV',NULL,NULL,'','管理员（不要改）','2018-09-13 10:15:22','管理员（不要改）','2018-10-25 21:22:28','male','myv','myv',NULL,NULL,'','0'),(112,87,50,'qdadmin','fc1709d0a95a6be30bc5926fdb7f22f4',NULL,NULL,'qdadmin',NULL,'start_using',NULL,NULL,NULL,NULL,NULL,NULL,'sysAdmin','2018-09-13 11:08:07','sysAdmin','2018-10-25 21:22:28','female',NULL,NULL,NULL,NULL,'','0'),(113,88,51,'ncqy','fc1709d0a95a6be30bc5926fdb7f22f4',NULL,NULL,'ncqy',NULL,'start_using',NULL,NULL,NULL,NULL,NULL,NULL,'sysAdmin','2018-09-13 11:11:27','sysAdmin','2018-10-25 21:22:28','female',NULL,NULL,'2018-09-13 11:11:43','127.0.0.1','','0'),(114,89,52,'zzyy','fc1709d0a95a6be30bc5926fdb7f22f4',NULL,NULL,'zzyy',NULL,'start_using',NULL,NULL,NULL,NULL,NULL,NULL,'sysAdmin','2018-09-13 11:13:46','sysAdmin','2018-10-25 21:22:28','female',NULL,NULL,NULL,NULL,'','0'),(115,0,38,'11111111','fc1709d0a95a6be30bc5926fdb7f22f4','','','111111111','11111111111','start_using',NULL,'','1111111',NULL,NULL,'','管理员（不要改）','2018-09-14 16:35:03','管理员（不要改）','2018-10-25 21:22:28','male','111111111','111111111',NULL,NULL,'','0'),(116,NULL,38,'chenshanshan','fc1709d0a95a6be30bc5926fdb7f22f4',NULL,'','陈姗姗','15210230557','start_using',NULL,'','213012',NULL,NULL,NULL,'管理员（不要改）','2018-09-18 09:54:52','管理员（不要改）','2018-10-25 21:22:28','male','css','chenshanshan',NULL,NULL,'','0'),(117,0,38,'13306337800','fc1709d0a95a6be30bc5926fdb7f22f4','','','李某某','13306337800','start_using',NULL,'','001',NULL,NULL,'','管理员（不要改）','2018-09-18 10:39:32','管理员（不要改）','2018-10-25 21:22:28','male','lmm','limoumou',NULL,NULL,'','0'),(118,0,38,'15314136189','fc1709d0a95a6be30bc5926fdb7f22f4','','','李砚龙','15314136189','start_using',NULL,'','6188',NULL,NULL,'','管理员（不要改）','2018-09-18 13:25:47','管理员（不要改）','2018-10-25 21:22:28','male','lyl','liyanlong',NULL,NULL,'','0'),(119,NULL,38,'13529034429','fc1709d0a95a6be30bc5926fdb7f22f4',NULL,'','王静','13529034429','start_using',NULL,'','135290',NULL,NULL,NULL,'管理员（不要改）','2018-09-18 13:38:26','管理员（不要改）','2018-10-25 21:22:28','male','wj','wangjing',NULL,NULL,'','0'),(120,NULL,38,'15210230552','fc1709d0a95a6be30bc5926fdb7f22f4',NULL,'','陈国','15210230552','start_using',NULL,NULL,NULL,'2018-09-18 15:53:42','127.0.0.1','','管理员（不要改）','2018-09-18 15:51:18','陈国','2018-10-25 21:22:28','female','cg','chenguo','2018-09-18 15:54:28','127.0.0.1','','0'),(121,NULL,38,'15210230554','fc1709d0a95a6be30bc5926fdb7f22f4',NULL,'','郝国','15210230554','start_using',NULL,'','10002',NULL,NULL,NULL,'管理员（不要改）','2018-09-18 15:51:18','管理员（不要改）','2018-10-25 21:22:28','male','hg','haoguo',NULL,NULL,'','0'),(122,NULL,38,'15210230521','fc1709d0a95a6be30bc5926fdb7f22f4',NULL,'','陈国','15210230521','start_using',NULL,'','10011',NULL,NULL,NULL,'管理员（不要改）','2018-09-18 16:38:30','管理员（不要改）','2018-10-25 21:22:28','female','cg','chenguo',NULL,NULL,'','0'),(123,NULL,38,'15210230512','fc1709d0a95a6be30bc5926fdb7f22f4',NULL,'','郝国','15210230512','start_using',NULL,'','10012',NULL,NULL,NULL,'管理员（不要改）','2018-09-18 16:38:30','管理员（不要改）','2018-10-25 21:22:28','male','hg','haoguo',NULL,NULL,'','0'),(124,90,53,'ttadmin','fc1709d0a95a6be30bc5926fdb7f22f4',NULL,NULL,'ttadmin',NULL,'start_using',NULL,NULL,NULL,'2018-09-19 11:12:31','127.0.0.1',NULL,'sysAdmin','2018-09-18 17:53:16','sysAdmin','2018-10-25 21:22:28',NULL,NULL,NULL,'2018-09-19 11:24:49','127.0.0.1','','0'),(125,0,53,'15210230889','fc1709d0a95a6be30bc5926fdb7f22f4',NULL,'','小郝','15210230889','start_using',NULL,'1521023z','1521023','2018-09-19 11:14:04','127.0.0.1','','ttadmin','2018-09-19 11:13:25','小郝','2018-10-25 21:22:28','male','xh','xiaohao','2018-09-19 11:25:22','127.0.0.1','',NULL),(126,91,54,'hebadmin','fc1709d0a95a6be30bc5926fdb7f22f4',NULL,NULL,'hebadmin',NULL,'start_using',NULL,NULL,NULL,NULL,NULL,NULL,'sysAdmin','2018-09-20 19:35:19','sysAdmin','2018-10-25 21:22:28',NULL,NULL,NULL,NULL,NULL,'','1'),(127,92,55,'dlAdmin','fc1709d0a95a6be30bc5926fdb7f22f4',NULL,NULL,'dlAdmin',NULL,'start_using',NULL,NULL,NULL,NULL,NULL,NULL,'sysAdmin','2018-09-27 13:56:05','sysAdmin','2018-10-25 21:22:28',NULL,NULL,NULL,'2018-09-27 13:56:18','127.0.0.1','','1'),(128,0,38,'11211121112','fc1709d0a95a6be30bc5926fdb7f22f4','','','1','11211121112','start_using',NULL,'','1223',NULL,NULL,'','管理员（不要改）','2018-10-09 09:40:59','管理员（不要改）','2018-10-25 21:22:28','male','1','1',NULL,NULL,'',''),(151,93,56,'hAdmin','fc1709d0a95a6be30bc5926fdb7f22f4',NULL,NULL,'hAdmin',NULL,'start_using',NULL,NULL,NULL,'2018-10-25 19:20:15','127.0.0.1',NULL,'zzAdmin','2018-10-25 14:05:14','zzAdmin','2018-10-25 21:22:28','male',NULL,NULL,'2018-10-25 19:26:38','127.0.0.1','','1'),(152,94,57,'xxAdmin','fc1709d0a95a6be30bc5926fdb7f22f4',NULL,NULL,'xxAdmin',NULL,'start_using',NULL,NULL,NULL,NULL,NULL,NULL,'sysAdmin','2018-10-25 14:08:09','sysAdmin','2018-10-25 21:22:28','male',NULL,NULL,'2018-10-25 14:08:13','127.0.0.1','','1'),(153,0,38,'13811969074','fc1709d0a95a6be30bc5926fdb7f22f4','group1/M00/00/04/rAoDo1vZazuARbRHAASOz62OM9o070.jpg','110259632@qq.com','赵亮','13811969074','start_using',NULL,'','0012563',NULL,NULL,'','管理员（不要改）','2018-10-31 16:43:18','管理员（不要改）','2018-10-31 16:43:39','male','zl','zhaoliang',NULL,NULL,NULL,''),(154,74,38,'15011226545','fc1709d0a95a6be30bc5926fdb7f22f4','group1/M00/00/04/rAoDoVvZdQ-ALFa2AA1rIoHwd3k640.jpg','','150','15011226545','start_using',NULL,'gz','150',NULL,NULL,'','管理员','2018-10-31 17:25:35','管理员','2018-10-31 17:25:35','male','150','150',NULL,NULL,NULL,'');

/*Table structure for table `sys_user_role` */

DROP TABLE IF EXISTS `sys_user_role`;

CREATE TABLE `sys_user_role` (
  `userRoleId` bigint(20) NOT NULL AUTO_INCREMENT COMMENT '用户角色Id',
  `roleId` bigint(20) DEFAULT NULL COMMENT '角色ID',
  `userId` bigint(20) DEFAULT NULL COMMENT '用户Id',
  PRIMARY KEY (`userRoleId`)
) ENGINE=InnoDB AUTO_INCREMENT=316 DEFAULT CHARSET=utf8;

/*Data for the table `sys_user_role` */

insert  into `sys_user_role`(`userRoleId`,`roleId`,`userId`) values (211,190,60),(212,191,61),(214,193,63),(231,183,51),(243,181,56),(244,181,55),(245,182,55),(274,194,67),(275,195,68),(276,196,69),(277,197,70),(278,198,71),(279,199,72),(280,200,73),(281,201,74),(283,192,52),(285,181,54),(286,206,112),(287,207,113),(288,208,114),(291,181,120),(292,211,124),(294,211,125),(295,212,126),(296,213,127),(297,180,49),(298,182,49),(304,182,50),(306,182,64),(309,180,48),(310,181,48),(311,180,47),(312,215,151),(313,216,152),(314,180,58),(315,180,62);

/*Table structure for table `task_message` */

DROP TABLE IF EXISTS `task_message`;

CREATE TABLE `task_message` (
  `messageId` bigint(20) NOT NULL AUTO_INCREMENT COMMENT '消息ID',
  `receiveId` bigint(20) DEFAULT NULL COMMENT '接受人ID',
  `messageType` varchar(32) DEFAULT NULL COMMENT '消息类型',
  `content` varchar(512) DEFAULT NULL COMMENT '消息内容',
  `status` varchar(32) DEFAULT NULL COMMENT '状态',
  `createUser` varchar(32) DEFAULT NULL COMMENT '添加人',
  `createTime` datetime DEFAULT CURRENT_TIMESTAMP COMMENT '创建时间',
  `sourceId` bigint(20) DEFAULT NULL COMMENT '来源表ID',
  PRIMARY KEY (`messageId`)
) ENGINE=InnoDB AUTO_INCREMENT=277 DEFAULT CHARSET=utf8;

/*Data for the table `task_message` */

insert  into `task_message`(`messageId`,`receiveId`,`messageType`,`content`,`status`,`createUser`,`createTime`,`sourceId`) values (1,47,'toBeEvaluate','您有一条待评价的工单，请关注数字运维微信公众号进行处理！','toBeRead','管理员（不要改）','2018-10-24 17:34:37',1),(2,64,'useApply','您有一条待审核的工单，请关注数字运维微信公众号进行处理！',NULL,'管理员（不要改）','2018-10-24 17:55:22',1),(3,62,'useApply','您有一条待审核的工单，请关注数字运维微信公众号进行处理！',NULL,'管理员（不要改）','2018-10-24 17:55:22',1),(4,52,'useApply','您有一条待审核的工单，请关注数字运维微信公众号进行处理！',NULL,'管理员（不要改）','2018-10-24 17:55:22',1),(5,58,'useApply','您有一条待审核的工单，请关注数字运维微信公众号进行处理！',NULL,'管理员（不要改）','2018-10-24 17:55:22',1),(6,48,'useApply','您有一条待审核的工单，请关注数字运维微信公众号进行处理！',NULL,'管理员（不要改）','2018-10-24 17:55:22',1),(7,47,'useApply','您有一条待审核的工单，请关注数字运维微信公众号进行处理！',NULL,'管理员（不要改）','2018-10-24 17:55:23',1),(8,64,'useApply','您有一条待审核的工单，请关注数字运维微信公众号进行处理！',NULL,'管理员（不要改）','2018-10-24 18:59:13',2),(9,62,'useApply','您有一条待审核的工单，请关注数字运维微信公众号进行处理！',NULL,'管理员（不要改）','2018-10-24 18:59:13',2),(10,52,'useApply','您有一条待审核的工单，请关注数字运维微信公众号进行处理！',NULL,'管理员（不要改）','2018-10-24 18:59:13',2),(11,58,'useApply','您有一条待审核的工单，请关注数字运维微信公众号进行处理！',NULL,'管理员（不要改）','2018-10-24 18:59:13',2),(12,48,'useApply','您有一条待审核的工单，请关注数字运维微信公众号进行处理！',NULL,'管理员（不要改）','2018-10-24 18:59:13',2),(13,47,'useApply','您有一条待审核的工单，请关注数字运维微信公众号进行处理！',NULL,'管理员（不要改）','2018-10-24 18:59:14',2),(14,49,'toBeDispatch','您有一条待派单的工单，请关注数字运维微信公众号进行处理！','toBeRead','报修员小李（不要改）','2018-10-24 19:11:29',2),(15,50,'toBeDispatch','您有一条待派单的工单，请关注数字运维微信公众号进行处理！','toBeRead','报修员小李（不要改）','2018-10-24 19:11:29',2),(16,64,'toBeDispatch','您有一条待派单的工单，请关注数字运维微信公众号进行处理！','toBeRead','报修员小李（不要改）','2018-10-24 19:11:29',2),(17,62,'toBeDispatch','您有一条待派单的工单，请关注数字运维微信公众号进行处理！','toBeRead','报修员小李（不要改）','2018-10-24 19:11:29',2),(18,52,'toBeDispatch','您有一条待派单的工单，请关注数字运维微信公众号进行处理！','toBeRead','报修员小李（不要改）','2018-10-24 19:11:30',2),(19,48,'toBeDispatch','您有一条待派单的工单，请关注数字运维微信公众号进行处理！','toBeRead','报修员小李（不要改）','2018-10-24 19:11:30',2),(20,47,'toBeDispatch','您有一条待派单的工单，请关注数字运维微信公众号进行处理！','toBeRead','报修员小李（不要改）','2018-10-24 19:11:30',2),(21,58,'toBeDispatch','您有一条待派单的工单，请关注数字运维微信公众号进行处理！','toBeRead','报修员小李（不要改）','2018-10-24 19:11:31',2),(22,48,'toBeRepair','您有一条待接修的工单，请关注数字运维微信公众号进行处理！','toBeRead','管理员（不要改）','2018-10-24 19:13:42',2),(23,62,'toBeEvaluate','您有一条待评价的工单，请关注数字运维微信公众号进行处理！','toBeRead','维修员小李（不要改）','2018-10-24 19:14:44',2),(24,49,'toBeDispatch','您有一条待派单的工单，请关注数字运维微信公众号进行处理！','toBeRead','报修员小李（不要改）','2018-10-24 19:15:40',3),(25,50,'toBeDispatch','您有一条待派单的工单，请关注数字运维微信公众号进行处理！','toBeRead','报修员小李（不要改）','2018-10-24 19:15:40',3),(26,64,'toBeDispatch','您有一条待派单的工单，请关注数字运维微信公众号进行处理！','toBeRead','报修员小李（不要改）','2018-10-24 19:15:40',3),(27,62,'toBeDispatch','您有一条待派单的工单，请关注数字运维微信公众号进行处理！','toBeRead','报修员小李（不要改）','2018-10-24 19:15:40',3),(28,52,'toBeDispatch','您有一条待派单的工单，请关注数字运维微信公众号进行处理！','toBeRead','报修员小李（不要改）','2018-10-24 19:15:40',3),(29,48,'toBeDispatch','您有一条待派单的工单，请关注数字运维微信公众号进行处理！','toBeRead','报修员小李（不要改）','2018-10-24 19:15:40',3),(30,47,'toBeDispatch','您有一条待派单的工单，请关注数字运维微信公众号进行处理！','toBeRead','报修员小李（不要改）','2018-10-24 19:15:40',3),(31,58,'toBeDispatch','您有一条待派单的工单，请关注数字运维微信公众号进行处理！','toBeRead','报修员小李（不要改）','2018-10-24 19:15:41',3),(32,48,'toBeRepair','您有一条待接修的工单，请关注数字运维微信公众号进行处理！','toBeRead','报修员小李（不要改）','2018-10-24 19:15:49',3),(33,62,'noRepair','您指派申请单【单号：WX2018102412363】未修复，请关注数字运维微信公众号进行处理！',NULL,'','2018-10-24 19:16:49',3),(34,49,'toBeDispatch','您有一条待派单的工单，请关注数字运维微信公众号进行处理！','toBeRead','维修员小李（不要改）','2018-10-24 19:16:49',3),(35,50,'toBeDispatch','您有一条待派单的工单，请关注数字运维微信公众号进行处理！','toBeRead','维修员小李（不要改）','2018-10-24 19:16:49',3),(36,64,'toBeDispatch','您有一条待派单的工单，请关注数字运维微信公众号进行处理！','toBeRead','维修员小李（不要改）','2018-10-24 19:16:49',3),(37,62,'toBeDispatch','您有一条待派单的工单，请关注数字运维微信公众号进行处理！','toBeRead','维修员小李（不要改）','2018-10-24 19:16:49',3),(38,52,'toBeDispatch','您有一条待派单的工单，请关注数字运维微信公众号进行处理！','toBeRead','维修员小李（不要改）','2018-10-24 19:16:49',3),(39,48,'toBeDispatch','您有一条待派单的工单，请关注数字运维微信公众号进行处理！','toBeRead','维修员小李（不要改）','2018-10-24 19:16:49',3),(40,47,'toBeDispatch','您有一条待派单的工单，请关注数字运维微信公众号进行处理！','toBeRead','维修员小李（不要改）','2018-10-24 19:16:49',3),(41,58,'toBeDispatch','您有一条待派单的工单，请关注数字运维微信公众号进行处理！','toBeRead','维修员小李（不要改）','2018-10-24 19:16:50',3),(42,49,'toBeDispatch','您有一条待派单的工单，请关注数字运维微信公众号进行处理！','toBeRead','报修员小李（不要改）','2018-10-24 19:24:11',4),(43,50,'toBeDispatch','您有一条待派单的工单，请关注数字运维微信公众号进行处理！','toBeRead','报修员小李（不要改）','2018-10-24 19:24:11',4),(44,64,'toBeDispatch','您有一条待派单的工单，请关注数字运维微信公众号进行处理！','toBeRead','报修员小李（不要改）','2018-10-24 19:24:11',4),(45,62,'toBeDispatch','您有一条待派单的工单，请关注数字运维微信公众号进行处理！','toBeRead','报修员小李（不要改）','2018-10-24 19:24:11',4),(46,52,'toBeDispatch','您有一条待派单的工单，请关注数字运维微信公众号进行处理！','toBeRead','报修员小李（不要改）','2018-10-24 19:24:12',4),(47,48,'toBeDispatch','您有一条待派单的工单，请关注数字运维微信公众号进行处理！','toBeRead','报修员小李（不要改）','2018-10-24 19:24:12',4),(48,47,'toBeDispatch','您有一条待派单的工单，请关注数字运维微信公众号进行处理！','toBeRead','报修员小李（不要改）','2018-10-24 19:24:12',4),(49,58,'toBeDispatch','您有一条待派单的工单，请关注数字运维微信公众号进行处理！','toBeRead','报修员小李（不要改）','2018-10-24 19:24:12',4),(50,48,'toBeRepair','您有一条待接修的工单，请关注数字运维微信公众号进行处理！','toBeRead','报修员小李（不要改）','2018-10-24 19:24:27',3),(51,49,'toBeDispatch','您有一条待派单的工单，请关注数字运维微信公众号进行处理！','toBeRead','报修员小李（不要改）','2018-10-24 20:04:27',5),(52,50,'toBeDispatch','您有一条待派单的工单，请关注数字运维微信公众号进行处理！','toBeRead','报修员小李（不要改）','2018-10-24 20:04:28',5),(53,64,'toBeDispatch','您有一条待派单的工单，请关注数字运维微信公众号进行处理！','toBeRead','报修员小李（不要改）','2018-10-24 20:04:28',5),(54,62,'toBeDispatch','您有一条待派单的工单，请关注数字运维微信公众号进行处理！','toBeRead','报修员小李（不要改）','2018-10-24 20:04:28',5),(55,52,'toBeDispatch','您有一条待派单的工单，请关注数字运维微信公众号进行处理！','toBeRead','报修员小李（不要改）','2018-10-24 20:04:28',5),(56,48,'toBeDispatch','您有一条待派单的工单，请关注数字运维微信公众号进行处理！','toBeRead','报修员小李（不要改）','2018-10-24 20:04:28',5),(57,47,'toBeDispatch','您有一条待派单的工单，请关注数字运维微信公众号进行处理！','toBeRead','报修员小李（不要改）','2018-10-24 20:04:29',5),(58,58,'toBeDispatch','您有一条待派单的工单，请关注数字运维微信公众号进行处理！','toBeRead','报修员小李（不要改）','2018-10-24 20:04:29',5),(59,47,'toBeRepair','您有一条待接修的工单，请关注数字运维微信公众号进行处理！','toBeRead','报修员小李（不要改）','2018-10-24 20:04:42',4),(60,62,'noRepair','您指派申请单【单号：WX2018102417535】未修复，请关注数字运维微信公众号进行处理！',NULL,'','2018-10-24 20:05:19',4),(61,47,'toBeRepair','您有一条待接修的工单，请关注数字运维微信公众号进行处理！','toBeRead','报修员小李（不要改）','2018-10-24 20:06:35',5),(62,62,'noRepair','您指派申请单【单号：WX2018102450637】未修复，请关注数字运维微信公众号进行处理！',NULL,'','2018-10-24 20:08:36',5),(63,47,'toBeRepair','您有一条待接修的工单，请关注数字运维微信公众号进行处理！','toBeRead','报修员小李（不要改）','2018-10-24 20:11:14',4),(64,62,'noRepair','您指派申请单【单号：WX2018102417535】未修复，请关注数字运维微信公众号进行处理！',NULL,'','2018-10-24 20:11:45',4),(65,47,'toBeRepair','您有一条待接修的工单，请关注数字运维微信公众号进行处理！','toBeRead','报修员小李（不要改）','2018-10-24 20:12:05',5),(66,47,'toBeRepair','您有一条待接修的工单，请关注数字运维微信公众号进行处理！','toBeRead','报修员小李（不要改）','2018-10-24 20:20:38',4),(67,49,'toBeDispatch','您有一条待派单的工单，请关注数字运维微信公众号进行处理！','toBeRead','管理员（不要改）','2018-10-24 20:31:26',5),(68,50,'toBeDispatch','您有一条待派单的工单，请关注数字运维微信公众号进行处理！','toBeRead','管理员（不要改）','2018-10-24 20:31:27',5),(69,64,'toBeDispatch','您有一条待派单的工单，请关注数字运维微信公众号进行处理！','toBeRead','管理员（不要改）','2018-10-24 20:31:27',5),(70,62,'toBeDispatch','您有一条待派单的工单，请关注数字运维微信公众号进行处理！','toBeRead','管理员（不要改）','2018-10-24 20:31:27',5),(71,52,'toBeDispatch','您有一条待派单的工单，请关注数字运维微信公众号进行处理！','toBeRead','管理员（不要改）','2018-10-24 20:31:27',5),(72,48,'toBeDispatch','您有一条待派单的工单，请关注数字运维微信公众号进行处理！','toBeRead','管理员（不要改）','2018-10-24 20:31:27',5),(73,47,'toBeDispatch','您有一条待派单的工单，请关注数字运维微信公众号进行处理！','toBeRead','管理员（不要改）','2018-10-24 20:31:27',5),(74,58,'toBeDispatch','您有一条待派单的工单，请关注数字运维微信公众号进行处理！','toBeRead','管理员（不要改）','2018-10-24 20:31:28',5),(75,64,'useApply','您有一条待审核的工单，请关注数字运维微信公众号进行处理！',NULL,'管理员（不要改）','2018-10-24 20:34:54',3),(76,62,'useApply','您有一条待审核的工单，请关注数字运维微信公众号进行处理！',NULL,'管理员（不要改）','2018-10-24 20:34:54',3),(77,52,'useApply','您有一条待审核的工单，请关注数字运维微信公众号进行处理！',NULL,'管理员（不要改）','2018-10-24 20:34:54',3),(78,58,'useApply','您有一条待审核的工单，请关注数字运维微信公众号进行处理！',NULL,'管理员（不要改）','2018-10-24 20:34:54',3),(79,48,'useApply','您有一条待审核的工单，请关注数字运维微信公众号进行处理！',NULL,'管理员（不要改）','2018-10-24 20:34:54',3),(80,47,'useApply','您有一条待审核的工单，请关注数字运维微信公众号进行处理！',NULL,'管理员（不要改）','2018-10-24 20:34:54',3),(81,64,'useOut','您有一条待出库的工单，请关注数字运维微信公众号进行处理！',NULL,'管理员（不要改）','2018-10-24 20:35:02',1),(82,62,'useOut','您有一条待出库的工单，请关注数字运维微信公众号进行处理！',NULL,'管理员（不要改）','2018-10-24 20:35:02',1),(83,52,'useOut','您有一条待出库的工单，请关注数字运维微信公众号进行处理！',NULL,'管理员（不要改）','2018-10-24 20:35:02',1),(84,58,'useOut','您有一条待出库的工单，请关注数字运维微信公众号进行处理！',NULL,'管理员（不要改）','2018-10-24 20:35:02',1),(85,48,'useOut','您有一条待出库的工单，请关注数字运维微信公众号进行处理！',NULL,'管理员（不要改）','2018-10-24 20:35:02',1),(86,47,'useOut','您有一条待出库的工单，请关注数字运维微信公众号进行处理！',NULL,'管理员（不要改）','2018-10-24 20:35:03',1),(87,64,'returnIn','您有一条待入库的工单，请关注数字运维微信公众号进行处理！',NULL,'管理员（不要改）','2018-10-24 20:35:24',2),(88,62,'returnIn','您有一条待入库的工单，请关注数字运维微信公众号进行处理！',NULL,'管理员（不要改）','2018-10-24 20:35:24',2),(89,52,'returnIn','您有一条待入库的工单，请关注数字运维微信公众号进行处理！',NULL,'管理员（不要改）','2018-10-24 20:35:24',2),(90,58,'returnIn','您有一条待入库的工单，请关注数字运维微信公众号进行处理！',NULL,'管理员（不要改）','2018-10-24 20:35:24',2),(91,48,'returnIn','您有一条待入库的工单，请关注数字运维微信公众号进行处理！',NULL,'管理员（不要改）','2018-10-24 20:35:24',2),(92,47,'returnIn','您有一条待入库的工单，请关注数字运维微信公众号进行处理！',NULL,'管理员（不要改）','2018-10-24 20:35:24',2),(93,47,'useOut','您的领用申请【单号：LQ2018102419271】，备件已出库，请及时领取！',NULL,'','2018-10-24 20:35:24',3),(94,62,'toBeEvaluate','您有一条待评价的工单，请关注数字运维微信公众号进行处理！','toBeRead','管理员（不要改）','2018-10-24 20:36:45',4),(95,47,'toBeRepair','您有一条待接修的工单，请关注数字运维微信公众号进行处理！','toBeRead','报修申请（不要改）','2018-10-24 20:38:18',5),(96,49,'toBeDispatch','您有一条待派单的工单，请关注数字运维微信公众号进行处理！','toBeRead','管理员（不要改）','2018-10-24 20:39:12',5),(97,50,'toBeDispatch','您有一条待派单的工单，请关注数字运维微信公众号进行处理！','toBeRead','管理员（不要改）','2018-10-24 20:39:12',5),(98,64,'toBeDispatch','您有一条待派单的工单，请关注数字运维微信公众号进行处理！','toBeRead','管理员（不要改）','2018-10-24 20:39:12',5),(99,62,'toBeDispatch','您有一条待派单的工单，请关注数字运维微信公众号进行处理！','toBeRead','管理员（不要改）','2018-10-24 20:39:12',5),(100,52,'toBeDispatch','您有一条待派单的工单，请关注数字运维微信公众号进行处理！','toBeRead','管理员（不要改）','2018-10-24 20:39:12',5),(101,48,'toBeDispatch','您有一条待派单的工单，请关注数字运维微信公众号进行处理！','toBeRead','管理员（不要改）','2018-10-24 20:39:12',5),(102,47,'toBeDispatch','您有一条待派单的工单，请关注数字运维微信公众号进行处理！','toBeRead','管理员（不要改）','2018-10-24 20:39:13',5),(103,58,'toBeDispatch','您有一条待派单的工单，请关注数字运维微信公众号进行处理！','toBeRead','管理员（不要改）','2018-10-24 20:39:13',5),(104,47,NULL,'您的维修单【单号：WX2018102458555】已评价！',NULL,'','2018-10-24 20:39:36',1),(105,47,'toBeEvaluate','您有一条待评价的工单，请关注数字运维微信公众号进行处理！','toBeRead','管理员（不要改）','2018-10-24 23:07:09',6),(106,47,NULL,'您的维修单【单号：WX2018102430074】已评价！',NULL,'','2018-10-24 23:10:54',6),(107,47,NULL,'您的维修单【单号：WX2018102430074】已评价！',NULL,'','2018-10-24 23:10:54',6),(108,49,'toBeDispatch','您有一条待派单的工单，请关注数字运维微信公众号进行处理！','toBeRead','管理员（不要改）','2018-10-24 23:11:32',7),(109,50,'toBeDispatch','您有一条待派单的工单，请关注数字运维微信公众号进行处理！','toBeRead','管理员（不要改）','2018-10-24 23:11:32',7),(110,64,'toBeDispatch','您有一条待派单的工单，请关注数字运维微信公众号进行处理！','toBeRead','管理员（不要改）','2018-10-24 23:11:32',7),(111,62,'toBeDispatch','您有一条待派单的工单，请关注数字运维微信公众号进行处理！','toBeRead','管理员（不要改）','2018-10-24 23:11:32',7),(112,52,'toBeDispatch','您有一条待派单的工单，请关注数字运维微信公众号进行处理！','toBeRead','管理员（不要改）','2018-10-24 23:11:32',7),(113,48,'toBeDispatch','您有一条待派单的工单，请关注数字运维微信公众号进行处理！','toBeRead','管理员（不要改）','2018-10-24 23:11:32',7),(114,47,'toBeDispatch','您有一条待派单的工单，请关注数字运维微信公众号进行处理！','toBeRead','管理员（不要改）','2018-10-24 23:11:33',7),(115,58,'toBeDispatch','您有一条待派单的工单，请关注数字运维微信公众号进行处理！','toBeRead','管理员（不要改）','2018-10-24 23:11:33',7),(116,47,'toBeEvaluate','您有一条待评价的工单，请关注数字运维微信公众号进行处理！','toBeRead','管理员（不要改）','2018-10-24 23:12:19',8),(117,47,NULL,'您的维修单【单号：WX2018102449660】已评价！',NULL,'','2018-10-24 23:12:31',8),(118,47,'toBeEvaluate','您有一条待评价的工单，请关注数字运维微信公众号进行处理！','toBeRead','管理员（不要改）','2018-10-24 23:14:11',9),(119,47,NULL,'您的维修单【单号：WX2018102429475】已评价！',NULL,'','2018-10-24 23:16:05',9),(120,47,'toBeEvaluate','您有一条待评价的工单，请关注数字运维微信公众号进行处理！','toBeRead','管理员（不要改）','2018-10-24 23:20:15',11),(121,47,'toBeEvaluate','您有一条待评价的工单，请关注数字运维微信公众号进行处理！','toBeRead','管理员（不要改）','2018-10-24 23:20:23',10),(122,47,NULL,'您的维修单【单号：WX2018102491196】已评价！',NULL,'','2018-10-24 23:20:45',10),(123,47,NULL,'您的维修单【单号：WX2018102461164】已评价！',NULL,'','2018-10-24 23:21:01',11),(124,64,'useApply','您有一条待审核的工单，请关注数字运维微信公众号进行处理！',NULL,'管理员（不要改）','2018-10-25 17:59:02',4),(125,62,'useApply','您有一条待审核的工单，请关注数字运维微信公众号进行处理！',NULL,'管理员（不要改）','2018-10-25 17:59:02',4),(126,52,'useApply','您有一条待审核的工单，请关注数字运维微信公众号进行处理！',NULL,'管理员（不要改）','2018-10-25 17:59:02',4),(127,58,'useApply','您有一条待审核的工单，请关注数字运维微信公众号进行处理！',NULL,'管理员（不要改）','2018-10-25 17:59:02',4),(128,48,'useApply','您有一条待审核的工单，请关注数字运维微信公众号进行处理！',NULL,'管理员（不要改）','2018-10-25 17:59:02',4),(129,47,'useApply','您有一条待审核的工单，请关注数字运维微信公众号进行处理！',NULL,'管理员（不要改）','2018-10-25 17:59:03',4),(130,64,'useOut','您有一条待出库的工单，请关注数字运维微信公众号进行处理！',NULL,'管理员（不要改）','2018-10-25 17:59:13',2),(131,62,'useOut','您有一条待出库的工单，请关注数字运维微信公众号进行处理！',NULL,'管理员（不要改）','2018-10-25 17:59:13',2),(132,52,'useOut','您有一条待出库的工单，请关注数字运维微信公众号进行处理！',NULL,'管理员（不要改）','2018-10-25 17:59:14',2),(133,58,'useOut','您有一条待出库的工单，请关注数字运维微信公众号进行处理！',NULL,'管理员（不要改）','2018-10-25 17:59:14',2),(134,48,'useOut','您有一条待出库的工单，请关注数字运维微信公众号进行处理！',NULL,'管理员（不要改）','2018-10-25 17:59:14',2),(135,47,'useOut','您有一条待出库的工单，请关注数字运维微信公众号进行处理！',NULL,'管理员（不要改）','2018-10-25 17:59:14',2),(136,64,'returnIn','您有一条待入库的工单，请关注数字运维微信公众号进行处理！',NULL,'管理员（不要改）','2018-10-25 17:59:50',5),(137,62,'returnIn','您有一条待入库的工单，请关注数字运维微信公众号进行处理！',NULL,'管理员（不要改）','2018-10-25 17:59:50',5),(138,52,'returnIn','您有一条待入库的工单，请关注数字运维微信公众号进行处理！',NULL,'管理员（不要改）','2018-10-25 17:59:51',5),(139,58,'returnIn','您有一条待入库的工单，请关注数字运维微信公众号进行处理！',NULL,'管理员（不要改）','2018-10-25 17:59:51',5),(140,48,'returnIn','您有一条待入库的工单，请关注数字运维微信公众号进行处理！',NULL,'管理员（不要改）','2018-10-25 17:59:51',5),(141,47,'returnIn','您有一条待入库的工单，请关注数字运维微信公众号进行处理！',NULL,'管理员（不要改）','2018-10-25 17:59:51',5),(142,47,'useOut','您的领用申请【单号：LQ2018102530233】，备件已出库，请及时领取！',NULL,'','2018-10-25 17:59:51',4),(143,47,'returnIn','您的领用申请【单号：LQ2018102530233】归还完毕！',NULL,'','2018-10-25 18:00:15',5),(144,64,'useApply','您有一条待审核的工单，请关注数字运维微信公众号进行处理！',NULL,'管理员（不要改）','2018-10-25 18:00:30',5),(145,62,'useApply','您有一条待审核的工单，请关注数字运维微信公众号进行处理！',NULL,'管理员（不要改）','2018-10-25 18:00:30',5),(146,52,'useApply','您有一条待审核的工单，请关注数字运维微信公众号进行处理！',NULL,'管理员（不要改）','2018-10-25 18:00:30',5),(147,58,'useApply','您有一条待审核的工单，请关注数字运维微信公众号进行处理！',NULL,'管理员（不要改）','2018-10-25 18:00:30',5),(148,48,'useApply','您有一条待审核的工单，请关注数字运维微信公众号进行处理！',NULL,'管理员（不要改）','2018-10-25 18:00:31',5),(149,47,'useApply','您有一条待审核的工单，请关注数字运维微信公众号进行处理！',NULL,'管理员（不要改）','2018-10-25 18:00:31',5),(150,64,'useOut','您有一条待出库的工单，请关注数字运维微信公众号进行处理！',NULL,'管理员（不要改）','2018-10-25 18:00:41',3),(151,62,'useOut','您有一条待出库的工单，请关注数字运维微信公众号进行处理！',NULL,'管理员（不要改）','2018-10-25 18:00:41',3),(152,52,'useOut','您有一条待出库的工单，请关注数字运维微信公众号进行处理！',NULL,'管理员（不要改）','2018-10-25 18:00:41',3),(153,58,'useOut','您有一条待出库的工单，请关注数字运维微信公众号进行处理！',NULL,'管理员（不要改）','2018-10-25 18:00:41',3),(154,48,'useOut','您有一条待出库的工单，请关注数字运维微信公众号进行处理！',NULL,'管理员（不要改）','2018-10-25 18:00:41',3),(155,47,'useOut','您有一条待出库的工单，请关注数字运维微信公众号进行处理！',NULL,'管理员（不要改）','2018-10-25 18:00:41',3),(156,47,'toBeEvaluate','您有一条待评价的工单，请关注数字运维微信公众号进行处理！','toBeRead','管理员（不要改）','2018-10-25 18:05:14',12),(157,47,NULL,'您的维修单【单号：WX2018102579196】已评价！',NULL,'','2018-10-25 18:50:56',12),(158,47,'returnIn','您的领用申请【单号：LQ2018102419271】归还完毕！',NULL,'','2018-10-25 19:54:59',2),(159,47,'toBeRepair','您有一条待接修的工单，请关注数字运维微信公众号进行处理！','toBeRead','管理员（不要改）','2018-10-25 21:18:11',7),(160,49,'toBeDispatch','您有一条待派单的工单，请关注数字运维微信公众号进行处理！','toBeRead','管理员（不要改）','2018-10-25 21:18:36',7),(161,50,'toBeDispatch','您有一条待派单的工单，请关注数字运维微信公众号进行处理！','toBeRead','管理员（不要改）','2018-10-25 21:18:36',7),(162,64,'toBeDispatch','您有一条待派单的工单，请关注数字运维微信公众号进行处理！','toBeRead','管理员（不要改）','2018-10-25 21:18:37',7),(163,62,'toBeDispatch','您有一条待派单的工单，请关注数字运维微信公众号进行处理！','toBeRead','管理员（不要改）','2018-10-25 21:18:37',7),(164,52,'toBeDispatch','您有一条待派单的工单，请关注数字运维微信公众号进行处理！','toBeRead','管理员（不要改）','2018-10-25 21:18:37',7),(165,48,'toBeDispatch','您有一条待派单的工单，请关注数字运维微信公众号进行处理！','toBeRead','管理员（不要改）','2018-10-25 21:18:37',7),(166,47,'toBeDispatch','您有一条待派单的工单，请关注数字运维微信公众号进行处理！','toBeRead','管理员（不要改）','2018-10-25 21:18:37',7),(167,58,'toBeDispatch','您有一条待派单的工单，请关注数字运维微信公众号进行处理！','toBeRead','管理员（不要改）','2018-10-25 21:18:37',7),(168,47,'toBeRepair','您有一条待接修的工单，请关注数字运维微信公众号进行处理！','toBeRead','管理员（不要改）','2018-10-25 21:19:24',5),(169,62,'toBeEvaluate','您有一条待评价的工单，请关注数字运维微信公众号进行处理！','toBeRead','管理员（不要改）','2018-10-25 21:19:44',5),(170,47,'toBeEvaluate','您有一条待评价的工单，请关注数字运维微信公众号进行处理！','toBeRead','管理员（不要改）','2018-10-25 21:35:31',13),(171,64,'returnIn','您有一条待入库的工单，请关注数字运维微信公众号进行处理！',NULL,'管理员（不要改）','2018-10-26 11:36:45',6),(172,62,'returnIn','您有一条待入库的工单，请关注数字运维微信公众号进行处理！',NULL,'管理员（不要改）','2018-10-26 11:36:45',6),(173,52,'returnIn','您有一条待入库的工单，请关注数字运维微信公众号进行处理！',NULL,'管理员（不要改）','2018-10-26 11:36:46',6),(174,58,'returnIn','您有一条待入库的工单，请关注数字运维微信公众号进行处理！',NULL,'管理员（不要改）','2018-10-26 11:36:46',6),(175,48,'returnIn','您有一条待入库的工单，请关注数字运维微信公众号进行处理！',NULL,'管理员（不要改）','2018-10-26 11:36:46',6),(176,47,'returnIn','您有一条待入库的工单，请关注数字运维微信公众号进行处理！',NULL,'管理员（不要改）','2018-10-26 11:36:46',6),(177,47,'useOut','您的领用申请【单号：LQ2018102558018】，备件已出库，请及时领取！',NULL,'','2018-10-26 11:36:46',5),(178,64,'transfer','您有一条待审核的工单，请关注数字运维微信公众号进行处理！',NULL,'管理员（不要改）','2018-10-29 16:47:56',6),(179,62,'transfer','您有一条待审核的工单，请关注数字运维微信公众号进行处理！',NULL,'管理员（不要改）','2018-10-29 16:47:56',6),(180,52,'transfer','您有一条待审核的工单，请关注数字运维微信公众号进行处理！',NULL,'管理员（不要改）','2018-10-29 16:47:57',6),(181,58,'transfer','您有一条待审核的工单，请关注数字运维微信公众号进行处理！',NULL,'管理员（不要改）','2018-10-29 16:47:57',6),(182,48,'transfer','您有一条待审核的工单，请关注数字运维微信公众号进行处理！',NULL,'管理员（不要改）','2018-10-29 16:47:57',6),(183,47,'transfer','您有一条待审核的工单，请关注数字运维微信公众号进行处理！',NULL,'管理员（不要改）','2018-10-29 16:47:58',6),(184,64,'useOut','您有一条待出库的工单，请关注数字运维微信公众号进行处理！',NULL,'管理员（不要改）','2018-10-29 16:48:08',4),(185,62,'useOut','您有一条待出库的工单，请关注数字运维微信公众号进行处理！',NULL,'管理员（不要改）','2018-10-29 16:48:08',4),(186,52,'useOut','您有一条待出库的工单，请关注数字运维微信公众号进行处理！',NULL,'管理员（不要改）','2018-10-29 16:48:08',4),(187,58,'useOut','您有一条待出库的工单，请关注数字运维微信公众号进行处理！',NULL,'管理员（不要改）','2018-10-29 16:48:08',4),(188,48,'useOut','您有一条待出库的工单，请关注数字运维微信公众号进行处理！',NULL,'管理员（不要改）','2018-10-29 16:48:08',4),(189,47,'useOut','您有一条待出库的工单，请关注数字运维微信公众号进行处理！',NULL,'管理员（不要改）','2018-10-29 16:48:08',4),(190,64,'returnIn','您有一条待入库的工单，请关注数字运维微信公众号进行处理！',NULL,'管理员（不要改）','2018-10-29 17:30:48',8),(191,62,'returnIn','您有一条待入库的工单，请关注数字运维微信公众号进行处理！',NULL,'管理员（不要改）','2018-10-29 17:30:48',8),(192,52,'returnIn','您有一条待入库的工单，请关注数字运维微信公众号进行处理！',NULL,'管理员（不要改）','2018-10-29 17:30:48',8),(193,58,'returnIn','您有一条待入库的工单，请关注数字运维微信公众号进行处理！',NULL,'管理员（不要改）','2018-10-29 17:30:48',8),(194,48,'returnIn','您有一条待入库的工单，请关注数字运维微信公众号进行处理！',NULL,'管理员（不要改）','2018-10-29 17:30:48',8),(195,47,'returnIn','您有一条待入库的工单，请关注数字运维微信公众号进行处理！',NULL,'管理员（不要改）','2018-10-29 17:30:48',8),(196,47,'useOut','您的领用申请【单号：LQ2018102423862】，备件已出库，请及时领取！',NULL,'','2018-10-29 17:30:48',2),(197,48,'before','您有一条待盘库的任务，点击进行操作！','toBeRead','管理员（不要改）','2018-10-30 10:47:11',1),(198,47,'before','您有一条待盘库的任务，点击进行操作！','toBeRead','管理员（不要改）','2018-10-30 10:47:44',2),(199,47,'already','您的盘库任务【批次号：PK2018103063410】已完成盘点。',NULL,'','2018-10-30 11:22:51',2),(200,47,'toBeEvaluate','您有一条待评价的工单，请关注数字运维微信公众号进行处理！','toBeRead','管理员（不要改）','2018-10-30 18:42:03',15),(201,47,'toBeEvaluate','您有一条待评价的工单，请关注数字运维微信公众号进行处理！','toBeRead','管理员（不要改）','2018-10-30 18:42:33',14),(202,64,'useApply','您有一条待审核的工单，请关注数字运维微信公众号进行处理！',NULL,'管理员（不要改）','2018-10-31 11:28:50',7),(203,62,'useApply','您有一条待审核的工单，请关注数字运维微信公众号进行处理！',NULL,'管理员（不要改）','2018-10-31 11:28:50',7),(204,52,'useApply','您有一条待审核的工单，请关注数字运维微信公众号进行处理！',NULL,'管理员（不要改）','2018-10-31 11:28:50',7),(205,58,'useApply','您有一条待审核的工单，请关注数字运维微信公众号进行处理！',NULL,'管理员（不要改）','2018-10-31 11:28:50',7),(206,48,'useApply','您有一条待审核的工单，请关注数字运维微信公众号进行处理！',NULL,'管理员（不要改）','2018-10-31 11:28:50',7),(207,47,'useApply','您有一条待审核的工单，请关注数字运维微信公众号进行处理！',NULL,'管理员（不要改）','2018-10-31 11:28:50',7),(208,64,'useOut','您有一条待出库的工单，请关注数字运维微信公众号进行处理！',NULL,'管理员（不要改）','2018-10-31 11:28:59',5),(209,62,'useOut','您有一条待出库的工单，请关注数字运维微信公众号进行处理！',NULL,'管理员（不要改）','2018-10-31 11:28:59',5),(210,52,'useOut','您有一条待出库的工单，请关注数字运维微信公众号进行处理！',NULL,'管理员（不要改）','2018-10-31 11:29:00',5),(211,58,'useOut','您有一条待出库的工单，请关注数字运维微信公众号进行处理！',NULL,'管理员（不要改）','2018-10-31 11:29:00',5),(212,48,'useOut','您有一条待出库的工单，请关注数字运维微信公众号进行处理！',NULL,'管理员（不要改）','2018-10-31 11:29:00',5),(213,47,'useOut','您有一条待出库的工单，请关注数字运维微信公众号进行处理！',NULL,'管理员（不要改）','2018-10-31 11:29:00',5),(214,64,'returnIn','您有一条待入库的工单，请关注数字运维微信公众号进行处理！',NULL,'管理员（不要改）','2018-10-31 11:29:46',9),(215,62,'returnIn','您有一条待入库的工单，请关注数字运维微信公众号进行处理！',NULL,'管理员（不要改）','2018-10-31 11:29:46',9),(216,52,'returnIn','您有一条待入库的工单，请关注数字运维微信公众号进行处理！',NULL,'管理员（不要改）','2018-10-31 11:29:47',9),(217,58,'returnIn','您有一条待入库的工单，请关注数字运维微信公众号进行处理！',NULL,'管理员（不要改）','2018-10-31 11:29:47',9),(218,48,'returnIn','您有一条待入库的工单，请关注数字运维微信公众号进行处理！',NULL,'管理员（不要改）','2018-10-31 11:29:47',9),(219,47,'returnIn','您有一条待入库的工单，请关注数字运维微信公众号进行处理！',NULL,'管理员（不要改）','2018-10-31 11:29:47',9),(220,47,'useOut','您的领用申请【单号：LQ2018103139238】，备件已出库，请及时领取！',NULL,'','2018-10-31 11:29:47',7),(221,64,'transferOut','您有一条待出库的工单，请关注数字运维微信公众号进行处理！',NULL,'管理员','2018-11-01 13:34:59',6),(222,62,'transferOut','您有一条待出库的工单，请关注数字运维微信公众号进行处理！',NULL,'管理员','2018-11-01 13:34:59',6),(223,52,'transferOut','您有一条待出库的工单，请关注数字运维微信公众号进行处理！',NULL,'管理员','2018-11-01 13:35:00',6),(224,58,'transferOut','您有一条待出库的工单，请关注数字运维微信公众号进行处理！',NULL,'管理员','2018-11-01 13:35:00',6),(225,48,'transferOut','您有一条待出库的工单，请关注数字运维微信公众号进行处理！',NULL,'管理员','2018-11-01 13:35:00',6),(226,47,'transferOut','您有一条待出库的工单，请关注数字运维微信公众号进行处理！',NULL,'管理员','2018-11-01 13:35:00',6),(227,64,'toBeRepair','您有一条待接修的工单，请关注数字运维微信公众号进行处理！','toBeRead','管理员','2018-11-01 13:47:05',7),(228,47,'toBeEvaluate','您有一条待评价的工单，请关注数字运维微信公众号进行处理！','toBeRead','管理员','2018-11-01 13:47:49',16),(229,47,NULL,'您的维修单【单号：WX2018103166316】已评价！',NULL,'','2018-11-01 13:48:13',16),(230,64,'transferIn','您有一条待入库的工单，请关注数字运维微信公众号进行处理！',NULL,'管理员','2018-11-01 13:48:39',10),(231,62,'transferIn','您有一条待入库的工单，请关注数字运维微信公众号进行处理！',NULL,'管理员','2018-11-01 13:48:39',10),(232,52,'transferIn','您有一条待入库的工单，请关注数字运维微信公众号进行处理！',NULL,'管理员','2018-11-01 13:48:40',10),(233,58,'transferIn','您有一条待入库的工单，请关注数字运维微信公众号进行处理！',NULL,'管理员','2018-11-01 13:48:40',10),(234,47,'transferIn','您有一条待入库的工单，请关注数字运维微信公众号进行处理！',NULL,'管理员','2018-11-01 13:48:40',10),(235,64,'before','您有一条待盘库的任务，点击进行操作！','toBeRead','管理员','2018-11-01 13:49:35',3),(236,47,'before','您有一条待盘库的任务，点击进行操作！','toBeRead','管理员','2018-11-01 13:53:32',4),(237,47,'toBeEvaluate','您有一条待评价的工单，请关注数字运维微信公众号进行处理！','toBeRead','管理员','2018-11-01 13:53:37',17),(238,47,'returnIn','您的领用申请【单号：LQ2018102558018】归还完毕！',NULL,'','2018-11-01 15:43:46',6),(239,64,'useApply','您有一条待审核的工单，请关注数字运维微信公众号进行处理！',NULL,'管理员','2018-11-01 15:49:08',8),(240,52,'useApply','您有一条待审核的工单，请关注数字运维微信公众号进行处理！',NULL,'管理员','2018-11-01 15:49:08',8),(241,48,'useApply','您有一条待审核的工单，请关注数字运维微信公众号进行处理！',NULL,'管理员','2018-11-01 15:49:08',8),(242,47,'useApply','您有一条待审核的工单，请关注数字运维微信公众号进行处理！',NULL,'管理员','2018-11-01 15:49:08',8),(243,64,'useOut','您有一条待出库的工单，请关注数字运维微信公众号进行处理！',NULL,'管理员','2018-11-01 15:49:26',7),(244,52,'useOut','您有一条待出库的工单，请关注数字运维微信公众号进行处理！',NULL,'管理员','2018-11-01 15:49:26',7),(245,48,'useOut','您有一条待出库的工单，请关注数字运维微信公众号进行处理！',NULL,'管理员','2018-11-01 15:49:26',7),(246,47,'useOut','您有一条待出库的工单，请关注数字运维微信公众号进行处理！',NULL,'管理员','2018-11-01 15:49:26',7),(247,64,'returnIn','您有一条待入库的工单，请关注数字运维微信公众号进行处理！',NULL,'管理员','2018-11-01 15:51:52',12),(248,52,'returnIn','您有一条待入库的工单，请关注数字运维微信公众号进行处理！',NULL,'管理员','2018-11-01 15:51:52',12),(249,48,'returnIn','您有一条待入库的工单，请关注数字运维微信公众号进行处理！',NULL,'管理员','2018-11-01 15:51:52',12),(250,47,'returnIn','您有一条待入库的工单，请关注数字运维微信公众号进行处理！',NULL,'管理员','2018-11-01 15:51:53',12),(251,47,'useOut','您的领用申请【单号：LQ2018110175110】，备件已出库，请及时领取！',NULL,'','2018-11-01 15:51:53',8),(252,64,'borrowIn','您有一条待入库的工单，请关注数字运维微信公众号进行处理！',NULL,'管理员','2018-11-01 15:54:40',13),(253,52,'borrowIn','您有一条待入库的工单，请关注数字运维微信公众号进行处理！',NULL,'管理员','2018-11-01 15:54:40',13),(254,48,'borrowIn','您有一条待入库的工单，请关注数字运维微信公众号进行处理！',NULL,'管理员','2018-11-01 15:54:40',13),(255,47,'borrowIn','您有一条待入库的工单，请关注数字运维微信公众号进行处理！',NULL,'管理员','2018-11-01 15:54:40',13),(256,64,'useApply','您有一条待审核的工单，请关注数字运维微信公众号进行处理！',NULL,'管理员','2018-11-01 15:56:33',9),(257,52,'useApply','您有一条待审核的工单，请关注数字运维微信公众号进行处理！',NULL,'管理员','2018-11-01 15:56:33',9),(258,48,'useApply','您有一条待审核的工单，请关注数字运维微信公众号进行处理！',NULL,'管理员','2018-11-01 15:56:33',9),(259,47,'useApply','您有一条待审核的工单，请关注数字运维微信公众号进行处理！',NULL,'管理员','2018-11-01 15:56:33',9),(260,47,'already','您的盘库任务【批次号：PK2018110135790】已完成盘点。',NULL,'','2018-11-01 15:59:44',4),(261,49,'toBeDispatch','您有一条待派单的工单，请关注数字运维微信公众号进行处理！','toBeRead','管理员','2018-11-01 16:04:09',18),(262,50,'toBeDispatch','您有一条待派单的工单，请关注数字运维微信公众号进行处理！','toBeRead','管理员','2018-11-01 16:04:09',18),(263,64,'toBeDispatch','您有一条待派单的工单，请关注数字运维微信公众号进行处理！','toBeRead','管理员','2018-11-01 16:04:09',18),(264,52,'toBeDispatch','您有一条待派单的工单，请关注数字运维微信公众号进行处理！','toBeRead','管理员','2018-11-01 16:04:09',18),(265,48,'toBeDispatch','您有一条待派单的工单，请关注数字运维微信公众号进行处理！','toBeRead','管理员','2018-11-01 16:04:09',18),(266,47,'toBeDispatch','您有一条待派单的工单，请关注数字运维微信公众号进行处理！','toBeRead','管理员','2018-11-01 16:04:09',18),(267,48,'toBeRepair','您有一条待接修的工单，请关注数字运维微信公众号进行处理！','toBeRead','管理员','2018-11-01 16:04:27',18),(268,47,NULL,'您的维修单【单号：WX2018102673965】已评价！',NULL,'','2018-11-01 16:06:33',14),(269,49,'toBeDispatch','您有一条待派单的工单，请关注数字运维微信公众号进行处理！','toBeRead','维修员小李（不要改）','2018-11-01 16:09:09',18),(270,50,'toBeDispatch','您有一条待派单的工单，请关注数字运维微信公众号进行处理！','toBeRead','维修员小李（不要改）','2018-11-01 16:09:10',18),(271,64,'toBeDispatch','您有一条待派单的工单，请关注数字运维微信公众号进行处理！','toBeRead','维修员小李（不要改）','2018-11-01 16:09:10',18),(272,52,'toBeDispatch','您有一条待派单的工单，请关注数字运维微信公众号进行处理！','toBeRead','维修员小李（不要改）','2018-11-01 16:09:10',18),(273,48,'toBeDispatch','您有一条待派单的工单，请关注数字运维微信公众号进行处理！','toBeRead','维修员小李（不要改）','2018-11-01 16:09:10',18),(274,47,'toBeDispatch','您有一条待派单的工单，请关注数字运维微信公众号进行处理！','toBeRead','维修员小李（不要改）','2018-11-01 16:09:10',18),(275,47,'before','您有一条待盘库的任务，点击进行操作！','toBeRead','管理员','2018-11-02 16:35:17',5),(276,64,'before','您有一条待盘库的任务，点击进行操作！','toBeRead','管理员','2018-11-02 17:24:17',6);

/*Table structure for table `task_pending_task` */

DROP TABLE IF EXISTS `task_pending_task`;

CREATE TABLE `task_pending_task` (
  `pendingTaskId` bigint(20) NOT NULL AUTO_INCREMENT COMMENT '待办任务ID',
  `taskType` varchar(64) DEFAULT NULL COMMENT '任务类型',
  `sourceId` bigint(20) DEFAULT NULL COMMENT '来源表ID',
  `status` varchar(32) DEFAULT NULL COMMENT '任务状态',
  `taskPersonId` bigint(20) DEFAULT NULL COMMENT '任务执行人ID',
  `title` varchar(128) DEFAULT NULL COMMENT '标题',
  `busiNo` varchar(64) DEFAULT NULL COMMENT '业务单号',
  `taskDescribe` varchar(512) DEFAULT NULL COMMENT '任务描述',
  `createUser` varchar(32) DEFAULT NULL COMMENT '添加人',
  `createTime` datetime DEFAULT CURRENT_TIMESTAMP COMMENT '创建时间',
  `modifyUser` varchar(32) DEFAULT NULL COMMENT '修改人',
  `modifyTime` datetime DEFAULT CURRENT_TIMESTAMP ON UPDATE CURRENT_TIMESTAMP COMMENT '修改时间',
  PRIMARY KEY (`pendingTaskId`)
) ENGINE=InnoDB AUTO_INCREMENT=270 DEFAULT CHARSET=utf8;

/*Data for the table `task_pending_task` */

insert  into `task_pending_task`(`pendingTaskId`,`taskType`,`sourceId`,`status`,`taskPersonId`,`title`,`busiNo`,`taskDescribe`,`createUser`,`createTime`,`modifyUser`,`modifyTime`) values (1,'toBeEvaluate',1,'toBeRead',47,'待评价','WX2018102458555','您有一条待评价的任务，点击进行操作！','管理员（不要改）','2018-10-24 17:34:37','管理员（不要改）','2018-10-24 17:34:37'),(2,'useApply',1,'toBeRead',64,'领用申请','LQ2018102413306','管理员（不要改）提交的申请需要您进行审核，点击进行操作！','管理员（不要改）','2018-10-24 17:55:22','管理员（不要改）','2018-10-24 17:55:22'),(3,'useApply',1,'toBeRead',62,'领用申请','LQ2018102413306','管理员（不要改）提交的申请需要您进行审核，点击进行操作！','管理员（不要改）','2018-10-24 17:55:22','管理员（不要改）','2018-10-24 17:55:22'),(4,'useApply',1,'toBeRead',52,'领用申请','LQ2018102413306','管理员（不要改）提交的申请需要您进行审核，点击进行操作！','管理员（不要改）','2018-10-24 17:55:22','管理员（不要改）','2018-10-24 17:55:22'),(5,'useApply',1,'toBeRead',58,'领用申请','LQ2018102413306','管理员（不要改）提交的申请需要您进行审核，点击进行操作！','管理员（不要改）','2018-10-24 17:55:22','管理员（不要改）','2018-10-24 17:55:22'),(6,'useApply',1,'toBeRead',48,'领用申请','LQ2018102413306','管理员（不要改）提交的申请需要您进行审核，点击进行操作！','管理员（不要改）','2018-10-24 17:55:22','管理员（不要改）','2018-10-24 17:55:22'),(7,'useApply',1,'toBeRead',47,'领用申请','LQ2018102413306','管理员（不要改）提交的申请需要您进行审核，点击进行操作！','管理员（不要改）','2018-10-24 17:55:22','管理员（不要改）','2018-10-24 17:55:22'),(8,'useApply',2,'toBeRead',64,'领用申请','LQ2018102423862','管理员（不要改）提交的申请需要您进行审核，点击进行操作！','管理员（不要改）','2018-10-24 18:59:13','管理员（不要改）','2018-10-24 18:59:13'),(9,'useApply',2,'toBeRead',62,'领用申请','LQ2018102423862','管理员（不要改）提交的申请需要您进行审核，点击进行操作！','管理员（不要改）','2018-10-24 18:59:13','管理员（不要改）','2018-10-24 18:59:13'),(10,'useApply',2,'toBeRead',52,'领用申请','LQ2018102423862','管理员（不要改）提交的申请需要您进行审核，点击进行操作！','管理员（不要改）','2018-10-24 18:59:13','管理员（不要改）','2018-10-24 18:59:13'),(11,'useApply',2,'toBeRead',58,'领用申请','LQ2018102423862','管理员（不要改）提交的申请需要您进行审核，点击进行操作！','管理员（不要改）','2018-10-24 18:59:13','管理员（不要改）','2018-10-24 18:59:13'),(12,'useApply',2,'toBeRead',48,'领用申请','LQ2018102423862','管理员（不要改）提交的申请需要您进行审核，点击进行操作！','管理员（不要改）','2018-10-24 18:59:13','管理员（不要改）','2018-10-24 18:59:13'),(13,'useApply',2,'toBeRead',47,'领用申请','LQ2018102423862','管理员（不要改）提交的申请需要您进行审核，点击进行操作！','管理员（不要改）','2018-10-24 18:59:13','管理员（不要改）','2018-10-24 18:59:13'),(14,'toBeDispatch',2,'over',49,'待派单','WX2018102433982','您有一条待派单的任务，点击进行操作！','报修员小李（不要改）','2018-10-24 19:11:29','维修员小李（不要改）','2018-10-24 19:14:29'),(15,'toBeDispatch',2,'over',50,'待派单','WX2018102433982','您有一条待派单的任务，点击进行操作！','报修员小李（不要改）','2018-10-24 19:11:29','维修员小李（不要改）','2018-10-24 19:14:29'),(16,'toBeDispatch',2,'over',64,'待派单','WX2018102433982','您有一条待派单的任务，点击进行操作！','报修员小李（不要改）','2018-10-24 19:11:29','维修员小李（不要改）','2018-10-24 19:14:29'),(17,'toBeDispatch',2,'over',62,'待派单','WX2018102433982','您有一条待派单的任务，点击进行操作！','报修员小李（不要改）','2018-10-24 19:11:29','维修员小李（不要改）','2018-10-24 19:14:29'),(18,'toBeDispatch',2,'over',52,'待派单','WX2018102433982','您有一条待派单的任务，点击进行操作！','报修员小李（不要改）','2018-10-24 19:11:29','维修员小李（不要改）','2018-10-24 19:14:29'),(19,'toBeDispatch',2,'over',48,'待派单','WX2018102433982','您有一条待派单的任务，点击进行操作！','报修员小李（不要改）','2018-10-24 19:11:29','维修员小李（不要改）','2018-10-24 19:14:29'),(20,'toBeDispatch',2,'over',47,'待派单','WX2018102433982','您有一条待派单的任务，点击进行操作！','报修员小李（不要改）','2018-10-24 19:11:29','维修员小李（不要改）','2018-10-24 19:14:29'),(21,'toBeDispatch',2,'over',58,'待派单','WX2018102433982','您有一条待派单的任务，点击进行操作！','报修员小李（不要改）','2018-10-24 19:11:29','维修员小李（不要改）','2018-10-24 19:14:29'),(22,'toBeRepair',2,'over',48,'待接修','WX2018102433982','您有一条待接修的任务，点击进行操作！','管理员（不要改）','2018-10-24 19:13:42','维修员小李（不要改）','2018-10-24 19:14:29'),(23,'toBoInputResult',2,'toBeRead',48,'待录入维修结果','WX2018102433982','您有一条待录入维修结果任务，点击进行操作！','维修员小李（不要改）','2018-10-24 19:14:29','维修员小李（不要改）','2018-10-24 19:14:29'),(24,'toBeEvaluate',2,'toBeRead',62,'待评价','WX2018102433982','您有一条待评价的任务，点击进行操作！','维修员小李（不要改）','2018-10-24 19:14:44','维修员小李（不要改）','2018-10-24 19:14:44'),(25,'toBeDispatch',3,'over',49,'待派单','WX2018102412363','您有一条待派单的任务，点击进行操作！','报修员小李（不要改）','2018-10-24 19:15:40','维修员小李（不要改）','2018-10-24 19:16:36'),(26,'toBeDispatch',3,'over',50,'待派单','WX2018102412363','您有一条待派单的任务，点击进行操作！','报修员小李（不要改）','2018-10-24 19:15:40','维修员小李（不要改）','2018-10-24 19:16:36'),(27,'toBeDispatch',3,'over',64,'待派单','WX2018102412363','您有一条待派单的任务，点击进行操作！','报修员小李（不要改）','2018-10-24 19:15:40','维修员小李（不要改）','2018-10-24 19:16:36'),(28,'toBeDispatch',3,'over',62,'待派单','WX2018102412363','您有一条待派单的任务，点击进行操作！','报修员小李（不要改）','2018-10-24 19:15:40','维修员小李（不要改）','2018-10-24 19:16:36'),(29,'toBeDispatch',3,'over',52,'待派单','WX2018102412363','您有一条待派单的任务，点击进行操作！','报修员小李（不要改）','2018-10-24 19:15:40','维修员小李（不要改）','2018-10-24 19:16:36'),(30,'toBeDispatch',3,'over',48,'待派单','WX2018102412363','您有一条待派单的任务，点击进行操作！','报修员小李（不要改）','2018-10-24 19:15:40','维修员小李（不要改）','2018-10-24 19:16:36'),(31,'toBeDispatch',3,'over',47,'待派单','WX2018102412363','您有一条待派单的任务，点击进行操作！','报修员小李（不要改）','2018-10-24 19:15:40','维修员小李（不要改）','2018-10-24 19:16:36'),(32,'toBeDispatch',3,'over',58,'待派单','WX2018102412363','您有一条待派单的任务，点击进行操作！','报修员小李（不要改）','2018-10-24 19:15:40','维修员小李（不要改）','2018-10-24 19:16:36'),(33,'toBeRepair',3,'over',48,'待接修','WX2018102412363','您有一条待接修的任务，点击进行操作！','报修员小李（不要改）','2018-10-24 19:15:49','维修员小李（不要改）','2018-10-24 19:16:36'),(34,'toBoInputResult',3,'toBeRead',48,'待录入维修结果','WX2018102412363','您有一条待录入维修结果任务，点击进行操作！','维修员小李（不要改）','2018-10-24 19:16:36','维修员小李（不要改）','2018-10-24 19:16:36'),(35,'toBeDispatch',3,'toBeRead',49,'待派单','WX2018102412363','您有一条待派单的任务，点击进行操作！','维修员小李（不要改）','2018-10-24 19:16:48','维修员小李（不要改）','2018-10-24 19:16:48'),(36,'toBeDispatch',3,'toBeRead',50,'待派单','WX2018102412363','您有一条待派单的任务，点击进行操作！','维修员小李（不要改）','2018-10-24 19:16:48','维修员小李（不要改）','2018-10-24 19:16:48'),(37,'toBeDispatch',3,'toBeRead',64,'待派单','WX2018102412363','您有一条待派单的任务，点击进行操作！','维修员小李（不要改）','2018-10-24 19:16:48','维修员小李（不要改）','2018-10-24 19:16:48'),(38,'toBeDispatch',3,'toBeRead',62,'待派单','WX2018102412363','您有一条待派单的任务，点击进行操作！','维修员小李（不要改）','2018-10-24 19:16:48','维修员小李（不要改）','2018-10-24 19:16:48'),(39,'toBeDispatch',3,'toBeRead',52,'待派单','WX2018102412363','您有一条待派单的任务，点击进行操作！','维修员小李（不要改）','2018-10-24 19:16:48','维修员小李（不要改）','2018-10-24 19:16:48'),(40,'toBeDispatch',3,'toBeRead',48,'待派单','WX2018102412363','您有一条待派单的任务，点击进行操作！','维修员小李（不要改）','2018-10-24 19:16:48','维修员小李（不要改）','2018-10-24 19:16:48'),(41,'toBeDispatch',3,'toBeRead',47,'待派单','WX2018102412363','您有一条待派单的任务，点击进行操作！','维修员小李（不要改）','2018-10-24 19:16:48','维修员小李（不要改）','2018-10-24 19:16:48'),(42,'toBeDispatch',3,'toBeRead',58,'待派单','WX2018102412363','您有一条待派单的任务，点击进行操作！','维修员小李（不要改）','2018-10-24 19:16:49','维修员小李（不要改）','2018-10-24 19:16:49'),(43,'toBeDispatch',3,'toBeRead',58,'待派单','WX2018102412363','您有一条待派单的任务，点击进行操作！','维修员小李（不要改）','2018-10-24 19:16:49','维修员小李（不要改）','2018-10-24 19:16:49'),(44,'toBeDispatch',4,'over',49,'待派单','WX2018102417535','您有一条待派单的任务，点击进行操作！','报修员小李（不要改）','2018-10-24 19:24:10','管理员（不要改）','2018-10-24 20:04:53'),(45,'toBeDispatch',4,'over',50,'待派单','WX2018102417535','您有一条待派单的任务，点击进行操作！','报修员小李（不要改）','2018-10-24 19:24:10','管理员（不要改）','2018-10-24 20:04:53'),(46,'toBeDispatch',4,'over',64,'待派单','WX2018102417535','您有一条待派单的任务，点击进行操作！','报修员小李（不要改）','2018-10-24 19:24:10','管理员（不要改）','2018-10-24 20:04:53'),(47,'toBeDispatch',4,'over',62,'待派单','WX2018102417535','您有一条待派单的任务，点击进行操作！','报修员小李（不要改）','2018-10-24 19:24:10','管理员（不要改）','2018-10-24 20:04:53'),(48,'toBeDispatch',4,'over',52,'待派单','WX2018102417535','您有一条待派单的任务，点击进行操作！','报修员小李（不要改）','2018-10-24 19:24:10','管理员（不要改）','2018-10-24 20:04:53'),(49,'toBeDispatch',4,'over',48,'待派单','WX2018102417535','您有一条待派单的任务，点击进行操作！','报修员小李（不要改）','2018-10-24 19:24:10','管理员（不要改）','2018-10-24 20:04:53'),(50,'toBeDispatch',4,'over',47,'待派单','WX2018102417535','您有一条待派单的任务，点击进行操作！','报修员小李（不要改）','2018-10-24 19:24:11','管理员（不要改）','2018-10-24 20:04:53'),(51,'toBeDispatch',4,'over',58,'待派单','WX2018102417535','您有一条待派单的任务，点击进行操作！','报修员小李（不要改）','2018-10-24 19:24:11','管理员（不要改）','2018-10-24 20:04:53'),(52,'toBeRepair',3,'toBeRead',48,'待接修','WX2018102412363','您有一条待接修的任务，点击进行操作！','报修员小李（不要改）','2018-10-24 19:24:26','报修员小李（不要改）','2018-10-24 19:24:26'),(53,'toBeDispatch',5,'over',49,'待派单','WX2018102450637','您有一条待派单的任务，点击进行操作！','报修员小李（不要改）','2018-10-24 20:04:27','管理员（不要改）','2018-10-24 20:06:49'),(54,'toBeDispatch',5,'over',50,'待派单','WX2018102450637','您有一条待派单的任务，点击进行操作！','报修员小李（不要改）','2018-10-24 20:04:27','管理员（不要改）','2018-10-24 20:06:49'),(55,'toBeDispatch',5,'over',64,'待派单','WX2018102450637','您有一条待派单的任务，点击进行操作！','报修员小李（不要改）','2018-10-24 20:04:27','管理员（不要改）','2018-10-24 20:06:49'),(56,'toBeDispatch',5,'over',62,'待派单','WX2018102450637','您有一条待派单的任务，点击进行操作！','报修员小李（不要改）','2018-10-24 20:04:27','管理员（不要改）','2018-10-24 20:06:49'),(57,'toBeDispatch',5,'over',52,'待派单','WX2018102450637','您有一条待派单的任务，点击进行操作！','报修员小李（不要改）','2018-10-24 20:04:27','管理员（不要改）','2018-10-24 20:06:49'),(58,'toBeDispatch',5,'over',48,'待派单','WX2018102450637','您有一条待派单的任务，点击进行操作！','报修员小李（不要改）','2018-10-24 20:04:27','管理员（不要改）','2018-10-24 20:06:49'),(59,'toBeDispatch',5,'over',47,'待派单','WX2018102450637','您有一条待派单的任务，点击进行操作！','报修员小李（不要改）','2018-10-24 20:04:27','管理员（不要改）','2018-10-24 20:06:49'),(60,'toBeDispatch',5,'over',58,'待派单','WX2018102450637','您有一条待派单的任务，点击进行操作！','报修员小李（不要改）','2018-10-24 20:04:27','管理员（不要改）','2018-10-24 20:06:49'),(61,'toBeRepair',4,'over',47,'待接修','WX2018102417535','您有一条待接修的任务，点击进行操作！','报修员小李（不要改）','2018-10-24 20:04:42','管理员（不要改）','2018-10-24 20:04:53'),(62,'toBoInputResult',4,'over',47,'待录入维修结果','WX2018102417535','您有一条待录入维修结果任务，点击进行操作！','管理员（不要改）','2018-10-24 20:04:53','管理员（不要改）','2018-10-24 20:11:27'),(63,'toBeDispatch',4,'over',NULL,'待派单','WX2018102417535','您有一条待派单的任务，点击进行操作！','管理员（不要改）','2018-10-24 20:05:19','管理员（不要改）','2018-10-24 20:11:27'),(64,'toBeRepair',5,'over',47,'待接修','WX2018102450637','您有一条待接修的任务，点击进行操作！','报修员小李（不要改）','2018-10-24 20:06:35','管理员（不要改）','2018-10-24 20:06:49'),(65,'toBoInputResult',5,'over',47,'待录入维修结果','WX2018102450637','您有一条待录入维修结果任务，点击进行操作！','管理员（不要改）','2018-10-24 20:07:02','管理员（不要改）','2018-10-24 20:12:14'),(66,'toBeDispatch',5,'over',NULL,'待派单','WX2018102450637','您有一条待派单的任务，点击进行操作！','管理员（不要改）','2018-10-24 20:08:36','管理员（不要改）','2018-10-24 20:12:14'),(67,'toBeRepair',4,'over',47,'待接修','WX2018102417535','您有一条待接修的任务，点击进行操作！','报修员小李（不要改）','2018-10-24 20:11:14','管理员（不要改）','2018-10-24 20:11:27'),(68,'toBoInputResult',4,'over',47,'待录入维修结果','WX2018102417535','您有一条待录入维修结果任务，点击进行操作！','管理员（不要改）','2018-10-24 20:11:28','管理员（不要改）','2018-10-24 20:36:22'),(69,'toBeDispatch',4,'over',NULL,'待派单','WX2018102417535','您有一条待派单的任务，点击进行操作！','管理员（不要改）','2018-10-24 20:11:45','管理员（不要改）','2018-10-24 20:36:22'),(70,'toBeRepair',5,'over',47,'待接修','WX2018102450637','您有一条待接修的任务，点击进行操作！','报修员小李（不要改）','2018-10-24 20:12:05','管理员（不要改）','2018-10-24 20:12:14'),(71,'toBoInputResult',5,'over',47,'待录入维修结果','WX2018102450637','您有一条待录入维修结果任务，点击进行操作！','管理员（不要改）','2018-10-24 20:12:15','管理员（不要改）','2018-10-24 20:38:50'),(72,'toBeRepair',4,'over',47,'待接修','WX2018102417535','您有一条待接修的任务，点击进行操作！','报修员小李（不要改）','2018-10-24 20:20:37','管理员（不要改）','2018-10-24 20:36:22'),(73,'toBeDispatch',5,'over',49,'待派单','WX2018102450637','您有一条待派单的任务，点击进行操作！','管理员（不要改）','2018-10-24 20:31:26','管理员（不要改）','2018-10-24 20:38:50'),(74,'toBeDispatch',5,'over',50,'待派单','WX2018102450637','您有一条待派单的任务，点击进行操作！','管理员（不要改）','2018-10-24 20:31:26','管理员（不要改）','2018-10-24 20:38:50'),(75,'toBeDispatch',5,'over',64,'待派单','WX2018102450637','您有一条待派单的任务，点击进行操作！','管理员（不要改）','2018-10-24 20:31:26','管理员（不要改）','2018-10-24 20:38:50'),(76,'toBeDispatch',5,'over',62,'待派单','WX2018102450637','您有一条待派单的任务，点击进行操作！','管理员（不要改）','2018-10-24 20:31:26','管理员（不要改）','2018-10-24 20:38:50'),(77,'toBeDispatch',5,'over',52,'待派单','WX2018102450637','您有一条待派单的任务，点击进行操作！','管理员（不要改）','2018-10-24 20:31:26','管理员（不要改）','2018-10-24 20:38:50'),(78,'toBeDispatch',5,'over',48,'待派单','WX2018102450637','您有一条待派单的任务，点击进行操作！','管理员（不要改）','2018-10-24 20:31:26','管理员（不要改）','2018-10-24 20:38:50'),(79,'toBeDispatch',5,'over',47,'待派单','WX2018102450637','您有一条待派单的任务，点击进行操作！','管理员（不要改）','2018-10-24 20:31:26','管理员（不要改）','2018-10-24 20:38:50'),(80,'toBeDispatch',5,'over',58,'待派单','WX2018102450637','您有一条待派单的任务，点击进行操作！','管理员（不要改）','2018-10-24 20:31:26','管理员（不要改）','2018-10-24 20:38:50'),(81,'toBeDispatch',5,'over',58,'待派单','WX2018102450637','您有一条待派单的任务，点击进行操作！','管理员（不要改）','2018-10-24 20:31:26','管理员（不要改）','2018-10-24 20:38:50'),(82,'useApply',3,'over',64,'领用申请','LQ2018102419271','管理员（不要改）提交的申请需要您进行审核，点击进行操作！','管理员（不要改）','2018-10-24 20:34:54','管理员（不要改）','2018-10-24 20:35:03'),(83,'useApply',3,'over',62,'领用申请','LQ2018102419271','管理员（不要改）提交的申请需要您进行审核，点击进行操作！','管理员（不要改）','2018-10-24 20:34:54','管理员（不要改）','2018-10-24 20:35:03'),(84,'useApply',3,'over',52,'领用申请','LQ2018102419271','管理员（不要改）提交的申请需要您进行审核，点击进行操作！','管理员（不要改）','2018-10-24 20:34:54','管理员（不要改）','2018-10-24 20:35:03'),(85,'useApply',3,'over',58,'领用申请','LQ2018102419271','管理员（不要改）提交的申请需要您进行审核，点击进行操作！','管理员（不要改）','2018-10-24 20:34:54','管理员（不要改）','2018-10-24 20:35:03'),(86,'useApply',3,'over',48,'领用申请','LQ2018102419271','管理员（不要改）提交的申请需要您进行审核，点击进行操作！','管理员（不要改）','2018-10-24 20:34:54','管理员（不要改）','2018-10-24 20:35:03'),(87,'useApply',3,'over',47,'领用申请','LQ2018102419271','管理员（不要改）提交的申请需要您进行审核，点击进行操作！','管理员（不要改）','2018-10-24 20:34:54','管理员（不要改）','2018-10-24 20:35:03'),(88,'useOut',1,'over',64,'领用出库','LQ2018102411356','您有一条待出库的任务，点击进行操作！','管理员（不要改）','2018-10-24 20:35:02','','2018-10-24 20:35:25'),(89,'useOut',1,'over',62,'领用出库','LQ2018102411356','您有一条待出库的任务，点击进行操作！','管理员（不要改）','2018-10-24 20:35:02','','2018-10-24 20:35:25'),(90,'useOut',1,'over',52,'领用出库','LQ2018102411356','您有一条待出库的任务，点击进行操作！','管理员（不要改）','2018-10-24 20:35:02','','2018-10-24 20:35:25'),(91,'useOut',1,'over',58,'领用出库','LQ2018102411356','您有一条待出库的任务，点击进行操作！','管理员（不要改）','2018-10-24 20:35:02','','2018-10-24 20:35:25'),(92,'useOut',1,'over',48,'领用出库','LQ2018102411356','您有一条待出库的任务，点击进行操作！','管理员（不要改）','2018-10-24 20:35:02','','2018-10-24 20:35:25'),(93,'useOut',1,'over',47,'领用出库','LQ2018102411356','您有一条待出库的任务，点击进行操作！','管理员（不要改）','2018-10-24 20:35:02','','2018-10-24 20:35:25'),(94,'returnIn',2,'over',64,'备件入库','GH2018102470498','您有一条待入库的任务，点击进行操作！','管理员（不要改）','2018-10-24 20:35:24','管理员（不要改）','2018-10-25 19:54:59'),(95,'returnIn',2,'over',62,'备件入库','GH2018102470498','您有一条待入库的任务，点击进行操作！','管理员（不要改）','2018-10-24 20:35:24','管理员（不要改）','2018-10-25 19:54:59'),(96,'returnIn',2,'over',52,'备件入库','GH2018102470498','您有一条待入库的任务，点击进行操作！','管理员（不要改）','2018-10-24 20:35:24','管理员（不要改）','2018-10-25 19:54:59'),(97,'returnIn',2,'over',58,'备件入库','GH2018102470498','您有一条待入库的任务，点击进行操作！','管理员（不要改）','2018-10-24 20:35:24','管理员（不要改）','2018-10-25 19:54:59'),(98,'returnIn',2,'over',48,'备件入库','GH2018102470498','您有一条待入库的任务，点击进行操作！','管理员（不要改）','2018-10-24 20:35:24','管理员（不要改）','2018-10-25 19:54:59'),(99,'returnIn',2,'over',47,'备件入库','GH2018102470498','您有一条待入库的任务，点击进行操作！','管理员（不要改）','2018-10-24 20:35:24','管理员（不要改）','2018-10-25 19:54:59'),(100,'toBoInputResult',4,'toBeRead',47,'待录入维修结果','WX2018102417535','您有一条待录入维修结果任务，点击进行操作！','管理员（不要改）','2018-10-24 20:36:22','管理员（不要改）','2018-10-24 20:36:22'),(101,'toBeEvaluate',4,'toBeRead',62,'待评价','WX2018102417535','您有一条待评价的任务，点击进行操作！','管理员（不要改）','2018-10-24 20:36:45','管理员（不要改）','2018-10-24 20:36:45'),(102,'toBeRepair',5,'over',47,'待接修','WX2018102450637','您有一条待接修的任务，点击进行操作！','报修申请（不要改）','2018-10-24 20:38:18','管理员（不要改）','2018-10-24 20:38:50'),(103,'toBoInputResult',5,'over',47,'待录入维修结果','WX2018102450637','您有一条待录入维修结果任务，点击进行操作！','管理员（不要改）','2018-10-24 20:38:50','管理员（不要改）','2018-10-25 21:19:24'),(104,'toBeDispatch',5,'over',49,'待派单','WX2018102450637','您有一条待派单的任务，点击进行操作！','管理员（不要改）','2018-10-24 20:39:12','管理员（不要改）','2018-10-25 21:19:24'),(105,'toBeDispatch',5,'over',50,'待派单','WX2018102450637','您有一条待派单的任务，点击进行操作！','管理员（不要改）','2018-10-24 20:39:12','管理员（不要改）','2018-10-25 21:19:24'),(106,'toBeDispatch',5,'over',64,'待派单','WX2018102450637','您有一条待派单的任务，点击进行操作！','管理员（不要改）','2018-10-24 20:39:12','管理员（不要改）','2018-10-25 21:19:24'),(107,'toBeDispatch',5,'over',62,'待派单','WX2018102450637','您有一条待派单的任务，点击进行操作！','管理员（不要改）','2018-10-24 20:39:12','管理员（不要改）','2018-10-25 21:19:24'),(108,'toBeDispatch',5,'over',52,'待派单','WX2018102450637','您有一条待派单的任务，点击进行操作！','管理员（不要改）','2018-10-24 20:39:12','管理员（不要改）','2018-10-25 21:19:24'),(109,'toBeDispatch',5,'over',48,'待派单','WX2018102450637','您有一条待派单的任务，点击进行操作！','管理员（不要改）','2018-10-24 20:39:12','管理员（不要改）','2018-10-25 21:19:24'),(110,'toBeDispatch',5,'over',47,'待派单','WX2018102450637','您有一条待派单的任务，点击进行操作！','管理员（不要改）','2018-10-24 20:39:12','管理员（不要改）','2018-10-25 21:19:24'),(111,'toBeDispatch',5,'over',58,'待派单','WX2018102450637','您有一条待派单的任务，点击进行操作！','管理员（不要改）','2018-10-24 20:39:12','管理员（不要改）','2018-10-25 21:19:24'),(112,'toBeDispatch',5,'over',58,'待派单','WX2018102450637','您有一条待派单的任务，点击进行操作！','管理员（不要改）','2018-10-24 20:39:12','管理员（不要改）','2018-10-25 21:19:24'),(113,'toBeEvaluate',6,'over',47,'待评价','WX2018102430074','您有一条待评价的任务，点击进行操作！','管理员（不要改）','2018-10-24 23:07:09','管理员（不要改）','2018-10-24 23:10:54'),(114,'toBeDispatch',7,'over',49,'待派单','WX2018102450373','您有一条待派单的任务，点击进行操作！','管理员（不要改）','2018-10-24 23:11:32','管理员（不要改）','2018-10-25 21:18:11'),(115,'toBeDispatch',7,'over',50,'待派单','WX2018102450373','您有一条待派单的任务，点击进行操作！','管理员（不要改）','2018-10-24 23:11:32','管理员（不要改）','2018-10-25 21:18:11'),(116,'toBeDispatch',7,'over',64,'待派单','WX2018102450373','您有一条待派单的任务，点击进行操作！','管理员（不要改）','2018-10-24 23:11:32','管理员（不要改）','2018-10-25 21:18:11'),(117,'toBeDispatch',7,'over',62,'待派单','WX2018102450373','您有一条待派单的任务，点击进行操作！','管理员（不要改）','2018-10-24 23:11:32','管理员（不要改）','2018-10-25 21:18:11'),(118,'toBeDispatch',7,'over',52,'待派单','WX2018102450373','您有一条待派单的任务，点击进行操作！','管理员（不要改）','2018-10-24 23:11:32','管理员（不要改）','2018-10-25 21:18:11'),(119,'toBeDispatch',7,'over',48,'待派单','WX2018102450373','您有一条待派单的任务，点击进行操作！','管理员（不要改）','2018-10-24 23:11:32','管理员（不要改）','2018-10-25 21:18:11'),(120,'toBeDispatch',7,'over',47,'待派单','WX2018102450373','您有一条待派单的任务，点击进行操作！','管理员（不要改）','2018-10-24 23:11:32','管理员（不要改）','2018-10-25 21:18:11'),(121,'toBeDispatch',7,'over',58,'待派单','WX2018102450373','您有一条待派单的任务，点击进行操作！','管理员（不要改）','2018-10-24 23:11:32','管理员（不要改）','2018-10-25 21:18:11'),(122,'toBeDispatch',7,'over',58,'待派单','WX2018102450373','您有一条待派单的任务，点击进行操作！','管理员（不要改）','2018-10-24 23:11:32','管理员（不要改）','2018-10-25 21:18:11'),(123,'toBeEvaluate',8,'over',47,'待评价','WX2018102449660','您有一条待评价的任务，点击进行操作！','管理员（不要改）','2018-10-24 23:12:19','管理员（不要改）','2018-10-24 23:12:31'),(124,'toBeEvaluate',9,'over',47,'待评价','WX2018102429475','您有一条待评价的任务，点击进行操作！','管理员（不要改）','2018-10-24 23:14:11','管理员（不要改）','2018-10-24 23:16:05'),(125,'toBeEvaluate',11,'over',47,'待评价','WX2018102461164','您有一条待评价的任务，点击进行操作！','管理员（不要改）','2018-10-24 23:20:15','管理员（不要改）','2018-10-24 23:21:01'),(126,'toBeEvaluate',10,'over',47,'待评价','WX2018102491196','您有一条待评价的任务，点击进行操作！','管理员（不要改）','2018-10-24 23:20:23','管理员（不要改）','2018-10-24 23:20:45'),(127,'useApply',4,'toBeRead',64,'领用申请','LQ2018102530233','管理员（不要改）提交的申请需要您进行审核，点击进行操作！','管理员（不要改）','2018-10-25 17:59:02','管理员（不要改）','2018-10-25 17:59:02'),(128,'useApply',4,'toBeRead',62,'领用申请','LQ2018102530233','管理员（不要改）提交的申请需要您进行审核，点击进行操作！','管理员（不要改）','2018-10-25 17:59:02','管理员（不要改）','2018-10-25 17:59:02'),(129,'useApply',4,'toBeRead',52,'领用申请','LQ2018102530233','管理员（不要改）提交的申请需要您进行审核，点击进行操作！','管理员（不要改）','2018-10-25 17:59:02','管理员（不要改）','2018-10-25 17:59:02'),(130,'useApply',4,'toBeRead',58,'领用申请','LQ2018102530233','管理员（不要改）提交的申请需要您进行审核，点击进行操作！','管理员（不要改）','2018-10-25 17:59:02','管理员（不要改）','2018-10-25 17:59:02'),(131,'useApply',4,'toBeRead',48,'领用申请','LQ2018102530233','管理员（不要改）提交的申请需要您进行审核，点击进行操作！','管理员（不要改）','2018-10-25 17:59:02','管理员（不要改）','2018-10-25 17:59:02'),(132,'useApply',4,'toBeRead',47,'领用申请','LQ2018102530233','管理员（不要改）提交的申请需要您进行审核，点击进行操作！','管理员（不要改）','2018-10-25 17:59:02','管理员（不要改）','2018-10-25 17:59:02'),(133,'useOut',2,'over',64,'领用出库','LQ2018102552300','您有一条待出库的任务，点击进行操作！','管理员（不要改）','2018-10-25 17:59:13','','2018-10-25 17:59:51'),(134,'useOut',2,'over',62,'领用出库','LQ2018102552300','您有一条待出库的任务，点击进行操作！','管理员（不要改）','2018-10-25 17:59:13','','2018-10-25 17:59:51'),(135,'useOut',2,'over',52,'领用出库','LQ2018102552300','您有一条待出库的任务，点击进行操作！','管理员（不要改）','2018-10-25 17:59:13','','2018-10-25 17:59:51'),(136,'useOut',2,'over',58,'领用出库','LQ2018102552300','您有一条待出库的任务，点击进行操作！','管理员（不要改）','2018-10-25 17:59:13','','2018-10-25 17:59:51'),(137,'useOut',2,'over',48,'领用出库','LQ2018102552300','您有一条待出库的任务，点击进行操作！','管理员（不要改）','2018-10-25 17:59:13','','2018-10-25 17:59:51'),(138,'useOut',2,'over',47,'领用出库','LQ2018102552300','您有一条待出库的任务，点击进行操作！','管理员（不要改）','2018-10-25 17:59:13','','2018-10-25 17:59:51'),(139,'returnIn',5,'over',64,'备件入库','GH2018102597958','您有一条待入库的任务，点击进行操作！','管理员（不要改）','2018-10-25 17:59:50','管理员（不要改）','2018-10-25 18:00:15'),(140,'returnIn',5,'over',62,'备件入库','GH2018102597958','您有一条待入库的任务，点击进行操作！','管理员（不要改）','2018-10-25 17:59:50','管理员（不要改）','2018-10-25 18:00:15'),(141,'returnIn',5,'over',52,'备件入库','GH2018102597958','您有一条待入库的任务，点击进行操作！','管理员（不要改）','2018-10-25 17:59:50','管理员（不要改）','2018-10-25 18:00:15'),(142,'returnIn',5,'over',58,'备件入库','GH2018102597958','您有一条待入库的任务，点击进行操作！','管理员（不要改）','2018-10-25 17:59:50','管理员（不要改）','2018-10-25 18:00:15'),(143,'returnIn',5,'over',48,'备件入库','GH2018102597958','您有一条待入库的任务，点击进行操作！','管理员（不要改）','2018-10-25 17:59:50','管理员（不要改）','2018-10-25 18:00:15'),(144,'returnIn',5,'over',47,'备件入库','GH2018102597958','您有一条待入库的任务，点击进行操作！','管理员（不要改）','2018-10-25 17:59:50','管理员（不要改）','2018-10-25 18:00:15'),(145,'useApply',5,'toBeRead',64,'领用申请','LQ2018102558018','管理员（不要改）提交的申请需要您进行审核，点击进行操作！','管理员（不要改）','2018-10-25 18:00:30','管理员（不要改）','2018-10-25 18:00:30'),(146,'useApply',5,'toBeRead',62,'领用申请','LQ2018102558018','管理员（不要改）提交的申请需要您进行审核，点击进行操作！','管理员（不要改）','2018-10-25 18:00:30','管理员（不要改）','2018-10-25 18:00:30'),(147,'useApply',5,'toBeRead',52,'领用申请','LQ2018102558018','管理员（不要改）提交的申请需要您进行审核，点击进行操作！','管理员（不要改）','2018-10-25 18:00:30','管理员（不要改）','2018-10-25 18:00:30'),(148,'useApply',5,'toBeRead',58,'领用申请','LQ2018102558018','管理员（不要改）提交的申请需要您进行审核，点击进行操作！','管理员（不要改）','2018-10-25 18:00:30','管理员（不要改）','2018-10-25 18:00:30'),(149,'useApply',5,'toBeRead',48,'领用申请','LQ2018102558018','管理员（不要改）提交的申请需要您进行审核，点击进行操作！','管理员（不要改）','2018-10-25 18:00:30','管理员（不要改）','2018-10-25 18:00:30'),(150,'useApply',5,'toBeRead',47,'领用申请','LQ2018102558018','管理员（不要改）提交的申请需要您进行审核，点击进行操作！','管理员（不要改）','2018-10-25 18:00:30','管理员（不要改）','2018-10-25 18:00:30'),(151,'useOut',3,'over',64,'领用出库','LQ2018102582643','您有一条待出库的任务，点击进行操作！','管理员（不要改）','2018-10-25 18:00:41','','2018-10-26 11:36:46'),(152,'useOut',3,'over',62,'领用出库','LQ2018102582643','您有一条待出库的任务，点击进行操作！','管理员（不要改）','2018-10-25 18:00:41','','2018-10-26 11:36:46'),(153,'useOut',3,'over',52,'领用出库','LQ2018102582643','您有一条待出库的任务，点击进行操作！','管理员（不要改）','2018-10-25 18:00:41','','2018-10-26 11:36:46'),(154,'useOut',3,'over',58,'领用出库','LQ2018102582643','您有一条待出库的任务，点击进行操作！','管理员（不要改）','2018-10-25 18:00:41','','2018-10-26 11:36:46'),(155,'useOut',3,'over',48,'领用出库','LQ2018102582643','您有一条待出库的任务，点击进行操作！','管理员（不要改）','2018-10-25 18:00:41','','2018-10-26 11:36:46'),(156,'useOut',3,'over',47,'领用出库','LQ2018102582643','您有一条待出库的任务，点击进行操作！','管理员（不要改）','2018-10-25 18:00:41','','2018-10-26 11:36:46'),(157,'toBeEvaluate',12,'over',47,'待评价','WX2018102579196','您有一条待评价的任务，点击进行操作！','管理员（不要改）','2018-10-25 18:05:14','管理员（不要改）','2018-10-25 18:50:56'),(158,'toBeRepair',7,'over',47,'待接修','WX2018102450373','您有一条待接修的任务，点击进行操作！','管理员（不要改）','2018-10-25 21:18:11','管理员（不要改）','2018-10-25 21:18:25'),(159,'toBoInputResult',7,'over',47,'待录入维修结果','WX2018102450373','您有一条待录入维修结果任务，点击进行操作！','管理员（不要改）','2018-10-25 21:18:26','管理员（不要改）','2018-10-25 21:18:36'),(160,'toBeDispatch',7,'over',49,'待派单','WX2018102450373','您有一条待派单的任务，点击进行操作！','管理员（不要改）','2018-10-25 21:18:36','管理员','2018-11-01 13:47:04'),(161,'toBeDispatch',7,'over',50,'待派单','WX2018102450373','您有一条待派单的任务，点击进行操作！','管理员（不要改）','2018-10-25 21:18:36','管理员','2018-11-01 13:47:04'),(162,'toBeDispatch',7,'over',64,'待派单','WX2018102450373','您有一条待派单的任务，点击进行操作！','管理员（不要改）','2018-10-25 21:18:36','管理员','2018-11-01 13:47:04'),(163,'toBeDispatch',7,'over',62,'待派单','WX2018102450373','您有一条待派单的任务，点击进行操作！','管理员（不要改）','2018-10-25 21:18:36','管理员','2018-11-01 13:47:04'),(164,'toBeDispatch',7,'over',52,'待派单','WX2018102450373','您有一条待派单的任务，点击进行操作！','管理员（不要改）','2018-10-25 21:18:36','管理员','2018-11-01 13:47:04'),(165,'toBeDispatch',7,'over',48,'待派单','WX2018102450373','您有一条待派单的任务，点击进行操作！','管理员（不要改）','2018-10-25 21:18:36','管理员','2018-11-01 13:47:04'),(166,'toBeDispatch',7,'over',47,'待派单','WX2018102450373','您有一条待派单的任务，点击进行操作！','管理员（不要改）','2018-10-25 21:18:36','管理员','2018-11-01 13:47:04'),(167,'toBeDispatch',7,'over',58,'待派单','WX2018102450373','您有一条待派单的任务，点击进行操作！','管理员（不要改）','2018-10-25 21:18:36','管理员','2018-11-01 13:47:04'),(168,'toBeRepair',5,'over',47,'待接修','WX2018102450637','您有一条待接修的任务，点击进行操作！','管理员（不要改）','2018-10-25 21:19:24','管理员（不要改）','2018-10-25 21:19:34'),(169,'toBoInputResult',5,'over',47,'待录入维修结果','WX2018102450637','您有一条待录入维修结果任务，点击进行操作！','管理员（不要改）','2018-10-25 21:19:34','管理员（不要改）','2018-10-25 21:19:44'),(170,'toBeEvaluate',5,'toBeRead',62,'待评价','WX2018102450637','您有一条待评价的任务，点击进行操作！','管理员（不要改）','2018-10-25 21:19:44','管理员（不要改）','2018-10-25 21:19:44'),(171,'toBeEvaluate',13,'toBeRead',47,'待评价','WX2018102597397','您有一条待评价的任务，点击进行操作！','管理员（不要改）','2018-10-25 21:35:31','管理员（不要改）','2018-10-25 21:35:31'),(172,'returnIn',6,'over',64,'备件入库','GH2018102691626','您有一条待入库的任务，点击进行操作！','管理员（不要改）','2018-10-26 11:36:45','管理员','2018-11-01 15:43:46'),(173,'returnIn',6,'over',62,'备件入库','GH2018102691626','您有一条待入库的任务，点击进行操作！','管理员（不要改）','2018-10-26 11:36:45','管理员','2018-11-01 15:43:46'),(174,'returnIn',6,'over',52,'备件入库','GH2018102691626','您有一条待入库的任务，点击进行操作！','管理员（不要改）','2018-10-26 11:36:45','管理员','2018-11-01 15:43:46'),(175,'returnIn',6,'over',58,'备件入库','GH2018102691626','您有一条待入库的任务，点击进行操作！','管理员（不要改）','2018-10-26 11:36:45','管理员','2018-11-01 15:43:46'),(176,'returnIn',6,'over',48,'备件入库','GH2018102691626','您有一条待入库的任务，点击进行操作！','管理员（不要改）','2018-10-26 11:36:45','管理员','2018-11-01 15:43:46'),(177,'returnIn',6,'over',47,'备件入库','GH2018102691626','您有一条待入库的任务，点击进行操作！','管理员（不要改）','2018-10-26 11:36:45','管理员','2018-11-01 15:43:46'),(178,'transfer',6,'toBeRead',64,'调拨申请','DB2018102995623','管理员（不要改）提交的申请需要您进行审核，点击进行操作！','管理员（不要改）','2018-10-29 16:47:53','管理员（不要改）','2018-10-29 16:47:53'),(179,'transfer',6,'toBeRead',62,'调拨申请','DB2018102995623','管理员（不要改）提交的申请需要您进行审核，点击进行操作！','管理员（不要改）','2018-10-29 16:47:53','管理员（不要改）','2018-10-29 16:47:53'),(180,'transfer',6,'toBeRead',52,'调拨申请','DB2018102995623','管理员（不要改）提交的申请需要您进行审核，点击进行操作！','管理员（不要改）','2018-10-29 16:47:55','管理员（不要改）','2018-10-29 16:47:55'),(181,'transfer',6,'toBeRead',58,'调拨申请','DB2018102995623','管理员（不要改）提交的申请需要您进行审核，点击进行操作！','管理员（不要改）','2018-10-29 16:47:55','管理员（不要改）','2018-10-29 16:47:55'),(182,'transfer',6,'toBeRead',48,'调拨申请','DB2018102995623','管理员（不要改）提交的申请需要您进行审核，点击进行操作！','管理员（不要改）','2018-10-29 16:47:55','管理员（不要改）','2018-10-29 16:47:55'),(183,'transfer',6,'toBeRead',47,'调拨申请','DB2018102995623','管理员（不要改）提交的申请需要您进行审核，点击进行操作！','管理员（不要改）','2018-10-29 16:47:56','管理员（不要改）','2018-10-29 16:47:56'),(184,'useOut',4,'over',64,'领用出库','LQ2018102957332','您有一条待出库的任务，点击进行操作！','管理员（不要改）','2018-10-29 16:48:07','','2018-10-29 17:30:48'),(185,'useOut',4,'over',62,'领用出库','LQ2018102957332','您有一条待出库的任务，点击进行操作！','管理员（不要改）','2018-10-29 16:48:07','','2018-10-29 17:30:48'),(186,'useOut',4,'over',52,'领用出库','LQ2018102957332','您有一条待出库的任务，点击进行操作！','管理员（不要改）','2018-10-29 16:48:07','','2018-10-29 17:30:48'),(187,'useOut',4,'over',58,'领用出库','LQ2018102957332','您有一条待出库的任务，点击进行操作！','管理员（不要改）','2018-10-29 16:48:07','','2018-10-29 17:30:48'),(188,'useOut',4,'over',48,'领用出库','LQ2018102957332','您有一条待出库的任务，点击进行操作！','管理员（不要改）','2018-10-29 16:48:08','','2018-10-29 17:30:48'),(189,'useOut',4,'over',47,'领用出库','LQ2018102957332','您有一条待出库的任务，点击进行操作！','管理员（不要改）','2018-10-29 16:48:08','','2018-10-29 17:30:48'),(190,'returnIn',8,'toBeRead',64,'备件入库','GH2018102928583','您有一条待入库的任务，点击进行操作！','管理员（不要改）','2018-10-29 17:30:48','管理员（不要改）','2018-10-29 17:30:48'),(191,'returnIn',8,'toBeRead',62,'备件入库','GH2018102928583','您有一条待入库的任务，点击进行操作！','管理员（不要改）','2018-10-29 17:30:48','管理员（不要改）','2018-10-29 17:30:48'),(192,'returnIn',8,'toBeRead',52,'备件入库','GH2018102928583','您有一条待入库的任务，点击进行操作！','管理员（不要改）','2018-10-29 17:30:48','管理员（不要改）','2018-10-29 17:30:48'),(193,'returnIn',8,'toBeRead',58,'备件入库','GH2018102928583','您有一条待入库的任务，点击进行操作！','管理员（不要改）','2018-10-29 17:30:48','管理员（不要改）','2018-10-29 17:30:48'),(194,'returnIn',8,'toBeRead',48,'备件入库','GH2018102928583','您有一条待入库的任务，点击进行操作！','管理员（不要改）','2018-10-29 17:30:48','管理员（不要改）','2018-10-29 17:30:48'),(195,'returnIn',8,'toBeRead',47,'备件入库','GH2018102928583','您有一条待入库的任务，点击进行操作！','管理员（不要改）','2018-10-29 17:30:48','管理员（不要改）','2018-10-29 17:30:48'),(196,'before',1,'toBeRead',48,'待盘库','PK2018103061586','您有一条待盘库的任务，点击进行操作！','管理员（不要改）','2018-10-30 10:47:11','管理员（不要改）','2018-10-30 10:47:11'),(197,'before',2,'over',47,'待盘库','PK2018103063410','您有一条待盘库的任务，点击进行操作！','管理员（不要改）','2018-10-30 10:47:44','管理员（不要改）','2018-10-30 11:22:51'),(198,'toBeEvaluate',15,'toBeRead',47,'待评价','WX2018102649151','您有一条待评价的任务，点击进行操作！','管理员（不要改）','2018-10-30 18:42:03','管理员（不要改）','2018-10-30 18:42:03'),(199,'toBeEvaluate',14,'over',47,'待评价','WX2018102673965','您有一条待评价的任务，点击进行操作！','管理员（不要改）','2018-10-30 18:42:33','管理员','2018-11-01 16:06:33'),(200,'useApply',7,'toBeRead',64,'领用申请','LQ2018103139238','管理员（不要改）提交的申请需要您进行审核，点击进行操作！','管理员（不要改）','2018-10-31 11:28:49','管理员（不要改）','2018-10-31 11:28:49'),(201,'useApply',7,'toBeRead',62,'领用申请','LQ2018103139238','管理员（不要改）提交的申请需要您进行审核，点击进行操作！','管理员（不要改）','2018-10-31 11:28:50','管理员（不要改）','2018-10-31 11:28:50'),(202,'useApply',7,'toBeRead',52,'领用申请','LQ2018103139238','管理员（不要改）提交的申请需要您进行审核，点击进行操作！','管理员（不要改）','2018-10-31 11:28:50','管理员（不要改）','2018-10-31 11:28:50'),(203,'useApply',7,'toBeRead',58,'领用申请','LQ2018103139238','管理员（不要改）提交的申请需要您进行审核，点击进行操作！','管理员（不要改）','2018-10-31 11:28:50','管理员（不要改）','2018-10-31 11:28:50'),(204,'useApply',7,'toBeRead',48,'领用申请','LQ2018103139238','管理员（不要改）提交的申请需要您进行审核，点击进行操作！','管理员（不要改）','2018-10-31 11:28:50','管理员（不要改）','2018-10-31 11:28:50'),(205,'useApply',7,'toBeRead',47,'领用申请','LQ2018103139238','管理员（不要改）提交的申请需要您进行审核，点击进行操作！','管理员（不要改）','2018-10-31 11:28:50','管理员（不要改）','2018-10-31 11:28:50'),(206,'useOut',5,'over',64,'领用出库','LQ2018103137704','您有一条待出库的任务，点击进行操作！','管理员（不要改）','2018-10-31 11:28:59','','2018-10-31 11:29:47'),(207,'useOut',5,'over',62,'领用出库','LQ2018103137704','您有一条待出库的任务，点击进行操作！','管理员（不要改）','2018-10-31 11:28:59','','2018-10-31 11:29:47'),(208,'useOut',5,'over',52,'领用出库','LQ2018103137704','您有一条待出库的任务，点击进行操作！','管理员（不要改）','2018-10-31 11:28:59','','2018-10-31 11:29:47'),(209,'useOut',5,'over',58,'领用出库','LQ2018103137704','您有一条待出库的任务，点击进行操作！','管理员（不要改）','2018-10-31 11:28:59','','2018-10-31 11:29:47'),(210,'useOut',5,'over',48,'领用出库','LQ2018103137704','您有一条待出库的任务，点击进行操作！','管理员（不要改）','2018-10-31 11:28:59','','2018-10-31 11:29:47'),(211,'useOut',5,'over',47,'领用出库','LQ2018103137704','您有一条待出库的任务，点击进行操作！','管理员（不要改）','2018-10-31 11:28:59','','2018-10-31 11:29:47'),(212,'returnIn',9,'toBeRead',64,'备件入库','GH2018103154891','您有一条待入库的任务，点击进行操作！','管理员（不要改）','2018-10-31 11:29:46','管理员（不要改）','2018-10-31 11:29:46'),(213,'returnIn',9,'toBeRead',62,'备件入库','GH2018103154891','您有一条待入库的任务，点击进行操作！','管理员（不要改）','2018-10-31 11:29:46','管理员（不要改）','2018-10-31 11:29:46'),(214,'returnIn',9,'toBeRead',52,'备件入库','GH2018103154891','您有一条待入库的任务，点击进行操作！','管理员（不要改）','2018-10-31 11:29:46','管理员（不要改）','2018-10-31 11:29:46'),(215,'returnIn',9,'toBeRead',58,'备件入库','GH2018103154891','您有一条待入库的任务，点击进行操作！','管理员（不要改）','2018-10-31 11:29:46','管理员（不要改）','2018-10-31 11:29:46'),(216,'returnIn',9,'toBeRead',48,'备件入库','GH2018103154891','您有一条待入库的任务，点击进行操作！','管理员（不要改）','2018-10-31 11:29:46','管理员（不要改）','2018-10-31 11:29:46'),(217,'returnIn',9,'toBeRead',47,'备件入库','GH2018103154891','您有一条待入库的任务，点击进行操作！','管理员（不要改）','2018-10-31 11:29:46','管理员（不要改）','2018-10-31 11:29:46'),(218,'transferOut',6,'over',64,'调拨出库','DB2018110111569','您有一条待出库的任务，点击进行操作！','管理员','2018-11-01 13:34:59','','2018-11-01 13:48:40'),(219,'transferOut',6,'over',62,'调拨出库','DB2018110111569','您有一条待出库的任务，点击进行操作！','管理员','2018-11-01 13:34:59','','2018-11-01 13:48:40'),(220,'transferOut',6,'over',52,'调拨出库','DB2018110111569','您有一条待出库的任务，点击进行操作！','管理员','2018-11-01 13:34:59','','2018-11-01 13:48:40'),(221,'transferOut',6,'over',58,'调拨出库','DB2018110111569','您有一条待出库的任务，点击进行操作！','管理员','2018-11-01 13:34:59','','2018-11-01 13:48:40'),(222,'transferOut',6,'over',48,'调拨出库','DB2018110111569','您有一条待出库的任务，点击进行操作！','管理员','2018-11-01 13:34:59','','2018-11-01 13:48:40'),(223,'transferOut',6,'over',47,'调拨出库','DB2018110111569','您有一条待出库的任务，点击进行操作！','管理员','2018-11-01 13:34:59','','2018-11-01 13:48:40'),(224,'toBeRepair',7,'toBeRead',64,'待接修','WX2018102450373','您有一条待接修的任务，点击进行操作！','管理员','2018-11-01 13:47:04','管理员','2018-11-01 13:47:04'),(225,'toBeEvaluate',16,'over',47,'待评价','WX2018103166316','您有一条待评价的任务，点击进行操作！','管理员','2018-11-01 13:47:49','管理员','2018-11-01 13:48:12'),(226,'transferIn',10,'toBeRead',64,'备件入库','DB2018110139939','您有一条待入库的任务，点击进行操作！','管理员','2018-11-01 13:48:39','管理员','2018-11-01 13:48:39'),(227,'transferIn',10,'toBeRead',62,'备件入库','DB2018110139939','您有一条待入库的任务，点击进行操作！','管理员','2018-11-01 13:48:39','管理员','2018-11-01 13:48:39'),(228,'transferIn',10,'toBeRead',52,'备件入库','DB2018110139939','您有一条待入库的任务，点击进行操作！','管理员','2018-11-01 13:48:39','管理员','2018-11-01 13:48:39'),(229,'transferIn',10,'toBeRead',58,'备件入库','DB2018110139939','您有一条待入库的任务，点击进行操作！','管理员','2018-11-01 13:48:39','管理员','2018-11-01 13:48:39'),(230,'transferIn',10,'toBeRead',47,'备件入库','DB2018110139939','您有一条待入库的任务，点击进行操作！','管理员','2018-11-01 13:48:39','管理员','2018-11-01 13:48:39'),(231,'before',3,'toBeRead',64,'待盘库','PK2018110155887','您有一条待盘库的任务，点击进行操作！','管理员','2018-11-01 13:49:35','管理员','2018-11-01 13:49:35'),(232,'before',4,'over',47,'待盘库','PK2018110135790','您有一条待盘库的任务，点击进行操作！','管理员','2018-11-01 13:53:32','管理员','2018-11-01 15:59:44'),(233,'toBeEvaluate',17,'toBeRead',47,'待评价','WX2018110151380','您有一条待评价的任务，点击进行操作！','管理员','2018-11-01 13:53:37','管理员','2018-11-01 13:53:37'),(234,'useApply',8,'toBeRead',64,'领用申请','LQ2018110175110','管理员提交的申请需要您进行审核，点击进行操作！','管理员','2018-11-01 15:49:08','管理员','2018-11-01 15:49:08'),(235,'useApply',8,'toBeRead',52,'领用申请','LQ2018110175110','管理员提交的申请需要您进行审核，点击进行操作！','管理员','2018-11-01 15:49:08','管理员','2018-11-01 15:49:08'),(236,'useApply',8,'toBeRead',48,'领用申请','LQ2018110175110','管理员提交的申请需要您进行审核，点击进行操作！','管理员','2018-11-01 15:49:08','管理员','2018-11-01 15:49:08'),(237,'useApply',8,'toBeRead',47,'领用申请','LQ2018110175110','管理员提交的申请需要您进行审核，点击进行操作！','管理员','2018-11-01 15:49:08','管理员','2018-11-01 15:49:08'),(238,'useOut',7,'over',64,'领用出库','LQ2018110135249','您有一条待出库的任务，点击进行操作！','管理员','2018-11-01 15:49:26','','2018-11-01 15:51:53'),(239,'useOut',7,'over',52,'领用出库','LQ2018110135249','您有一条待出库的任务，点击进行操作！','管理员','2018-11-01 15:49:26','','2018-11-01 15:51:53'),(240,'useOut',7,'over',48,'领用出库','LQ2018110135249','您有一条待出库的任务，点击进行操作！','管理员','2018-11-01 15:49:26','','2018-11-01 15:51:53'),(241,'useOut',7,'over',47,'领用出库','LQ2018110135249','您有一条待出库的任务，点击进行操作！','管理员','2018-11-01 15:49:26','','2018-11-01 15:51:53'),(242,'returnIn',12,'toBeRead',64,'备件入库','GH2018110115257','您有一条待入库的任务，点击进行操作！','管理员','2018-11-01 15:51:52','管理员','2018-11-01 15:51:52'),(243,'returnIn',12,'toBeRead',52,'备件入库','GH2018110115257','您有一条待入库的任务，点击进行操作！','管理员','2018-11-01 15:51:52','管理员','2018-11-01 15:51:52'),(244,'returnIn',12,'toBeRead',48,'备件入库','GH2018110115257','您有一条待入库的任务，点击进行操作！','管理员','2018-11-01 15:51:52','管理员','2018-11-01 15:51:52'),(245,'returnIn',12,'toBeRead',47,'备件入库','GH2018110115257','您有一条待入库的任务，点击进行操作！','管理员','2018-11-01 15:51:52','管理员','2018-11-01 15:51:52'),(246,'borrowIn',13,'toBeRead',64,'备件入库','JY2018110191138','您有一条待入库的任务，点击进行操作！','管理员','2018-11-01 15:54:40','管理员','2018-11-01 15:54:40'),(247,'borrowIn',13,'toBeRead',52,'备件入库','JY2018110191138','您有一条待入库的任务，点击进行操作！','管理员','2018-11-01 15:54:40','管理员','2018-11-01 15:54:40'),(248,'borrowIn',13,'toBeRead',48,'备件入库','JY2018110191138','您有一条待入库的任务，点击进行操作！','管理员','2018-11-01 15:54:40','管理员','2018-11-01 15:54:40'),(249,'borrowIn',13,'toBeRead',47,'备件入库','JY2018110191138','您有一条待入库的任务，点击进行操作！','管理员','2018-11-01 15:54:40','管理员','2018-11-01 15:54:40'),(250,'useApply',9,'toBeRead',64,'领用申请','LQ2018110172526','管理员提交的申请需要您进行审核，点击进行操作！','管理员','2018-11-01 15:56:33','管理员','2018-11-01 15:56:33'),(251,'useApply',9,'toBeRead',52,'领用申请','LQ2018110172526','管理员提交的申请需要您进行审核，点击进行操作！','管理员','2018-11-01 15:56:33','管理员','2018-11-01 15:56:33'),(252,'useApply',9,'toBeRead',48,'领用申请','LQ2018110172526','管理员提交的申请需要您进行审核，点击进行操作！','管理员','2018-11-01 15:56:33','管理员','2018-11-01 15:56:33'),(253,'useApply',9,'toBeRead',47,'领用申请','LQ2018110172526','管理员提交的申请需要您进行审核，点击进行操作！','管理员','2018-11-01 15:56:33','管理员','2018-11-01 15:56:33'),(254,'toBeDispatch',18,'over',49,'待派单','WX2018110180586','您有一条待派单的任务，点击进行操作！','管理员','2018-11-01 16:04:09','管理员','2018-11-01 16:04:27'),(255,'toBeDispatch',18,'over',50,'待派单','WX2018110180586','您有一条待派单的任务，点击进行操作！','管理员','2018-11-01 16:04:09','管理员','2018-11-01 16:04:27'),(256,'toBeDispatch',18,'over',64,'待派单','WX2018110180586','您有一条待派单的任务，点击进行操作！','管理员','2018-11-01 16:04:09','管理员','2018-11-01 16:04:27'),(257,'toBeDispatch',18,'over',52,'待派单','WX2018110180586','您有一条待派单的任务，点击进行操作！','管理员','2018-11-01 16:04:09','管理员','2018-11-01 16:04:27'),(258,'toBeDispatch',18,'over',48,'待派单','WX2018110180586','您有一条待派单的任务，点击进行操作！','管理员','2018-11-01 16:04:09','管理员','2018-11-01 16:04:27'),(259,'toBeDispatch',18,'over',47,'待派单','WX2018110180586','您有一条待派单的任务，点击进行操作！','管理员','2018-11-01 16:04:09','管理员','2018-11-01 16:04:27'),(260,'toBeRepair',18,'over',48,'待接修','WX2018110180586','您有一条待接修的任务，点击进行操作！','管理员','2018-11-01 16:04:27','维修员小李（不要改）','2018-11-01 16:08:14'),(261,'toBoInputResult',18,'over',48,'待录入维修结果','WX2018110180586','您有一条待录入维修结果任务，点击进行操作！','维修员小李（不要改）','2018-11-01 16:08:15','维修员小李（不要改）','2018-11-01 16:09:09'),(262,'toBeDispatch',18,'toBeRead',49,'待派单','WX2018110180586','您有一条待派单的任务，点击进行操作！','维修员小李（不要改）','2018-11-01 16:09:09','维修员小李（不要改）','2018-11-01 16:09:09'),(263,'toBeDispatch',18,'toBeRead',50,'待派单','WX2018110180586','您有一条待派单的任务，点击进行操作！','维修员小李（不要改）','2018-11-01 16:09:09','维修员小李（不要改）','2018-11-01 16:09:09'),(264,'toBeDispatch',18,'toBeRead',64,'待派单','WX2018110180586','您有一条待派单的任务，点击进行操作！','维修员小李（不要改）','2018-11-01 16:09:09','维修员小李（不要改）','2018-11-01 16:09:09'),(265,'toBeDispatch',18,'toBeRead',52,'待派单','WX2018110180586','您有一条待派单的任务，点击进行操作！','维修员小李（不要改）','2018-11-01 16:09:09','维修员小李（不要改）','2018-11-01 16:09:09'),(266,'toBeDispatch',18,'toBeRead',48,'待派单','WX2018110180586','您有一条待派单的任务，点击进行操作！','维修员小李（不要改）','2018-11-01 16:09:09','维修员小李（不要改）','2018-11-01 16:09:09'),(267,'toBeDispatch',18,'toBeRead',47,'待派单','WX2018110180586','您有一条待派单的任务，点击进行操作！','维修员小李（不要改）','2018-11-01 16:09:09','维修员小李（不要改）','2018-11-01 16:09:09'),(268,'before',5,'toBeRead',47,'待盘库','PK2018110242607','您有一条待盘库的任务，点击进行操作！','管理员','2018-11-02 16:35:17','管理员','2018-11-02 16:35:17'),(269,'before',6,'toBeRead',64,'待盘库','PK2018110217773','您有一条待盘库的任务，点击进行操作！','管理员','2018-11-02 17:24:17','管理员','2018-11-02 17:24:17');

/*!40101 SET SQL_MODE=@OLD_SQL_MODE */;
/*!40014 SET FOREIGN_KEY_CHECKS=@OLD_FOREIGN_KEY_CHECKS */;
/*!40014 SET UNIQUE_CHECKS=@OLD_UNIQUE_CHECKS */;
/*!40111 SET SQL_NOTES=@OLD_SQL_NOTES */;
